wikidataId,wikidataUrl,wikidataLabel,aliases,protectedAreaType,partOf,image,iucnCategory,inception,worldHeritageSiteId,locatedInAdminTerritorialEntity,state,coordinateLatitude,coordinateLongitude,significantPlace,heritageDesignation,area,officialWebsite,pageBanner,commonsCategory,osmRelationIds,enwikiUrl,dataSource,wikipediaUrl,wikipediaSource,osmId,osmType,osmUrl,osmName,osmMatchSource
Q235878,https://www.wikidata.org/wiki/Q235878,Kevladev National Park,Bharatpur Bird Sanctuary; Bharatpur National Park; Bharatpur NP; Keoladeo Ghana National Park; Kevladev Bird Sanctuary,National Park,Bharatpur division,http://commons.wikimedia.org/wiki/Special:FilePath/Keoladeo%20Ghana%20National%20Park%2C%20Bharatpur%2C%20Rajasthan%2C%20India.jpg,IUCN category II: National Park,1971-01-01T00:00:00Z,340,Bharatpur district,Rajasthan,27.166667,77.516667,Bharatpur,World Heritage Site; Ramsar site,2873,,http://commons.wikimedia.org/wiki/Special:FilePath/Keoladeo%20National%20Park.jpg,Keoladeo National Park,15743640,https://en.wikipedia.org/wiki/Keoladeo_National_Park,wikidata,https://en.wikipedia.org/wiki/Keoladeo_National_Park,national-parks,15743640,relation,https://www.openstreetmap.org/relation/15743640,Keoladeo Ghana National Park,wikidata-p402
Q337028,https://www.wikidata.org/wiki/Q337028,Gir National Park,Gir Forest National Park; Gir Forest National Park and Wildlife Sanctuary; Sasan Gir National Park; Sasan Gir Wildlife Sanctuary; Sasan-Gir; Gir Sanctuary,National Park,,http://commons.wikimedia.org/wiki/Special:FilePath/Gir%20lion-Gir%20forest%2Cjunagadh%2Cgujarat%2Cindia.jpeg,IUCN category II: National Park,1965-01-01T00:00:00Z,,Junagadh district,Gujarat,21.13556,70.79667,Junagadh,,259,https://girnationalpark.info/,http://commons.wikimedia.org/wiki/Special:FilePath/Gir%20Forest%20banner%20Asiatic%20Lion.jpg,Gir Forest National Park,,https://en.wikipedia.org/wiki/Gir_National_Park,wikidata,https://en.wikipedia.org/wiki/Gir_Forest_National_Park,national-parks,21061186,relation,https://www.openstreetmap.org/relation/21061186,Gir National Park,osm-wikidata-tag-ambiguous
Q1466242,https://www.wikidata.org/wiki/Q1466242,Ranthambore National Park,Ranthambhore National Park,Tiger Reserve,,http://commons.wikimedia.org/wiki/Special:FilePath/Ranthambore%20Fort%20Jain%20Temple.jpg,IUCN category II: National Park,1980-01-01T00:00:00Z,,Sawai Madhopur district,Rajasthan,26.01733,76.50257,Kota,,392,,http://commons.wikimedia.org/wiki/Special:FilePath/Ranthambore%20banner.jpg,Ranthambore National Park,3494941,https://en.wikipedia.org/wiki/Ranthambore_National_Park,wikidata,https://en.wikipedia.org/wiki/Ranthambore_National_Park,tiger-reserves,3494941,relation,https://www.openstreetmap.org/relation/3494941,Ranthambhore National Park,wikidata-p402
Q1480481,https://www.wikidata.org/wiki/Q1480481,Kanha National Park,Kanha NP,Tiger Reserve,,http://commons.wikimedia.org/wiki/Special:FilePath/Axis%20axis%20Kanha%201.jpg,IUCN category II: National Park,1955-01-01T00:00:00Z,,Madhya Pradesh,Madhya Pradesh,22.2275,80.645,Mandla,,940,,http://commons.wikimedia.org/wiki/Special:FilePath/Kanha%20National%20Park%20banner.jpg,Kanha National Park,15588876,https://en.wikipedia.org/wiki/Kanha_Tiger_Reserve,wikidata,https://en.wikipedia.org/wiki/Kanha_Tiger_Reserve,tiger-reserves,15588876,relation,https://www.openstreetmap.org/relation/15588876,Kanha Nationalpark,wikidata-p402
Q1520200,https://www.wikidata.org/wiki/Q1520200,Nagarhole National Park,Nagarahole National Park; Nagarahole Tiger Reserve; Rajiv Gandhi (Nagarahole) National Park; Nagarahole Tiger Reseve,Tiger Reserve,,http://commons.wikimedia.org/wiki/Special:FilePath/Matriarch%20%2850856298527%29.jpg,IUCN category II: National Park,1988-01-01T00:00:00Z,,Kodagu district,Karnataka,12.06,76.151111111,Mysore,,643.4,,http://commons.wikimedia.org/wiki/Special:FilePath/Nagarhole%20National%20Park%20Wikivoyage%20banner.jpg,Nagarhole National Park,,https://en.wikipedia.org/wiki/Nagarhole_National_Park,wikidata,https://en.wikipedia.org/wiki/Nagarhole_National_Park,tiger-reserves,12154449,relation,https://www.openstreetmap.org/relation/12154449,Nagarahole National Park,osm-wikidata-tag
Q1544213,https://www.wikidata.org/wiki/Q1544213,Great Himalayan National Park,Great Himalayan National Park Conservation Area,National Park,,http://commons.wikimedia.org/wiki/Special:FilePath/Great%20Himalayan%20National%20Park%2C%20Kullu%2C%20Himachal.jpg,IUCN category II: National Park,1984-01-01T00:00:00Z,1406,Himachal Pradesh,Himachal Pradesh,31.804288,77.951021,Kullu,World Heritage Site,90540,http://greathimalayannationalpark.com/,http://commons.wikimedia.org/wiki/Special:FilePath/Great%20Himalayan%20National%20Park%20banner.jpg,Great Himalayan National Park,8815513,https://en.wikipedia.org/wiki/Great_Himalayan_National_Park,wikidata,https://en.wikipedia.org/wiki/Great_Himalayan_National_Park,national-parks,8815513,relation,https://www.openstreetmap.org/relation/8815513,Great Himalayan National Park,wikidata-p402
Q1648266,https://www.wikidata.org/wiki/Q1648266,Nanda Devi National Park,Nanda Devi Biosphere Reserve,National Park,Nanda Devi and Valley of Flowers National Parks,http://commons.wikimedia.org/wiki/Special:FilePath/Nanda%20Devi.jpg,IUCN category Ia: Strict Nature Reserve,1982-01-01T00:00:00Z,335-001,Chamoli district,Uttarakhand,30.418611111,79.849722222,,World Heritage Site,624.6,,http://commons.wikimedia.org/wiki/Special:FilePath/Nanda%20Devi%20National%20Park.jpg,Nanda Devi National Park,,https://en.wikipedia.org/wiki/Nanda_Devi_National_Park,wikidata,https://en.wikipedia.org/wiki/Nanda_Devi_National_Park,national-parks,126758723,way,https://www.openstreetmap.org/way/126758723,Nanda Devi National Park,osm-wikidata-tag
Q1661434,https://www.wikidata.org/wiki/Q1661434,Anaimalai Tiger Reserve,Aanaimalai Tiger Reserve; Anamalai Tiger Reserve; Indira Gandhi Wildlife Sanctuary and National Park; Indira Gandhi Wildlife Sanctuary,Tiger Reserve,,http://commons.wikimedia.org/wiki/Special:FilePath/Jambu%20Malai%202.JPG,IUCN category II: National Park,1976-01-01T00:00:00Z,,Udumalaipettai taluk; Coimbatore district,Tamil Nadu,10.41694444,77.05666667,Coimbatore,,1479.87,,,Anamalai Tiger Reserve,,https://en.wikipedia.org/wiki/Anamalai_Tiger_Reserve,wikidata,https://en.wikipedia.org/wiki/Anamalai_Tiger_Reserve,tiger-reserves,11278141,relation,https://www.openstreetmap.org/relation/11278141,Anamalai Tiger Reserve,osm-wikidata-tag
Q15725165,https://www.wikidata.org/wiki/Q15725165,Lakhari Valley Wildlife Sanctuary,Lakhary Sanctuary; Lakhary Wildlife Santuary,Wildlife Sanctuary,,,IUCN category IV: Habitat/Species Management Area,,,Ganjam district,Odisha,19.3031,84.3239,,,,,,,,https://en.wikipedia.org/wiki/Lakhari_Valley_Wildlife_Sanctuary,wikidata,https://en.wikipedia.org/wiki/Lakhari_Valley_Wildlife_Sanctuary,wildlife-sanctuaries,678265489,way,https://www.openstreetmap.org/way/678265489,Lakhari Valley WLS,osm-wikidata-tag
Q16137059,https://www.wikidata.org/wiki/Q16137059,Munderikadavu Bird Sanctuary,Munderi Kadavu Bird Sanctuary,Bird Sanctuary,,,,,,Kerala,Kerala,11.918333333,75.414166666,,,,,,,,,wikidata,,,,,,,
Q16895017,https://www.wikidata.org/wiki/Q16895017,Mehao Wildlife Sanctuary,Mehao WLS,Wildlife Sanctuary,,,,1980-01-01T00:00:00Z,,Lower Dibang Valley district,Arunachal Pradesh,28.25,93.5,,,,,,,,https://en.wikipedia.org/wiki/Mehao_Wildlife_Sanctuary,wikidata,https://en.wikipedia.org/wiki/Mehao_Wildlife_Sanctuary,wildlife-sanctuaries,,,,,
Q16902313,https://www.wikidata.org/wiki/Q16902313,Umred Karhandla Wildlife Sanctuary,Umred-Karhandla Wildlife Sanctuary; Umred-Kharngla Wildlife Sanctuary,Wildlife Sanctuary,,,IUCN category IV: Habitat/Species Management Area,2013-01-01T00:00:00Z,,Nagpur district,Maharashtra,20.83555556,79.51111111,Nagpur,,189.3,,,Umred Karhandla Wildlife Sanctuary,,https://en.wikipedia.org/wiki/Umred_Pauni_Karhandla_Wildlife_Sanctuary,wikidata,https://en.wikipedia.org/wiki/Umred_Pauni_Karhandla_Wildlife_Sanctuary,wildlife-sanctuaries,321130160,way,https://www.openstreetmap.org/way/321130160,Umred Karhandla WLS,osm-wikidata-tag
Q16902550,https://www.wikidata.org/wiki/Q16902550,Varsey Rhododendron Sanctuary,Barsey Rhododendron Sanctuary,Wildlife Sanctuary,,http://commons.wikimedia.org/wiki/Special:FilePath/Barsey%20Rhododendron%20Sanctuary%20in%20late%20april.jpg,IUCN category IV: Habitat/Species Management Area,2004-01-01T00:00:00Z,,Sikkim,Sikkim,27.1942,88.1183,Soreng,,104,,,Varsey Rhododendron Sanctuary,,https://en.wikipedia.org/wiki/Varsey_Rhododendron_Sanctuary,wikidata,https://en.wikipedia.org/wiki/Varsey_Rhododendron_Sanctuary,wildlife-sanctuaries,9284290,relation,https://www.openstreetmap.org/relation/9284290,Barsey Rhododendron WLS,osm-wikidata-tag
Q17033744,https://www.wikidata.org/wiki/Q17033744,Talley Valley Wildlife Sanctuary,Tale Wildlife Sanctuary,Wildlife Sanctuary,,,IUCN category IV: Habitat/Species Management Area,1995-01-01T00:00:00Z,,Lower Subansiri district,Arunachal Pradesh,27.547681,93.897555,,,337,,,Talley Valley Wildlife Sanctuary,,https://en.wikipedia.org/wiki/Talle_Valley_Wildlife_Sanctuary,wikidata,https://en.wikipedia.org/wiki/Talle_Valley_Wildlife_Sanctuary,wildlife-sanctuaries,668128310,way,https://www.openstreetmap.org/way/668128310,Tale Valley WLS,osm-wikidata-tag
Q17055079,https://www.wikidata.org/wiki/Q17055079,Hirpora Wildlife Sanctuary,Heerpora Wildlife Sanctuary; Heerpora WLS; Hirpora WLS,Wildlife Sanctuary,,http://commons.wikimedia.org/wiki/Special:FilePath/Hirpora%20Wildlife%20Sanctary%20Shopian.jpg,IUCN category IV: Habitat/Species Management Area,1987-01-01T00:00:00Z,,Shopian district; Kulgam district,Jammu and Kashmir,33.598888888,74.615555555,Shopian,,,,,Hirpora Wildlife Sanctuary,,https://en.wikipedia.org/wiki/Hirpora_Wildlife_Sanctuary,wikidata,https://en.wikipedia.org/wiki/Hirpora_Wildlife_Sanctuary,wildlife-sanctuaries,15875773,relation,https://www.openstreetmap.org/relation/15875773,Hirapora WLS,osm-wikidata-tag
Q17072649,https://www.wikidata.org/wiki/Q17072649,Mayureshwar Wildlife Sanctuary,Mayureshwar Supe Wildlife Sanctuary; Mayureswar Wildlife Sanctuary,Wildlife Sanctuary,,http://commons.wikimedia.org/wiki/Special:FilePath/Mayureshwar%20Wildlife%20Sanctuary%20Entrance.jpg,IUCN category IV: Habitat/Species Management Area,,,Maharashtra,Maharashtra,18.335,74.37083333,Pune,,,,,Mayureshwar Wildlife Sanctuary,,https://en.wikipedia.org/wiki/Mayureshwar_Wildlife_Sanctuary,wikidata,https://en.wikipedia.org/wiki/Mayureswar_Wildlife_Sanctuary,wildlife-sanctuaries,8236186,relation,https://www.openstreetmap.org/relation/8236186,Mayureshwar Supe WLS,osm-wikidata-tag
Q17087471,https://www.wikidata.org/wiki/Q17087471,Rollapadu Wildlife Sanctuary,Great Indian Bustard Rollapadu Wildlife Sanctuary,Wildlife Sanctuary,,,IUCN category IV: Habitat/Species Management Area,,,Kurnool district,Andhra Pradesh,15.745001,78.373052,,,,,,Rollapadu Wildlife Sanctuary,,https://en.wikipedia.org/wiki/Rollapadu_Wildlife_Sanctuary,wikidata,https://en.wikipedia.org/wiki/Rollapadu_Wildlife_Sanctuary,wildlife-sanctuaries,671021672,way,https://www.openstreetmap.org/way/671021672,Rollapadu WLS,osm-wikidata-tag
Q17126760,https://www.wikidata.org/wiki/Q17126760,Daroji Sloth Bear Sanctuary,Daroji Bear WLS; Daroji Bear Sanctuary; Daroji Bear Wildlife,Wildlife Sanctuary,,http://commons.wikimedia.org/wiki/Special:FilePath/MelursusUrsinusFemaleCub.jpg,IUCN category IV: Habitat/Species Management Area,,,Ballari district,Karnataka,15.23333333,76.51666667,Ballary,,,,,Daroji Sloth Bear Sanctuary,,https://en.wikipedia.org/wiki/Daroji_Sloth_Bear_Sanctuary,wikidata,https://en.wikipedia.org/wiki/Daroji_Sloth_Bear_Sanctuary,wildlife-sanctuaries,,,,,
Q18343586,https://www.wikidata.org/wiki/Q18343586,Gautam Budha Wildlife Sanctuary,Gautam Buddha Wildlife Sanctuary,Wildlife Sanctuary,,,IUCN category IV: Habitat/Species Management Area,1976-01-01T00:00:00Z,,Bihar,Bihar,24.54,85.56,,,,,,,,https://en.wikipedia.org/wiki/Gautam_Budha_Wildlife_Sanctuary,wikidata,https://en.wikipedia.org/wiki/Gautam_Budha_Wildlife_Sanctuary,wildlife-sanctuaries,667689530,way,https://www.openstreetmap.org/way/667689530,Gautam Buddha WLS,osm-wikidata-tag
Q19808294,https://www.wikidata.org/wiki/Q19808294,Nandur Madhmeshwar Bird Sanctuary,Nandur Madhyameshwar Bird Sanctuary,Wildlife Sanctuary,,,IUCN category IV: Habitat/Species Management Area,,,Nashik district,Maharashtra,20.0079,74.0073,,Ramsar site,1437,,,Nandur Madhmeshwar Bird Sanctuary,,https://en.wikipedia.org/wiki/Nandur_Madhmeshwar_Bird_Sanctuary,wikidata,https://en.wikipedia.org/wiki/Nandur_Madhmeshwar_Bird_Sanctuary,wildlife-sanctuaries,682827513,way,https://www.openstreetmap.org/way/682827513,Nandur Madhyameshwar WLS,osm-wikidata-tag
Q21997171,https://www.wikidata.org/wiki/Q21997171,Parrot Bird Sanctuary Chandigarh,Bird Sanctuary Union Territory; City Bird Sanctuary,Bird Sanctuary,,,IUCN category IV: Habitat/Species Management Area,1998-01-01T00:00:00Z,,Chandigarh,Chandigarh,30.725,76.77916667,,,2.9,,,"Parrot Sanctuary, Chandigarh",,"https://en.wikipedia.org/wiki/Parrot_Bird_Sanctuary,_Chandigarh",wikidata,,,129553511,way,https://www.openstreetmap.org/way/129553511,City Bird Sanctuary,osm-wikidata-tag
Q23581251,https://www.wikidata.org/wiki/Q23581251,Jayakwadi Bird Sanctuary,Jaikawadi Bird Sanctuary,Bird Sanctuary,,,IUCN category IV: Habitat/Species Management Area,,,Maharashtra,Maharashtra,19.5666,75.2122,,,,,,,,https://en.wikipedia.org/wiki/Jayakwadi_Bird_Sanctuary,wikidata,https://en.wikipedia.org/wiki/Jayakwadi_Bird_Sanctuary,wildlife-sanctuaries,670302748,way,https://www.openstreetmap.org/way/670302748,Jaikawadi WLS,osm-wikidata-tag
Q23995986,https://www.wikidata.org/wiki/Q23995986,Sukhna Lake Wildlife Sanctuary,Sukhna Wildlife Sanctuary,Wildlife Sanctuary,,http://commons.wikimedia.org/wiki/Special:FilePath/Entrance%20of%20Sukhna%20Wildlife%20Sanctuary%2CChandigarh%2C%20India.JPG,IUCN category IV: Habitat/Species Management Area,1986-01-01T00:00:00Z,,Chandigarh,Chandigarh,30.7757,76.8512,,,25.98,,,Sukhna Wildlife Sanctuary,,https://en.wikipedia.org/wiki/Sukhna_Wildlife_Sanctuary,wikidata,https://en.wikipedia.org/wiki/Sukhna_Wildlife_Sanctuary,wildlife-sanctuaries,677724717,way,https://www.openstreetmap.org/way/677724717,Sukhna Lake WLS,osm-wikidata-tag
Q31708713,https://www.wikidata.org/wiki/Q31708713,Khirganga National Park,Kergerganga; Khirganga,National Park,,,IUCN category II: National Park,2010-01-01T00:00:00Z,,Himachal Pradesh,Himachal Pradesh,31.99343,77.510227,,,,,,Khirganga National Park,,https://en.wikipedia.org/wiki/Khirganga_National_Park,wikidata,https://en.wikipedia.org/wiki/Khirganga_National_Park,national-parks,678579869,way,https://www.openstreetmap.org/way/678579869,Khirganga National Park,osm-wikidata-tag
Q51137829,https://www.wikidata.org/wiki/Q51137829,Kotgarh Wildlife Sanctuary,Kotagarh Elephant Reserve; Kotagarh Wildlife Sanctuary,Wildlife Sanctuary,,,IUCN category IV: Habitat/Species Management Area,1981-12-03T00:00:00Z,,Kandhamal district,Odisha,19.8768,83.7531,Baliguda,,,,,,,https://en.wikipedia.org/wiki/Kotgarh_Wildlife_Sanctuary,wikidata,https://en.wikipedia.org/wiki/Kotgarh_Wildlife_Sanctuary,wildlife-sanctuaries,669774961,way,https://www.openstreetmap.org/way/669774961,Kotagarh WLS,osm-wikidata-tag
Q60398704,https://www.wikidata.org/wiki/Q60398704,Marine Sanctuary (Gulf of Kutch),Marine Sanctuary,National Park,,,IUCN category IV: Habitat/Species Management Area,,,Gujarat,Gujarat,,,,,295.03,,,,,"https://en.wikipedia.org/wiki/Marine_National_Park,_Gulf_of_Kutch",wikidata,"https://en.wikipedia.org/wiki/Marine_National_Park,_Gulf_of_Kutch",national-parks,,,,,
Q2639563,https://www.wikidata.org/wiki/Q2639563,Tadoba-Andhari Tiger Reserve,Tadoba-Andhari TR; Tadoba and Andhari Wildlife Sanctuary; Tadoba-Andhari Wildlife Sanctuary,Tiger Reserve,,http://commons.wikimedia.org/wiki/Special:FilePath/Tiger%20at%20Tadoba.jpg,IUCN category II: National Park,1995-01-01T00:00:00Z,,Chandrapur district,Maharashtra,20.267,79.4291,Chandrapur,,1727.5911,http://www.mytadoba.org/,,Tadoba Andhari Tiger Reserve,,https://en.wikipedia.org/wiki/Tadoba_Andhari_Tiger_Reserve,wikidata,https://en.wikipedia.org/wiki/Tadoba_Andhari_Tiger_Reserve,tiger-reserves,679249389,way,https://www.openstreetmap.org/way/679249389,Tadoba Andhari National Park/Tiger Reserve,osm-wikidata-tag
Q2720864,https://www.wikidata.org/wiki/Q2720864,Pench National Park,"Pench National Park, Madhya Pradesh; Pench National Park, Maharashtra; Pench Tiger Reserve",Tiger Reserve,,http://commons.wikimedia.org/wiki/Special:FilePath/Pench%20National%20Park%20habitat%20shot.jpg,IUCN category II: National Park,1977-01-01T00:00:00Z,,Seoni district,Madhya Pradesh,21.6716,79.3033,,,,http://www.penchnationalpark.in/,http://commons.wikimedia.org/wiki/Special:FilePath/Pench%20National%20Park%20banner.jpg,Pench National Park,,https://en.wikipedia.org/wiki/Pench_National_Park,wikidata,https://en.wikipedia.org/wiki/Pench_Tiger_Reserve,tiger-reserves,,,,,
Q2724481,https://www.wikidata.org/wiki/Q2724481,"Marine National Park, Gulf of Kutch",Marine National Park,National Park,,http://commons.wikimedia.org/wiki/Special:FilePath/The%20Vast%20Expanse%20of%20Narara%20Sea%20Bed%20during%20Low%20Tide%20of%20Narara%20Marine%20National%20Park.jpg,IUCN category II: National Park,1982-01-01T00:00:00Z,,Devbhumi Dwarka district,Gujarat,22.4667,69.6167,Jamnagar,,162.89,,,"Marine National Park, Gulf of Kutch",,"https://en.wikipedia.org/wiki/Marine_National_Park,_Gulf_of_Kutch",wikidata,,,8334753,relation,https://www.openstreetmap.org/relation/8334753,Marine (Gulf of Kachchh) National Park,osm-wikidata-tag
Q2726467,https://www.wikidata.org/wiki/Q2726467,Kutch Bustard Sanctuary,Kachchh Great Indian Bustard Sanctuary; Lala–Parjan Sanctuary,Wildlife Sanctuary,,http://commons.wikimedia.org/wiki/Special:FilePath/Sonchiriya.jpg,IUCN category IV: Habitat/Species Management Area,1992-01-01T00:00:00Z,,Kutch district,Gujarat,23.219,68.714,,,2,,,,,https://en.wikipedia.org/wiki/Kutch_Bustard_Sanctuary,wikidata,https://en.wikipedia.org/wiki/Kutch_Bustard_Sanctuary,wildlife-sanctuaries,679583523,way,https://www.openstreetmap.org/way/679583523,Lala Great Indian Bustard WLS,osm-wikidata-tag
Q2730580,https://www.wikidata.org/wiki/Q2730580,Khijadiya Bird Sanctuary,Khijadia Wildlife Sanctuary,Bird Sanctuary,,http://commons.wikimedia.org/wiki/Special:FilePath/Flamingoes%20fly%20by%20in%20Khijadiya.jpg,IUCN category IV: Habitat/Species Management Area,,,Jamnagar district,Gujarat,22.51,70.14,,,6.05,,,Khijadiya Bird Sanctuary,,https://en.wikipedia.org/wiki/Khijadiya_Bird_Sanctuary,wikidata,https://en.wikipedia.org/wiki/Khijadiya_Bird_Sanctuary,wildlife-sanctuaries,669203977,way,https://www.openstreetmap.org/way/669203977,Khijadiya WLS,osm-wikidata-tag
Q2979723,https://www.wikidata.org/wiki/Q2979723,Galathea National Park,Galathea Bay National Park,National Park,,http://commons.wikimedia.org/wiki/Special:FilePath/Caloenas%20nicobarica%20-%20Kragentaube2.jpg,IUCN category II: National Park,1992-03-18T00:00:00Z,,Andaman and Nicobar Islands,Andaman and Nicobar Islands,6.923,93.833,,,110,,,,,https://en.wikipedia.org/wiki/Galathea_National_Park,wikidata,https://en.wikipedia.org/wiki/Galathea_National_Park,national-parks,20256455,relation,https://www.openstreetmap.org/relation/20256455,Galathea National Park,osm-wikidata-tag
Q2989176,https://www.wikidata.org/wiki/Q2989176,Orang National Park,Orang Tiger Reserve; Rajiv Gandhi Orang National Park,Tiger Reserve,,http://commons.wikimedia.org/wiki/Special:FilePath/Greater%20one-horned%20rhinoceros.jpg,IUCN category II: National Park,1999-01-01T00:00:00Z,,Assam,Assam,26.61,92.36,,,492.46,,,Orang Tiger Reserve,,https://en.wikipedia.org/wiki/Orang_National_Park,wikidata,https://en.wikipedia.org/wiki/Orang_National_Park,tiger-reserves,1665597,relation,https://www.openstreetmap.org/relation/1665597,Orang National Park,osm-wikidata-tag
Q3058213,https://www.wikidata.org/wiki/Q3058213,Desert National Park,"Desert National Park, Rajasthan; Desert National Park, Sudasari",National Park,,http://commons.wikimedia.org/wiki/Special:FilePath/Desert%20National%20Park%20%2850861830528%29.jpg,IUCN category II: National Park,,,Barmer district; Jaisalmer district,Rajasthan,26.316666666,70.516666666,Barmer; Jaisalmer,Tentative World Heritage Site,3162,,,Desert National Park,,https://en.wikipedia.org/wiki/Desert_National_Park,wikidata,https://en.wikipedia.org/wiki/Desert_National_Park,national-parks,8334694,relation,https://www.openstreetmap.org/relation/8334694,Desert National Park (Thar),osm-wikidata-tag
Q3091762,https://www.wikidata.org/wiki/Q3091762,Mount Manipur National Park,Mount Harriet National Park,National Park,,http://commons.wikimedia.org/wiki/Special:FilePath/Centaur%20Oakblue%20andamans%20at%20Mt%20Harriet%20National%20Park.jpg,IUCN category II: National Park,1987-02-16T00:00:00Z,,Ferrargunj tehsil,Andaman and Nicobar Islands,11.8074,92.7571,,,46.62,,,Mount Harriet National Park,9282503,https://en.wikipedia.org/wiki/Mount_Harriet_National_Park,wikidata,https://en.wikipedia.org/wiki/Mount_Harriet_National_Park,national-parks,9282503,relation,https://www.openstreetmap.org/relation/9282503,Mount Harriett National Park,wikidata-p402
Q6434637,https://www.wikidata.org/wiki/Q6434637,Koundinya Wildlife Sanctuary,Kaundinya Wildlife Sanctuary,Wildlife Sanctuary,,http://commons.wikimedia.org/wiki/Special:FilePath/Andhra%20Pradesh%20-%20Landscapes%20from%20Andhra%20Pradesh%2C%20views%20from%20Indias%20South%20Central%20Railway%20%2877%29.JPG,IUCN category IV: Habitat/Species Management Area,,,Andhra Pradesh,Andhra Pradesh,13.025,78.645,Chittorgarh,,,,,Koundinya Wildlife Sanctuary,,https://en.wikipedia.org/wiki/Koundinya_Wildlife_Sanctuary,wikidata,https://en.wikipedia.org/wiki/Koundinya_Wildlife_Sanctuary,wildlife-sanctuaries,21115365,relation,https://www.openstreetmap.org/relation/21115365,Koundinya WLS,osm-wikidata-tag
Q6772512,https://www.wikidata.org/wiki/Q6772512,Thattekad Bird Sanctuary,Dr. Salim Ali Bird Sanctuary,Bird Sanctuary,,http://commons.wikimedia.org/wiki/Special:FilePath/Ocyceros%20griseus%20-India-8a.jpg,IUCN category IV: Habitat/Species Management Area,,,Kerala,Kerala,10.57,76.71,Kochi,,,http://www.forest.kerala.gov.in/index.php/ernakulam/thattekkad-bird-sanctuary,,Thattekkad Bird Sanctuary,,https://en.wikipedia.org/wiki/Thattekad_Bird_Sanctuary,wikidata,https://en.wikipedia.org/wiki/Thattekad_Bird_Sanctuary,wildlife-sanctuaries,677289011,way,https://www.openstreetmap.org/way/677289011,Thattekad Bird Sanctuary,osm-wikidata-tag
Q6826847,https://www.wikidata.org/wiki/Q6826847,Mhadei Wildlife Sanctuary,Madei Wildlife Sanctuary,Wildlife Sanctuary,,http://commons.wikimedia.org/wiki/Special:FilePath/Pseudophilautus%20amboli%20c.jpg,IUCN category IV: Habitat/Species Management Area,1999-05-18T00:00:00Z,,North Goa district,Goa,15.5717,74.1708,,,208.48,,,Mhadei Wildlife Sanctuary,,https://en.wikipedia.org/wiki/Mhadei_Wildlife_Sanctuary,wikidata,https://en.wikipedia.org/wiki/Madei_Wildlife_Sanctuary,wildlife-sanctuaries,19059002,relation,https://www.openstreetmap.org/relation/19059002,Mhadei WLS,osm-wikidata-tag
Q6965894,https://www.wikidata.org/wiki/Q6965894,Nargu Wildlife Sanctuary,Nargu WLS,Wildlife Sanctuary,,http://commons.wikimedia.org/wiki/Special:FilePath/Nargu%20WLS%20North%20Remote%20Snow%20Himachal%20Jan15%20DSC%206939.jpg,IUCN category IV: Habitat/Species Management Area,,,Himachal Pradesh; Mandi district; Kullu district,Himachal Pradesh,32.0139,76.8572,,,,,,Nargu Wildlife Sanctuary,,https://en.wikipedia.org/wiki/Nargu_Wildlife_Sanctuary,wikidata,https://en.wikipedia.org/wiki/Nargu_Wildlife_Sanctuary,wildlife-sanctuaries,667924651,way,https://www.openstreetmap.org/way/667924651,Nargu WLS,osm-wikidata-tag
Q7050184,https://www.wikidata.org/wiki/Q7050184,Noradehi Wildlife Sanctuary,Nauradehi Wildlife Sanctuary,Wildlife Sanctuary,,http://commons.wikimedia.org/wiki/Special:FilePath/Spotted%20Deer%20%28Axis%20axis%29.jpg,IUCN category IV: Habitat/Species Management Area,1975-01-01T00:00:00Z,,Madhya Pradesh; Sagar district,Madhya Pradesh,23.17814167,79.20188611,,,1197,,,,,https://en.wikipedia.org/wiki/Nauradehi_Wildlife_Sanctuary,wikidata,https://en.wikipedia.org/wiki/Nauradehi_Wildlife_Sanctuary,wildlife-sanctuaries,,,,,
Q7125480,https://www.wikidata.org/wiki/Q7125480,Pakhui Tiger Reserve,Pakke Tiger Reserve; Pakke TR,Tiger Reserve,,,IUCN category IV: Habitat/Species Management Area,1966-01-01T00:00:00Z,,East Kameng district,Arunachal Pradesh,27.08333333,92.85833333,,,861.95,,,Pakke Tiger Reserve,,https://en.wikipedia.org/wiki/Pakke_Tiger_Reserve,wikidata,https://en.wikipedia.org/wiki/Pakke_Tiger_Reserve,wildlife-sanctuaries,677462582,way,https://www.openstreetmap.org/way/677462582,Pakhui Tiger Reserve,osm-wikidata-tag
Q7193996,https://www.wikidata.org/wiki/Q7193996,Pilibhit Tiger Reserve,PTR; Pilibhit Bird Sanctuary; Chuka Tiger Reserve; Forests of Pilibhit; Mustafabad Tiger Reserve; Pilibhit Wildlife Sanctuary; Tarai Elephant Reserve,Tiger Reserve,Pilibhit district; North India; South Asia; Bareilly division; Uttar Pradesh; India,http://commons.wikimedia.org/wiki/Special:FilePath/Sultan-%20largest%20amongst%20all%20the%20tigers%20at%20PTR.png,IUCN category IV: Habitat/Species Management Area,1861-01-01T00:00:00Z,,Uttar Pradesh,Uttar Pradesh,28.718811,80.071968,Puranpur; Khatima; Pilibhit,,730.24,https://pilibhittigerreserve.in/,http://commons.wikimedia.org/wiki/Special:FilePath/View%20of%20Pilibhit%20tiger%20reserve%2C%20from%20space%20with%20Sharda%20river%2C%20Gangetic%20Plain%2C%20and%20the%20Himalayas.jpg,Pilibhit Tiger Reserve,9474608,https://en.wikipedia.org/wiki/Pilibhit_Tiger_Reserve,wikidata,https://en.wikipedia.org/wiki/Pilibhit_Tiger_Reserve,tiger-reserves,9474608,relation,https://www.openstreetmap.org/relation/9474608,Pilibhit Tiger Reserve,wikidata-p402
Q7206203,https://www.wikidata.org/wiki/Q7206203,Pobitora Wildlife Sanctuary,Pobitora WLS,Wildlife Sanctuary,,,IUCN category IV: Habitat/Species Management Area,1987-01-01T00:00:00Z,,Morigaon district,Assam,26.24111111,92.03138889,Guwahati,,,,,Pobitora Wildlife Sanctuary,,https://en.wikipedia.org/wiki/Pobitora_Wildlife_Sanctuary,wikidata,https://en.wikipedia.org/wiki/Pabitora_Wildlife_Sanctuary,wildlife-sanctuaries,,,,,
Q7283821,https://www.wikidata.org/wiki/Q7283821,Raiganj Wildlife Sanctuary,Kulik Bird Sanctuary,Wildlife Sanctuary,,,IUCN category IV: Habitat/Species Management Area,,,Raiganj,West Bengal,25.637,88.121,Raiganj,,,,,Raiganj Wildlife Sanctuary,,https://en.wikipedia.org/wiki/Raiganj_Wildlife_Sanctuary,wikidata,https://en.wikipedia.org/wiki/Raiganj_Wildlife_Sanctuary,wildlife-sanctuaries,678844487,way,https://www.openstreetmap.org/way/678844487,Raiganj WLS,osm-wikidata-tag
Q7295480,https://www.wikidata.org/wiki/Q7295480,Ratapani Tiger Reserve,Ratapani Sanctuary,Tiger Reserve,,http://commons.wikimedia.org/wiki/Special:FilePath/Ratapani%20wildlife%20sanctuary%20road%20sign%20board%20%281%29.jpg,IUCN category IV: Habitat/Species Management Area,,,Madhya Pradesh; Raisen district,Madhya Pradesh,22.918,77.722,,,,,,Ratapani Tiger Reserve,,https://en.wikipedia.org/wiki/Ratapani_Tiger_Reserve,wikidata,https://en.wikipedia.org/wiki/Ratapani_Tiger_Reserve,tiger-reserves,669498418,way,https://www.openstreetmap.org/way/669498418,Ratapani Wildlife Sanctuary,osm-wikidata-tag
Q7461605,https://www.wikidata.org/wiki/Q7461605,Shahgarh Landscape,Shahgarh Bulge Landscape,,,,,,,Jaisalmer district,Rajasthan,,,,,,,,,,https://en.wikipedia.org/wiki/Shahgarh_Landscape,wikidata,,,,,,,
Q7499351,https://www.wikidata.org/wiki/Q7499351,Shivaram Wildlife Sanctuary,Siwaram Crocodile Sanctuary,Wildlife Sanctuary,,,IUCN category IV: Habitat/Species Management Area,,,Telangana,Telangana,18.705,79.697,,,,,,,,https://en.wikipedia.org/wiki/Shivaram_Wildlife_Sanctuary,wikidata,https://en.wikipedia.org/wiki/Shivaram_Wildlife_Sanctuary,wildlife-sanctuaries,670977220,way,https://www.openstreetmap.org/way/670977220,Lanja Madugu Siwaram WLS,osm-wikidata-tag
Q7525566,https://www.wikidata.org/wiki/Q7525566,Sepahijala Wildlife Sanctuary,Sipahijala Wildlife Sanctuary; Sipahijola Wildlife Sanctuary,Wildlife Sanctuary,,,IUCN category IV: Habitat/Species Management Area,1987-01-01T00:00:00Z,,Sepahijala district,Tripura,23.664444444,91.311666666,,,18.533,,,Sepahijala Wildlife Sanctuary,,https://en.wikipedia.org/wiki/Sepahijala_Wildlife_Sanctuary,wikidata,https://en.wikipedia.org/wiki/Sepahijala_Wildlife_Sanctuary,wildlife-sanctuaries,666511138,way,https://www.openstreetmap.org/way/666511138,Sepahijala Wildlife Sanctuary,osm-wikidata-tag
Q7554593,https://www.wikidata.org/wiki/Q7554593,Sohagi Barwa Wildlife Sanctuary,Sohagi Barwa Sanctuary,Wildlife Sanctuary,,,IUCN category IV: Habitat/Species Management Area,,,Maharajganj district,Uttar Pradesh,27.31,83.56,,,,,,,,https://en.wikipedia.org/wiki/Sohagi_Barwa_Wildlife_Sanctuary,wikidata,https://en.wikipedia.org/wiki/Sohagi_Barwa_Wildlife_Sanctuary,wildlife-sanctuaries,1765042,relation,https://www.openstreetmap.org/relation/1765042,Sohagibarwa WLS,osm-wikidata-tag
Q7678698,https://www.wikidata.org/wiki/Q7678698,Tal Chhapar Sanctuary,Tal Chhapar Wildlife Sanctuary,Wildlife Sanctuary,,http://commons.wikimedia.org/wiki/Special:FilePath/Aquila%20rapax.jpg,IUCN category IV: Habitat/Species Management Area,,,Churu district,Rajasthan,27.7981,74.4349,Chhapar,,,,,Tal Chhapar Wildlife Sanctuary,,https://en.wikipedia.org/wiki/Tal_Chhapar_Sanctuary,wikidata,https://en.wikipedia.org/wiki/Tal_Chhapar_Sanctuary,wildlife-sanctuaries,676869881,way,https://www.openstreetmap.org/way/676869881,Tal Chhapper WLS,osm-wikidata-tag
Q3532790,https://www.wikidata.org/wiki/Q3532790,Pulicat Lake Bird Sanctuary,Pulicat Bird Sanctuary; Pulicat Wildlife Sanctuary,Bird Sanctuary,,,IUCN category IV: Habitat/Species Management Area,,,Andhra Pradesh,Andhra Pradesh,13.56666667,80.2,,,,,,Pulicat Lake Bird Sanctuary,,https://en.wikipedia.org/wiki/Pulicat_Lake_Bird_Sanctuary,wikidata,https://en.wikipedia.org/wiki/Pulicat_Lake_Bird_Sanctuary,wildlife-sanctuaries,671020948,way,https://www.openstreetmap.org/way/671020948,Pulicat Bird Sanctuary,osm-wikidata-tag
Q3595683,https://www.wikidata.org/wiki/Q3595683,Hazaribagh Wildlife Sanctuary,Hazaribag Wildlife Sanctuary,Wildlife Sanctuary,,,IUCN category IV: Habitat/Species Management Area,,,Jharkhand; North Chotanagpur division,Jharkhand,24.139,85.366,Hazaribagh,,,,http://commons.wikimedia.org/wiki/Special:FilePath/Hazaribagh%20National%20Park%20101%20%28cropped%29.jpg,Hazaribag Wildlife Sanctuary,,https://en.wikipedia.org/wiki/Hazaribagh_Wildlife_Sanctuary,wikidata,https://en.wikipedia.org/wiki/Hazaribagh_Wildlife_Sanctuary,wildlife-sanctuaries,,,,,
Q3631211,https://www.wikidata.org/wiki/Q3631211,Biligiriranga Hills Tiger Reserve,Biligiriranganaswamy Tiger Reserve; Billigirangana Swamy Tiger Reserve,Tiger Reserve,,http://commons.wikimedia.org/wiki/Special:FilePath/Brhills%20kkatte.jpg,IUCN category IV: Habitat/Species Management Area,,,Chamarajanagar,Karnataka,11.993888888,77.140555555,Mysore,,,,http://commons.wikimedia.org/wiki/Special:FilePath/Biligiriranga%20Hills%20banner.jpg,Biligiriranga Hills,,https://en.wikipedia.org/wiki/Biligiriranga_Hills,wikidata,,,378131783,way,https://www.openstreetmap.org/way/378131783,Biligiri Ranganatha Swamy Temple (BRT) Wildlife Sanctuary,osm-wikidata-tag
Q3696260,https://www.wikidata.org/wiki/Q3696260,Palani Hills Wildlife Sanctuary and National Park,Kodaikanal Wildlife Sanctuary,Wildlife Sanctuary,,http://commons.wikimedia.org/wiki/Special:FilePath/Palani%20Hills-C.jpg,IUCN category VI: Protected Area with sustainable use of natural resources,,,Dindigul district,Tamil Nadu,10.24527778,77.52388889,Kodaikanal,,,,,,,https://en.wikipedia.org/wiki/Palani_Hills_Wildlife_Sanctuary_and_National_Park,wikidata,https://en.wikipedia.org/wiki/Kodaikanal_Wildlife_Sanctuary,wildlife-sanctuaries,,,,,
Q4807241,https://www.wikidata.org/wiki/Q4807241,Askot Musk Deer Sanctuary,Askot Sanctuary; Askot Wildlife Sanctuary,Wildlife Sanctuary,,http://commons.wikimedia.org/wiki/Special:FilePath/Panchchuli%20Peaks%2C%20near%20Munsiyari%2C%20Uttarakhand.jpg,IUCN category IV: Habitat/Species Management Area,,,Uttarakhand,Uttarakhand,30.12083333,80.6525,Didihat,,,,,,,https://en.wikipedia.org/wiki/Askot_Musk_Deer_Sanctuary,wikidata,https://en.wikipedia.org/wiki/Askot_Musk_Deer_Sanctuary,wildlife-sanctuaries,9424049,relation,https://www.openstreetmap.org/relation/9424049,Askot Musk Deer Wildlife Sanctuary,osm-wikidata-tag
Q4848700,https://www.wikidata.org/wiki/Q4848700,Baisipali Wildlife Sanctuary,Baisipalli Wildlife Sanctuary,Wildlife Sanctuary,,,IUCN category IV: Habitat/Species Management Area,,,Nayagarh district,Odisha,20.45,84.75,,,,,,,,https://en.wikipedia.org/wiki/Baisipalli_Wildlife_Sanctuary,wikidata,https://en.wikipedia.org/wiki/Baisipalli_Wildlife_Sanctuary,wildlife-sanctuaries,682775619,way,https://www.openstreetmap.org/way/682775619,Baisipalli WLS,osm-wikidata-tag
Q4898107,https://www.wikidata.org/wiki/Q4898107,Bethuadahari Wildlife Sanctuary,Bethua Avayaranya,Wildlife Sanctuary,,http://commons.wikimedia.org/wiki/Special:FilePath/Bethuadahari%20Wildlife%20Sanctuary%20-%20Indian%20National%20Highway%2034%20-%20Nadia%202013-03-23%207084.JPG,IUCN category IV: Habitat/Species Management Area,,,Nakashipara community development block,West Bengal,23.5975516,88.3920227,Bethuadahari,,,,http://commons.wikimedia.org/wiki/Special:FilePath/Entrance%20-%20Bethuadahari%20Wildlife%20Sanctuary%20-%20Indian%20National%20Highway%2034%20-%20Nadia%202013-03-23%207090%20%28cropped%29.JPG,Bethuadahari Wildlife Sanctuary,,https://en.wikipedia.org/wiki/Bethuadahari_Wildlife_Sanctuary,wikidata,https://en.wikipedia.org/wiki/Bethuadahari_Wildlife_Sanctuary,wildlife-sanctuaries,18792288,relation,https://www.openstreetmap.org/relation/18792288,Bethuadahari WLS,osm-wikidata-tag
Q4903011,https://www.wikidata.org/wiki/Q4903011,Bibhutibhushan Wildlife Sanctuary,Parmadan Forest,Wildlife Sanctuary,,http://commons.wikimedia.org/wiki/Special:FilePath/Parmadan%20Forest%2003.jpg,IUCN category IV: Habitat/Species Management Area,,,North 24 Parganas district,West Bengal,23.186178,88.762087,Bangaon,,,,http://commons.wikimedia.org/wiki/Special:FilePath/Parmadan%20Forest%2013%20%28banner%29.jpg,Bibhutibhushan Wildlife Sanctuary,,https://en.wikipedia.org/wiki/Bibhutibhushan_Wildlife_Sanctuary,wikidata,https://en.wikipedia.org/wiki/Bibhutibhushan_Wildlife_Sanctuary,wildlife-sanctuaries,668973534,way,https://www.openstreetmap.org/way/668973534,Bibhuti Bhusan WLS,osm-wikidata-tag
Q3350362,https://www.wikidata.org/wiki/Q3350362,Jaldapara National Park,Jaldapara Wildlife Sanctuary,National Park,,http://commons.wikimedia.org/wiki/Special:FilePath/Elephant%20safari.jpg,IUCN category II: National Park,1941-01-01T00:00:00Z,,West Bengal,West Bengal,26.628611,89.3775,Madarihat,,,http://jaldapara.in/,http://commons.wikimedia.org/wiki/Special:FilePath/Jaldapara%20banner%20Rhinoceros.jpg,Jaldapara National Park,,https://en.wikipedia.org/wiki/Jaldapara_National_Park,wikidata,https://en.wikipedia.org/wiki/Jaldapara_National_Park,national-parks,9462851,relation,https://www.openstreetmap.org/relation/9462851,Jaldapara National Park,osm-wikidata-tag
Q3471776,https://www.wikidata.org/wiki/Q3471776,Hoollongapar Gibbon Sanctuary,Gibbon Wildlife Sanctuary; Hollongapar Gibbon Wildlife Sanctuary; Hollongapar Reserve Forest,Wildlife Sanctuary,,http://commons.wikimedia.org/wiki/Special:FilePath/Hoolock%20hoolock%20001.jpg,IUCN category IV: Habitat/Species Management Area,1997-01-01T00:00:00Z,,Jorhat district,Assam,26.716667,94.383333,,,20.98,,,Hollongapar Gibbon Wildlife Sanctuary,,https://en.wikipedia.org/wiki/Hoollongapar_Gibbon_Sanctuary,wikidata,https://en.wikipedia.org/wiki/Hoollongapar_Gibbon_Sanctuary,wildlife-sanctuaries,,,,,
Q3522009,https://www.wikidata.org/wiki/Q3522009,Chinnar Wildlife Sanctuary,CWS,Wildlife Sanctuary,Western Ghats,http://commons.wikimedia.org/wiki/Special:FilePath/Chinnar%20Wildlife%20Sanctuary.jpg,IUCN category IV: Habitat/Species Management Area,1984-08-01T00:00:00Z,1342rev-018,Kerala; Idukki district,Kerala,10.3,77.175,,part of UNESCO World Heritage Site,9044,http://chinnar.org/,,Chinnar Wildlife Sanctuary,,https://en.wikipedia.org/wiki/Chinnar_Wildlife_Sanctuary,wikidata,https://en.wikipedia.org/wiki/Chinnar_Wildlife_Sanctuary,wildlife-sanctuaries,11279547,relation,https://www.openstreetmap.org/relation/11279547,Chinnar WLS,osm-wikidata-tag
Q101471239,https://www.wikidata.org/wiki/Q101471239,Overa-Aru Wildlife Sanctuary,Aru Wildlife Sanctuary; Overa Wildlife Sanctuary; Overa-Aru WLS,Wildlife Sanctuary,,http://commons.wikimedia.org/wiki/Special:FilePath/Overa-Aru%20Wildlife%20Sanctuary%206.jpg,IUCN category IV: Habitat/Species Management Area,,,Anantnag district,Jammu and Kashmir,34.11,75.2475,,,,,,Overa-Aru Wildlife Sanctuary,,https://en.wikipedia.org/wiki/Overa-Aru_Wildlife_Sanctuary,wikidata,https://en.wikipedia.org/wiki/Overa-Aru_Wildlife_Sanctuary,wildlife-sanctuaries,676591830,way,https://www.openstreetmap.org/way/676591830,Overa-Aru Wildlife Sanctuary,osm-wikidata-tag
Q102047437,https://www.wikidata.org/wiki/Q102047437,Gulmarg Wildlife Sanctuary,Gulmarg WLS,Wildlife Sanctuary,,http://commons.wikimedia.org/wiki/Special:FilePath/Gulmarg%20Wildlife%20Sanctuary.jpg,IUCN category IV: Habitat/Species Management Area,,,Baramulla district,Jammu and Kashmir,33.994166666,74.374166666,,,69,,,Gulmarg Wildlife Sanctuary,15876412,https://en.wikipedia.org/wiki/Gulmarg_Wildlife_Sanctuary,wikidata,https://en.wikipedia.org/wiki/Gulmarg_Wildlife_Sanctuary,wildlife-sanctuaries,,,,,
Q106513444,https://www.wikidata.org/wiki/Q106513444,Fakim Wildlife Sanctuary,Fakim Sanctuary,Wildlife Sanctuary,,,IUCN category IV: Habitat/Species Management Area,,,Kiphire district,Nagaland,25.825528,94.954389,,,642,,,,,https://en.wikipedia.org/wiki/Fakim_Wildlife_Sanctuary,wikidata,https://en.wikipedia.org/wiki/Fakim_Wildlife_Sanctuary,wildlife-sanctuaries,678240790,way,https://www.openstreetmap.org/way/678240790,Fakim WLS,osm-wikidata-tag
Q106675739,https://www.wikidata.org/wiki/Q106675739,Udanti Wildlife Sanctuary,Udanti Wild Buffalo Wildlife Sanctuary,Wildlife Sanctuary,Udanti-Sitanadi Tiger Reserve,,IUCN category IV: Habitat/Species Management Area,1985-01-01T00:00:00Z,,Gariaband district,Chhattisgarh,20.0716,82.3223,,,237.27,,,,,https://en.wikipedia.org/wiki/Udanti_Wildlife_Sanctuary,wikidata,https://en.wikipedia.org/wiki/Udanti_Wildlife_Sanctuary,wildlife-sanctuaries,,,,,
Q106684744,https://www.wikidata.org/wiki/Q106684744,Biligiri Rangaswamy Temple Wildlife Sanctuary,B.R.T. Wildlife Sanctuary,Tiger Reserve,,http://commons.wikimedia.org/wiki/Special:FilePath/Biligirirangan%20Hills%20View.jpg,IUCN category IV: Habitat/Species Management Area,1987-01-01T00:00:00Z,,Chamarajanagar district,Karnataka,11.9725,77.1515,,,539.52,,,Biligiriranga Hills Wildlife Sanctuary,,https://en.wikipedia.org/wiki/Biligiriranga_Hills,wikidata,https://en.wikipedia.org/wiki/Biligiriranga_Hills,tiger-reserves,,,,,
Q107404544,https://www.wikidata.org/wiki/Q107404544,Aner Dam Wildlife Sanctuary,Anerdam Wildlife Santury,Wildlife Sanctuary,,,IUCN category IV: Habitat/Species Management Area,,,Maharashtra,Maharashtra,21.35,75.0225,,,,,,,,https://en.wikipedia.org/wiki/Aner_Dam_Wildlife_Sanctuary,wikidata,https://en.wikipedia.org/wiki/Aner_Dam_Wildlife_Sanctuary,wildlife-sanctuaries,670226541,way,https://www.openstreetmap.org/way/670226541,Aner Dam WLS,osm-wikidata-tag
Q109974038,https://www.wikidata.org/wiki/Q109974038,Siju Wildlife Sanctuary,Siju Bird Sanctuary; Siju WLS,Wildlife Sanctuary,,http://commons.wikimedia.org/wiki/Special:FilePath/Pond%20Siju%20Bird%20Sanctuary%20Meghalaya%20Oct24%20A7CR%2004013.jpg,IUCN category IV: Habitat/Species Management Area,,,Manipur,Manipur,25.337777777,90.686388888,,,,,,Siju Wildlife Sanctuary,,https://en.wikipedia.org/wiki/Siju_Wildlife_Sanctuary,wikidata,,,,,,,
Q110460281,https://www.wikidata.org/wiki/Q110460281,Yangoupokpi-Lokchao Wildlife Sanctuary,Yangoupokpi-Lokchao Lamlak-ki Saa-Ngaa Ngaak Senpham,Wildlife Sanctuary,,http://commons.wikimedia.org/wiki/Special:FilePath/Purple%20Sapphire%20Heliophorus%20epicles%20UP%20by%20Dr.%20Raju%20Kasambe%20DSC%208697%20%283%29.jpg,IUCN category IV: Habitat/Species Management Area,1989-01-01T00:00:00Z,,Manipur; Chandel district,Manipur,24.32,94.23,,,184.8,,http://commons.wikimedia.org/wiki/Special:FilePath/Yangoupokpi%20Lokchao%20WLS%20Manipur%20by%20Dr%20Raju%20Kasambe%20%281%29%2001%20%28cropped%29.jpg,Yangoupokpi-Lokchao Wildlife Sanctuary,,https://en.wikipedia.org/wiki/Yangoupokpi-Lokchao_Wildlife_Sanctuary,wikidata,https://en.wikipedia.org/wiki/Yangoupokpi-Lokchao_Wildlife_Sanctuary,wildlife-sanctuaries,,,,,
Q111181101,https://www.wikidata.org/wiki/Q111181101,Limber Wildlife Sanctuary,Kazinag Wildlife Sanctuary; Limber WLS; Qazinag Wildlife Sanctuary,National Park,,,IUCN category IV: Habitat/Species Management Area,,,Baramulla district,Jammu and Kashmir,34.189166666,74.165833333,,,,,,,,https://en.wikipedia.org/wiki/Limber_Wildlife_Sanctuary,wikidata,https://en.wikipedia.org/wiki/Kazinag_National_Park,national-parks,676600422,way,https://www.openstreetmap.org/way/676600422,Limber WLS,osm-wikidata-tag
Q112136896,https://www.wikidata.org/wiki/Q112136896,Kadalundi–Vallikkunnu Community Reserve,Kadalundi-Vallikkunnu Community Reserve,,,,,,,Kerala,Kerala,11.139333333,75.831222222,,,,,,,,https://en.wikipedia.org/wiki/Kadalundi%E2%80%93Vallikkunnu_Community_Reserve,wikidata,,,,,,,
Q112193588,https://www.wikidata.org/wiki/Q112193588,Gundla Brahmeswaram Wildlife Sanctuary,Gundla Brahmeswara Wildlife Sanctuary,Wildlife Sanctuary,,,IUCN category IV: Habitat/Species Management Area,,,Andhra Pradesh,Andhra Pradesh,15.661178,78.745231,,,,,,,,https://en.wikipedia.org/wiki/Gundla_Brahmeswaram_Wildlife_Sanctuary,wikidata,https://en.wikipedia.org/wiki/Gundla_Brahmeswaram_Wildlife_Sanctuary,wildlife-sanctuaries,676783991,way,https://www.openstreetmap.org/way/676783991,Gundla Brahmeswaram WLS,osm-wikidata-tag
Q113133799,https://www.wikidata.org/wiki/Q113133799,Garbhanga Wildlife Sanctuary,Garbhanga Reserved Forest; Rani-Garbhanga Reserved Forest,Wildlife Sanctuary,,http://commons.wikimedia.org/wiki/Special:FilePath/Garbhanga%20Wildlife%20Sanctuary.jpg,IUCN category IV: Habitat/Species Management Area,,,Guwahati,Assam,26.093333333,91.749166666,,,117,,,,,https://en.wikipedia.org/wiki/Garbhanga_Wildlife_Sanctuary,wikidata,,,,,,,
Q115804851,https://www.wikidata.org/wiki/Q115804851,Dadra and Nagar Haveli Wildlife Sanctuary,Dadra and Nagar Haveli WLS,Wildlife Sanctuary,,,IUCN category IV: Habitat/Species Management Area,,,Dadra and Nagar Haveli district,Dadra and Nagar Haveli and Daman and Diu,20.2899,73.0949,,,,,,,,https://en.wikipedia.org/wiki/Dadra_and_Nagar_Haveli_Wildlife_Sanctuary,wikidata,,,677741385,way,https://www.openstreetmap.org/way/677741385,Dadra & Nagar Haveli WLS,osm-wikidata-tag
Q125768557,https://www.wikidata.org/wiki/Q125768557,Oussudu Bird Sanctuary,Ousteri Bird Sanctuary,Bird Sanctuary,,,IUCN category IV: Habitat/Species Management Area,2018-01-01T00:00:00Z,,Puducherry,Puducherry,11.95164,79.74182,,,3.9,,,,,https://en.wikipedia.org/wiki/Oussudu_Bird_Sanctuary,wikidata,https://en.wikipedia.org/wiki/Oussudu_Bird_Sanctuary,wildlife-sanctuaries,681857177,way,https://www.openstreetmap.org/way/681857177,Oussudu WLS,osm-wikidata-tag
Q5067785,https://www.wikidata.org/wiki/Q5067785,Chail Sanctuary,Chail Wildlife Sanctuary,Wildlife Sanctuary,,,IUCN category IV: Habitat/Species Management Area,1976-01-01T00:00:00Z,,Solan district,Himachal Pradesh,30.9599,77.1978,,,110,,,Chail Sanctuary,,https://en.wikipedia.org/wiki/Chail_Sanctuary,wikidata,https://en.wikipedia.org/wiki/Chail_Wildlife_Sanctuary,wildlife-sanctuaries,667868257,way,https://www.openstreetmap.org/way/667868257,Chail Wildlife Sanctuary,osm-wikidata-tag
Q5073423,https://www.wikidata.org/wiki/Q5073423,Chapramari Wildlife Sanctuary,Chapramari Wildlife Reserve,Wildlife Sanctuary,,http://commons.wikimedia.org/wiki/Special:FilePath/Chapramari%20Wildlife%20Sanctuary.jpg,IUCN category IV: Habitat/Species Management Area,,,West Bengal,West Bengal,26.8746424,88.8551019,Malbazar,,,,,Chapramari Wildlife Sanctuary,,https://en.wikipedia.org/wiki/Chapramari_Wildlife_Sanctuary,wikidata,https://en.wikipedia.org/wiki/Chapramari_Wildlife_Sanctuary,wildlife-sanctuaries,668960167,way,https://www.openstreetmap.org/way/668960167,Chapramari WLS,osm-wikidata-tag
Q5101326,https://www.wikidata.org/wiki/Q5101326,Chintamoni Kar Bird Sanctuary,Chintamani Kar Bird Sanctuary; CKBS; Kayaler Bagan,Wildlife Sanctuary,,http://commons.wikimedia.org/wiki/Special:FilePath/Chintamani%20Kar%20Bird%20Sanactuary%2C%20Kolkata.JPG,IUCN category IV: Habitat/Species Management Area,1972-01-01T00:00:00Z,,Kolkata; Rajpur Sonarpur,West Bengal,22.4295,88.4007,,,,,,Chintamoni Kar Bird Sanctuary,,https://en.wikipedia.org/wiki/Chintamoni_Kar_Bird_Sanctuary,wikidata,https://en.wikipedia.org/wiki/Chintamoni_Kar_Bird_Sanctuary,wildlife-sanctuaries,598388269,way,https://www.openstreetmap.org/way/598388269,Chintamoni Kar Bird WLS,osm-wikidata-tag
Q5252276,https://www.wikidata.org/wiki/Q5252276,Dehing Patkai National Park,Dehing Patkai rainforest; Dehing Patkai Wildlife Sanctuary; Dihing Patkai Wildlife Sanctuary,National Park,,http://commons.wikimedia.org/wiki/Special:FilePath/Dehing%20Patkai.jpg,IUCN category II: National Park,,,Tinsukia district,Assam,27.331,95.526,,,231,,,Dehing Patkai National Park,,https://en.wikipedia.org/wiki/Dehing_Patkai_National_Park,wikidata,https://en.wikipedia.org/wiki/Dehing_Patkai_National_Park,national-parks,121006318,way,https://www.openstreetmap.org/way/121006318,Dihing Patkai WLS,osm-wikidata-tag
Q5555916,https://www.wikidata.org/wiki/Q5555916,Ghatigaon Sanctuary,Ghatigaon Wildlife Sanctuary,Wildlife Sanctuary,,http://commons.wikimedia.org/wiki/Special:FilePath/Sonchiriya.jpg,IUCN category IV: Habitat/Species Management Area,1981-01-01T00:00:00Z,,Gwalior district,Madhya Pradesh,26.166,77.927,,,511,,,,,https://en.wikipedia.org/wiki/Ghatigaon_Wildlife_Sanctuary,wikidata,https://en.wikipedia.org/wiki/Ghatigaon_Wildlife_Sanctuary,wildlife-sanctuaries,669282350,way,https://www.openstreetmap.org/way/669282350,Ghatigaon WLS,osm-wikidata-tag
Q5609778,https://www.wikidata.org/wiki/Q5609778,Grizzled Squirrel Wildlife Sanctuary,Srivilliputhur Wildlife Sanctuary,Tiger Reserve,Western Ghats,http://commons.wikimedia.org/wiki/Special:FilePath/Giant-squirrel.jpg,IUCN category IV: Habitat/Species Management Area,,1342rev-011,Tamil Nadu,Tamil Nadu,9.575,77.55833333,Madurai,part of UNESCO World Heritage Site,48500,,,Grizzled Squirrel Wildlife Sanctuary,,https://en.wikipedia.org/wiki/Grizzled_Squirrel_Wildlife_Sanctuary,wikidata,https://en.wikipedia.org/wiki/Srivilliputhur-Megamalai_Tiger_Reserve,tiger-reserves,671205635,way,https://www.openstreetmap.org/way/671205635,Srivilliputhur Grizzled Squirrel Wildlife Sanctuary,osm-wikidata-tag
Q5618257,https://www.wikidata.org/wiki/Q5618257,Gumti Wildlife Sanctuary,Gumuti Wildlife Sanctuary,Wildlife Sanctuary,,,IUCN category IV: Habitat/Species Management Area,,,Tripura,Tripura,23.664444444,91.311666666,,,,,,,,https://en.wikipedia.org/wiki/Gumti_Wildlife_Sanctuary,wikidata,https://en.wikipedia.org/wiki/Gumti_Wildlife_Sanctuary,wildlife-sanctuaries,9264786,relation,https://www.openstreetmap.org/relation/9264786,Gomati Wildlife Sanctuary,osm-wikidata-tag
Q6187899,https://www.wikidata.org/wiki/Q6187899,Jessore Sloth Bear Sanctuary,Jessore Wildlife Sanctuary; Jessore WLS,Wildlife Sanctuary,,http://commons.wikimedia.org/wiki/Special:FilePath/Sloth%20bear%201.jpg,IUCN category IV: Habitat/Species Management Area,1978-01-01T00:00:00Z,,Gujarat,Gujarat,24.2,72.3,Palanpur,,,,,,,https://en.wikipedia.org/wiki/Jessore_Sloth_Bear_Sanctuary,wikidata,https://en.wikipedia.org/wiki/Jessore_Sloth_Bear_Sanctuary,wildlife-sanctuaries,9308456,relation,https://www.openstreetmap.org/relation/9308456,Jessore WLS,osm-wikidata-tag
Q6277572,https://www.wikidata.org/wiki/Q6277572,Jore Pokhri Wildlife Sanctuary,Jore Pokhari Salamander Sanctuary,Wildlife Sanctuary,,,IUCN category IV: Habitat/Species Management Area,1985-03-01T00:00:00Z,,Darjeeling district,West Bengal,26.99118,88.1573,,,,,,,,https://en.wikipedia.org/wiki/Jore_Pokhri_Wildlife_Sanctuary,wikidata,https://en.wikipedia.org/wiki/Jore_Pokhri_Wildlife_Sanctuary,wildlife-sanctuaries,678830535,way,https://www.openstreetmap.org/way/678830535,Jorepokhri Salamander WLS,osm-wikidata-tag
Q6375178,https://www.wikidata.org/wiki/Q6375178,Katarniaghat Wildlife Sanctuary,Katarniya Ghat Wildlife Sanctuary; Katerniaghat Wildlife Sanctuary,Wildlife Sanctuary,,http://commons.wikimedia.org/wiki/Special:FilePath/Katarniaghat.jpg,IUCN category IV: Habitat/Species Management Area,1976-01-01T00:00:00Z,,Bahraich district,Uttar Pradesh,28.1344,81.2518,,,400.09,,,Katarniaghat Wildlife Sanctuary,,https://en.wikipedia.org/wiki/Katarniaghat_Wildlife_Sanctuary,wikidata,https://en.wikipedia.org/wiki/Katarniaghat_Wildlife_Sanctuary,wildlife-sanctuaries,,,,,
Q6382549,https://www.wikidata.org/wiki/Q6382549,Kedarnath Wildlife Sanctuary,Kedarnath Musk Deer Sanctuary,Wildlife Sanctuary,,http://commons.wikimedia.org/wiki/Special:FilePath/Kedarnath%20Wildlife%20Sanctuary%20JEG1698.jpg,IUCN category IV: Habitat/Species Management Area,1972-01-01T00:00:00Z,,Chamoli district,Uttarakhand,30.75,79.6,,,975,,,Kedarnath Musk Deer Sanctuary,,https://en.wikipedia.org/wiki/Kedarnath_Wildlife_Sanctuary,wikidata,https://en.wikipedia.org/wiki/Kedarnath_Wildlife_Sanctuary,wildlife-sanctuaries,3014915,relation,https://www.openstreetmap.org/relation/3014915,Kedarnath WLS,osm-wikidata-tag
Q15266124,https://www.wikidata.org/wiki/Q15266124,Phawngpui National Park,Phawngpui Blue Mountain National Park,National Park,,,IUCN category II: National Park,1992-01-01T00:00:00Z,,Saiha district,Mizoram,22.66666667,93.05,Aizawl,,,,,Blue Mountain National Park,,https://en.wikipedia.org/wiki/Phawngpui_National_Park,wikidata,https://en.wikipedia.org/wiki/Phawngpui_National_Park,national-parks,663504914,way,https://www.openstreetmap.org/way/663504914,Phawngpui Blue Mountain National Park,osm-wikidata-tag
Q65091528,https://www.wikidata.org/wiki/Q65091528,Gudekote Wildlife Sanctuary,Gudekote Sloth Bear Sanctuary,Wildlife Sanctuary,,,IUCN category IV: Habitat/Species Management Area,,,Karnataka,Karnataka,15.233333333,76.516666666,Ballary,,,,,,,https://en.wikipedia.org/wiki/Gudekote_Wildlife_Sanctuary,wikidata,https://en.wikipedia.org/wiki/Gudekote_Wildlife_Sanctuary,wildlife-sanctuaries,9330957,relation,https://www.openstreetmap.org/relation/9330957,Gudekote Sloth Bear WLS,osm-wikidata-tag
Q85755050,https://www.wikidata.org/wiki/Q85755050,D'Ering Memorial Wildlife Sanctuary,Daying Ering Wildlife Sanctuary,Wildlife Sanctuary,,,IUCN category IV: Habitat/Species Management Area,,,Arunachal Pradesh,Arunachal Pradesh,27.937777777,95.445833333,,,,,,,,https://en.wikipedia.org/wiki/D%27Ering_Memorial_Wildlife_Sanctuary,wikidata,https://en.wikipedia.org/wiki/D'Ering_Memorial_Wildlife_Sanctuary,wildlife-sanctuaries,668132126,way,https://www.openstreetmap.org/way/668132126,D’Ering Memorial (Lali) WLS,osm-wikidata-tag
Q85773598,https://www.wikidata.org/wiki/Q85773598,Karanja Sohol Wildlife Sanctuary,Karanja Sohol Blackbuck Wildlife Sanctuary,Wildlife Sanctuary,,,IUCN category IV: Habitat/Species Management Area,2000-01-01T00:00:00Z,,Washim district,Maharashtra,20.4289,77.5059,,,18.32,,,,,https://en.wikipedia.org/wiki/Karanja_Sohol_Wildlife_Sanctuary,wikidata,https://en.wikipedia.org/wiki/Karanja_Sohol_Wildlife_Sanctuary,wildlife-sanctuaries,677993168,way,https://www.openstreetmap.org/way/677993168,Karanja Sohal Blackbuck WLS,osm-wikidata-tag
Q3895706,https://www.wikidata.org/wiki/Q3895706,Nagarjunsagar-Srisailam Tiger Reserve,,Tiger Reserve,,,IUCN category IV: Habitat/Species Management Area,1983-01-01T00:00:00Z,,Guntur district; Mahabubnagar district; Prakasam district; Kurnool district; Nalgonda district,Telangana; Andhra Pradesh,16.0358,78.9314,,,5937,,,Nagarjunsagar-Srisailam Tiger Reserve,,https://en.wikipedia.org/wiki/Nagarjunsagar-Srisailam_Tiger_Reserve,wikidata,https://en.wikipedia.org/wiki/Nagarjunsagar-Srisailam_Tiger_Reserve,wildlife-sanctuaries,,,,,
Q2985193,https://www.wikidata.org/wiki/Q2985193,Singalila National Park,,National Park,,http://commons.wikimedia.org/wiki/Special:FilePath/The%20sleeping%20Buddha.jpg,IUCN category II: National Park,1986-01-01T00:00:00Z,,Darjeeling district,West Bengal,27.11666667,88.06666667,Manebhanjyang,Important Bird Area; national park,78.6,,http://commons.wikimedia.org/wiki/Special:FilePath/Singalila%20national%20park%20%28cropped%29.jpg,Singalila National Park,,https://en.wikipedia.org/wiki/Singalila_National_Park,wikidata,https://en.wikipedia.org/wiki/Singalila_National_Park,national-parks,9258262,relation,https://www.openstreetmap.org/relation/9258262,Singalila National Park,osm-wikidata-tag
Q2985390,https://www.wikidata.org/wiki/Q2985390,Mukurthi National Park,,National Park,Western Ghats,http://commons.wikimedia.org/wiki/Special:FilePath/Niltahr.jpg,IUCN category II: National Park,2001-01-01T00:00:00Z,1342rev-022,Nilgiris district,Tamil Nadu,11.266666666,76.475,Ooty,part of UNESCO World Heritage Site,7850,https://www.forests.tn.gov.in/pages/view/MUKURTHI-NATIONAL-PARK,,Mukurthi National Park,,https://en.wikipedia.org/wiki/Mukurthi_National_Park,wikidata,https://en.wikipedia.org/wiki/Mukurthi_National_Park,national-parks,21130861,relation,https://www.openstreetmap.org/relation/21130861,Mukurthi National Park,osm-wikidata-tag
Q2985788,https://www.wikidata.org/wiki/Q2985788,Neora Valley National Park,,National Park,,http://commons.wikimedia.org/wiki/Special:FilePath/Neora%20valley1.png,IUCN category II: National Park,1986-01-01T00:00:00Z,,West Bengal,West Bengal,27.06,88.7,Kalimpong,Tentative World Heritage Site,,,,Neora Valley National Park,,https://en.wikipedia.org/wiki/Neora_Valley_National_Park,wikidata,https://en.wikipedia.org/wiki/Neora_Valley_National_Park,national-parks,666282774,way,https://www.openstreetmap.org/way/666282774,Neora Valley National Park,osm-wikidata-tag
Q2989157,https://www.wikidata.org/wiki/Q2989157,Nameri National Park,,Tiger Reserve,,http://commons.wikimedia.org/wiki/Special:FilePath/NAMERI%20NATIONAL%20PARK%20%2C%20ASSAM%2C%20INDIA%2C%20Wild%20Life.jpg,IUCN category II: National Park,1998-01-01T00:00:00Z,,Sonitpur district,Assam,27.01,92.79,Barpeta Road,,,,http://commons.wikimedia.org/wiki/Special:FilePath/Nameri%20National%20Park%20banner.jpg,Nameri National Park,,https://en.wikipedia.org/wiki/Nameri_National_Park,wikidata,https://en.wikipedia.org/wiki/Nameri_National_Park,tiger-reserves,679536244,way,https://www.openstreetmap.org/way/679536244,Nameri National Park/Tiger Reserve,osm-wikidata-tag
Q3091771,https://www.wikidata.org/wiki/Q3091771,Ntangki National Park,,National Park,,,IUCN category II: National Park,,,Peren district,Nagaland,25.56,93.45,,,,,,,,https://en.wikipedia.org/wiki/Ntangki_National_Park,wikidata,https://en.wikipedia.org/wiki/Intanki_National_Park,national-parks,8756010,relation,https://www.openstreetmap.org/relation/8756010,Intangki National Park,osm-wikidata-tag
Q3091867,https://www.wikidata.org/wiki/Q3091867,Mathikettan Shola National Park,,National Park,,http://commons.wikimedia.org/wiki/Special:FilePath/Indian%20Elephant.jpeg,IUCN category II: National Park,1897-01-01T00:00:00Z,,Idukki district,Kerala,10.03333333,77.13333333,Munnar,,,,,Mathikettan Shola National Park,,https://en.wikipedia.org/wiki/Mathikettan_Shola_National_Park,wikidata,https://en.wikipedia.org/wiki/Mathikettan_Shola_National_Park,national-parks,666719511,way,https://www.openstreetmap.org/way/666719511,Mathikettan Shola National Park,osm-wikidata-tag
Q3092307,https://www.wikidata.org/wiki/Q3092307,Mrugavani National Park,,National Park,,http://commons.wikimedia.org/wiki/Special:FilePath/Daboia%20head.jpg,IUCN category II: National Park,,,Moinabad mandal,Telangana,17.35777778,78.34111111,Hyderabad,,,,,Mrugavani National Park,,https://en.wikipedia.org/wiki/Mrugavani_National_Park,wikidata,https://en.wikipedia.org/wiki/Mrugavani_National_Park,national-parks,12490378,relation,https://www.openstreetmap.org/relation/12490378,Mrugavani National Park,osm-wikidata-tag
Q3092314,https://www.wikidata.org/wiki/Q3092314,Mahavir Harina Vanasthali National Park,,National Park,,http://commons.wikimedia.org/wiki/Special:FilePath/Common%20Hawk%20Cuckoo%20%28Cuculus%20varius%29%20in%20Hyderabad%20W%20IMG%207381.jpg,IUCN category II: National Park,1975-01-01T00:00:00Z,,Hyderabad district,Telangana,17.34,78.58583333,Hyderabad,,,,,Mahavir Harina Vanasthali National Park,,https://en.wikipedia.org/wiki/Mahavir_Harina_Vanasthali_National_Park,wikidata,https://en.wikipedia.org/wiki/Mahavir_Harina_Vanasthali_National_Park,national-parks,9447947,relation,https://www.openstreetmap.org/relation/9447947,Mahavir Harina Vanasthali National Park,osm-wikidata-tag
Q3092357,https://www.wikidata.org/wiki/Q3092357,Van Vihar National Park,,National Park,,http://commons.wikimedia.org/wiki/Special:FilePath/Alligator%20at%20Van%20Vihar%20National%20Park.jpg,IUCN category II: National Park,1983-01-01T00:00:00Z,,Bhopal district,Madhya Pradesh,23.22948,77.36977,,,,https://vanviharnationalpark.org/,,Van Vihar National Park,,https://en.wikipedia.org/wiki/Van_Vihar_National_Park,wikidata,https://en.wikipedia.org/wiki/Van_Vihar_National_Park,national-parks,44417026,way,https://www.openstreetmap.org/way/44417026,Van Vihar National Park,osm-wikidata-tag
Q3143047,https://www.wikidata.org/wiki/Q3143047,Mouling National Park,,National Park,,http://commons.wikimedia.org/wiki/Special:FilePath/Tragopan%20blythii01.jpg,IUCN category II: National Park,1986-01-01T00:00:00Z,,Arunachal Pradesh,Arunachal Pradesh,28.58333333,94.86666667,,,,,,,,https://en.wikipedia.org/wiki/Mouling_National_Park,wikidata,https://en.wikipedia.org/wiki/Mouling_National_Park,national-parks,679428455,way,https://www.openstreetmap.org/way/679428455,Mouling National Park,osm-wikidata-tag
Q3174875,https://www.wikidata.org/wiki/Q3174875,Nokrek National Park,,National Park,,http://commons.wikimedia.org/wiki/Special:FilePath/Jhum%20cultivation%20in%20Nokrek%20Biosphere%20Reserve%20Meghalaya%20India%20Northeast%20India%202004.jpg,IUCN category II: National Park,,,West Garo Hills district,Meghalaya,25.53333333,90.11666667,,,,,,Nokrek National Park,,https://en.wikipedia.org/wiki/Nokrek_National_Park,wikidata,https://en.wikipedia.org/wiki/Nokrek_National_Park,national-parks,110534257,way,https://www.openstreetmap.org/way/110534257,Nokrek National Park,osm-wikidata-tag
Q3174886,https://www.wikidata.org/wiki/Q3174886,Govind Pashu Vihar Wildlife Sanctuary,,Wildlife Sanctuary,,http://commons.wikimedia.org/wiki/Special:FilePath/Har%20Ki%20Dun.jpg,IUCN category IV: Habitat/Species Management Area,1995-01-01T00:00:00Z,,Uttar Pradesh,Uttar Pradesh,30.73333333,78.45,,,485.89,,,,,https://en.wikipedia.org/wiki/Govind_Pashu_Vihar_Wildlife_Sanctuary,wikidata,,,9424123,relation,https://www.openstreetmap.org/relation/9424123,Govind Pashu Vihar WLS,osm-wikidata-tag
Q3174893,https://www.wikidata.org/wiki/Q3174893,Sri Venkateswara National Park,,National Park,,http://commons.wikimedia.org/wiki/Special:FilePath/Sri%20Venkateswara%20National%20Park%20Tirumala%20Hills%2001.jpg,IUCN category II: National Park,1989-01-01T00:00:00Z,,Tirupati district,Andhra Pradesh,13.7511,79.3378,Tirupati,,,,,Sri Venkateswara National Park,,https://en.wikipedia.org/wiki/Sri_Venkateswara_National_Park,wikidata,https://en.wikipedia.org/wiki/Sri_Venkateswara_National_Park,national-parks,21123057,relation,https://www.openstreetmap.org/relation/21123057,Sri Venkateswara National Park,osm-wikidata-tag
Q3330156,https://www.wikidata.org/wiki/Q3330156,Pampadum Shola National Park,,National Park,,http://commons.wikimedia.org/wiki/Special:FilePath/Pampadumshola.jpg,IUCN category II: National Park,2003-01-01T00:00:00Z,,Kerala,Kerala,10.14388889,77.26694444,Marayur,,,,,Pampadum Shola National Park,,https://en.wikipedia.org/wiki/Pampadum_Shola_National_Park,wikidata,https://en.wikipedia.org/wiki/Pambadum_Shola_National_Park,national-parks,11279545,relation,https://www.openstreetmap.org/relation/11279545,Pambadum Shola National Park,osm-wikidata-tag
Q3333420,https://www.wikidata.org/wiki/Q3333420,Anamudi Shola National Park,,National Park,Western Ghats,http://commons.wikimedia.org/wiki/Special:FilePath/Anamudi%20shola%20national%20park.JPG,IUCN category II: National Park,2003-01-01T00:00:00Z,1342rev-019,Kerala,Kerala,10.20833333,77.08333333,,part of UNESCO World Heritage Site,1126,https://www.keralatourism.org/ecotourism/destinations/anamudi-shola,,Anamudi Shola National Park,15036911,https://en.wikipedia.org/wiki/Anamudi_Shola_National_Park,wikidata,https://en.wikipedia.org/wiki/Anamudi_Shola_National_Park,national-parks,15036911,relation,https://www.openstreetmap.org/relation/15036911,Anamudi Shola National Park,wikidata-p402
Q3334361,https://www.wikidata.org/wiki/Q3334361,Murlen National Park,,National Park,,,IUCN category II: National Park,1991-01-01T00:00:00Z,,Mizoram,Mizoram,23.61694444,93.3,,,,,,,,https://en.wikipedia.org/wiki/Murlen_National_Park,wikidata,https://en.wikipedia.org/wiki/Murlen_National_Park,national-parks,662891522,way,https://www.openstreetmap.org/way/662891522,Murlen National Park,osm-wikidata-tag
Q3364416,https://www.wikidata.org/wiki/Q3364416,Mandla Plant Fossils National Park,,National Park,,http://commons.wikimedia.org/wiki/Special:FilePath/Fossil2.jpg,IUCN category II: National Park,,,Madhya Pradesh,Madhya Pradesh,23.11027778,80.61361111,Dindori,,,,,,,https://en.wikipedia.org/wiki/Mandla_Plant_Fossils_National_Park,wikidata,,,,,,,
Q3364450,https://www.wikidata.org/wiki/Q3364450,Gugamal National Park,,National Park,,http://commons.wikimedia.org/wiki/Special:FilePath/Forest%20Owlet%20%28Heteroglaux%20blewitti%2C%20Athene%20blewitti%29%20in%20Melghat%20Tiger%20Reserve%20Maharashtra%20%282%29.jpg,IUCN category II: National Park,,,Maharashtra,Maharashtra,21.40555556,77.14861111,,,,,,,,https://en.wikipedia.org/wiki/Gugamal_National_Park,wikidata,https://en.wikipedia.org/wiki/Gugamal_National_Park,national-parks,678195218,way,https://www.openstreetmap.org/way/678195218,Gugamal National Park,osm-wikidata-tag
Q3364465,https://www.wikidata.org/wiki/Q3364465,Middle Button Island National Park,,National Park,,,IUCN category II: National Park,,,Andaman and Nicobar Islands,Andaman and Nicobar Islands,12.27555556,93.02611111,,,,,,,,https://en.wikipedia.org/wiki/Middle_Button_Island_National_Park,wikidata,https://en.wikipedia.org/wiki/Middle_Button_Island_National_Park,national-parks,520269554,way,https://www.openstreetmap.org/way/520269554,Middle Button Island National Park,osm-wikidata-tag
Q3364468,https://www.wikidata.org/wiki/Q3364468,North Button Island National Park,,National Park,,http://commons.wikimedia.org/wiki/Special:FilePath/Button%20Islands-North%20Button.png,IUCN category II: National Park,,,Andaman and Nicobar Islands,Andaman and Nicobar Islands,12.31722222,93.06805556,,,,,,,,https://en.wikipedia.org/wiki/North_Button_Island_National_Park,wikidata,https://en.wikipedia.org/wiki/North_Button_Island_National_Park,national-parks,520270036,way,https://www.openstreetmap.org/way/520270036,North Button Island National Park,osm-wikidata-tag
Q3364473,https://www.wikidata.org/wiki/Q3364473,Pench Tiger Reserve,,Tiger Reserve,,http://commons.wikimedia.org/wiki/Special:FilePath/Spotted%20deer%20grazing%20under%20the%20tree%20in%20afternoon%20sun.jpg,IUCN category II: National Park,,,Madhya Pradesh,Madhya Pradesh,21.69305556,79.24833333,,,,,,Pench National Park,,https://en.wikipedia.org/wiki/Pench_Tiger_Reserve,wikidata,,,,,,,
Q3364480,https://www.wikidata.org/wiki/Q3364480,Shirui National Park,,National Park,,http://commons.wikimedia.org/wiki/Special:FilePath/Siroi%20Lily.jpg,IUCN category II: National Park,1982-01-01T00:00:00Z,,Manipur,Manipur,24.23083333,94.23083333,,,,,,Shirui National Park,,https://en.wikipedia.org/wiki/Shirui_National_Park,wikidata,https://en.wikipedia.org/wiki/Shirui_National_Park,national-parks,678447674,way,https://www.openstreetmap.org/way/678447674,Sirohi National Park,osm-wikidata-tag
Q3364527,https://www.wikidata.org/wiki/Q3364527,Mahatma Gandhi Marine National Park,,National Park,Andaman Islands,http://commons.wikimedia.org/wiki/Special:FilePath/Jolly%20Boys%20Island%202010.jpg,IUCN category II: National Park,1983-05-24T00:00:00Z,,South Andaman district,Andaman and Nicobar Islands,11.57055556,92.65694444,,,281.5,,http://commons.wikimedia.org/wiki/Special:FilePath/Mahatma%20Gandhi%20Marine%20National%20Park%20%28cropped%29.jpg,Mahatma Gandhi Marine National Park,,https://en.wikipedia.org/wiki/Mahatma_Gandhi_Marine_National_Park,wikidata,https://en.wikipedia.org/wiki/Mahatma_Gandhi_Marine_National_Park,national-parks,,,,,
Q3457187,https://www.wikidata.org/wiki/Q3457187,Dampa Tiger Reserve,,Tiger Reserve,,http://commons.wikimedia.org/wiki/Special:FilePath/Dampa%20Tiger%20Reserve%20Forest.jpg,IUCN category IV: Habitat/Species Management Area,,,Mizoram,Mizoram,23.41666667,92.33333333,,,,,,,,https://en.wikipedia.org/wiki/Dampa_Tiger_Reserve,wikidata,https://en.wikipedia.org/wiki/Dampa_Tiger_Reserve,tiger-reserves,,,,,
Q3471771,https://www.wikidata.org/wiki/Q3471771,Eaglenest Wildlife Sanctuary,,Wildlife Sanctuary,,,IUCN category IV: Habitat/Species Management Area,,,West Kameng district,Arunachal Pradesh,27.1,92.4,,,,,,Eaglenest Wildlife Sanctuary,,https://en.wikipedia.org/wiki/Eaglenest_Wildlife_Sanctuary,wikidata,https://en.wikipedia.org/wiki/Eaglenest_Wildlife_Sanctuary,wildlife-sanctuaries,668303776,way,https://www.openstreetmap.org/way/668303776,Eagle Nest WLS,osm-wikidata-tag
Q3471769,https://www.wikidata.org/wiki/Q3471769,Fambong Lho Wildlife Sanctuary,,Wildlife Sanctuary,,http://commons.wikimedia.org/wiki/Special:FilePath/Log%20House%20at%20Golitar%20Fambong%20Lho%20WLS.jpg,IUCN category IV: Habitat/Species Management Area,1984-01-01T00:00:00Z,,East Sikkim district,Sikkim,27.3113,88.53366667,Gangtok,,51.76,,,Fambong Lho Wildlife Sanctuary,,https://en.wikipedia.org/wiki/Fambong_Lho_Wildlife_Sanctuary,wikidata,https://en.wikipedia.org/wiki/Fambong_Lho_Wildlife_Sanctuary,wildlife-sanctuaries,667650446,way,https://www.openstreetmap.org/way/667650446,Fambong Lho Wildlife Sanctuary,osm-wikidata-tag
Q3490050,https://www.wikidata.org/wiki/Q3490050,Sonai Rupai Wildlife Sanctuary,,Wildlife Sanctuary,,,IUCN category IV: Habitat/Species Management Area,1998-01-01T00:00:00Z,,Assam,Assam,26.89416667,92.34583333,Tezpur,,,,,,,https://en.wikipedia.org/wiki/Sonai_Rupai_Wildlife_Sanctuary,wikidata,https://en.wikipedia.org/wiki/Sonai_Rupai_Wildlife_Sanctuary,wildlife-sanctuaries,668979382,way,https://www.openstreetmap.org/way/668979382,Sonai Rupai Wildlife Sanctuary (WLS),osm-wikidata-tag
Q3523324,https://www.wikidata.org/wiki/Q3523324,Karimpuzha National Park,,Wildlife Sanctuary,,,,,,Kerala,Kerala,11.275,76.42361111,,,,,,,,https://en.wikipedia.org/wiki/Karimpuzha_National_Park,wikidata,https://en.wikipedia.org/wiki/Karimpuzha_Wildlife_Sanctuary,wildlife-sanctuaries,,,,,
Q3595858,https://www.wikidata.org/wiki/Q3595858,Wayanad Wildlife Sanctuary,,Wildlife Sanctuary,,,IUCN category IV: Habitat/Species Management Area,,,Wayanad district,Kerala,11.646,76.364,Sultan Bathery,,,,http://commons.wikimedia.org/wiki/Special:FilePath/Wayanad%20Wildlife%20Sanctuary%20Wikivoyage%20banner.jpg,Wayanad Wildlife Sanctuary,,https://en.wikipedia.org/wiki/Wayanad_Wildlife_Sanctuary,wikidata,https://en.wikipedia.org/wiki/Wayanad_Wildlife_Sanctuary,wildlife-sanctuaries,9399178,relation,https://www.openstreetmap.org/relation/9399178,Wayanad WLS,osm-wikidata-tag
Q3635045,https://www.wikidata.org/wiki/Q3635045,Binsar Wildlife Sanctuary,,Wildlife Sanctuary,,http://commons.wikimedia.org/wiki/Special:FilePath/Binsar%20Oak%20Forests.JPG,IUCN category IV: Habitat/Species Management Area,,,Uttarakhand,Uttarakhand,29.63222222,79.3375,Almora,,,,http://commons.wikimedia.org/wiki/Special:FilePath/Binsar%20Banner%20Wikivoyage.jpg,Binsar Wildlife Sanctuary,,https://en.wikipedia.org/wiki/Binsar_Wildlife_Sanctuary,wikidata,https://en.wikipedia.org/wiki/Binsar_Wildlife_Sanctuary,wildlife-sanctuaries,9298034,relation,https://www.openstreetmap.org/relation/9298034,Binsar WLS,osm-wikidata-tag
Q3635169,https://www.wikidata.org/wiki/Q3635169,Parambikulam Tiger Reserve,,Tiger Reserve,Western Ghats,http://commons.wikimedia.org/wiki/Special:FilePath/Valley%20View%20Parambikulam%2002.jpg,IUCN category IV: Habitat/Species Management Area,,1342rev-016,Kerala,Kerala,10.38333333,76.70833333,Palakkad,part of UNESCO World Heritage Site,377,https://www.parambikulam.org/,http://commons.wikimedia.org/wiki/Special:FilePath/Parambikulam%20banner%20Teak%20forest.jpg,Parambikulam Tiger Reserve,11279548,https://en.wikipedia.org/wiki/Parambikulam_Tiger_Reserve,wikidata,https://en.wikipedia.org/wiki/Parambikulam_Tiger_Reserve,tiger-reserves,11279548,relation,https://www.openstreetmap.org/relation/11279548,Parambikulam Tiger Reserve,wikidata-p402
Q3696259,https://www.wikidata.org/wiki/Q3696259,Chandoli National Park,,National Park,Western Ghats,http://commons.wikimedia.org/wiki/Special:FilePath/Oriental%20Garden%20Lizard%20or%20Bloodsucker.jpg,IUCN category II: National Park,1985-01-01T00:00:00Z,1342rev-038,Maharashtra,Maharashtra,17.19166667,73.775,,part of UNESCO World Heritage Site,30890,,,Chandoli National Park,,https://en.wikipedia.org/wiki/Chandoli_National_Park,wikidata,https://en.wikipedia.org/wiki/Chandoli_National_Park,national-parks,,,,,
Q3846171,https://www.wikidata.org/wiki/Q3846171,Ranganthittu Bird Sanctuary,,Bird Sanctuary,,http://commons.wikimedia.org/wiki/Special:FilePath/Islands%20River%20Ranganathittu%20Srirangapatna%20Jan24%20A7C%2009120.jpg,IUCN category IV: Habitat/Species Management Area,,,Mandya district,Karnataka,12.4,76.65,,,,,http://commons.wikimedia.org/wiki/Special:FilePath/Ranganathittu%20Bird%20Sanctuary%20banner.jpg,Ranganathittu Bird Sanctuary,,https://en.wikipedia.org/wiki/Ranganathittu_Bird_Sanctuary,wikidata,https://en.wikipedia.org/wiki/Ranganathittu_Bird_Sanctuary,wildlife-sanctuaries,9329660,relation,https://www.openstreetmap.org/relation/9329660,Ranganathittu Bird Sanctuary,osm-wikidata-tag
Q176792,https://www.wikidata.org/wiki/Q176792,Silent Valley National Park,,National Park,Western Ghats,http://commons.wikimedia.org/wiki/Special:FilePath/Silent%20Valley%20National%20Park%20greenary.jpg,IUCN category II: National Park,1980-01-01T00:00:00Z,1342rev-020,Attappadi Taluk,Kerala,11.133333333,76.466666666,Palakkad,part of UNESCO World Heritage Site,8952,http://silentvalley.gov.in/,http://commons.wikimedia.org/wiki/Special:FilePath/Silent%20Valley%20National%20Park%20greenary%20%28cropped%29.jpg,Silent Valley National Park,,https://en.wikipedia.org/wiki/Silent_Valley_National_Park,wikidata,https://en.wikipedia.org/wiki/Silent_Valley_National_Park,national-parks,21130741,relation,https://www.openstreetmap.org/relation/21130741,Silent Valley National Park,osm-wikidata-tag
Q181933,https://www.wikidata.org/wiki/Q181933,Rajaji National Park,,Tiger Reserve,,http://commons.wikimedia.org/wiki/Special:FilePath/Safari%20at%20Rajaji%20National%20Park%20%28Haridwar%29.jpg,IUCN category II: National Park,1983-01-01T00:00:00Z,,Uttarakhand,Uttarakhand,30.08333333,78.03333333,Haridwar,,800,,,Rajaji National Park,,https://en.wikipedia.org/wiki/Rajaji_National_Park,wikidata,https://en.wikipedia.org/wiki/Rajaji_National_Park,tiger-reserves,8815465,relation,https://www.openstreetmap.org/relation/8815465,Rajaji National Park/Tiger Reserve,osm-wikidata-tag
Q192764,https://www.wikidata.org/wiki/Q192764,Kaziranga National Park,,Tiger Reserve,Assam,http://commons.wikimedia.org/wiki/Special:FilePath/Indian%20Rhinoceros%20Rhinoceros%20unicornis%20by%20Dr.%20Raju%20Kasambe%20%285%29.JPG,IUCN category II: National Park,1905-01-01T00:00:00Z,337,Assam,Assam,26.666666666,93.35,Golaghat,World Heritage Site,42996,http://www.kaziranga100.com/,http://commons.wikimedia.org/wiki/Special:FilePath/Kaziranga%20National%20Park%20banner.jpg,Kaziranga National Park,9483703,https://en.wikipedia.org/wiki/Kaziranga_National_Park,wikidata,https://en.wikipedia.org/wiki/Kaziranga_National_Park,tiger-reserves,9483703,relation,https://www.openstreetmap.org/relation/9483703,Kaziranga National Park,wikidata-p402
Q253455,https://www.wikidata.org/wiki/Q253455,Dudhwa National Park,,Tiger Reserve,,http://commons.wikimedia.org/wiki/Special:FilePath/DeerDudhwa%20Blue.jpg,IUCN category II: National Park,1958-01-01T00:00:00Z,,Uttar Pradesh,Uttar Pradesh,28.470872,80.699263,Palia Kalan,,490,,http://commons.wikimedia.org/wiki/Special:FilePath/Dhudhwa%20Park%20Banner.jpg,Dudhwa National Park,,https://en.wikipedia.org/wiki/Dudhwa_National_Park,wikidata,https://en.wikipedia.org/wiki/Dudhwa_National_Park,tiger-reserves,,,,,
Q506511,https://www.wikidata.org/wiki/Q506511,Manas National Park,,Tiger Reserve,,http://commons.wikimedia.org/wiki/Special:FilePath/Capped%20langur%20in%20manas.jpg,IUCN category II: National Park,1990-01-01T00:00:00Z,338,Assam,Assam,26.716666666,90.933333333,Barpeta Road,World Heritage Site,39100,,http://commons.wikimedia.org/wiki/Special:FilePath/Manas%20National%20Park%20banner.jpg,Manas National Park,,https://en.wikipedia.org/wiki/Manas_National_Park,wikidata,https://en.wikipedia.org/wiki/Manas_National_Park,tiger-reserves,126713905,way,https://www.openstreetmap.org/way/126713905,Manas National Park,osm-wikidata-tag
Q548153,https://www.wikidata.org/wiki/Q548153,Periyar National Park,,Tiger Reserve,Western Ghats,http://commons.wikimedia.org/wiki/Special:FilePath/Periyar%20National%20Park%2001.jpg,IUCN category II: National Park,1982-01-01T00:00:00Z,1342rev-007,Kerala,Kerala,9.5775,77.18,Kochi,part of UNESCO World Heritage Site,77700,https://www.keralatourism.org/periyar/periyar-tiger-reserve.php,http://commons.wikimedia.org/wiki/Special:FilePath/Periyar%20National%20Park%20banner.JPG,Periyar National Park,,https://en.wikipedia.org/wiki/Periyar_National_Park,wikidata,https://en.wikipedia.org/wiki/Periyar_National_Park,tiger-reserves,681439743,way,https://www.openstreetmap.org/way/681439743,Periyar National Park & Tiger Reserve,osm-wikidata-tag
Q605897,https://www.wikidata.org/wiki/Q605897,Valley of Flowers National Park,,National Park,Nanda Devi and Valley of Flowers National Parks,http://commons.wikimedia.org/wiki/Special:FilePath/%22Flowers%20Blossom%20at%20Valley%20of%20Flowers%20Chamoli%2C%20India%22%2058.jpg,IUCN category II: National Park,,335-002,Uttarakhand,Uttarakhand,30.73,79.6175,Rishikesh,World Heritage Site,71.783,https://uttarakhandtourism.gov.in/destination/valley-of-flowers/,http://commons.wikimedia.org/wiki/Special:FilePath/Valley%20of%20Flower%20banner.jpg,Valley of Flowers National Park,,https://en.wikipedia.org/wiki/Valley_of_Flowers_National_Park,wikidata,https://en.wikipedia.org/wiki/Valley_of_Flowers_National_Park,national-parks,129547191,way,https://www.openstreetmap.org/way/129547191,Valley of Flowers National Park,osm-wikidata-tag
Q727091,https://www.wikidata.org/wiki/Q727091,Kishtwar National Park,,National Park,,,IUCN category II: National Park,1981-02-04T00:00:00Z,,Jammu and Kashmir,Jammu and Kashmir,33.60111111,75.99277778,,,,,,Kishtwar National Park,,https://en.wikipedia.org/wiki/Kishtwar_National_Park,wikidata,https://en.wikipedia.org/wiki/Kishtwar_National_Park,national-parks,126673985,way,https://www.openstreetmap.org/way/126673985,Kishtwar National Park,osm-wikidata-tag
Q733659,https://www.wikidata.org/wiki/Q733659,Satpura National Park,,Tiger Reserve,,http://commons.wikimedia.org/wiki/Special:FilePath/Satpura1.jpg,IUCN category II: National Park,1981-01-01T00:00:00Z,,Narmadapuram district,Madhya Pradesh,22.495,78.231,Pipariya,,,,http://commons.wikimedia.org/wiki/Special:FilePath/Satpura%20National%20Park%20banner.jpg,Satpura National Park,,https://en.wikipedia.org/wiki/Satpura_Tiger_Reserve,wikidata,https://en.wikipedia.org/wiki/Satpura_Tiger_Reserve,tiger-reserves,669356834,way,https://www.openstreetmap.org/way/669356834,Satpura National Park,osm-wikidata-tag
Q770855,https://www.wikidata.org/wiki/Q770855,South Button Island National Park,,National Park,,http://commons.wikimedia.org/wiki/Special:FilePath/Button%20Islands-South%20Button.png,IUCN category II: National Park,1987-01-01T00:00:00Z,,Andaman and Nicobar Islands,Andaman and Nicobar Islands,12.22388889,93.02027778,,,0.03,,,,,https://en.wikipedia.org/wiki/South_Button_Island_National_Park,wikidata,https://en.wikipedia.org/wiki/South_Button_Island_National_Park,national-parks,520270439,way,https://www.openstreetmap.org/way/520270439,South Button Island National Park,osm-wikidata-tag
Q775202,https://www.wikidata.org/wiki/Q775202,Saddle Peak National Park,,National Park,,http://commons.wikimedia.org/wiki/Special:FilePath/Nth%20Andaman%20locale.png,IUCN category II: National Park,1979-01-01T00:00:00Z,,North and Middle Andaman district,Andaman and Nicobar Islands,13.15861111,93.00555556,,,32.54,,,,9282556,https://en.wikipedia.org/wiki/Saddle_Peak_National_Park,wikidata,https://en.wikipedia.org/wiki/Saddle_Peak_National_Park,national-parks,9282556,relation,https://www.openstreetmap.org/relation/9282556,Saddle Peak National Park,wikidata-p402
Q854971,https://www.wikidata.org/wiki/Q854971,Bhimashankar Wildlife Sanctuary,,Wildlife Sanctuary,,,IUCN category IV: Habitat/Species Management Area,1984-01-01T00:00:00Z,,Maharashtra,Maharashtra,19.132,73.554,Pune,,131,,,Bhimashankar Wildlife Sanctuary,,https://en.wikipedia.org/wiki/Bhimashankar_Wildlife_Sanctuary,wikidata,https://en.wikipedia.org/wiki/Bhimashankar_Wildlife_Sanctuary,wildlife-sanctuaries,21064758,relation,https://www.openstreetmap.org/relation/21064758,Bhimashankar WLS,osm-wikidata-tag
Q1143016,https://www.wikidata.org/wiki/Q1143016,Kuno Wildlife Sanctuary,,National Park,,http://commons.wikimedia.org/wiki/Special:FilePath/A%20well-fed%20bull%20in%20Kuno%20WS%20AJTJ%20P1070807.jpg,IUCN category IV: Habitat/Species Management Area,1981-01-01T00:00:00Z,,Madhya Pradesh,Madhya Pradesh,25.66666667,77.25,,,344.68,http://sheopur.nic.in/kuno.htm,,Kuno National Park,,https://en.wikipedia.org/wiki/Kuno_National_Park,wikidata,https://en.wikipedia.org/wiki/Kuno_National_Park,national-parks,669514549,way,https://www.openstreetmap.org/way/669514549,Kuno National Park,osm-wikidata-tag
Q1156717,https://www.wikidata.org/wiki/Q1156717,Dachigam National Park,,National Park,,http://commons.wikimedia.org/wiki/Special:FilePath/Sarband-kashmir.JPG,IUCN category II: National Park,1910-01-01T00:00:00Z,,Srinagar district,Jammu and Kashmir,34.14,75.02,Srinagar,,147,,,Dachigam National Park,,https://en.wikipedia.org/wiki/Dachigam_National_Park,wikidata,https://en.wikipedia.org/wiki/Dachigam_National_Park,national-parks,126704884,way,https://www.openstreetmap.org/way/126704884,Dachigam National Park,osm-wikidata-tag
Q1194252,https://www.wikidata.org/wiki/Q1194252,Eravikulam National Park,,National Park,Western Ghats,http://commons.wikimedia.org/wiki/Special:FilePath/33%20by%20N%20A%20Nazeer.JPG,IUCN category II: National Park,1978-01-01T00:00:00Z,1342rev-013,Ernakulam district; Idukki district,Kerala,10.2,77.083,Munnar,part of UNESCO World Heritage Site,12700,https://eravikulam.org/,http://commons.wikimedia.org/wiki/Special:FilePath/Eravikulam%20Banner.jpg,Eravikulam National Park,4148317,https://en.wikipedia.org/wiki/Eravikulam_National_Park,wikidata,https://en.wikipedia.org/wiki/Eravikulam_National_Park,national-parks,4148317,relation,https://www.openstreetmap.org/relation/4148317,Eravikulam National Park,wikidata-p402
Q1207543,https://www.wikidata.org/wiki/Q1207543,Indian Wild Ass Sanctuary,,Wildlife Sanctuary,,http://commons.wikimedia.org/wiki/Special:FilePath/Wild%20ass%20india.jpg,IUCN category IV: Habitat/Species Management Area,1972-01-01T00:00:00Z,,Kutch district,Gujarat,23.35,71.63333333,Ahmedabad,Tentative World Heritage Site,4953.71,http://www.gujarattourism.com/destination/details/12/80,,Indian Wild Ass Sanctuary,,https://en.wikipedia.org/wiki/Indian_Wild_Ass_Sanctuary,wikidata,https://en.wikipedia.org/wiki/Wild_Ass_Wildlife_Sanctuary,wildlife-sanctuaries,669217186,way,https://www.openstreetmap.org/way/669217186,Wild Ass WLS,osm-wikidata-tag
Q1209353,https://www.wikidata.org/wiki/Q1209353,Dibru-Saikhowa National Park,,National Park,,http://commons.wikimedia.org/wiki/Special:FilePath/Dibru-Saikhowa%20National%20Park%20%282%29.jpg,IUCN category II: National Park,1999-01-01T00:00:00Z,,Assam,Assam,27.649841,95.340294,Tinsukia,,,,,Dibru-Saikhowa National Park,,https://en.wikipedia.org/wiki/Dibru-Saikhowa_National_Park,wikidata,https://en.wikipedia.org/wiki/Dibru-Saikhowa_National_Park,national-parks,120851795,way,https://www.openstreetmap.org/way/120851795,Dibru-Saikhowa National Park,osm-wikidata-tag
Q1427976,https://www.wikidata.org/wiki/Q1427976,Indravati National Park,,Tiger Reserve,,http://commons.wikimedia.org/wiki/Special:FilePath/Bubalus%20arnee%20Kaziranga.jpg,,1982-01-01T00:00:00Z,,Bijapur District,Chhattisgarh,19.33333333,81,Jagdalpur,,1258,,,Indravati National Park,,https://en.wikipedia.org/wiki/Indravati_National_Park,wikidata,https://en.wikipedia.org/wiki/Indravati_National_Park,tiger-reserves,2123530,relation,https://www.openstreetmap.org/relation/2123530,Indravati National Park/Tiger Reserve,osm-wikidata-tag
Q1544313,https://www.wikidata.org/wiki/Q1544313,Rani Jhansi Marine National Park,,National Park,,http://commons.wikimedia.org/wiki/Special:FilePath/Ritchies%20Archipelago%20locale.png,IUCN category II: National Park,1996-01-01T00:00:00Z,,Andaman and Nicobar Islands,Andaman and Nicobar Islands,11.78333333,92.66666667,,,320.06,,,,,https://en.wikipedia.org/wiki/Rani_Jhansi_Marine_National_Park,wikidata,https://en.wikipedia.org/wiki/Rani_Jhansi_Marine_National_Park,national-parks,680484087,way,https://www.openstreetmap.org/way/680484087,Rani Jhansi Marine National Park,osm-wikidata-tag
Q1604804,https://www.wikidata.org/wiki/Q1604804,Hemis National Park,,National Park,,http://commons.wikimedia.org/wiki/Special:FilePath/StokKangripiccrop.jpg,IUCN category II: National Park,1981-01-01T00:00:00Z,,Leh district,Ladakh,33.983333333,77.433333333,,,4100,,http://commons.wikimedia.org/wiki/Special:FilePath/Hemis%20NP%20banner.jpg,Hemis National Park,,https://en.wikipedia.org/wiki/Hemis_National_Park,wikidata,https://en.wikipedia.org/wiki/Hemis_National_Park,national-parks,114783253,way,https://www.openstreetmap.org/way/114783253,Hemis National Park,osm-wikidata-tag
Q1737898,https://www.wikidata.org/wiki/Q1737898,Keibul Lamjao National Park,,National Park,,http://commons.wikimedia.org/wiki/Special:FilePath/Sangai%20at%20the%20Keibullamjao%20National%20Park%2C%20Manipur.jpg,IUCN category II: National Park,1977-01-01T00:00:00Z,,Manipur,Manipur,24.4856,93.8402,Moirang,Tentative World Heritage Site,40,,http://commons.wikimedia.org/wiki/Special:FilePath/Keibul%20Lamjao%20Nat%20Park%20banner.jpg,Keibul Lamjao National Park,,https://en.wikipedia.org/wiki/Keibul_Lamjao_National_Park,wikidata,https://en.wikipedia.org/wiki/Keibul_Lamjao_National_Park,national-parks,666320344,way,https://www.openstreetmap.org/way/666320344,Keibul Lamjao National Park,osm-wikidata-tag
Q1785732,https://www.wikidata.org/wiki/Q1785732,Koyna Wildlife Sanctuary,,Wildlife Sanctuary,Western Ghats,http://commons.wikimedia.org/wiki/Special:FilePath/Koyna-Dam3.jpg,IUCN category IV: Habitat/Species Management Area,1985-01-01T00:00:00Z,1342rev-037,Maharashtra,Maharashtra,17.549,73.753,Kolhapur,part of UNESCO World Heritage Site,42355,,,,,https://en.wikipedia.org/wiki/Koyna_Wildlife_Sanctuary,wikidata,https://en.wikipedia.org/wiki/Koyna_Wildlife_Sanctuary,wildlife-sanctuaries,,,,,
Q1815612,https://www.wikidata.org/wiki/Q1815612,Namdapha National Park,,Tiger Reserve,,http://commons.wikimedia.org/wiki/Special:FilePath/Namdapha2.jpg,IUCN category II: National Park,1974-01-01T00:00:00Z,,Changlang district,Arunachal Pradesh,27.649841,96.110294,"Miao, Changlang",Tentative World Heritage Site,1985,,,Namdapha National Park,,https://en.wikipedia.org/wiki/Namdapha_National_Park,wikidata,https://en.wikipedia.org/wiki/Namdapha_National_Park,tiger-reserves,,,,,
Q2125633,https://www.wikidata.org/wiki/Q2125633,Radhanagari Wildlife Sanctuary,,Wildlife Sanctuary,Western Ghats,http://commons.wikimedia.org/wiki/Special:FilePath/Radhanagri%20wildlife%20reserve.jpg,IUCN category IV: Habitat/Species Management Area,1958-01-01T00:00:00Z,1342rev-039,Kolhapur district,Maharashtra,16.384,73.956,Kolhapur,part of UNESCO World Heritage Site,28235,,,Radhanagari Wildlife Sanctuary,,https://en.wikipedia.org/wiki/Radhanagari_Wildlife_Sanctuary,wikidata,https://en.wikipedia.org/wiki/Radhanagari_Wildlife_Sanctuary,wildlife-sanctuaries,678083291,way,https://www.openstreetmap.org/way/678083291,Radhanagari WLS,osm-wikidata-tag
Q2253195,https://www.wikidata.org/wiki/Q2253195,Koothankulam Bird Sanctuary,,Bird Sanctuary,,,IUCN category IV: Habitat/Species Management Area,,,Tamil Nadu,Tamil Nadu,8.58102,77.76123,,,,,,Koothankulam Bird Sanctuary,,https://en.wikipedia.org/wiki/Koonthankulam_Bird_Sanctuary,wikidata,https://en.wikipedia.org/wiki/Koonthankulam_Bird_Sanctuary,wildlife-sanctuaries,9334908,relation,https://www.openstreetmap.org/relation/9334908,Koonthankulam-Kadankulam WLS,osm-wikidata-tag
Q2253205,https://www.wikidata.org/wiki/Q2253205,Vedanthangal Bird Sanctuary,,Bird Sanctuary,,http://commons.wikimedia.org/wiki/Special:FilePath/Vedanthangal%20Lake.JPG,IUCN category IV: Habitat/Species Management Area,1936-01-01T00:00:00Z,,Tamil Nadu,Tamil Nadu,12.54598,79.8559,,,0.3,,,Vedanthangal Bird Sanctuary,,https://en.wikipedia.org/wiki/Vedanthangal_Bird_Sanctuary,wikidata,https://en.wikipedia.org/wiki/Vedanthangal_Bird_Sanctuary,wildlife-sanctuaries,279532243,way,https://www.openstreetmap.org/way/279532243,Vedanthangal WLS,osm-wikidata-tag
Q2281202,https://www.wikidata.org/wiki/Q2281202,Gangotri National Park,,National Park,,http://commons.wikimedia.org/wiki/Special:FilePath/Gomukha%20gangotri.jpg,IUCN category II: National Park,1989-01-01T00:00:00Z,,Uttarkashi district,Uttarakhand,31.088194444,79.1455,Uttarkashi,,,,,Gangotri National Park,,https://en.wikipedia.org/wiki/Gangotri_National_Park,wikidata,https://en.wikipedia.org/wiki/Gangotri_National_Park,national-parks,2713675,relation,https://www.openstreetmap.org/relation/2713675,Gangotri National Park,osm-wikidata-tag
Q2340037,https://www.wikidata.org/wiki/Q2340037,Buxa Tiger Reserve,,Tiger Reserve,,http://commons.wikimedia.org/wiki/Special:FilePath/MYSTERY%20UNFOLDING.jpg,IUCN category II: National Park,1983-01-01T00:00:00Z,,Alipurduar district,West Bengal,26.65,89.58,Alipurduar,,760,,http://commons.wikimedia.org/wiki/Special:FilePath/Buxa%20Tiger%20Reserve%20forest%202014%20%28cropped%29.jpg,Buxa Tiger Reserve,,https://en.wikipedia.org/wiki/Buxa_Tiger_Reserve,wikidata,https://en.wikipedia.org/wiki/Buxa_Tiger_Reserve,national-parks,,,,,
Q2373398,https://www.wikidata.org/wiki/Q2373398,Kali Tiger Reserve,,Tiger Reserve,,http://commons.wikimedia.org/wiki/Special:FilePath/Anshi%20National%20Park%20drive.jpg,IUCN category II: National Park,1987-01-01T00:00:00Z,,Karnataka; Uttara Kannada District,Karnataka,15.01666667,74.38333333,Dandeli,,,,http://commons.wikimedia.org/wiki/Special:FilePath/Anshi%20Park%20Banner.jpg,Kali Tiger Reserve,,https://en.wikipedia.org/wiki/Kali_Tiger_Reserve,wikidata,https://en.wikipedia.org/wiki/Kali_Tiger_Reserve,tiger-reserves,13414729,relation,https://www.openstreetmap.org/relation/13414729,Kali Tiger Reserve,osm-wikidata-tag
Q2397554,https://www.wikidata.org/wiki/Q2397554,Bhagwan Mahaveer Sanctuary and Mollem National Park,,National Park,,http://commons.wikimedia.org/wiki/Special:FilePath/Mollem%20ticket%20sign.JPG,IUCN category II: National Park,1978-01-01T00:00:00Z,,South Goa District,Goa,15.37361111,74.25861111,,,107,,,Bhagwan Mahaveer Sanctuary and Mollem National Park,,https://en.wikipedia.org/wiki/Bhagwan_Mahaveer_Sanctuary_and_Mollem_National_Park,wikidata,,,19153509,relation,https://www.openstreetmap.org/relation/19153509,Bhagwan Mahaveer National Park,osm-wikidata-tag
Q2428291,https://www.wikidata.org/wiki/Q2428291,Valmiki National Park,,Tiger Reserve,,http://commons.wikimedia.org/wiki/Special:FilePath/Valmiki%20tiger%20reserve.jpg,IUCN category II: National Park,1990-01-01T00:00:00Z,,Bihar,Bihar,27.0652,84.1793,,,,,,Valmiki National Park,,https://en.wikipedia.org/wiki/Valmiki_National_Park,wikidata,https://en.wikipedia.org/wiki/Valmiki_National_Park,tiger-reserves,2640059,relation,https://www.openstreetmap.org/relation/2640059,Valmiki National park,osm-wikidata-tag
Q2588520,https://www.wikidata.org/wiki/Q2588520,Bannerghatta National Park,,National Park,,http://commons.wikimedia.org/wiki/Special:FilePath/White%20tiger%20bangalore.jpg,IUCN category II: National Park,1974-01-01T00:00:00Z,,Bengaluru North district,Karnataka,12.80083333,77.57555556,Bengaluru,,,,http://commons.wikimedia.org/wiki/Special:FilePath/Bannerghatta%20Park%20Banner.jpg,Bannerghatta National Park,,https://en.wikipedia.org/wiki/Bannerghatta_National_Park,wikidata,https://en.wikipedia.org/wiki/Bannerghatta_National_Park,national-parks,8124064,relation,https://www.openstreetmap.org/relation/8124064,Bannerghatta National Park,osm-wikidata-tag
Q2604975,https://www.wikidata.org/wiki/Q2604975,Madhav National Park,,Tiger Reserve,,http://commons.wikimedia.org/wiki/Special:FilePath/Madhav%20Natioinal%20Park.JPG,IUCN category II: National Park,1959-01-01T00:00:00Z,,Madhya Pradesh,Madhya Pradesh,25.561666666,77.678055555,,,,,,Madhav National Park,,https://en.wikipedia.org/wiki/Madhav_National_Park,wikidata,https://en.wikipedia.org/wiki/Madhav_National_Park,tiger-reserves,679236704,way,https://www.openstreetmap.org/way/679236704,Madhav National Park,osm-wikidata-tag
Q2605019,https://www.wikidata.org/wiki/Q2605019,Khangchendzonga National Park,,National Park,,http://commons.wikimedia.org/wiki/Special:FilePath/Abhishek532%20LamuneyValley.jpg,IUCN category II: National Park,1977-01-01T00:00:00Z,1513,Mangan district,Sikkim,27.6563,88.3123,Chungthang,World Heritage Site,178400,,,Khangchendzonga National Park,3895850,https://en.wikipedia.org/wiki/Khangchendzonga_National_Park,wikidata,https://en.wikipedia.org/wiki/Khangchendzonga_National_Park,national-parks,3895850,relation,https://www.openstreetmap.org/relation/3895850,Khangchendzonga National Park,wikidata-p402
Q2663264,https://www.wikidata.org/wiki/Q2663264,Betla National Park,,National Park,,http://commons.wikimedia.org/wiki/Special:FilePath/Macaca%20mulatta%20in%20Guiyang.jpg,IUCN category II: National Park,1989-01-01T00:00:00Z,,South Chotanagpur division,Jharkhand,23.8878,84.1901,Medininagar,,,,http://commons.wikimedia.org/wiki/Special:FilePath/Betla%20National%20Park%20banner.jpg,Betla National Park,,https://en.wikipedia.org/wiki/Betla_National_Park,wikidata,https://en.wikipedia.org/wiki/Betla_National_Park,national-parks,667664511,way,https://www.openstreetmap.org/way/667664511,Betla National Park,osm-wikidata-tag
Q2667857,https://www.wikidata.org/wiki/Q2667857,Salim Ali National Park,,National Park,,http://commons.wikimedia.org/wiki/Special:FilePath/RSGC.jpg,IUCN category II: National Park,,,Srinagar,Jammu and Kashmir,34.081,74.804,Srinagar,,,,,,,https://en.wikipedia.org/wiki/Salim_Ali_National_Park,wikidata,https://en.wikipedia.org/wiki/Salim_Ali_National_Park,national-parks,,,,,
Q2669063,https://www.wikidata.org/wiki/Q2669063,Vansda National Park,,National Park,,http://commons.wikimedia.org/wiki/Special:FilePath/Vansda%20N%20Park6.jpg,IUCN category II: National Park,1979-01-01T00:00:00Z,,Vansda Taluka,Gujarat,20.7333,73.4667,Vansda,,,,,Vansda National Park,,https://en.wikipedia.org/wiki/Vansda_National_Park,wikidata,https://en.wikipedia.org/wiki/Vansda_National_Park,national-parks,143366077,way,https://www.openstreetmap.org/way/143366077,Vansda National Park,osm-wikidata-tag
Q2723560,https://www.wikidata.org/wiki/Q2723560,Nal Sarovar Bird Sanctuary,,Bird Sanctuary,,http://commons.wikimedia.org/wiki/Special:FilePath/Nal%20sarovar.jpg,IUCN category IV: Habitat/Species Management Area,,,Ahmedabad district,Gujarat,22.792569444,72.023111111,,,,,,Nal Sarovar Bird Sanctuary,,https://en.wikipedia.org/wiki/Nal_Sarovar_Bird_Sanctuary,wikidata,https://en.wikipedia.org/wiki/Nal_Sarovar_Bird_Sanctuary,wildlife-sanctuaries,1583399,relation,https://www.openstreetmap.org/relation/1583399,Nal Sarovar WLS,osm-wikidata-tag
Q2731635,https://www.wikidata.org/wiki/Q2731635,Gaga Wildlife Sanctuary,,Wildlife Sanctuary,,,IUCN category IV: Habitat/Species Management Area,1988-01-01T00:00:00Z,,Gujarat,Gujarat,22.10775,69.16923,,,,,,,,https://en.wikipedia.org/wiki/Gaga_Wildlife_Sanctuary,wikidata,https://en.wikipedia.org/wiki/Gaga_Wildlife_Sanctuary,wildlife-sanctuaries,9282949,relation,https://www.openstreetmap.org/relation/9282949,Gaga (Great Indian Bustard) WLS,osm-wikidata-tag
Q2757724,https://www.wikidata.org/wiki/Q2757724,Jambughoda Wildlife Sanctuary,,Wildlife Sanctuary,,,IUCN category IV: Habitat/Species Management Area,1990-01-01T00:00:00Z,,Jambughoda Taluka,Gujarat,22.3667,73.7167,Vadodara,,,,,,,https://en.wikipedia.org/wiki/Jambughoda_Wildlife_Sanctuary,wikidata,https://en.wikipedia.org/wiki/Jambughoda_Wildlife_Sanctuary,wildlife-sanctuaries,272087816,way,https://www.openstreetmap.org/way/272087816,Jambughoda WLS,osm-wikidata-tag
Q2769992,https://www.wikidata.org/wiki/Q2769992,Ratan Mahal Wildlife Sanctuary,,Wildlife Sanctuary,,http://commons.wikimedia.org/wiki/Special:FilePath/Ratanmahal%20Wildlife%20Sanctuary%20-%20Dahod%20district%20-%20Gujarat%20-%20DSC0001.jpg,IUCN category IV: Habitat/Species Management Area,,,Dahod district,Gujarat,22.575,74.110347222,,,,,,Ratan Mahal Wildlife Sanctuary,,https://en.wikipedia.org/wiki/Ratanmahal_Wildlife_Sanctuary,wikidata,https://en.wikipedia.org/wiki/Ratanmahal_Wildlife_Sanctuary,wildlife-sanctuaries,669213621,way,https://www.openstreetmap.org/way/669213621,Ratanmahal WLS,osm-wikidata-tag
Q4673468,https://www.wikidata.org/wiki/Q4673468,Achanakmar Wildlife Sanctuary,,Tiger Reserve,,http://commons.wikimedia.org/wiki/Special:FilePath/Achankmar%20Tiger.jpg,IUCN category IV: Habitat/Species Management Area,,,Chhattisgarh,Chhattisgarh,22.5502338,81.734942,,,,http://wwfindia.org/about_wwf/critical_regions/satpura_maikal/kanha_achanakmar/,,Achanakmar Wildlife Sanctuary,,https://en.wikipedia.org/wiki/Achanakmar_Wildlife_Sanctuary,wikidata,https://en.wikipedia.org/wiki/Achanakmar_Wildlife_Sanctuary,tiger-reserves,669648404,way,https://www.openstreetmap.org/way/669648404,Achanakmar WLS/Tiger Reserve,osm-wikidata-tag
Q4682873,https://www.wikidata.org/wiki/Q4682873,Adina Deer Park,,,,http://commons.wikimedia.org/wiki/Special:FilePath/Deers%20at%20Adina%20Deer%20Park%2C%20Malda.jpg,,,,Gazole community development block,West Bengal,25.1405,88.1727,,,,,,,,https://en.wikipedia.org/wiki/Adina_Deer_Park,wikidata,,,,,,,
Q4691449,https://www.wikidata.org/wiki/Q4691449,Agasthyavanam Biological Park,,,,,,,,Kuttichal Grama Panchayat,Kerala,24.592,73.652,,,,,,Agasthyavanam Biological Park,,https://en.wikipedia.org/wiki/Agasthyavanam_Biological_Park,wikidata,,,,,,,
Q4783879,https://www.wikidata.org/wiki/Q4783879,Aralam Wildlife Sanctuary,,Wildlife Sanctuary,Western Ghats,http://commons.wikimedia.org/wiki/Special:FilePath/%E0%B4%86%E0%B4%B1%E0%B4%B3%E0%B4%82%20%E0%B4%B5%E0%B4%A8%E0%B5%8D%E0%B4%AF%E0%B4%9C%E0%B5%80%E0%B4%B5%E0%B4%BF%20%E0%B4%B8%E0%B4%82%E0%B4%B0%E0%B4%95%E0%B5%8D%E0%B4%B7%E0%B4%A3%E0%B4%95%E0%B5%87%E0%B4%A8%E0%B5%8D%E0%B4%A6%E0%B5%8D%E0%B4%B0%E0%B4%82-%E0%B4%95%E0%B4%B5%E0%B4%BE%E0%B4%9F%E0%B4%82.jpg,IUCN category IV: Habitat/Species Management Area,,1342rev-030,Kerala,Kerala,11.8788,75.8886,,part of UNESCO World Heritage Site,5500,http://forest.kerala.gov.in/index.php/wildlife/2015-03-16-09-50-24/2015-06-26-09-04-29/aralam-wildlife-sanctuary,,Aralam Wildlife Sanctuary,,https://en.wikipedia.org/wiki/Aralam_Butterfly_Sanctuary,wikidata,,,677209471,way,https://www.openstreetmap.org/way/677209471,Aralam WLS,osm-wikidata-tag
Q4806672,https://www.wikidata.org/wiki/Q4806672,Salim Ali Bird Sanctuary.,,Bird Sanctuary,,http://commons.wikimedia.org/wiki/Special:FilePath/Salim%20Ali%20Sanctuary.jpg,,,,Goa,Goa,15.5146,73.8575,Panaji,,,http://www.goatourism.gov.in/destinations/sanctuaries/162-dr-salim-ali-bird-sanctuary,,Salim Ali Bird Sanctuary,,https://en.wikipedia.org/wiki/Salim_Ali_Bird_Sanctuary,wikidata,https://en.wikipedia.org/wiki/Salim_Ali_Bird_Sanctuary,wildlife-sanctuaries,19107932,relation,https://www.openstreetmap.org/relation/19107932,Salim Ali Bird Sanctuary,osm-wikidata-tag
Q4807575,https://www.wikidata.org/wiki/Q4807575,Asola Bhatti Wildlife Sanctuary,,Wildlife Sanctuary,,,IUCN category IV: Habitat/Species Management Area,,,Delhi,National Capital Territory of Delhi,28.4762,77.23,,,,,,Asola-Bhatti Wildlife Sanctuary,,https://en.wikipedia.org/wiki/Asola_Bhatti_Wildlife_Sanctuary,wikidata,https://en.wikipedia.org/wiki/Asola_Bhatti_Wildlife_Sanctuary,wildlife-sanctuaries,1943211,relation,https://www.openstreetmap.org/relation/1943211,Asola-Bhatti Wildlife Sanctuary,osm-wikidata-tag
Q4818551,https://www.wikidata.org/wiki/Q4818551,Attiveri Bird Sanctuary,,Bird Sanctuary,,http://commons.wikimedia.org/wiki/Special:FilePath/Attiveri%20Bird%20sanctuary%201.jpg,IUCN category IV: Habitat/Species Management Area,,,Uttara Kannada District,Karnataka,15.07888889,75.04138889,,,,,,Attiveri Bird Sanctuary,,https://en.wikipedia.org/wiki/Attiveri_Bird_Sanctuary,wikidata,https://en.wikipedia.org/wiki/Attiveri_Bird_Sanctuary,wildlife-sanctuaries,670637936,way,https://www.openstreetmap.org/way/670637936,Attiveri Bird WLS,osm-wikidata-tag
Q4851306,https://www.wikidata.org/wiki/Q4851306,Ballabhpur Wildlife Sanctuary,,Wildlife Sanctuary,,,IUCN category IV: Habitat/Species Management Area,,,Bolpur Sriniketan community development block,West Bengal,23.685011,87.653021,Santiniketan,,,,,,,https://en.wikipedia.org/wiki/Ballabhpur_Wildlife_Sanctuary,wikidata,https://en.wikipedia.org/wiki/Ballabhpur_Wildlife_Sanctuary,wildlife-sanctuaries,678820920,way,https://www.openstreetmap.org/way/678820920,Ballavpur Wildlife Sanctuary,osm-wikidata-tag
Q4860066,https://www.wikidata.org/wiki/Q4860066,Barda Wildlife Sanctuary,,Wildlife Sanctuary,,,IUCN category IV: Habitat/Species Management Area,1979-01-01T00:00:00Z,,Porbandar district,Gujarat,21.851,69.699,Porbandar,,192.31,,,,,https://en.wikipedia.org/wiki/Barda_Wildlife_Sanctuary,wikidata,https://en.wikipedia.org/wiki/Barda_Wildlife_Sanctuary,wildlife-sanctuaries,667545586,way,https://www.openstreetmap.org/way/667545586,Barda WLS,osm-wikidata-tag
Q4868136,https://www.wikidata.org/wiki/Q4868136,Bassi Wildlife Sanctuary,,Wildlife Sanctuary,,,IUCN category IV: Habitat/Species Management Area,1988-01-01T00:00:00Z,,Rajasthan,Rajasthan,25.025,74.85833056,Bassi,,,,,,,https://en.wikipedia.org/wiki/Bassi_Wildlife_Sanctuary,wikidata,https://en.wikipedia.org/wiki/Bassi_Wildlife_Sanctuary,wildlife-sanctuaries,666529511,way,https://www.openstreetmap.org/way/666529511,Bassi WLS,osm-wikidata-tag
Q4900541,https://www.wikidata.org/wiki/Q4900541,Bhadra Wildlife Sanctuary,,Tiger Reserve,,http://commons.wikimedia.org/wiki/Special:FilePath/2006-Tigers-and-Gaurs.jpg,,1951-01-01T00:00:00Z,,Chikkaballapura district,Karnataka,13.695477777,75.636813888,,,492.46,,,Bhadra Wildlife Sanctuary,,https://en.wikipedia.org/wiki/Bhadra_Wildlife_Sanctuary,wikidata,https://en.wikipedia.org/wiki/Bhadra_Wildlife_Sanctuary,tiger-reserves,9329791,relation,https://www.openstreetmap.org/relation/9329791,Bhadra WLS/Tiger Reserve,osm-wikidata-tag
Q4941109,https://www.wikidata.org/wiki/Q4941109,Bonal Bird Sanctuary,,Bird Sanctuary,,,,,,Yadgir district,Karnataka,16.52691111,76.65669722,,,,,,,,https://en.wikipedia.org/wiki/Bonal_Bird_Sanctuary,wikidata,,,,,,,
Q4941423,https://www.wikidata.org/wiki/Q4941423,Bondla Wildlife Sanctuary,,Wildlife Sanctuary,,,,,,Goa,Goa,15.4268,74.1136,,,,,http://commons.wikimedia.org/wiki/Special:FilePath/Bondla%20Banner.jpg,Bondla Wildlife Sanctuary,,https://en.wikipedia.org/wiki/Bondla_Wildlife_Sanctuary,wikidata,https://en.wikipedia.org/wiki/Bondla_Wildlife_Sanctuary,wildlife-sanctuaries,19705217,relation,https://www.openstreetmap.org/relation/19705217,Bondla WLS,osm-wikidata-tag
Q4944241,https://www.wikidata.org/wiki/Q4944241,Bor Wildlife Sanctuary,,Tiger Reserve,,http://commons.wikimedia.org/wiki/Special:FilePath/The%20soothing%20view.jpg,IUCN category IV: Habitat/Species Management Area,1970-01-01T00:00:00Z,,Wardha district,Maharashtra,20.9775,78.67583333,,,121.1,,,Bor Wildlife Sanctuary,,https://en.wikipedia.org/wiki/Bor_Wildlife_Sanctuary,wikidata,https://en.wikipedia.org/wiki/Bor_Wildlife_Sanctuary,tiger-reserves,9473168,relation,https://www.openstreetmap.org/relation/9473168,Bor WLS,osm-wikidata-tag
Q4945104,https://www.wikidata.org/wiki/Q4945104,Bori Wildlife Sanctuary,,Wildlife Sanctuary,,,IUCN category IV: Habitat/Species Management Area,,,Madhya Pradesh,Madhya Pradesh,22.403,78.08,,,,,,,,https://en.wikipedia.org/wiki/Bori_Wildlife_Sanctuary,wikidata,https://en.wikipedia.org/wiki/Bori_Wildlife_Sanctuary,wildlife-sanctuaries,669356832,way,https://www.openstreetmap.org/way/669356832,Bori WLS,osm-wikidata-tag
Q4955532,https://www.wikidata.org/wiki/Q4955532,Brahmagiri Wildlife Sanctuary,,Wildlife Sanctuary,Western Ghats,http://commons.wikimedia.org/wiki/Special:FilePath/Brahmagiri%20wildlife%20sanctuary.jpg,IUCN category IV: Habitat/Species Management Area,,1342rev-026,Karnataka,Karnataka,12.387,75.491,,part of UNESCO World Heritage Site,18129,,,Brahmagiri Wildlife Sanctuary,,https://en.wikipedia.org/wiki/Brahmagiri_Wildlife_Sanctuary,wikidata,https://en.wikipedia.org/wiki/Brahmagiri_Wildlife_Sanctuary,wildlife-sanctuaries,670556892,way,https://www.openstreetmap.org/way/670556892,Brahmagiri WLS,osm-wikidata-tag
Q5054715,https://www.wikidata.org/wiki/Q5054715,Cauvery Wildlife Sanctuary,,Wildlife Sanctuary,,http://commons.wikimedia.org/wiki/Special:FilePath/River%20Cauvery%20at%20Cauvery%20Wildlife%20sanctuary%20AparnaK.jpg,IUCN category IV: Habitat/Species Management Area,1987-01-01T00:00:00Z,,Karnataka,Karnataka,12.17,77.543,Mandya,,1027.53,,,Cauvery Wildlife Sanctuary,,https://en.wikipedia.org/wiki/Cauvery_Wildlife_Sanctuary,wikidata,https://en.wikipedia.org/wiki/Cauvery_Wildlife_Sanctuary,wildlife-sanctuaries,9329112,relation,https://www.openstreetmap.org/relation/9329112,Cauvery WLS,osm-wikidata-tag
Q5068408,https://www.wikidata.org/wiki/Q5068408,Chakrashila Wildlife Sanctuary,,Wildlife Sanctuary,,,IUCN category IV: Habitat/Species Management Area,,,Assam,Assam,26.338,90.329,,,,,,,,https://en.wikipedia.org/wiki/Chakrashila_Wildlife_Sanctuary,wikidata,https://en.wikipedia.org/wiki/Chakrashila_Wildlife_Sanctuary,wildlife-sanctuaries,349543531,way,https://www.openstreetmap.org/way/349543531,Chakrashila WLS,osm-wikidata-tag
Q5070917,https://www.wikidata.org/wiki/Q5070917,Chandaka Elephant Sanctuary,,Wildlife Sanctuary,,http://commons.wikimedia.org/wiki/Special:FilePath/Chandaka%20Forest%20and%20Elephant%20Reserve%2001.JPG,IUCN category IV: Habitat/Species Management Area,,,Khordha district,Odisha,20.36666667,85.76666667,Bhubaneswar,,,,,Chandaka Elephant Reserve,,https://en.wikipedia.org/wiki/Chandaka_Elephant_Sanctuary,wikidata,,,669747799,way,https://www.openstreetmap.org/way/669747799,,osm-wikidata-tag
Q5071304,https://www.wikidata.org/wiki/Q5071304,Chandra Prabha Sanctuary,,Wildlife Sanctuary,,,IUCN category IV: Habitat/Species Management Area,,,Uttar Pradesh,Uttar Pradesh,24.92785,83.11432,Varanasi,,,,,,,https://en.wikipedia.org/wiki/Chandra_Prabha_Wildlife_Sanctuary,wikidata,https://en.wikipedia.org/wiki/Chandra_Prabha_Wildlife_Sanctuary,wildlife-sanctuaries,668730043,way,https://www.openstreetmap.org/way/668730043,Chandraprabha WLS,osm-wikidata-tag
Q5102342,https://www.wikidata.org/wiki/Q5102342,Chitrangudi Bird Sanctuary,,Bird Sanctuary,,,IUCN category IV: Habitat/Species Management Area,,,Tamil Nadu,Tamil Nadu,9.32277778,78.48666667,,,,,,,,https://en.wikipedia.org/wiki/Chitrangudi_Bird_Sanctuary,wikidata,https://en.wikipedia.org/wiki/Chitrangudi_Bird_Sanctuary,wildlife-sanctuaries,671122257,way,https://www.openstreetmap.org/way/671122257,Chitrangudi Bird WLS,osm-wikidata-tag
Q5118284,https://www.wikidata.org/wiki/Q5118284,Churdhar Sanctuary,,Wildlife Sanctuary,,http://commons.wikimedia.org/wiki/Special:FilePath/Churdhar%2C%20Sirmour%20%28Himachal%20Pradesh%29.jpg,IUCN category IV: Habitat/Species Management Area,,,Himachal Pradesh,Himachal Pradesh,30.8763,77.4013,,,,,,Churdhar,,https://en.wikipedia.org/wiki/Churdhar_Sanctuary,wikidata,https://en.wikipedia.org/wiki/Churdhar_Wildlife_Sanctuary,wildlife-sanctuaries,,,,,
Q5135742,https://www.wikidata.org/wiki/Q5135742,Clouded Leopard National Park,,National Park,,,IUCN category II: National Park,2007-01-01T00:00:00Z,,Tripura,Tripura,23.66822222,91.32254444,,,,,,,,https://en.wikipedia.org/wiki/Clouded_Leopard_National_Park,wikidata,https://en.wikipedia.org/wiki/Clouded_Leopard_National_Park,national-parks,,,,,
Q5170559,https://www.wikidata.org/wiki/Q5170559,Coringa Wildlife Sanctuary,,Wildlife Sanctuary,,http://commons.wikimedia.org/wiki/Special:FilePath/Coringa%20Wildlife%20Sanctuary.JPG,IUCN category IV: Habitat/Species Management Area,,,Andhra Pradesh,Andhra Pradesh,16.83138889,82.33666667,Kakinada,,,,,Coringa Wildlife Sanctuary,,https://en.wikipedia.org/wiki/Coringa_Wildlife_Sanctuary,wikidata,https://en.wikipedia.org/wiki/Coringa_Wildlife_Sanctuary,wildlife-sanctuaries,14697187,relation,https://www.openstreetmap.org/relation/14697187,Coringa WLS,osm-wikidata-tag
Q5175367,https://www.wikidata.org/wiki/Q5175367,Cotigao Wildlife Sanctuary,,Wildlife Sanctuary,,,,,,Canacona taluk,Goa,14.976,74.206,,,,,,,,https://en.wikipedia.org/wiki/Cotigao_Wildlife_Sanctuary,wikidata,https://en.wikipedia.org/wiki/Cotigao_Wildlife_Sanctuary,wildlife-sanctuaries,18900136,relation,https://www.openstreetmap.org/relation/18900136,Cotigao WLS,osm-wikidata-tag
Q5215675,https://www.wikidata.org/wiki/Q5215675,Dandeli National Park,,Wildlife Sanctuary,,,,,,Uttara Kannada District,Karnataka,14.99,74.36,,,,,,,,https://en.wikipedia.org/wiki/Dandeli_National_Park,wikidata,https://en.wikipedia.org/wiki/Dandeli_Wildlife_Sanctuary,wildlife-sanctuaries,,,,,
Q5215676,https://www.wikidata.org/wiki/Q5215676,Dandeli Wildlife Sanctuary,,Wildlife Sanctuary,,http://commons.wikimedia.org/wiki/Special:FilePath/Orange%20headed%20thrush%20%28Z.%20c.%20cyanotus%29.jpg,IUCN category IV: Habitat/Species Management Area,,,Uttara Kannada District,Karnataka,15.50638889,74.39166667,,,,,,Dandeli Wildlife Sanctuary,,https://en.wikipedia.org/wiki/Dandeli_Wildlife_Sanctuary,wikidata,,,,,,,
Q5222092,https://www.wikidata.org/wiki/Q5222092,Daranghati Sanctuary,,Wildlife Sanctuary,,,IUCN category IV: Habitat/Species Management Area,,,Himachal Pradesh,Himachal Pradesh,31.3917,77.803,,,,,,,,https://en.wikipedia.org/wiki/Daranghati_Sanctuary,wikidata,https://en.wikipedia.org/wiki/Daranghati_Sanctuary,wildlife-sanctuaries,667753809,way,https://www.openstreetmap.org/way/667753809,Daranghati WLS,osm-wikidata-tag
Q5224247,https://www.wikidata.org/wiki/Q5224247,Mukundra Hills Tiger Reserve (MHTR),,Tiger Reserve,,,IUCN category II: National Park,2013-01-01T00:00:00Z,,Rajasthan,Rajasthan,24.868,75.856,Kota,,,,,Mukundara Hills National Park,,https://en.wikipedia.org/wiki/Mukundara_Hills_National_Park,wikidata,,,9477404,relation,https://www.openstreetmap.org/relation/9477404,Mukundra Hills NP,osm-wikidata-tag
Q5272213,https://www.wikidata.org/wiki/Q5272213,Dibang Wildlife Sanctuary,,Wildlife Sanctuary,,,IUCN category IV: Habitat/Species Management Area,1992-01-01T00:00:00Z,,Arunachal Pradesh,Arunachal Pradesh,29.047,95.79,,,,,,,,https://en.wikipedia.org/wiki/Dibang_Wildlife_Sanctuary,wikidata,https://en.wikipedia.org/wiki/Dibang_Wildlife_Sanctuary,wildlife-sanctuaries,14505686,relation,https://www.openstreetmap.org/relation/14505686,Dibang Wildlife Sanctuary,osm-wikidata-tag
Q5311756,https://www.wikidata.org/wiki/Q5311756,Dudhwa Tiger Reserve,,Tiger Reserve,,http://commons.wikimedia.org/wiki/Special:FilePath/A%20Bengal%20Tiger%27s%20Pugmarks....jpg,IUCN category II: National Park,,,Uttar Pradesh,Uttar Pradesh,28.508333333,80.68,,,,,,,,https://en.wikipedia.org/wiki/Dudhwa_Tiger_Reserve,wikidata,,,,,,,
Q5405090,https://www.wikidata.org/wiki/Q5405090,Eturnagaram Wildlife Sanctuary,,Wildlife Sanctuary,,,IUCN category IV: Habitat/Species Management Area,,,Andhra Pradesh,Andhra Pradesh,18.341,80.33,Warangal,,,,,,,https://en.wikipedia.org/wiki/Eturnagaram_Wildlife_Sanctuary,wikidata,,,670957979,way,https://www.openstreetmap.org/way/670957979,Eturnagaram WLS,osm-wikidata-tag
Q3936889,https://www.wikidata.org/wiki/Q3936889,Kalakkad Mundanthurai Tiger Reserve,,Tiger Reserve,Agasthyamala Biosphere Reserve; Western Ghats,http://commons.wikimedia.org/wiki/Special:FilePath/Kalakkad%20Mundanthurai.jpg,IUCN category IV: Habitat/Species Management Area,1988-01-01T00:00:00Z,1342rev-001,Tamil Nadu,Tamil Nadu,8.68333333,77.31666667,,part of UNESCO World Heritage Site,89500,http://kmtr.co.in/,,Kalakkad Mundanthurai Tiger Reserve,17746132,https://en.wikipedia.org/wiki/Kalakkad_Mundanthurai_Tiger_Reserve,wikidata,https://en.wikipedia.org/wiki/Kalakkad_Mundanthurai_Tiger_Reserve,tiger-reserves,17746132,relation,https://www.openstreetmap.org/relation/17746132,Kalakkad Mundanthurai Tiger Reserve,wikidata-p402
Q4122004,https://www.wikidata.org/wiki/Q4122004,Vellode Birds Sanctuary,,Bird Sanctuary,,http://commons.wikimedia.org/wiki/Special:FilePath/Birds%20at%20Vellode%20Bird%20Sanctuary.jpg,IUCN category IV: Habitat/Species Management Area,,,Erode district,Tamil Nadu,11.2525,77.6522,,,0.8,,,Vellode Bird Sanctuary,,https://en.wikipedia.org/wiki/Vellode_Bird_Sanctuary,wikidata,https://en.wikipedia.org/wiki/Vellode_Bird_Sanctuary,wildlife-sanctuaries,164734503,way,https://www.openstreetmap.org/way/164734503,Vellode WLS,osm-wikidata-tag
Q4208325,https://www.wikidata.org/wiki/Q4208325,Qazinag National Park,,National Park,,,IUCN category II: National Park,,,Jammu and Kashmir,Jammu and Kashmir,34.166667,74.033333,,,,,,,,https://en.wikipedia.org/wiki/Kazinag_National_Park,wikidata,,,,,,,
Q4251269,https://www.wikidata.org/wiki/Q4251269,Bakhira Sanctuary,,Wildlife Sanctuary,,http://commons.wikimedia.org/wiki/Special:FilePath/Bakhira%20Bird%20Sanctury.jpg,IUCN category IV: Habitat/Species Management Area,,,Uttar Pradesh,Uttar Pradesh,26.906359,83.104282,Gorakhpur,,,,,Bakhira Sanctuary,,https://en.wikipedia.org/wiki/Bakhira_Sanctuary,wikidata,https://en.wikipedia.org/wiki/Bakhira_Wildlife_Sanctuary,wildlife-sanctuaries,1765046,relation,https://www.openstreetmap.org/relation/1765046,Bakhira WLS,osm-wikidata-tag
Q7261843,https://www.wikidata.org/wiki/Q7261843,Pushpagiri Wildlife Sanctuary,,Wildlife Sanctuary,Karnataka; Western Ghats,http://commons.wikimedia.org/wiki/Special:FilePath/Its%20not%20Day%20time%20%40Pushpagiri%20Wildlife%20Sanctuary.jpg,IUCN category IV: Habitat/Species Management Area,1987-01-01T00:00:00Z,1342rev-025,Karnataka,Karnataka,12.58333333,75.66666667,Somwarpet,part of UNESCO World Heritage Site,10259,,http://commons.wikimedia.org/wiki/Special:FilePath/Kumaraparvata%20Banner.jpg,Pushpagiri Wildlife Sanctuary,,https://en.wikipedia.org/wiki/Pushpagiri_Wildlife_Sanctuary,wikidata,https://en.wikipedia.org/wiki/Pushpagiri_Wildlife_Sanctuary,wildlife-sanctuaries,670660832,way,https://www.openstreetmap.org/way/670660832,Pushpagiri WLS,osm-wikidata-tag
Q7285897,https://www.wikidata.org/wiki/Q7285897,Rajbari National Park,,National Park,,,IUCN category II: National Park,,,Tripura,Tripura,23.28,91.4,,,,,,,,https://en.wikipedia.org/wiki/Rajbari_National_Park,wikidata,https://en.wikipedia.org/wiki/Rajbari_National_Park,national-parks,,,,,
Q7289748,https://www.wikidata.org/wiki/Q7289748,Ramnabagan Wildlife Sanctuary,,Wildlife Sanctuary,,http://commons.wikimedia.org/wiki/Special:FilePath/Ramnabagan%20Wild%20life%20Sancturay%20or%20Burdwan%20Zoological%20park%20WLB%20DSC%202383.jpg,IUCN category IV: Habitat/Species Management Area,,,Bardhaman,West Bengal,23.253,87.851,,,,,,Ramnabagan Wildlife Sanctuary,,https://en.wikipedia.org/wiki/Ramnabagan_Wildlife_Sanctuary,wikidata,https://en.wikipedia.org/wiki/Ramnabagan_Wildlife_Sanctuary,wildlife-sanctuaries,488724501,way,https://www.openstreetmap.org/way/488724501,Ramnabagan WLS,osm-wikidata-tag
Q7293023,https://www.wikidata.org/wiki/Q7293023,Ranibennur Blackbuck Sanctuary,,Wildlife Sanctuary,,http://commons.wikimedia.org/wiki/Special:FilePath/Blackbucks%20ranebennur.jpg,IUCN category IV: Habitat/Species Management Area,,,Karnataka,Karnataka,14.63333333,75.7,,,,,,,,https://en.wikipedia.org/wiki/Ranibennur_Blackbuck_Sanctuary,wikidata,https://en.wikipedia.org/wiki/Ranibennur_Blackbuck_Sanctuary,wildlife-sanctuaries,9446246,relation,https://www.openstreetmap.org/relation/9446246,Ranebennur Black Buck WLS,osm-wikidata-tag
Q7293072,https://www.wikidata.org/wiki/Q7293072,Ranipur  Wildlife Sanctuary,,Tiger Reserve,,,IUCN category IV: Habitat/Species Management Area,,,Uttar Pradesh,Uttar Pradesh,24.968,81.064,,,,,,,,https://en.wikipedia.org/wiki/Ranipur_Wildlife_Sanctuary,wikidata,https://en.wikipedia.org/wiki/Ranipur_Wildlife_Sanctuary,tiger-reserves,9301969,relation,https://www.openstreetmap.org/relation/9301969,Ranipur WLS,osm-wikidata-tag
Q7313588,https://www.wikidata.org/wiki/Q7313588,Renuka Sanctuary,,Wildlife Sanctuary,,,IUCN category IV: Habitat/Species Management Area,,,Himachal Pradesh,Himachal Pradesh,30.61,77.458,,,,,,,,https://en.wikipedia.org/wiki/Renuka_Sanctuary,wikidata,https://en.wikipedia.org/wiki/Renuka_Wildlife_Sanctuary,wildlife-sanctuaries,668065673,way,https://www.openstreetmap.org/way/668065673,Renuka WLS,osm-wikidata-tag
Q7371766,https://www.wikidata.org/wiki/Q7371766,Rowa Wildlife Sanctuary,,Wildlife Sanctuary,,,IUCN category IV: Habitat/Species Management Area,,,North Tripura District,Tripura,24.29,92.17,,,,,,Rowa Wildlife Sanctuary,,https://en.wikipedia.org/wiki/Rowa_Wildlife_Sanctuary,wikidata,https://en.wikipedia.org/wiki/Rowa_Wildlife_Sanctuary,wildlife-sanctuaries,666444919,way,https://www.openstreetmap.org/way/666444919,Rowa Wild Life Sanctuary,osm-wikidata-tag
Q7399055,https://www.wikidata.org/wiki/Q7399055,Sagareshwar Wildlife Sanctuary,,Wildlife Sanctuary,,,IUCN category IV: Habitat/Species Management Area,,,Maharashtra,Maharashtra,17.153213,74.37673,,,,,,,,https://en.wikipedia.org/wiki/Yashwantrao_Chavan_Sagareshwar_Wildlife_Sanctuary,wikidata,https://en.wikipedia.org/wiki/Sagareshwar_Wildlife_Sanctuary,wildlife-sanctuaries,265054632,way,https://www.openstreetmap.org/way/265054632,Sagareshwar WLS,osm-wikidata-tag
Q7402708,https://www.wikidata.org/wiki/Q7402708,Sajnekhali Wildlife Sanctuary,,Wildlife Sanctuary,,http://commons.wikimedia.org/wiki/Special:FilePath/Sajnekhali%20wildlife%20Sanctuary%20in%20Sundarban%2002.jpg,IUCN category IV: Habitat/Species Management Area,1976-01-01T00:00:00Z,,Gosaba community development block,West Bengal,21.721,88.9,,,362.4,,,Sajnekhali Wildlife Sanctuary,,https://en.wikipedia.org/wiki/Sajnekhali_Wildlife_Sanctuary,wikidata,https://en.wikipedia.org/wiki/Sajnakhali_Wildlife_Sanctuary,wildlife-sanctuaries,13617704,relation,https://www.openstreetmap.org/relation/13617704,Sajnekhali WLS,osm-wikidata-tag
Q7408557,https://www.wikidata.org/wiki/Q7408557,Saman Bird Sanctuary,,Bird Sanctuary,,,IUCN category IV: Habitat/Species Management Area,,,Mainpuri district,Uttar Pradesh,27,79.166666666,,,,,,,,https://en.wikipedia.org/wiki/Saman_Bird_Sanctuary,wikidata,https://en.wikipedia.org/wiki/Saman_Bird_Sanctuary,wildlife-sanctuaries,668669680,way,https://www.openstreetmap.org/way/668669680,Saman Bird WLS,osm-wikidata-tag
Q7408881,https://www.wikidata.org/wiki/Q7408881,Samaspur Sanctuary,,Bird Sanctuary,,,IUCN category IV: Habitat/Species Management Area,,,Uttar Pradesh,Uttar Pradesh,25.995833333,81.391666666,,,,,,,,https://en.wikipedia.org/wiki/Samaspur_Bird_Sanctuary,wikidata,https://en.wikipedia.org/wiki/Samaspur_Bird_Sanctuary,wildlife-sanctuaries,668659818,way,https://www.openstreetmap.org/way/668659818,Samaspur Bird WLS,osm-wikidata-tag
Q7416307,https://www.wikidata.org/wiki/Q7416307,Sandi Bird Sanctuary,,Bird Sanctuary,,,IUCN category IV: Habitat/Species Management Area,,,Uttar Pradesh,Uttar Pradesh,27.25,79.916669444,Hardoi,,,,,,,https://en.wikipedia.org/wiki/Sandi_Bird_Sanctuary,wikidata,https://en.wikipedia.org/wiki/Sandi_Bird_Sanctuary,wildlife-sanctuaries,668654892,way,https://www.openstreetmap.org/way/668654892,Sandi Bird WLS,osm-wikidata-tag
Q7426314,https://www.wikidata.org/wiki/Q7426314,Satkosia Tiger Reserve,,Tiger Reserve,,,IUCN category IV: Habitat/Species Management Area,,,Odisha,Odisha,20.540137,84.831564,,,,http://satkosia.org/,,Satkosia Tiger Reserve,,https://en.wikipedia.org/wiki/Satkosia_Tiger_Reserve,wikidata,https://en.wikipedia.org/wiki/Satkosia_Tiger_Reserve,tiger-reserves,682775618,way,https://www.openstreetmap.org/way/682775618,Satkosia Tiger Reserve,osm-wikidata-tag
Q7450103,https://www.wikidata.org/wiki/Q7450103,Senchal Wildlife Sanctuary,,Wildlife Sanctuary,,http://commons.wikimedia.org/wiki/Special:FilePath/Senchal%20WLS.jpg,,,,Darjeeling district,West Bengal,26.9938,88.2652,,,,,,,,https://en.wikipedia.org/wiki/Senchal_Wildlife_Sanctuary,wikidata,https://en.wikipedia.org/wiki/Senchal_Wildlife_Sanctuary,wildlife-sanctuaries,678848509,way,https://www.openstreetmap.org/way/678848509,Senchal WLS,osm-wikidata-tag
Q7461463,https://www.wikidata.org/wiki/Q7461463,Shahayadri Tiger reserve,,Tiger Reserve,,,,2008-01-01T00:00:00Z,,Maharashtra,Maharashtra,17.486,73.809,,,1166,,,,,https://en.wikipedia.org/wiki/Sahyadri_Tiger_Reserve,wikidata,https://en.wikipedia.org/wiki/Sahyadri_Tiger_Reserve,tiger-reserves,,,,,
Q7494223,https://www.wikidata.org/wiki/Q7494223,Shendurney Wildlife Sanctuary,,Wildlife Sanctuary,Western Ghats,http://commons.wikimedia.org/wiki/Special:FilePath/VB%20054%20Hump-Nosed%20Viper%2001.jpg,IUCN category IV: Habitat/Species Management Area,1984-08-25T00:00:00Z,1342rev-002,Kerala,Kerala,8.812,77.15,Kollam,part of UNESCO World Heritage Site,17100,https://shendurney.com/,,Shendurney Wildlife Sanctuary,,https://en.wikipedia.org/wiki/Shendurney_Wildlife_Sanctuary,wikidata,https://en.wikipedia.org/wiki/Shendurney_Wildlife_Sanctuary,wildlife-sanctuaries,17744486,relation,https://www.openstreetmap.org/relation/17744486,Shendurney WLS,osm-wikidata-tag
Q7497442,https://www.wikidata.org/wiki/Q7497442,Shingba Rhododendron Sanctuary,,Wildlife Sanctuary,,,IUCN category IV: Habitat/Species Management Area,,,Mangan district,Sikkim,27.84111111,88.73916667,Lachung,,43,,,,,https://en.wikipedia.org/wiki/Shingba_Rhododendron_Sanctuary,wikidata,https://en.wikipedia.org/wiki/Shingba_Rhododendron_Sanctuary,wildlife-sanctuaries,668997428,way,https://www.openstreetmap.org/way/668997428,Shingba Rhododendron WLS,osm-wikidata-tag
Q7500463,https://www.wikidata.org/wiki/Q7500463,Shoolpaneshwar Wildlife Sanctuary,,Wildlife Sanctuary,,,,1982-01-01T00:00:00Z,,Gujarat,Gujarat,21.7606223,73.7948516,,,,,,Shoolpaneshwar Wildlife Sanctuary,,https://en.wikipedia.org/wiki/Shoolpaneshwar_Wildlife_Sanctuary,wikidata,https://en.wikipedia.org/wiki/Shoolpaneshwar_Wildlife_Sanctuary,wildlife-sanctuaries,13168938,relation,https://www.openstreetmap.org/relation/13168938,Shoolpaneshwar Wildlife Sanctuary,osm-wikidata-tag
Q7531584,https://www.wikidata.org/wiki/Q7531584,Sita Mata Wildlife Sanctuary,,Wildlife Sanctuary,,http://commons.wikimedia.org/wiki/Special:FilePath/A%20View%20of%20Sita%20Mata%20sanctuary%2C%20Pratapgarh%2C%20Rajasthan%2C%20India.jpg,IUCN category IV: Habitat/Species Management Area,2008-01-01T00:00:00Z,,Rajasthan,Rajasthan,24.0667,74.4167,Pratapgarh,,,http://www.rajasthanwildlife.com/wild-life/SitaMataWildlifeSanctuary.htm,,Sita Mata Wildlife Sanctuary,,https://en.wikipedia.org/wiki/Sita_Mata_Wildlife_Sanctuary,wikidata,https://en.wikipedia.org/wiki/Sita_Mata_Wildlife_Sanctuary,wildlife-sanctuaries,667134094,way,https://www.openstreetmap.org/way/667134094,,osm-wikidata-tag
Q7559997,https://www.wikidata.org/wiki/Q7559997,Someshwara Wildlife Sanctuary,,Wildlife Sanctuary,Western Ghats,,IUCN category IV: Habitat/Species Management Area,,1342rev-032,Karnataka,Karnataka,13.48333333,74.83333333,,part of UNESCO World Heritage Site,8840,,,Someshwara Wildlife Sanctuary,,https://en.wikipedia.org/wiki/Someshwara_Wildlife_Sanctuary,wikidata,https://en.wikipedia.org/wiki/Someshwara_Wildlife_Sanctuary,wildlife-sanctuaries,9328427,relation,https://www.openstreetmap.org/relation/9328427,Someshwara WLS,osm-wikidata-tag
Q7635241,https://www.wikidata.org/wiki/Q7635241,Suhelva Sanctuary,,Wildlife Sanctuary,,,IUCN category IV: Habitat/Species Management Area,,,Uttar Pradesh,Uttar Pradesh,27.855,82.101,,,,,,,,https://en.wikipedia.org/wiki/Suhelva_Sanctuary,wikidata,https://en.wikipedia.org/wiki/Sohelwa_Wildlife_Sanctuary,wildlife-sanctuaries,9302654,relation,https://www.openstreetmap.org/relation/9302654,Sohelwa WLS,osm-wikidata-tag
Q7678819,https://www.wikidata.org/wiki/Q7678819,Talakaveri Wildlife Sanctuary,,Wildlife Sanctuary,Western Ghats,http://commons.wikimedia.org/wiki/Special:FilePath/Panoramic%20view%20of%20Talakaveri%20Wildlife%20Sanctuary.jpg,IUCN category IV: Habitat/Species Management Area,1987-01-01T00:00:00Z,1342rev-027,Karnataka,Karnataka,12.33333333,75.5,,part of UNESCO World Heritage Site,10500,,,Talakaveri Wildlife Sanctuary,,https://en.wikipedia.org/wiki/Talakaveri_Wildlife_Sanctuary,wikidata,https://en.wikipedia.org/wiki/Talakaveri_Wildlife_Sanctuary,wildlife-sanctuaries,670758009,way,https://www.openstreetmap.org/way/670758009,Talakaveri WLS,osm-wikidata-tag
Q7681640,https://www.wikidata.org/wiki/Q7681640,Tamor Pingla Wildlife Sanctuary,,Wildlife Sanctuary,,,IUCN category IV: Habitat/Species Management Area,,,Chhattisgarh,Chhattisgarh,23.6,83,,,,,,,,https://en.wikipedia.org/wiki/Tamor_Pingla_Wildlife_Sanctuary,wikidata,https://en.wikipedia.org/wiki/Tamor_Pingla_Wildlife_Sanctuary,wildlife-sanctuaries,669567139,way,https://www.openstreetmap.org/way/669567139,Tamor Pingla WLS,osm-wikidata-tag
Q7697281,https://www.wikidata.org/wiki/Q7697281,Telineelapuram and Telukunchi Bird Sanctuaries,,Bird Sanctuary,,,,,,Srikakulam district,Andhra Pradesh,,,,,,,,,,https://en.wikipedia.org/wiki/Telineelapuram_and_Telukunchi_Bird_Sanctuaries,wikidata,,,,,,,
Q7786672,https://www.wikidata.org/wiki/Q7786672,Thol Wildlife Sanctuary,,Wildlife Sanctuary,,,,,,Mehsana district,Gujarat,23.14,72.4,,,,,,,,https://en.wikipedia.org/wiki/Thol_Wildlife_Sanctuary,wikidata,,,,,,,
Q7809473,https://www.wikidata.org/wiki/Q7809473,Tiruvidaimarudur Conservation Reserve,,,,http://commons.wikimedia.org/wiki/Special:FilePath/Little%20Egret%20%28Egretta%20garzetta%29-%20Breeding%20plumage-%20in%20Hyderabad%2C%20AP%20W%20IMG%207671.jpg,IUCN category V: Protected Landscape/Seascape,,,Tirunelveli district,Tamil Nadu,10.9944,79.4503,,,,,,,,https://en.wikipedia.org/wiki/Tiruvidaimarudur_Conservation_Reserve,wikidata,,,,,,,
Q7844042,https://www.wikidata.org/wiki/Q7844042,Trishna Wildlife Sanctuary,,Wildlife Sanctuary,,,IUCN category IV: Habitat/Species Management Area,,,Tripura,Tripura,23.421666666,91.313055555,,,,,,,,https://en.wikipedia.org/wiki/Trishna_Wildlife_Sanctuary,wikidata,https://en.wikipedia.org/wiki/Trishna_Wildlife_Sanctuary,wildlife-sanctuaries,666506794,way,https://www.openstreetmap.org/way/666506794,Trishna Wildlife Sanctuary,osm-wikidata-tag
Q7877004,https://www.wikidata.org/wiki/Q7877004,Udayamarthandapuram Bird Sanctuary,,Bird Sanctuary,,,IUCN category IV: Habitat/Species Management Area,,,Tamil Nadu,Tamil Nadu,10.4505,79.5545,,,,,,,,https://en.wikipedia.org/wiki/Udayamarthandapuram_Bird_Sanctuary,wikidata,https://en.wikipedia.org/wiki/Udayamarthandapuram_Bird_Sanctuary,wildlife-sanctuaries,671199074,way,https://www.openstreetmap.org/way/671199074,Udhayamarthandapuram Lake WLS,osm-wikidata-tag
Q7901902,https://www.wikidata.org/wiki/Q7901902,Ushakothi Wildlife Sanctuary,,Wildlife Sanctuary,,,,,,Sambalpur district,Odisha,21.483333,84.283333,,,,,,,,https://en.wikipedia.org/wiki/Ushakothi_Wildlife_Sanctuary,wikidata,,,669809270,way,https://www.openstreetmap.org/way/669809270,Badrama WLS,osm-wikidata-tag
Q7923801,https://www.wikidata.org/wiki/Q7923801,Vettangudi Bird Sanctuary,,Bird Sanctuary,,,IUCN category IV: Habitat/Species Management Area,,,Sivaganga district,Tamil Nadu,10.112,78.51,,,,,,Vettangudi Bird Sanctuary,,https://en.wikipedia.org/wiki/Vettangudi_Bird_Sanctuary,wikidata,https://en.wikipedia.org/wiki/Vettangudi_Bird_Sanctuary,wildlife-sanctuaries,9335094,relation,https://www.openstreetmap.org/relation/9335094,Vettangudi WLS,osm-wikidata-tag
Q7929078,https://www.wikidata.org/wiki/Q7929078,Vijai Sagar Sanctuary,,Wildlife Sanctuary,,,IUCN category IV: Habitat/Species Management Area,,,Uttar Pradesh,Uttar Pradesh,25.298,79.913,,,,,,,,https://en.wikipedia.org/wiki/Vijai_Sagar_Wildlife_Sanctuary,wikidata,https://en.wikipedia.org/wiki/Vijai_Sagar_Wildlife_Sanctuary,wildlife-sanctuaries,668737483,way,https://www.openstreetmap.org/way/668737483,Vijay Sagar WLS,osm-wikidata-tag
Q7929607,https://www.wikidata.org/wiki/Q7929607,Vikramshila Gangetic Dolphin Sanctuary,,Wildlife Sanctuary,,http://commons.wikimedia.org/wiki/Special:FilePath/Ganga%20dolphin%20Bhagalpur.JPG,IUCN category IV: Habitat/Species Management Area,,,Bihar,Bihar,25.269611111,87.026305555,,,,,,,,https://en.wikipedia.org/wiki/Vikramshila_Gangetic_Dolphin_Sanctuary,wikidata,https://en.wikipedia.org/wiki/Vikramshila_Gangetic_Dolphin_Sanctuary,wildlife-sanctuaries,668848106,way,https://www.openstreetmap.org/way/668848106,Vikramshila Gangetic Dolphin WLS,osm-wikidata-tag
Q8050448,https://www.wikidata.org/wiki/Q8050448,Yawal Wildlife Sanctuary,,Wildlife Sanctuary,,,IUCN category IV: Habitat/Species Management Area,1969-01-01T00:00:00Z,,Jalgaon district,Maharashtra,21.382,75.876,Burhanpur,,177.52,,,Yawal Wildlife Sanctuary,,https://en.wikipedia.org/wiki/Yawal_Wildlife_Sanctuary,wikidata,https://en.wikipedia.org/wiki/Yawal_Wildlife_Sanctuary,wildlife-sanctuaries,679320215,way,https://www.openstreetmap.org/way/679320215,Yawal WLS,osm-wikidata-tag
Q11927133,https://www.wikidata.org/wiki/Q11927133,Jaisamand Wildlife Sanctuary,,Wildlife Sanctuary,,,IUCN category IV: Habitat/Species Management Area,,,Rajasthan,Rajasthan,24.30426,73.86435,,,,,,,,https://en.wikipedia.org/wiki/Jaisamand_Wildlife_Sanctuary,wikidata,https://en.wikipedia.org/wiki/Jaisamand_Wildlife_Sanctuary,wildlife-sanctuaries,667108199,way,https://www.openstreetmap.org/way/667108199,Jaisamand WLS,osm-wikidata-tag
Q12060948,https://www.wikidata.org/wiki/Q12060948,Kambalakonda Wildlife Sanctuary,,Wildlife Sanctuary,,http://commons.wikimedia.org/wiki/Special:FilePath/Kambhalakonda%20EDC%20Vizag.jpg,IUCN category IV: Habitat/Species Management Area,,,Andhra Pradesh,Andhra Pradesh,17.82527778,83.30861111,Visakhapatnam,,,http://forest.ap.nic.in/WL%20KAMBALAKONDA.htm,,Kambalakonda Wildlife Sanctuary,,https://en.wikipedia.org/wiki/Kambalakonda_Wildlife_Sanctuary,wikidata,https://en.wikipedia.org/wiki/Kambalakonda_Wildlife_Sanctuary,wildlife-sanctuaries,9332867,relation,https://www.openstreetmap.org/relation/9332867,Kambalakonda WLS,osm-wikidata-tag
Q12433409,https://www.wikidata.org/wiki/Q12433409,Dalma Wildlife Sanctuary,,Wildlife Sanctuary,,http://commons.wikimedia.org/wiki/Special:FilePath/Wild%20Abode.jpg,IUCN category IV: Habitat/Species Management Area,1976-01-01T00:00:00Z,,Jharkhand,Jharkhand,22.90416667,86.21638889,Jamshedpur,,,,,Dalma Wildlife Sanctuary,,https://en.wikipedia.org/wiki/Dalma_Wildlife_Sanctuary,wikidata,https://en.wikipedia.org/wiki/Dalma_Wildlife_Sanctuary,wildlife-sanctuaries,6325783,relation,https://www.openstreetmap.org/relation/6325783,Dalma WLS,osm-wikidata-tag
Q12988826,https://www.wikidata.org/wiki/Q12988826,Vallanadu Wildlife Sanctuary,,Wildlife Sanctuary,,http://commons.wikimedia.org/wiki/Special:FilePath/BlackbuckAntelope2.jpg,IUCN category IV: Habitat/Species Management Area,,,Tamil Nadu,Tamil Nadu,8.7011,77.8876,Tirunelveli,,,http://www.forests.tn.nic.in/WildBiodiversity/ws_vbs.html,,Vallanadu Wildlife Sanctuary,,https://en.wikipedia.org/wiki/Vallanadu_Wildlife_Sanctuary,wikidata,https://en.wikipedia.org/wiki/Vallanadu_Wildlife_Sanctuary,wildlife-sanctuaries,671212129,way,https://www.openstreetmap.org/way/671212129,Vallanadu Blackbuck WLS,osm-wikidata-tag
Q5517624,https://www.wikidata.org/wiki/Q5517624,Gajner Wildlife Sanctuary,,Wildlife Sanctuary,,http://commons.wikimedia.org/wiki/Special:FilePath/Gajner%20Wildlife%20Sanctuary-EW-20131009.jpg,,,,Bikaner district,Rajasthan,27.952722222,73.056972222,,,,http://www.india-rajasthan-tours.com/rajasthan-wildlife-tours/gajner-wildlife-sanctuary.html,,Gajner Wildlife Sanctuary,,https://en.wikipedia.org/wiki/Gajner_Wildlife_Sanctuary,wikidata,,,,,,,
Q5520164,https://www.wikidata.org/wiki/Q5520164,Gamgul Siyabehi Wildlife Sanctuary,,Wildlife Sanctuary,,,IUCN category IV: Habitat/Species Management Area,,,Chamba district,Himachal Pradesh,32.847,76.068,,,,,,,,https://en.wikipedia.org/wiki/Gamgul_Siyabehi_Wildlife_Sanctuary,wikidata,https://en.wikipedia.org/wiki/Gamgul_Siyabehi_Wildlife_Sanctuary,wildlife-sanctuaries,9290782,relation,https://www.openstreetmap.org/relation/9290782,Gamgul Siyabehi WLS,osm-wikidata-tag
Q5520717,https://www.wikidata.org/wiki/Q5520717,Gandhi Sagar Sanctuary,,Wildlife Sanctuary,,http://commons.wikimedia.org/wiki/Special:FilePath/Gandhi%20Sagar%20Dam1.JPG,IUCN category IV: Habitat/Species Management Area,,,Madhya Pradesh,Madhya Pradesh,24.583,75.712,,,,,,,,https://en.wikipedia.org/wiki/Gandhi_Sagar_Sanctuary,wikidata,https://en.wikipedia.org/wiki/Gandhi_Sagar_Sanctuary,wildlife-sanctuaries,9309950,relation,https://www.openstreetmap.org/relation/9309950,Gandhi Sagar WLS,osm-wikidata-tag
Q5521913,https://www.wikidata.org/wiki/Q5521913,Garampani Wildlife Sanctuary,,Wildlife Sanctuary,,http://commons.wikimedia.org/wiki/Special:FilePath/Garampani%20hanging%20bridge.JPG,IUCN category IV: Habitat/Species Management Area,,,Assam,Assam,26.3887,93.8782,Golaghat,,,,,Garampani Wildlife Sanctuary,,https://en.wikipedia.org/wiki/Garampani_Wildlife_Sanctuary,wikidata,https://en.wikipedia.org/wiki/Garampani_Wildlife_Sanctuary,wildlife-sanctuaries,677509353,way,https://www.openstreetmap.org/way/677509353,Garampani WLS,osm-wikidata-tag
Q5527862,https://www.wikidata.org/wiki/Q5527862,Gautala Autramghat Sanctuary,,Wildlife Sanctuary,,,IUCN category IV: Habitat/Species Management Area,,,Maharashtra,Maharashtra,20.3325,75.140833333,,,,,,,,https://en.wikipedia.org/wiki/Gautala_Autramghat_Sanctuary,wikidata,,,670066259,way,https://www.openstreetmap.org/way/670066259,Gautala Autramghat WLS,osm-wikidata-tag
Q5557523,https://www.wikidata.org/wiki/Q5557523,Ghughua Fossil Park,,National Park,,,IUCN category II: National Park,,,Madhya Pradesh,Madhya Pradesh,23.11306,80.614361,,,75,,,Ghughua Fossil Park,,https://en.wikipedia.org/wiki/Ghughua_Fossil_Park,wikidata,https://en.wikipedia.org/wiki/Ghughua_Fossil_Park,national-parks,17086554,relation,https://www.openstreetmap.org/relation/17086554,Ghughua Fossil National Park,osm-wikidata-tag
Q5589844,https://www.wikidata.org/wiki/Q5589844,Govind Pashu Vihar National Park and Sanctuary,,National Park,,,IUCN category II: National Park,1955-01-01T00:00:00Z,,Uttarkashi district,Uttarakhand,31.1,78.29,,,,,,Govind Wildlife Sanctuary and National Park,,https://en.wikipedia.org/wiki/Govind_Pashu_Vihar_National_Park,wikidata,https://en.wikipedia.org/wiki/Govind_Pashu_Vihar_National_Park,national-parks,8777786,relation,https://www.openstreetmap.org/relation/8777786,Govind Pashu Vihar National Park,osm-wikidata-tag
Q5597433,https://www.wikidata.org/wiki/Q5597433,Grass Hills National Park,,National Park,Western Ghats,http://commons.wikimedia.org/wiki/Special:FilePath/Grass%20Hills%20National%20Park.jpg,,,1342rev-014,Tamil Nadu,Tamil Nadu,10.3410227,76.9856427,,part of UNESCO World Heritage Site,3123,,,,,https://en.wikipedia.org/wiki/Grass_Hills_National_Park,wikidata,,,,,,,
Q5599356,https://www.wikidata.org/wiki/Q5599356,Great Indian Bustard Sanctuary,,Wildlife Sanctuary,,http://commons.wikimedia.org/wiki/Special:FilePath/Great%20Indian%20Bustard%20in%20newly%20opened%20area.jpg,IUCN category IV: Habitat/Species Management Area,,,Maharashtra,Maharashtra,18.35,75.19388889,,,,,,Great Indian Bustard Sanctuary,,https://en.wikipedia.org/wiki/Great_Indian_Bustard_Sanctuary,wikidata,https://en.wikipedia.org/wiki/Great_Indian_Bustard_Sanctuary,wildlife-sanctuaries,474162403,way,https://www.openstreetmap.org/way/474162403,Great Indian Bustard WLS,osm-wikidata-tag
Q5614058,https://www.wikidata.org/wiki/Q5614058,Point Calimere Wildlife and Bird Sanctuary,,Bird Sanctuary,,http://commons.wikimedia.org/wiki/Special:FilePath/PCWBStowershadow.JPG,IUCN category IV: Habitat/Species Management Area,,,Tamil Nadu,Tamil Nadu,10.31,79.86,,Ramsar site,38500,,,Point Calimere Wildlife and Bird Sanctuary,,https://en.wikipedia.org/wiki/Point_Calimere_Wildlife_and_Bird_Sanctuary,wikidata,https://en.wikipedia.org/wiki/Point_Calimere_Wildlife_and_Bird_Sanctuary,wildlife-sanctuaries,671269863,way,https://www.openstreetmap.org/way/671269863,Point Calimere WLS,osm-wikidata-tag
Q5614543,https://www.wikidata.org/wiki/Q5614543,Gudavi Bird Sanctuary,,Bird Sanctuary,,http://commons.wikimedia.org/wiki/Special:FilePath/GDV1.jpg,IUCN category IV: Habitat/Species Management Area,,,Shimoga district,Karnataka,14.439722222,75.0125,,,,,,Gudavi Bird Sanctuary,,https://en.wikipedia.org/wiki/Gudavi_Bird_Sanctuary,wikidata,https://en.wikipedia.org/wiki/Gudavi_Bird_Sanctuary,wildlife-sanctuaries,670658178,way,https://www.openstreetmap.org/way/670658178,Gudavi Bird WLS,osm-wikidata-tag
Q5617576,https://www.wikidata.org/wiki/Q5617576,Gulf of Mannar Marine National Park,,National Park,,http://commons.wikimedia.org/wiki/Special:FilePath/Dugong.jpg,IUCN category II: National Park,1986-01-01T00:00:00Z,,Tamil Nadu,Tamil Nadu,9.1375,79.4725,,,6.23,,,,415570,https://en.wikipedia.org/wiki/Gulf_of_Mannar_Marine_National_Park,wikidata,https://en.wikipedia.org/wiki/Gulf_of_Mannar_Marine_National_Park,national-parks,415570,relation,https://www.openstreetmap.org/relation/415570,Gulf of Mannar Marine National Park,wikidata-p402
Q5642082,https://www.wikidata.org/wiki/Q5642082,Haliday Island Wildlife Sanctuary,,Wildlife Sanctuary,,,IUCN category IV: Habitat/Species Management Area,,,Gosaba community development block,West Bengal,21.66431,88.6312,,,,,,,,https://en.wikipedia.org/wiki/Haliday_Island_Wildlife_Sanctuary,wikidata,https://en.wikipedia.org/wiki/Haliday_Island_Wildlife_Sanctuary,wildlife-sanctuaries,19896831,relation,https://www.openstreetmap.org/relation/19896831,Haliday Island Wildlife Sanctuary,osm-wikidata-tag
Q5680205,https://www.wikidata.org/wiki/Q5680205,Hastinapur Sanctuary,,Wildlife Sanctuary,,http://commons.wikimedia.org/wiki/Special:FilePath/Migratory%20Birds%20At%20Hastinapur.jpg,IUCN category IV: Habitat/Species Management Area,,,Uttar Pradesh,Uttar Pradesh,29.166666666,78.1,,,,,,,,https://en.wikipedia.org/wiki/Hastinapur_Wildlife_Sanctuary,wikidata,https://en.wikipedia.org/wiki/Hastinapur_Wildlife_Sanctuary,wildlife-sanctuaries,668611261,way,https://www.openstreetmap.org/way/668611261,Hastinapur WLS,osm-wikidata-tag
Q6165901,https://www.wikidata.org/wiki/Q6165901,Jawahar Deer Park,,,,,,,,Telangana,Telangana,,,,,,,,,,https://en.wikipedia.org/wiki/Jawahar_Deer_Park,wikidata,,,,,,,
Q6344663,https://www.wikidata.org/wiki/Q6344663,Kachhua Sanctuary,,Wildlife Sanctuary,,,IUCN category IV: Habitat/Species Management Area,,,Uttar Pradesh,Uttar Pradesh,25.28,83.016,,,,,,,,https://en.wikipedia.org/wiki/Kachhua_Sanctuary,wikidata,https://en.wikipedia.org/wiki/Kachhua_Sanctuary,wildlife-sanctuaries,6594441,relation,https://www.openstreetmap.org/relation/6594441,,osm-wikidata-tag
Q6351618,https://www.wikidata.org/wiki/Q6351618,Kalatop Khajjiar Sanctuary,,Wildlife Sanctuary,,http://commons.wikimedia.org/wiki/Special:FilePath/Kalatop%20Wildlife%20Sanctuary.JPG,IUCN category IV: Habitat/Species Management Area,,,Himachal Pradesh,Himachal Pradesh,32.55,76.01,,,,,,Kalatop Khajjiar Sanctuary,,https://en.wikipedia.org/wiki/Kalatop_Khajjiar_Sanctuary,wikidata,https://en.wikipedia.org/wiki/Kalatop_Khajjiar_Wildlife_Sanctuary,wildlife-sanctuaries,668020617,way,https://www.openstreetmap.org/way/668020617,Kalatop- Khajjiar WLS,osm-wikidata-tag
Q6365748,https://www.wikidata.org/wiki/Q6365748,Kanwar Lake Bird Sanctuary,,Bird Sanctuary,,,IUCN category IV: Habitat/Species Management Area,,,Bihar,Bihar,25.61,86.14,Begusarai,Ramsar site,,,,,,https://en.wikipedia.org/wiki/Kanwar_Lake_Bird_Sanctuary,wikidata,,,155697612,way,https://www.openstreetmap.org/way/155697612,Kanwarjheel WLS,osm-wikidata-tag
Q6368141,https://www.wikidata.org/wiki/Q6368141,Karakoram Wildlife Sanctuary,,Wildlife Sanctuary,,,IUCN category IV: Habitat/Species Management Area,,,Jammu and Kashmir,Jammu and Kashmir,34.716666666,77.433333333,,,,,,,,https://en.wikipedia.org/wiki/Karakoram_Wildlife_Sanctuary,wikidata,,,,,,,
Q6372473,https://www.wikidata.org/wiki/Q6372473,Karlapat Wildlife Sanctuary,,Wildlife Sanctuary,,,IUCN category IV: Habitat/Species Management Area,,,Kalahandi district,Odisha,19.686735,83.062584,,,,,,Karlapat Wildlife Sanctuary,,https://en.wikipedia.org/wiki/Karlapat_Wildlife_Sanctuary,wikidata,https://en.wikipedia.org/wiki/Karlapat_Wildlife_Sanctuary,wildlife-sanctuaries,678260731,way,https://www.openstreetmap.org/way/678260731,Karlapat WLS,osm-wikidata-tag
Q6372818,https://www.wikidata.org/wiki/Q6372818,Karnala Bird Sanctuary,,Bird Sanctuary,,http://commons.wikimedia.org/wiki/Special:FilePath/Karnala%20006.jpg,IUCN category IV: Habitat/Species Management Area,,,Raigad district,Maharashtra,18.90861111,73.1025,Matheran,,,,http://commons.wikimedia.org/wiki/Special:FilePath/Karnala%20Bird%20Sanctuary%20entrance%20%28318339013%29%20%28cropped%29.jpg,Karnala Bird Sanctuary,,https://en.wikipedia.org/wiki/Karnala_Bird_Sanctuary,wikidata,https://en.wikipedia.org/wiki/Karnala_Bird_Sanctuary,wildlife-sanctuaries,21066180,relation,https://www.openstreetmap.org/relation/21066180,Karnala Bird Sanctuary,osm-wikidata-tag
Q6379588,https://www.wikidata.org/wiki/Q6379588,Kawal Wildlife Sanctuary,,Tiger Reserve,,,IUCN category IV: Habitat/Species Management Area,,,Jannaram mandal,Telangana,19.1188949,78.9989734,,,2015.44,,,Kawal Wildlife Sanctuary,,https://en.wikipedia.org/wiki/Kawal_Wildlife_Sanctuary,wikidata,https://en.wikipedia.org/wiki/Kawal_Wildlife_Sanctuary,tiger-reserves,670975581,way,https://www.openstreetmap.org/way/670975581,Kawal WLS/Tiger Reserve,osm-wikidata-tag
Q6414074,https://www.wikidata.org/wiki/Q6414074,Kinnerasani Wildlife Sanctuary,,Wildlife Sanctuary,,http://commons.wikimedia.org/wiki/Special:FilePath/View%20from%20a%20dam%20in%20Kinnarsani%20WS%2C%20AP%20W%20IMG%205776.jpg,IUCN category IV: Habitat/Species Management Area,,,Bhadradri Kothagudem district,Telangana,17.775,80.559,Bhadrachalam,,,,,Kinnerasani Wildlife Sanctuary,,https://en.wikipedia.org/wiki/Kinnerasani_Wildlife_Sanctuary,wikidata,https://en.wikipedia.org/wiki/Kinnerasani_Wildlife_Sanctuary,wildlife-sanctuaries,670971985,way,https://www.openstreetmap.org/way/670971985,Kinnersani WLS,osm-wikidata-tag
Q6416552,https://www.wikidata.org/wiki/Q6416552,Kishanpur Wildlife Sanctuary,,Wildlife Sanctuary,,,IUCN category IV: Habitat/Species Management Area,,,Uttar Pradesh,Uttar Pradesh,28.4002,80.367,,,,,,,,https://en.wikipedia.org/wiki/Kishanpur_Wildlife_Sanctuary,wikidata,https://en.wikipedia.org/wiki/Kishanpur_Wildlife_Sanctuary,wildlife-sanctuaries,9039844,relation,https://www.openstreetmap.org/relation/9039844,Kishanpur WLS,osm-wikidata-tag
Q6437498,https://www.wikidata.org/wiki/Q6437498,Krishna Wildlife Sanctuary,,Wildlife Sanctuary,,http://commons.wikimedia.org/wiki/Special:FilePath/Mangroves%20W%20IMG%206896.jpg,IUCN category IV: Habitat/Species Management Area,,,Andhra Pradesh,Andhra Pradesh,15.7,80.7,Machilipatnam,,,,,Krishna Wildlife Sanctuary,,https://en.wikipedia.org/wiki/Krishna_Wildlife_Sanctuary,wikidata,https://en.wikipedia.org/wiki/Krishna_Wildlife_Sanctuary,wildlife-sanctuaries,20066333,relation,https://www.openstreetmap.org/relation/20066333,Krishna Wild Life Sanctuary,osm-wikidata-tag
Q6443537,https://www.wikidata.org/wiki/Q6443537,Kumarakom Bird Sanctuary,,Bird Sanctuary,,http://commons.wikimedia.org/wiki/Special:FilePath/Kerala%20Kumarakom%20Bird%20Sanctuary.jpg,,,,Kottayam district,Kerala,9.5,76.52,,,,,,Kumarakom Bird Sanctuary,,https://en.wikipedia.org/wiki/Kumarakom_Bird_Sanctuary,wikidata,,,,,,,
Q6443733,https://www.wikidata.org/wiki/Q6443733,Kumbhalgarh Wildlife Sanctuary,,Wildlife Sanctuary,,,IUCN category IV: Habitat/Species Management Area,,,Rajasthan,Rajasthan,25.133888888,73.563055555,Udaipur,,,,,,,https://en.wikipedia.org/wiki/Kumbhalgarh_Wildlife_Sanctuary,wikidata,https://en.wikipedia.org/wiki/Kumbhalgarh_Wildlife_Sanctuary,wildlife-sanctuaries,666956858,way,https://www.openstreetmap.org/way/666956858,Kumbhalgarh Wildlife Sanctuary,osm-wikidata-tag
Q6446058,https://www.wikidata.org/wiki/Q6446058,Kurinjimala Sanctuary,,Wildlife Sanctuary,,,IUCN category IV: Habitat/Species Management Area,,,Kerala,Kerala,10.23,77.27,,,,,,,,https://en.wikipedia.org/wiki/Kurinjimala_Sanctuary,wikidata,https://en.wikipedia.org/wiki/Kurinjimala_Sanctuary,wildlife-sanctuaries,11279546,relation,https://www.openstreetmap.org/relation/11279546,Kurinjimala WLS,osm-wikidata-tag
Q6452052,https://www.wikidata.org/wiki/Q6452052,Kyongnosla Alpine Sanctuary,,Wildlife Sanctuary,,,IUCN category IV: Habitat/Species Management Area,1977-01-01T00:00:00Z,,East Sikkim district,Sikkim,27.377,88.741,Gangtok,,31,,,,,https://en.wikipedia.org/wiki/Kyongnosla_Alpine_Sanctuary,wikidata,https://en.wikipedia.org/wiki/Kyongnosla_Alpine_Sanctuary,wildlife-sanctuaries,668983924,way,https://www.openstreetmap.org/way/668983924,Kyongnosla Alpine WLS,osm-wikidata-tag
Q6479478,https://www.wikidata.org/wiki/Q6479478,Lakh Bahosi Sanctuary,,Wildlife Sanctuary,,,IUCN category IV: Habitat/Species Management Area,,,Uttar Pradesh,Uttar Pradesh,26.911,79.641,,,,,,,,https://en.wikipedia.org/wiki/Lakh_Bahosi_Sanctuary,wikidata,https://en.wikipedia.org/wiki/Lakh_Bahosi_Sanctuary,wildlife-sanctuaries,668653514,way,https://www.openstreetmap.org/way/668653514,Lakh Bahosi Bird WLS,osm-wikidata-tag
Q6684762,https://www.wikidata.org/wiki/Q6684762,Lothian Island Wildlife Sanctuary,,Wildlife Sanctuary,,,IUCN category IV: Habitat/Species Management Area,,,Namkhana community development block,West Bengal,21.65784,88.32559,,,,,,,,https://en.wikipedia.org/wiki/Lothian_Island_Wildlife_Sanctuary,wikidata,https://en.wikipedia.org/wiki/Lothian_Island_Wildlife_Sanctuary,wildlife-sanctuaries,22825809,way,https://www.openstreetmap.org/way/22825809,Lothian Island WLS,osm-wikidata-tag
Q6729590,https://www.wikidata.org/wiki/Q6729590,Magadi Bird Sanctuary,,Bird Sanctuary,,,,,,Gadag district,Karnataka,15.216647222,75.511952777,,,,,,Magadi Bird Sanctuary,,https://en.wikipedia.org/wiki/Magadi_Bird_Sanctuary,wikidata,,,,,,,
Q6733577,https://www.wikidata.org/wiki/Q6733577,Mahavir Swami Sanctuary,,Wildlife Sanctuary,,,IUCN category IV: Habitat/Species Management Area,,,Uttar Pradesh,Uttar Pradesh,24.52,78.25,,,,,,,,https://en.wikipedia.org/wiki/Mahavir_Swami_Wildlife_Sanctuary,wikidata,https://en.wikipedia.org/wiki/Mahavir_Swami_Wildlife_Sanctuary,wildlife-sanctuaries,676622737,way,https://www.openstreetmap.org/way/676622737,Mahavir Swami WLS,osm-wikidata-tag
Q6738481,https://www.wikidata.org/wiki/Q6738481,Majthal Sanctuary,,Wildlife Sanctuary,,,IUCN category IV: Habitat/Species Management Area,,,Himachal Pradesh,Himachal Pradesh,31.3092,76.9587,,,,,,,,https://en.wikipedia.org/wiki/Majthal_Sanctuary,wikidata,https://en.wikipedia.org/wiki/Majthal_Sanctuary,wildlife-sanctuaries,667870724,way,https://www.openstreetmap.org/way/667870724,Majathal WLS,osm-wikidata-tag
Q6746838,https://www.wikidata.org/wiki/Q6746838,Manali Sanctuary,,Wildlife Sanctuary,,,IUCN category IV: Habitat/Species Management Area,,,Himachal Pradesh,Himachal Pradesh,32.247,77.19,,,,,,,,https://en.wikipedia.org/wiki/Manali_Sanctuary,wikidata,https://en.wikipedia.org/wiki/Manali_Wildlife_Sanctuary,wildlife-sanctuaries,667906690,way,https://www.openstreetmap.org/way/667906690,Manali WLS,osm-wikidata-tag
Q6748692,https://www.wikidata.org/wiki/Q6748692,Mangalavanam Bird Sanctuary,,Bird Sanctuary,,http://commons.wikimedia.org/wiki/Special:FilePath/Mangalavanam.JPG,IUCN category IV: Habitat/Species Management Area,,,Kerala,Kerala,9.9888614,76.272827671,Ernakulam,,,,,Mangalavanam Bird Sanctuary,,https://en.wikipedia.org/wiki/Mangalavanam_Bird_Sanctuary,wikidata,https://en.wikipedia.org/wiki/Mangalavanam_Bird_Sanctuary,wildlife-sanctuaries,,,,,
Q6750402,https://www.wikidata.org/wiki/Q6750402,Manjira Wildlife Sanctuary,,Wildlife Sanctuary,,http://commons.wikimedia.org/wiki/Special:FilePath/Migratory%20Birds%20Manjira%20Wildlife%20Sanctuary.JPG,IUCN category IV: Habitat/Species Management Area,,,Andhra Pradesh,Andhra Pradesh,17.6933,78.00639,,,,,,Manjira Wildlife Sanctuary,,https://en.wikipedia.org/wiki/Manjira_Wildlife_Sanctuary,wikidata,,,670962706,way,https://www.openstreetmap.org/way/670962706,Manjeera Crocodile WLS,osm-wikidata-tag
Q6796837,https://www.wikidata.org/wiki/Q6796837,Mayani Bird Sanctuary,,Bird Sanctuary,,,,,,Satara district,Maharashtra,17.41666667,74.5,,,,,,,,https://en.wikipedia.org/wiki/Mayani_Bird_Sanctuary,wikidata,,,,,,,
Q6806784,https://www.wikidata.org/wiki/Q6806784,Chimmini Wildlife Sanctuary,,Wildlife Sanctuary,,,IUCN category IV: Habitat/Species Management Area,,,Kerala,Kerala,10.438816,76.463417,Thrissur,,,,http://commons.wikimedia.org/wiki/Special:FilePath/Chimmony%20banner.jpg,Chimmini Wildlife Sanctuary,,https://en.wikipedia.org/wiki/Chimmini_Wildlife_Sanctuary,wikidata,https://en.wikipedia.org/wiki/Chimmony_Wildlife_Sanctuary,wildlife-sanctuaries,21128954,relation,https://www.openstreetmap.org/relation/21128954,Chimmony WLS,osm-wikidata-tag
Q6807544,https://www.wikidata.org/wiki/Q6807544,Neyyar Wildlife Sanctuary,,Wildlife Sanctuary,Western Ghats,,IUCN category IV: Habitat/Species Management Area,,1342rev-003,Kerala,Kerala,8.4,77.16,Thiruvananthapuram,part of UNESCO World Heritage Site,128000,http://www.forest.kerala.gov.in/index.php/wildlife/2015-03-16-09-50-24/2015-06-26-09-04-29/neyyar-wildlife-sanctuary,,Neyyar Wildlife Sanctuary,,https://en.wikipedia.org/wiki/Neyyar_Wildlife_Sanctuary,wikidata,https://en.wikipedia.org/wiki/Neyyar_Wildlife_Sanctuary,wildlife-sanctuaries,9469924,relation,https://www.openstreetmap.org/relation/9469924,Neyyar WLS,osm-wikidata-tag
Q6808944,https://www.wikidata.org/wiki/Q6808944,Idukki wildlife sanctuary,,Wildlife Sanctuary,protected area of Kerala,,,,,Idukki district,Kerala,9.780555555,76.966666666,,,,,,Idukki Wildlife Sanctuary,,https://en.wikipedia.org/wiki/Idukki_Wildlife_Sanctuary,wikidata,https://en.wikipedia.org/wiki/Idukki_Wildlife_Sanctuary,wildlife-sanctuaries,9453214,relation,https://www.openstreetmap.org/relation/9453214,Idukki Wildlife Sanctuary,osm-wikidata-tag
Q6809163,https://www.wikidata.org/wiki/Q6809163,Peppara Wildlife Sanctuary,,Wildlife Sanctuary,Western Ghats,http://commons.wikimedia.org/wiki/Special:FilePath/Peppara%20sanctuary.jpg,IUCN category IV: Habitat/Species Management Area,,1342rev-004,Kerala,Kerala,8.64722222,77.16666667,Thiruvananthapuram,part of UNESCO World Heritage Site,5300,http://www.forest.kerala.gov.in/index.php/wildlife/2015-03-16-09-50-24/2015-06-26-09-04-29/peppara-wildlife-sanctuary,,Peppara Wildlife Sanctuary,,https://en.wikipedia.org/wiki/Peppara_Wildlife_Sanctuary,wikidata,https://en.wikipedia.org/wiki/Peppara_Wildlife_Sanctuary,wildlife-sanctuaries,17746631,relation,https://www.openstreetmap.org/relation/17746631,Peppara WLS,osm-wikidata-tag
Q6881784,https://www.wikidata.org/wiki/Q6881784,Mitiyala Lion Sanctuary,,Wildlife Sanctuary,,,IUCN category IV: Habitat/Species Management Area,,,Gujarat,Gujarat,21.17387,71.25595,,,,,,,,https://en.wikipedia.org/wiki/Mitiyala_Wildlife_Sanctuary,wikidata,https://en.wikipedia.org/wiki/Mitiyala_Wildlife_Sanctuary,wildlife-sanctuaries,677300987,way,https://www.openstreetmap.org/way/677300987,Mitiyala WLS,osm-wikidata-tag
Q6959133,https://www.wikidata.org/wiki/Q6959133,Nagzira Wildlife Sanctuary,,Wildlife Sanctuary,,http://commons.wikimedia.org/wiki/Special:FilePath/Nagzira%20Tiger%20By%20Vijay%20Phulwadhawa.jpg,IUCN category IV: Habitat/Species Management Area,,,Maharashtra,Maharashtra,21.243942,79.985962,Bhandara,,152.58,https://www.nagzirawildlifesanctuary.com/,,Nagzira,,https://en.wikipedia.org/wiki/Nagzira,wikidata,https://en.wikipedia.org/wiki/Nagzira_Wildlife_Sanctuary,wildlife-sanctuaries,670043200,way,https://www.openstreetmap.org/way/670043200,Nagzira WLS,osm-wikidata-tag
Q6963221,https://www.wikidata.org/wiki/Q6963221,Nandhaur Wildlife Sanctuary,,Wildlife Sanctuary,,,IUCN category IV: Habitat/Species Management Area,,,Uttarakhand,Uttarakhand,29.033333333,79.8,,,,,,,,https://en.wikipedia.org/wiki/Nandhaur_Wildlife_Sanctuary,wikidata,https://en.wikipedia.org/wiki/Nandhaur_Wildlife_Sanctuary,wildlife-sanctuaries,,,,,
Q6965495,https://www.wikidata.org/wiki/Q6965495,Narayan Sarovar Sanctuary,,Wildlife Sanctuary,,http://commons.wikimedia.org/wiki/Special:FilePath/Chinkara.jpg,IUCN category IV: Habitat/Species Management Area,1981-01-01T00:00:00Z,,Kutch district,Gujarat,23.61666667,68.68333333,,,444.23,,,,,https://en.wikipedia.org/wiki/Narayan_Sarovar_Sanctuary,wikidata,https://en.wikipedia.org/wiki/Narayan_Sarovar_Sanctuary,wildlife-sanctuaries,677307317,way,https://www.openstreetmap.org/way/677307317,Narayan Sarovar Sanctuary,osm-wikidata-tag
Q6965807,https://www.wikidata.org/wiki/Q6965807,Narendrapur Wildlife Sanctuary,,Wildlife Sanctuary,,,,,,South 24 Parganas district,West Bengal,22.4295,88.4007,,,,,,Narendrapur Wildlife Sanctuary,,https://en.wikipedia.org/wiki/Narendrapur_Wildlife_Sanctuary,wikidata,,,,,,,
Q6971439,https://www.wikidata.org/wiki/Q6971439,National Chambal Sanctuary,,National Park,,http://commons.wikimedia.org/wiki/Special:FilePath/Chambal%20river%20near%20Dhaulpur%2C%20India.jpg,IUCN category IV: Habitat/Species Management Area,,,Morena district,Madhya Pradesh,26.768333333,78.644444444,Morena,,,,,,,https://en.wikipedia.org/wiki/National_Chambal_Sanctuary,wikidata,https://en.wikipedia.org/wiki/National_Chambal_Wildlife_Sanctuary,wildlife-sanctuaries,676891427,way,https://www.openstreetmap.org/way/676891427,National Chambal WLS,osm-wikidata-tag
Q6982793,https://www.wikidata.org/wiki/Q6982793,Nawabganj Bird Sanctuary,,Bird Sanctuary,,http://commons.wikimedia.org/wiki/Special:FilePath/Nawabganj%20Bird%20Sanctuary%2C%20Unnao%2003.JPG,IUCN category IV: Habitat/Species Management Area,,,Uttar Pradesh,Uttar Pradesh,26.6191858,80.6531205,,,,,,Nawabganj Bird Sanctuary,,https://en.wikipedia.org/wiki/Nawabganj_Bird_Sanctuary,wikidata,https://en.wikipedia.org/wiki/Nawabganj_Bird_Sanctuary,wildlife-sanctuaries,8452444,relation,https://www.openstreetmap.org/relation/8452444,Nawabganj WLS,osm-wikidata-tag
Q7081968,https://www.wikidata.org/wiki/Q7081968,Okhla Sanctuary,,Wildlife Sanctuary,,http://commons.wikimedia.org/wiki/Special:FilePath/Okhla%20bird%20sanctuary%20Entrance.jpeg,IUCN category IV: Habitat/Species Management Area,,,Uttar Pradesh,Uttar Pradesh,28.565,77.303,Noida,,,,,Okhla Bird Sanctuary,,https://en.wikipedia.org/wiki/Okhla_Sanctuary,wikidata,https://en.wikipedia.org/wiki/Okhla_Sanctuary,wildlife-sanctuaries,28208892,way,https://www.openstreetmap.org/way/28208892,Okhla Bird Sanctuary,osm-wikidata-tag
Q7126657,https://www.wikidata.org/wiki/Q7126657,Palamau Tiger Reserve,,Tiger Reserve,,,IUCN category IV: Habitat/Species Management Area,,,Jharkhand,Jharkhand,23.705555555,84.182222222,Medininagar,,,,,Palamau Tiger Reserve,,https://en.wikipedia.org/wiki/Palamau_Tiger_Reserve,wikidata,https://en.wikipedia.org/wiki/Palamau_Tiger_Reserve,tiger-reserves,667675149,way,https://www.openstreetmap.org/way/667675149,Palamau WLS/Tiger Reserve,osm-wikidata-tag
Q7160147,https://www.wikidata.org/wiki/Q7160147,Peechi-Vazhani Wildlife Sanctuary,,Wildlife Sanctuary,,http://commons.wikimedia.org/wiki/Special:FilePath/Peechi%20Dam%20area%20-%20Dec%202011%200254.JPG,IUCN category IV: Habitat/Species Management Area,,,Kerala,Kerala,10.481,76.446,Thrissur,,,,,Peechi-Vazhani Wildlife Sanctuary,,https://en.wikipedia.org/wiki/Peechi-Vazhani_Wildlife_Sanctuary,wikidata,https://en.wikipedia.org/wiki/Peechi-Vazhani_Wildlife_Sanctuary,wildlife-sanctuaries,21129222,relation,https://www.openstreetmap.org/relation/21129222,Peechi-Vazhani Wildlife Sanctuary,osm-wikidata-tag
Q7180496,https://www.wikidata.org/wiki/Q7180496,Phansad Wildlife Sanctuary,,Wildlife Sanctuary,,,IUCN category IV: Habitat/Species Management Area,,,Maharashtra,Maharashtra,18.344111111,73.059083333,,,,,,,,https://en.wikipedia.org/wiki/Phansad_Wildlife_Sanctuary,wikidata,https://en.wikipedia.org/wiki/Phansad_Wildlife_Sanctuary,wildlife-sanctuaries,670197606,way,https://www.openstreetmap.org/way/670197606,Phansad Wildlife Sanctuary,osm-wikidata-tag
Q7206319,https://www.wikidata.org/wiki/Q7206319,Pocharam Wildlife Sanctuary,,Wildlife Sanctuary,,http://commons.wikimedia.org/wiki/Special:FilePath/A%20view%20from%20Pocharam%20Lake%20with%20Herons%2C%20Egrets%2C%20Openbills%20etc%20W%20IMG%209727.jpg,IUCN category IV: Habitat/Species Management Area,,,Telangana,Telangana,18.125,78.2,Medak,,,http://forest.ap.nic.in/WL%20POCHARAM.htm,,Pocharam Wildlife Sanctuary,,https://en.wikipedia.org/wiki/Pocharam_Wildlife_Sanctuary,wikidata,https://en.wikipedia.org/wiki/Pocharam_Wildlife_Sanctuary,wildlife-sanctuaries,670968855,way,https://www.openstreetmap.org/way/670968855,Pocharam WLS,osm-wikidata-tag
Q105847575,https://www.wikidata.org/wiki/Q105847575,Tansa Wildlife Sanctuary,,Wildlife Sanctuary,,http://commons.wikimedia.org/wiki/Special:FilePath/Habitat%20Tansa%20WLS%20by%20Dr.%20Raju%20Kasambe%20DSCN4979%20%287%29.jpg,IUCN category IV: Habitat/Species Management Area,1970-01-01T00:00:00Z,,Thane district,Maharashtra,19.545,73.265,,,304.81,,,Tansa Wildlife Sanctuary,,https://en.wikipedia.org/wiki/Tansa_Wildlife_Sanctuary,wikidata,https://en.wikipedia.org/wiki/Tansa_Wildlife_Sanctuary,wildlife-sanctuaries,3963830,relation,https://www.openstreetmap.org/relation/3963830,Tansa WLS,osm-wikidata-tag
Q105944439,https://www.wikidata.org/wiki/Q105944439,Khijadia Bird Sanctuary,,Bird Sanctuary,,,,,,Jamnagar district,Gujarat,,,,,,,,,,,wikidata,,,,,,,
Q106240301,https://www.wikidata.org/wiki/Q106240301,Nandankanan Wildlife Sanctuary,,Wildlife Sanctuary,,,,,,Odisha,Odisha,,,,,4.37,,,,,https://en.wikipedia.org/wiki/Nandankanan_Wildlife_Sanctuary,wikidata,https://en.wikipedia.org/wiki/Nandankanan_Wildlife_Sanctuary,wildlife-sanctuaries,,,,,
Q106257541,https://www.wikidata.org/wiki/Q106257541,Kitam bird sanctuary,,Bird Sanctuary,,,IUCN category IV: Habitat/Species Management Area,,,Namchi district,Sikkim,27.1,88.333333333,,,6,,,,,https://en.wikipedia.org/wiki/Kitam_Bird_Sanctuary,wikidata,https://en.wikipedia.org/wiki/Kitam_Bird_Sanctuary,wildlife-sanctuaries,668999183,way,https://www.openstreetmap.org/way/668999183,Kitam Bird WLS,osm-wikidata-tag
Q106258797,https://www.wikidata.org/wiki/Q106258797,Rabdentse Bird Sanctuary,,Bird Sanctuary,,,,,,Gyalshing district,Sikkim,,,,,,,,,,,wikidata,,,,,,,
Q106416493,https://www.wikidata.org/wiki/Q106416493,Ramanagara Ramdevara Betta Vulture Sanctuary,,Wildlife Sanctuary,,,,,,Bengaluru South District,Karnataka,12.7531984,77.3013674,,,7.08,,,,,,wikidata,,,,,,,
Q106513464,https://www.wikidata.org/wiki/Q106513464,Ghosu Bird Sanctuary,,Bird Sanctuary,,,,,,Zunheboto district,Nagaland,,,,,650,,,,,,wikidata,,,,,,,
Q106618190,https://www.wikidata.org/wiki/Q106618190,Kheoni Wildlife Sanctuary,,Wildlife Sanctuary,,,,,,Sehore district,Madhya Pradesh,,,,,,,,,,https://en.wikipedia.org/wiki/Kheoni_Wildlife_Sanctuary,wikidata,https://en.wikipedia.org/wiki/Kheoni_Wildlife_Sanctuary,wildlife-sanctuaries,,,,,
Q106618225,https://www.wikidata.org/wiki/Q106618225,Ralamandal Sanctuary,,Wildlife Sanctuary,,,,,,Indore district,Madhya Pradesh,,,,,,,,,,https://en.wikipedia.org/wiki/Ralamandal_Wildlife_Sanctuary,wikidata,https://en.wikipedia.org/wiki/Ralamandal_Wildlife_Sanctuary,wildlife-sanctuaries,,,,,
Q106619912,https://www.wikidata.org/wiki/Q106619912,Gandhisagar Sanctuary,,Wildlife Sanctuary,,,,,,Neemuch district,Madhya Pradesh,,,,,,,,,,,wikidata,,,,,,,
Q106673573,https://www.wikidata.org/wiki/Q106673573,Tipeshwar Wildlife Sanctuary,,Wildlife Sanctuary,,,IUCN category IV: Habitat/Species Management Area,1997-01-01T00:00:00Z,,Yavatmal district,Maharashtra,19.9056,78.4452,,,148.63,,,Tipeshwar Wildlife Sanctuary,,https://en.wikipedia.org/wiki/Tipeshwar_Wildlife_Sanctuary?action=edit&redlink=1,wikidata,https://en.wikipedia.org/wiki/Tipeshwar_Wildlife_Sanctuary?action=edit&redlink=1,wildlife-sanctuaries,,,,,
Q106674048,https://www.wikidata.org/wiki/Q106674048,Nawegaon Wildlife Sanctuary,,Tiger Reserve,,,IUCN category IV: Habitat/Species Management Area,2012-01-01T00:00:00Z,,Gondia district,Maharashtra,20.993,80.2788,,,122.76,,,,,https://en.wikipedia.org/wiki/Navegaon_National_Park,wikidata,https://en.wikipedia.org/wiki/Navegaon_National_Park,tiger-reserves,,,,,
Q106674990,https://www.wikidata.org/wiki/Q106674990,Bhitarkanika Wildlife Sanctuary,,National Park,,http://commons.wikimedia.org/wiki/Special:FilePath/Bhitarkanika%20Wildlife%20Sanctuary%2C%202015%20%286%29.jpg,IUCN category IV: Habitat/Species Management Area,1975-01-01T00:00:00Z,,Kendrapara district,Odisha,20.6066,86.8037,,,525,,,Bhitarkanika Wildlife Sanctuary,,https://en.wikipedia.org/wiki/Bhitarkanika_National_Park,wikidata,https://en.wikipedia.org/wiki/Bhitarkanika_National_Park,national-parks,,,,,
Q106675711,https://www.wikidata.org/wiki/Q106675711,Udanti-Sitanadi Tiger Reserve,,Tiger Reserve,,,,2009-01-01T00:00:00Z,,Dhamtari district,Chhattisgarh,20.2388,82.1132,,,1842.54,,,,,https://en.wikipedia.org/wiki/Sitanadi_Wildlife_Sanctuary,wikidata,https://en.wikipedia.org/wiki/Sitanadi_Wildlife_Sanctuary,tiger-reserves,,,,,
Q107112206,https://www.wikidata.org/wiki/Q107112206,Raimona National Park,,National Park,,,IUCN category II: National Park,2021-06-05T00:00:00Z,,Kokrajhar district,Assam,26.65972,89.97611,,,,,,Raimona National Park,,https://en.wikipedia.org/wiki/Raimona_National_Park,wikidata,https://en.wikipedia.org/wiki/Raimona_National_Park,national-parks,,,,,
Q107224583,https://www.wikidata.org/wiki/Q107224583,Lonar Wildlife Sanctuary,,Wildlife Sanctuary,,,IUCN category IV: Habitat/Species Management Area,,,Maharashtra,Maharashtra,19.975,76.5075,,,,,,,,https://en.wikipedia.org/wiki/Lonar_Wildlife_Sanctuary,wikidata,https://en.wikipedia.org/wiki/Lonar_Wildlife_Sanctuary,wildlife-sanctuaries,,,,,
Q107283783,https://www.wikidata.org/wiki/Q107283783,Koka Wildlife Sanctuary,,Wildlife Sanctuary,,,IUCN category IV: Habitat/Species Management Area,,,Maharashtra,Maharashtra,21.206861111,79.806333333,,,,,,,,https://en.wikipedia.org/wiki/Koka_Wildlife_Sanctuary,wikidata,https://en.wikipedia.org/wiki/Koka_Wildlife_Sanctuary,wildlife-sanctuaries,670036755,way,https://www.openstreetmap.org/way/670036755,Koka WLS,osm-wikidata-tag
Q107313635,https://www.wikidata.org/wiki/Q107313635,Itanagar Wildlife Sanctuary,,Wildlife Sanctuary,,,IUCN category IV: Habitat/Species Management Area,,,Papum Pare district,Arunachal Pradesh,27.068472222,93.581361111,,,,,,,,https://en.wikipedia.org/wiki/Itanagar_Wildlife_Sanctuary,wikidata,https://en.wikipedia.org/wiki/Itanagar_Wildlife_Sanctuary,wildlife-sanctuaries,677458098,way,https://www.openstreetmap.org/way/677458098,Itanagar WLS,osm-wikidata-tag
Q107324541,https://www.wikidata.org/wiki/Q107324541,Mehao Wildlife Sanctuary,,Wildlife Sanctuary,,,IUCN category IV: Habitat/Species Management Area,,,Arunachal Pradesh,Arunachal Pradesh,28.1575,95.94,,,,,,,,https://en.wikipedia.org/wiki/Mehao_Wildlife_Sanctuary,wikidata,,,668203208,way,https://www.openstreetmap.org/way/668203208,Mehao WLS,osm-wikidata-tag
Q107410387,https://www.wikidata.org/wiki/Q107410387,Amba Barwa Wildlife Sanctuary,,Wildlife Sanctuary,,,IUCN category IV: Habitat/Species Management Area,,,Maharashtra,Maharashtra,21.222305555,76.648666666,,,,,,,,https://en.wikipedia.org/wiki/Amba_Barwa_Wildlife_Sanctuary,wikidata,https://en.wikipedia.org/wiki/Amba_Barwa_Wildlife_Sanctuary,wildlife-sanctuaries,677938771,way,https://www.openstreetmap.org/way/677938771,Amba Barwa WLS,osm-wikidata-tag
Q107410544,https://www.wikidata.org/wiki/Q107410544,Yedsi Ramling Ghat Wildlife Sanctuary,,Wildlife Sanctuary,,,IUCN category IV: Habitat/Species Management Area,,,Maharashtra,Maharashtra,18.305,75.94,,,,,,,,https://en.wikipedia.org/wiki/Yedsi_Ramling_Ghat_Wildlife_Sanctuary,wikidata,https://en.wikipedia.org/wiki/Yedsi_Ramling_Ghat_Wildlife_Sanctuary,wildlife-sanctuaries,9447890,relation,https://www.openstreetmap.org/relation/9447890,Yedshi Ramling Ghat WLS,osm-wikidata-tag
Q109905245,https://www.wikidata.org/wiki/Q109905245,Nangal Wildlife Sanctuary,,Wildlife Sanctuary,,,IUCN category IV: Habitat/Species Management Area,,,Punjab,Punjab,31.4025,76.37,,,,,,,,https://en.wikipedia.org/wiki/Nangal_Wildlife_Sanctuary,wikidata,https://en.wikipedia.org/wiki/Nangal_Wildlife_Sanctuary,wildlife-sanctuaries,669107628,way,https://www.openstreetmap.org/way/669107628,Nangal WLS,osm-wikidata-tag
Q109974015,https://www.wikidata.org/wiki/Q109974015,Chincholi Wildlife Sanctuary,,Wildlife Sanctuary,,,IUCN category IV: Habitat/Species Management Area,2012-01-01T00:00:00Z,,Kalaburgi district,Karnataka,17.5,77.5,,,134.88,,,Chincholi Wildlife Sanctuary,,https://en.wikipedia.org/wiki/Chincholi_Wildlife_Sanctuary,wikidata,https://en.wikipedia.org/wiki/Chincholi_Wildlife_Sanctuary,wildlife-sanctuaries,670872941,way,https://www.openstreetmap.org/way/670872941,Chincholi WLS,osm-wikidata-tag
Q109974258,https://www.wikidata.org/wiki/Q109974258,Pulie Badze Wildlife Sanctuary,,Wildlife Sanctuary,,,IUCN category IV: Habitat/Species Management Area,,,Nagaland,Nagaland,25.6107,94.0623,,,,,,,,https://en.wikipedia.org/wiki/Pulie_Badze_Wildlife_Sanctuary,wikidata,https://en.wikipedia.org/wiki/Puliebadze_Wildlife_Sanctuary,wildlife-sanctuaries,678242452,way,https://www.openstreetmap.org/way/678242452,Puliebadze WLS,osm-wikidata-tag
Q48724282,https://www.wikidata.org/wiki/Q48724282,Cauvery North Wildlife Sanctuary,,Wildlife Sanctuary,,http://commons.wikimedia.org/wiki/Special:FilePath/Cauvery%20North%20Wildlife%20Sanctuary.jpg,IUCN category IV: Habitat/Species Management Area,,,Tamil Nadu,Tamil Nadu,12.41,77.87,,,,,,,,https://en.wikipedia.org/wiki/Cauvery_North_Wildlife_Sanctuary,wikidata,https://en.wikipedia.org/wiki/Cauvery_North_Wildlife_Sanctuary,wildlife-sanctuaries,9420649,relation,https://www.openstreetmap.org/relation/9420649,Cauvery North WLS,osm-wikidata-tag
Q48727189,https://www.wikidata.org/wiki/Q48727189,Malabar Wildlife Sanctuary,,Wildlife Sanctuary,,http://commons.wikimedia.org/wiki/Special:FilePath/Malabar%20Tree%20Nymph-Kakkayam.jpg,IUCN category IV: Habitat/Species Management Area,,,Kerala,Kerala,11.4446,75.6935,Kozhikode,,,,,Malabar Wildlife Sanctuary,,https://en.wikipedia.org/wiki/Malabar_Wildlife_Sanctuary,wikidata,https://en.wikipedia.org/wiki/Malabar_Wildlife_Sanctuary,wildlife-sanctuaries,677907120,way,https://www.openstreetmap.org/way/677907120,Malabar WLS,osm-wikidata-tag
Q48729855,https://www.wikidata.org/wiki/Q48729855,Parvati Arga Bird Sanctuary,,Wildlife Sanctuary,,,IUCN category IV: Habitat/Species Management Area,,,Uttar Pradesh,Uttar Pradesh,26.933333333,82.15,,,,,,,,https://en.wikipedia.org/wiki/Parvati_Arga_Bird_Sanctuary,wikidata,https://en.wikipedia.org/wiki/Parvati_Arga_Wildlife_Sanctuary,wildlife-sanctuaries,9302381,relation,https://www.openstreetmap.org/relation/9302381,Parvati Aranga WLS,osm-wikidata-tag
Q48730174,https://www.wikidata.org/wiki/Q48730174,Karikili Bird Sanctuary,,Bird Sanctuary,,,IUCN category IV: Habitat/Species Management Area,,,Chengalpattu district,Tamil Nadu,12.5977,79.8429,,,,,,,,https://en.wikipedia.org/wiki/Karikili_Bird_Sanctuary,wikidata,https://en.wikipedia.org/wiki/Karikili_Bird_Sanctuary,wildlife-sanctuaries,678503274,way,https://www.openstreetmap.org/way/678503274,Karikilli WLS,osm-wikidata-tag
Q48731965,https://www.wikidata.org/wiki/Q48731965,Veerangana Durgavati Wildlife Sanctuary,,Tiger Reserve,,,IUCN category IV: Habitat/Species Management Area,,,Madhya Pradesh,Madhya Pradesh,23.547,79.7286,,,,,,,,https://en.wikipedia.org/wiki/Veerangana_Durgavati_Wildlife_Sanctuary,wikidata,https://en.wikipedia.org/wiki/Veerangana_Durgavati_Wildlife_Sanctuary,tiger-reserves,669501998,way,https://www.openstreetmap.org/way/669501998,Veerangana Durgavati Wildlife Sanctuary,osm-wikidata-tag
Q55074851,https://www.wikidata.org/wiki/Q55074851,Ghodazari Wildlife Sanctuary,,Wildlife Sanctuary,,,IUCN category IV: Habitat/Species Management Area,,,Chandrapur district,Maharashtra,20.5347429,79.6332774,,,,,,Ghodazari Wildlife Sanctuary,,https://en.wikipedia.org/wiki/Ghodazari_Wildlife_Sanctuary,wikidata,https://en.wikipedia.org/wiki/Ghodazari_Wildlife_Sanctuary,wildlife-sanctuaries,,,,,
Q55615923,https://www.wikidata.org/wiki/Q55615923,Kheoni Wildlife Sanctuary,,Wildlife Sanctuary,,http://commons.wikimedia.org/wiki/Special:FilePath/Kheoni%20Wildlife%20Sanctuary%2C%20Dewas.png,IUCN category IV: Habitat/Species Management Area,1982-01-01T00:00:00Z,,Sehore district; Dewas district,Madhya Pradesh,22.8373,76.8765,,,134.778,,,Kheoni Wildlife Sanctuary,,https://en.wikipedia.org/wiki/Kheoni_Wildlife_Sanctuary,wikidata,,,669511663,way,https://www.openstreetmap.org/way/669511663,Kheoni WLS,osm-wikidata-tag
Q55633284,https://www.wikidata.org/wiki/Q55633284,Sitabani Wildlife Reserve,,Wildlife Sanctuary,,,,,,Nainital district,Uttarakhand,29.766666666,79.433333333,Ramnagar,,,,,,,https://en.wikipedia.org/wiki/Sitabani_Wildlife_Reserve,wikidata,,,,,,,
Q60744029,https://www.wikidata.org/wiki/Q60744029,Mookambika Wildlife Sanctuary,,Wildlife Sanctuary,,,IUCN category IV: Habitat/Species Management Area,,,Udupi district,Karnataka,13.7,74.65,,,,,,,,https://en.wikipedia.org/wiki/Mookambika_Wildlife_Sanctuary,wikidata,https://en.wikipedia.org/wiki/Mookambika_Wildlife_Sanctuary,wildlife-sanctuaries,670548929,way,https://www.openstreetmap.org/way/670548929,Mookambika WLS,osm-wikidata-tag
Q60753866,https://www.wikidata.org/wiki/Q60753866,Tungareshwar Wildlife Sanctuary,,Wildlife Sanctuary,,http://commons.wikimedia.org/wiki/Special:FilePath/Tungareshwar%20Wildlife%20Sanctuary%20%2828343357103%29.jpg,IUCN category IV: Habitat/Species Management Area,2003-01-01T00:00:00Z,,Palghar district,Maharashtra,19.3879,72.9358,,,85,,,Tungareshwar Wildlife Sanctuary,,https://en.wikipedia.org/wiki/Tungareshwar_Wildlife_Sanctuary,wikidata,https://en.wikipedia.org/wiki/Tungareshwar_Wildlife_Sanctuary,wildlife-sanctuaries,21057460,relation,https://www.openstreetmap.org/relation/21057460,Tungareshwar Wildlife Sanctuary,osm-wikidata-tag
Q61363881,https://www.wikidata.org/wiki/Q61363881,Nongkhyllem Wildlife Sanctuary,,Wildlife Sanctuary,,,IUCN category IV: Habitat/Species Management Area,,,Ri-Bhoi district,Meghalaya,25.927380555,91.746522222,,,,,,,,https://en.wikipedia.org/wiki/Nongkhyllem_Wildlife_Sanctuary,wikidata,https://en.wikipedia.org/wiki/Nongkhyllem_Wildlife_Sanctuary,wildlife-sanctuaries,666517430,way,https://www.openstreetmap.org/way/666517430,Nongkhyllem WLS,osm-wikidata-tag
Q65041648,https://www.wikidata.org/wiki/Q65041648,Ralamandal Wildlife Sanctuary,,Wildlife Sanctuary,,,IUCN category IV: Habitat/Species Management Area,,,Madhya Pradesh,Madhya Pradesh,22.6503,75.974,,,,,,,,https://en.wikipedia.org/wiki/Ralamandal_Wildlife_Sanctuary,wikidata,,,677919318,way,https://www.openstreetmap.org/way/677919318,Ralamandal Wildlife Sanctuary,osm-wikidata-tag
Q65068086,https://www.wikidata.org/wiki/Q65068086,Sajjangarh Wildlife Sanctuary,,Wildlife Sanctuary,,,IUCN category IV: Habitat/Species Management Area,,,Rajasthan,Rajasthan,24.596854,73.640423,Udaipur,,,,,,,https://en.wikipedia.org/wiki/Sajjangarh_Wildlife_Sanctuary,wikidata,https://en.wikipedia.org/wiki/Sajjangarh_Wildlife_Sanctuary,wildlife-sanctuaries,667026975,way,https://www.openstreetmap.org/way/667026975,Sajjangarh Wildlife Sanctuary,osm-wikidata-tag
Q65090978,https://www.wikidata.org/wiki/Q65090978,Ken Gharial Sanctuary,,Wildlife Sanctuary,,,IUCN category IV: Habitat/Species Management Area,,,Madhya Pradesh,Madhya Pradesh,24.890555555,80.076666666,,,,,,,,https://en.wikipedia.org/wiki/Ken_Gharial_Sanctuary,wikidata,https://en.wikipedia.org/wiki/Ken_Gharial_Sanctuary,wildlife-sanctuaries,669401054,way,https://www.openstreetmap.org/way/669401054,Ken Gharial Sanctuary,osm-wikidata-tag
Q65321737,https://www.wikidata.org/wiki/Q65321737,Karimpuzha Wildlife Sanctuary,,Wildlife Sanctuary,,,IUCN category IV: Habitat/Species Management Area,,,Kerala,Kerala,11.3875,76.376944444,,,,,,,,https://en.wikipedia.org/wiki/Karimpuzha_Wildlife_Sanctuary,wikidata,,,21130775,relation,https://www.openstreetmap.org/relation/21130775,Karimpuzha Wildlife Sanctuary,osm-wikidata-tag
Q85791919,https://www.wikidata.org/wiki/Q85791919,Palkot Wildlife Sanctuary,,Wildlife Sanctuary,,,IUCN category IV: Habitat/Species Management Area,,,Palkot,Jharkhand,22.744624,84.586364,,,,,,Palkot Wildlife Sanctuary,,https://en.wikipedia.org/wiki/Palkot_Wildlife_Sanctuary,wikidata,https://en.wikipedia.org/wiki/Palkot_Wildlife_Sanctuary,wildlife-sanctuaries,669556021,way,https://www.openstreetmap.org/way/669556021,Palkot WLS,osm-wikidata-tag
Q85800682,https://www.wikidata.org/wiki/Q85800682,Sharavathi LTM Wildlife Sanctuary,,Wildlife Sanctuary,,,,,,Uttara Kannada District,Karnataka,13.9,74.633333333,,,,,,Sharavati Valley Wildlife Sanctuary,,https://en.wikipedia.org/wiki/Sharavathi_LTM_Wildlife_Sanctuary,wikidata,,,670641254,way,https://www.openstreetmap.org/way/670641254,Sharavati Valley WLS,osm-wikidata-tag
Q85846882,https://www.wikidata.org/wiki/Q85846882,Pant Wildlife Sanctuary,,Wildlife Sanctuary,,,IUCN category IV: Habitat/Species Management Area,,,Bihar; Nalanda district,Bihar,24.9928,85.4233,,,,,,,,https://en.wikipedia.org/wiki/Pant_Wildlife_Sanctuary,wikidata,https://en.wikipedia.org/wiki/Pant_Wildlife_Sanctuary,wildlife-sanctuaries,668763979,way,https://www.openstreetmap.org/way/668763979,Pant (Rajgir) WLS,osm-wikidata-tag
Q96401141,https://www.wikidata.org/wiki/Q96401141,Rajiv Gandhi National Park,,National Park,,,IUCN category II: National Park,,,Andhra Pradesh,Andhra Pradesh,14.726944444,78.560833333,,,,,,,,https://en.wikipedia.org/wiki/Rajiv_Gandhi_National_Park_(Rameswaram),wikidata,https://en.wikipedia.org/wiki/Rajiv_Gandhi_National_Park_(Rameswaram),national-parks,278769809,way,https://www.openstreetmap.org/way/278769809,Rajiv Gandhi National Park,osm-wikidata-tag
Q97353441,https://www.wikidata.org/wiki/Q97353441,Kulathupuzha Range Reserved Forest,,,Western Ghats,,,1901-01-01T00:00:00Z,1342rev-005,Kerala,Kerala,8.8,77.166666666,,part of UNESCO World Heritage Site,20000,http://www.forest.kerala.gov.in/index.php/kollam/kulathupuzha-eco-tourism,,,,,wikidata,,,,,,,
Q97356733,https://www.wikidata.org/wiki/Q97356733,Palode Range Reserved Forest,,,,,,1898-01-01T00:00:00Z,1342rev-006,Kerala,Kerala,8.8,77.166666666,,part of UNESCO World Heritage Site,16500,,,,,,wikidata,,,,,,,
Q97359098,https://www.wikidata.org/wiki/Q97359098,Kalikavu Range Reserved Forest,,,Western Ghats,,,1971-01-01T00:00:00Z,1342rev-023,Kerala,Kerala,11.166666666,76.383333333,,part of UNESCO World Heritage Site,11705,,,,,,wikidata,,,,,,,
Q97361053,https://www.wikidata.org/wiki/Q97361053,Attapadi Reserved Forest,,,,,,,1342rev-024,Kerala,Kerala,11.133333333,76.466666666,,part of UNESCO World Heritage Site,6575,,,,,,wikidata,,,,,,,
Q97361413,https://www.wikidata.org/wiki/Q97361413,Mankulam Range Forest,,,Western Ghats,,,1980-01-01T00:00:00Z,1342rev-017,Kerala,Kerala,10.083333333,76.916666666,,part of UNESCO World Heritage Site,5284,,,,,,wikidata,,,,,,,
Q97379507,https://www.wikidata.org/wiki/Q97379507,Tirunelveli (North) Forest (part),,,,,,1997-01-01T00:00:00Z,1342rev-012,Tamil Nadu,Tamil Nadu,9.216666666,77.283333333,,part of UNESCO World Heritage Site,23467,,,,,,wikidata,,,,,,,
Q99342657,https://www.wikidata.org/wiki/Q99342657,Chaprala Wildlife Sanctuary,,Wildlife Sanctuary,,http://commons.wikimedia.org/wiki/Special:FilePath/View%20of%20Chaprala%20Wildlife%20Sanctuary.jpg,,,,Gadchiroli district,Maharashtra,19.665,79.828611111,,,882.22,,,,,https://en.wikipedia.org/wiki/Chaprala_Wildlife_Sanctuary?action=edit&redlink=1,wikidata,https://en.wikipedia.org/wiki/Chaprala_Wildlife_Sanctuary?action=edit&redlink=1,wildlife-sanctuaries,,,,,
Q101311408,https://www.wikidata.org/wiki/Q101311408,Agra Bear Rescue Facility,,,,http://commons.wikimedia.org/wiki/Special:FilePath/Indian%20Sloth%20Bear.jpg,,,,Agra,Uttar Pradesh,27.23583333,77.85194444,,,,,,,,https://en.wikipedia.org/wiki/Agra_Bear_Rescue_Facility,wikidata,,,,,,,
Q104822465,https://www.wikidata.org/wiki/Q104822465,Koderma Wildlife Sanctuary,,Wildlife Sanctuary,,,IUCN category IV: Habitat/Species Management Area,,,Jharkhand,Jharkhand,24.5373,85.5939,,,,,,,,https://en.wikipedia.org/wiki/Koderma_Wildlife_Sanctuary,wikidata,https://en.wikipedia.org/wiki/Koderma_Wildlife_Sanctuary,wildlife-sanctuaries,669561156,way,https://www.openstreetmap.org/way/669561156,Koderma WLS,osm-wikidata-tag
Q104868515,https://www.wikidata.org/wiki/Q104868515,Nagi Bird Sanctuary,,Bird Sanctuary,,,IUCN category IV: Habitat/Species Management Area,,,Bihar,Bihar,24.8175,86.4,,,,,,,,https://en.wikipedia.org/wiki/Nagi_Dam_Bird_Sanctuary,wikidata,,,668877723,way,https://www.openstreetmap.org/way/668877723,Nagi Dam WLS,osm-wikidata-tag
Q104879966,https://www.wikidata.org/wiki/Q104879966,Barnawapara Wildlife sanctuary,,Wildlife Sanctuary,,,IUCN category IV: Habitat/Species Management Area,,,Chhattisgarh,Chhattisgarh,21.5,82.47,,,,,,,,https://en.wikipedia.org/wiki/Barnawapara_Wildlife_Sanctuary,wikidata,https://en.wikipedia.org/wiki/Barnawapara_Wildlife_sanctuary,wildlife-sanctuaries,,,,,
Q105044248,https://www.wikidata.org/wiki/Q105044248,Lawalong Wildlife Sanctuary,,Wildlife Sanctuary,,,IUCN category IV: Habitat/Species Management Area,,,Jharkhand,Jharkhand,24.2367,84.5175,,,,,,,,https://en.wikipedia.org/wiki/Lawalong_Wildlife_Sanctuary,wikidata,https://en.wikipedia.org/wiki/Lawalong_Wildlife_Sanctuary,wildlife-sanctuaries,677840992,way,https://www.openstreetmap.org/way/677840992,Lawalong WLS,osm-wikidata-tag
Q105581798,https://www.wikidata.org/wiki/Q105581798,Benog Wildlife Sanctuary,,Wildlife Sanctuary,,,,,,Dehradun district,Uttarakhand,,,,,,,,,,,wikidata,,,,,,,
Q105806882,https://www.wikidata.org/wiki/Q105806882,Kottur Elephant Sanctuary and Rehabilitation Centre,,Wildlife Sanctuary,,,,,,Kerala,Kerala,8.4,77.16,,,,,,,,https://en.wikipedia.org/wiki/Kottur_Elephant_Sanctuary_and_Rehabilitation_Centre,wikidata,,,,,,,
Q15234037,https://www.wikidata.org/wiki/Q15234037,Kas Plateau Reserved Forest,,,Western Ghats,,,1913-01-01T00:00:00Z,1342rev-036,Maharashtra,Maharashtra,17.7,73.833,,part of UNESCO World Heritage Site,1142,,,,,https://en.wikipedia.org/wiki/Kas_plateau,wikidata,,,,,,,
Q15243705,https://www.wikidata.org/wiki/Q15243705,Mahananda Wildlife Sanctuary,,Wildlife Sanctuary,,,IUCN category IV: Habitat/Species Management Area,1976-01-01T00:00:00Z,,Darjeeling district,West Bengal,26.87361,88.43889,Siliguri,,,,,Mahananda Wildlife Sanctuary,,https://en.wikipedia.org/wiki/Mahananda_Wildlife_Sanctuary,wikidata,https://en.wikipedia.org/wiki/Mahananda_Wildlife_Sanctuary,wildlife-sanctuaries,678834890,way,https://www.openstreetmap.org/way/678834890,Mahananda WLS,osm-wikidata-tag
Q15276427,https://www.wikidata.org/wiki/Q15276427,Sessa Orchid Sanctuary,,Wildlife Sanctuary,,http://commons.wikimedia.org/wiki/Special:FilePath/Coelogyne%20nitida.jpg,IUCN category IV: Habitat/Species Management Area,1989-01-01T00:00:00Z,,West Kameng district,Arunachal Pradesh,27.2,92.5,,,100,,,,,https://en.wikipedia.org/wiki/Sessa_Orchid_Sanctuary,wikidata,https://en.wikipedia.org/wiki/Sessa_Orchid_Wildlife_Sanctuary,wildlife-sanctuaries,677464198,way,https://www.openstreetmap.org/way/677464198,Sessa Orchid WLS,osm-wikidata-tag
Q15650265,https://www.wikidata.org/wiki/Q15650265,Nalbana Bird Sanctuary,,Bird Sanctuary,,,IUCN category IV: Habitat/Species Management Area,,,Odisha,Odisha,19.69416667,85.30666667,,Ramsar site,,,,,,https://en.wikipedia.org/wiki/Nalbana_Bird_Sanctuary,wikidata,https://en.wikipedia.org/wiki/Nalbana_Bird_Sanctuary,wildlife-sanctuaries,86140211,way,https://www.openstreetmap.org/way/86140211,Chilikha (Nalabana) WLS,osm-wikidata-tag
Q15723901,https://www.wikidata.org/wiki/Q15723901,Kuldiha Wildlife Sanctuary,,Wildlife Sanctuary,,,IUCN category IV: Habitat/Species Management Area,1984-01-04T00:00:00Z,,Balasore district,Odisha,21.333333333,86.5,Balasore,,,http://www.kuldihatourism.com,,,,https://en.wikipedia.org/wiki/Kuldiha_Wildlife_Sanctuary,wikidata,https://en.wikipedia.org/wiki/Kuldiha_Wildlife_Sanctuary,wildlife-sanctuaries,669795314,way,https://www.openstreetmap.org/way/669795314,Kuldiha WLS,osm-wikidata-tag
Q15839097,https://www.wikidata.org/wiki/Q15839097,Nanda Devi and Valley of Flowers National Parks,,National Park,,http://commons.wikimedia.org/wiki/Special:FilePath/Glimpse%20of%20Nanda%20Devi%20amidst%20the%20clouds%20from%20Valley%20of%20Flowers.jpg,,,335,Uttarakhand,Uttarakhand,30.71667,79.66667,,World Heritage Site,514286,,,Nanda Devi and Valley of Flowers National Parks,,https://en.wikipedia.org/wiki/Nanda_Devi_and_Valley_of_Flowers_National_Parks,wikidata,,,,,,,
Q15982945,https://www.wikidata.org/wiki/Q15982945,Kaimoor Sanctuary,,Wildlife Sanctuary,,,IUCN category IV: Habitat/Species Management Area,,,Uttar Pradesh,Uttar Pradesh,24.685,83.068,,,,,,Kaimoor Wildlife Sanctuary,,https://en.wikipedia.org/wiki/Kaimoor_Wildlife_Sanctuary,wikidata,https://en.wikipedia.org/wiki/Kaimoor_Wildlife_Sanctuary,wildlife-sanctuaries,668643371,way,https://www.openstreetmap.org/way/668643371,Kaimur WLS,osm-wikidata-tag
Q16155392,https://www.wikidata.org/wiki/Q16155392,Bhindawas Wildlife Sanctuary,,Wildlife Sanctuary,,,IUCN category IV: Habitat/Species Management Area,,,Haryana; Jhajjar district,Haryana,28.5326,76.5515,,,,,,,,https://en.wikipedia.org/wiki/Bhindawas_Wildlife_Sanctuary,wikidata,https://en.wikipedia.org/wiki/Bhindawas_Wildlife_Sanctuary,wildlife-sanctuaries,,,,,
Q16253187,https://www.wikidata.org/wiki/Q16253187,Bankapur Peacock Sanctuary,,Wildlife Sanctuary,,,,,,Haveri district,Karnataka,14.92,75.262,,,,,,,,https://en.wikipedia.org/wiki/Bankapura_Peacock_Sanctuary,wikidata,,,,,,,
Q16887542,https://www.wikidata.org/wiki/Q16887542,Netravali Wildlife Sanctuary,,Wildlife Sanctuary,,,IUCN category IV: Habitat/Species Management Area,,,Goa,Goa,15.1085,74.2561,,,,,,,,https://en.wikipedia.org/wiki/Netravali_Wildlife_Sanctuary,wikidata,https://en.wikipedia.org/wiki/Netravali_Wildlife_Sanctuary,wildlife-sanctuaries,,,,,
Q16894124,https://www.wikidata.org/wiki/Q16894124,Lengteng Wildlife Sanctuary,,Wildlife Sanctuary,,,IUCN category IV: Habitat/Species Management Area,,,Mizoram,Mizoram,23.8333,93.2167,Ngopa,,,,,,,https://en.wikipedia.org/wiki/Lengteng_Wildlife_Sanctuary,wikidata,https://en.wikipedia.org/wiki/Lengteng_Wildlife_Sanctuary,wildlife-sanctuaries,662960902,way,https://www.openstreetmap.org/way/662960902,Lengteng WLS,osm-wikidata-tag
Q16894577,https://www.wikidata.org/wiki/Q16894577,Mandagadde Bird Sanctuary,,Bird Sanctuary,,,,,,Thirthahalli,Karnataka,13.7406,75.4603,,,0.0046,,,Mandagadde Bird Sanctuary,,https://en.wikipedia.org/wiki/Mandagadde_Bird_Sanctuary,wikidata,,,,,,,
Q16896392,https://www.wikidata.org/wiki/Q16896392,Pangolakha Wildlife Sanctuary,,Wildlife Sanctuary,,http://commons.wikimedia.org/wiki/Special:FilePath/Landscape%20of%20Pangolakha%20Wildlife%20Sanctuary%20East%20Sikkim%20India%2013.02.2016.jpg,IUCN category IV: Habitat/Species Management Area,1999-01-01T00:00:00Z,,East Sikkim district,Sikkim,27.34,88.76,Rangpo,,124,,,,,https://en.wikipedia.org/wiki/Pangolakha_Wildlife_Sanctuary,wikidata,https://en.wikipedia.org/wiki/Pangolakha_Wildlife_Sanctuary,wildlife-sanctuaries,,,,,
Q16900034,https://www.wikidata.org/wiki/Q16900034,Shekha Bird Sanctuary,,Bird Sanctuary,,,IUCN category IV: Habitat/Species Management Area,,,Uttar Pradesh,Uttar Pradesh,27.8575,78.2185,Aligarh,,,,,,,https://en.wikipedia.org/wiki/Shekha_Bird_Sanctuary,wikidata,https://en.wikipedia.org/wiki/Shekha_Bird_Sanctuary,wildlife-sanctuaries,19892043,relation,https://www.openstreetmap.org/relation/19892043,Sekha WLS,osm-wikidata-tag
Q16948098,https://www.wikidata.org/wiki/Q16948098,Kanwar Sanctuary,,Wildlife Sanctuary,,,IUCN category IV: Habitat/Species Management Area,,,Himachal Pradesh,Himachal Pradesh,31.9523,77.3116,,,,,,,,https://en.wikipedia.org/wiki/Kanwar_Sanctuary,wikidata,https://en.wikipedia.org/wiki/Kanwar_Wildlife_Sanctuary,wildlife-sanctuaries,,,,,
Q16954910,https://www.wikidata.org/wiki/Q16954910,Nambor - Doigrung Wildlife Sanctuary,,Wildlife Sanctuary,,,IUCN category IV: Habitat/Species Management Area,2003-01-01T00:00:00Z,,Assam,Assam,26.4185,93.8728,Golaghat,,,,,,,https://en.wikipedia.org/wiki/Nambor_-_Doigrung_Wildlife_Sanctuary,wikidata,https://en.wikipedia.org/wiki/Nambor_-_Doigrung_Wildlife_Sanctuary,wildlife-sanctuaries,9405340,relation,https://www.openstreetmap.org/relation/9405340,Nambor-Doigrung WLS,osm-wikidata-tag
Q16979364,https://www.wikidata.org/wiki/Q16979364,Kanyakumari Wildlife Sanctuary,,Wildlife Sanctuary,,,,,,Tamil Nadu,Tamil Nadu,8.3543,77.34334,,,,,,,,https://en.wikipedia.org/wiki/Kanniyakumari_Wildlife_Sanctuary,wikidata,https://en.wikipedia.org/wiki/Kanyakumari_Wildlife_Sanctuary,wildlife-sanctuaries,9336178,relation,https://www.openstreetmap.org/relation/9336178,Kanyakumari WLS,osm-wikidata-tag
Q17002774,https://www.wikidata.org/wiki/Q17002774,Abubshahar Wildlife Sanctuary,,Wildlife Sanctuary,,,IUCN category IV: Habitat/Species Management Area,,,Haryana,Haryana,29.8643,74.6172,,,,,,,,https://en.wikipedia.org/wiki/Abubshahar_Wildlife_Sanctuary,wikidata,https://en.wikipedia.org/wiki/Abubshahar_Wildlife_Sanctuary,wildlife-sanctuaries,,,,,
Q17002798,https://www.wikidata.org/wiki/Q17002798,Bir Shikargarh Wildlife Sanctuary,,Wildlife Sanctuary,,,IUCN category IV: Habitat/Species Management Area,,,Haryana,Haryana,30.7689,76.96822,,,,,,,,https://en.wikipedia.org/wiki/Bir_Shikargarh_Wildlife_Sanctuary,wikidata,https://en.wikipedia.org/wiki/Bir_Shikargah_Wildlife_Sanctuary,wildlife-sanctuaries,668504384,way,https://www.openstreetmap.org/way/668504384,Bir Shikargarh WLS,osm-wikidata-tag
Q17002860,https://www.wikidata.org/wiki/Q17002860,Khol Hi-Raitan Wildlife Sanctuary,,Wildlife Sanctuary,,,IUCN category IV: Habitat/Species Management Area,,,Haryana,Haryana,30.7077,76.9405,,,,,,,,https://en.wikipedia.org/wiki/Khol_Hi-Raitan_Wildlife_Sanctuary,wikidata,https://en.wikipedia.org/wiki/Khol_Hi-Raitan_Wildlife_Sanctuary,wildlife-sanctuaries,668498256,way,https://www.openstreetmap.org/way/668498256,Morni Hills (Khol-Hi-Raitan) WLS,osm-wikidata-tag
Q17002923,https://www.wikidata.org/wiki/Q17002923,Nahar Wildlife Sanctuary,,Wildlife Sanctuary,,,IUCN category IV: Habitat/Species Management Area,,,Haryana,Haryana,28.4094,76.397,,,,,,,,https://en.wikipedia.org/wiki/Nahar_Wildlife_Sanctuary,wikidata,https://en.wikipedia.org/wiki/Nahar_Wildlife_Sanctuary,wildlife-sanctuaries,668500132,way,https://www.openstreetmap.org/way/668500132,Nahar WLS,osm-wikidata-tag
Q17002953,https://www.wikidata.org/wiki/Q17002953,Saraswati Wildlife Sanctuary,,Wildlife Sanctuary,,,IUCN category IV: Habitat/Species Management Area,1988-07-29T00:00:00Z,,Haryana,Haryana,29.9928,76.3567,,,,,,,,https://en.wikipedia.org/wiki/Saraswati_Wildlife_Sanctuary,wikidata,,,,,,,
Q17003846,https://www.wikidata.org/wiki/Q17003846,Chhilchhila Wildlife Sanctuary,,Wildlife Sanctuary,,,IUCN category IV: Habitat/Species Management Area,,,Haryana,Haryana,29.9384,76.6811,,,,,,,,https://en.wikipedia.org/wiki/Chhilchhila_Wildlife_Sanctuary,wikidata,https://en.wikipedia.org/wiki/Chhilchhila_Wildlife_Sanctuary,wildlife-sanctuaries,668509004,way,https://www.openstreetmap.org/way/668509004,Chhilchhila WLS,osm-wikidata-tag
Q17005614,https://www.wikidata.org/wiki/Q17005614,Khaparwas Wildlife Sanctuary,,Wildlife Sanctuary,,,IUCN category IV: Habitat/Species Management Area,,,Haryana; Jhajjar district,Haryana,28.5651,76.5273,,,,,,,,https://en.wikipedia.org/wiki/Khaparwas_Wildlife_Sanctuary,wikidata,https://en.wikipedia.org/wiki/Khaparwas_Wildlife_Sanctuary,wildlife-sanctuaries,668505218,way,https://www.openstreetmap.org/way/668505218,Khaparwas WLS,osm-wikidata-tag
Q17010836,https://www.wikidata.org/wiki/Q17010836,Achabal Wildlife Sanctuary,,Wildlife Sanctuary,,,,,,Anantnag district,Jammu and Kashmir,,,,,,,,,,https://en.wikipedia.org/wiki/Achabal_Wildlife_Sanctuary,wikidata,,,,,,,
Q17014014,https://www.wikidata.org/wiki/Q17014014,Kolleru Bird Sanctuary,,Wildlife Sanctuary,,http://commons.wikimedia.org/wiki/Special:FilePath/Egrets%20in%20AP%20W%20IMG%203792.jpg,IUCN category IV: Habitat/Species Management Area,,,Andhra Pradesh,Andhra Pradesh,16.61666667,81.2,Eluru,,,,,Kolleru Bird Sanctuary,,https://en.wikipedia.org/wiki/Kolleru_Bird_Sanctuary,wikidata,https://en.wikipedia.org/wiki/Kolleru_Wildlife_Sanctuary,wildlife-sanctuaries,135417091,way,https://www.openstreetmap.org/way/135417091,Kolleru WLS,osm-wikidata-tag
Q17051622,https://www.wikidata.org/wiki/Q17051622,Maenam Wildlife Sanctuary,,Wildlife Sanctuary,,,IUCN category IV: Habitat/Species Management Area,1987-01-01T00:00:00Z,,Namchi district,Sikkim,27.338032,88.385591,,,36.34,,,,,https://en.wikipedia.org/wiki/Maenam_Wildlife_Sanctuary,wikidata,https://en.wikipedia.org/wiki/Maenam_Wildlife_Sanctuary,wildlife-sanctuaries,668995728,way,https://www.openstreetmap.org/way/668995728,Maenam WLS,osm-wikidata-tag
Q17052151,https://www.wikidata.org/wiki/Q17052151,Dumna Nature Reserve Park,,,,http://commons.wikimedia.org/wiki/Special:FilePath/Main%20Gate%20of%20Dumna%20Nature%20Park.jpg,,,,Jabalpur district,Madhya Pradesh,23.283333333,80.266666666,,,,,,Dumna Nature Reserve Park,,https://en.wikipedia.org/wiki/Dumna_Nature_Reserve_Park,wikidata,,,,,,,
Q17064063,https://www.wikidata.org/wiki/Q17064063,Karera Wildlife Sanctuary,,Wildlife Sanctuary,,,IUCN category IV: Habitat/Species Management Area,,,Madhya Pradesh,Madhya Pradesh,25.6304,78.1346,,,,,,,,https://en.wikipedia.org/wiki/Karera_Wildlife_Sanctuary,wikidata,https://en.wikipedia.org/wiki/Karera_Wildlife_Sanctuary,wildlife-sanctuaries,669490136,way,https://www.openstreetmap.org/way/669490136,Karera WLS,osm-wikidata-tag
Q17067959,https://www.wikidata.org/wiki/Q17067959,Kugti Sanctuary,,Wildlife Sanctuary,,,IUCN category IV: Habitat/Species Management Area,,,Himachal Pradesh,Himachal Pradesh,32.59861111,76.88527778,,,,,,,,https://en.wikipedia.org/wiki/Kugti_Sanctuary,wikidata,https://en.wikipedia.org/wiki/Kugti_Sanctuary,wildlife-sanctuaries,667934530,way,https://www.openstreetmap.org/way/667934530,Kugti WLS,osm-wikidata-tag
Q17068229,https://www.wikidata.org/wiki/Q17068229,Kutch Desert Wildlife Sanctuary,,Wildlife Sanctuary,,,IUCN category IV: Habitat/Species Management Area,1986-01-01T00:00:00Z,,Kutch district,Gujarat,23.91,70.44,,,7506.22,,,,,https://en.wikipedia.org/wiki/Kutch_Desert_Wildlife_Sanctuary,wikidata,https://en.wikipedia.org/wiki/Kutch_Desert_Wildlife_Sanctuary,wildlife-sanctuaries,669220103,way,https://www.openstreetmap.org/way/669220103,Kachchh Desert WLS,osm-wikidata-tag
Q17076761,https://www.wikidata.org/wiki/Q17076761,Najafgarh drain bird sanctuary,,Bird Sanctuary,,,,,,Delhi,National Capital Territory of Delhi,28.504,76.944,,,,,,,,https://en.wikipedia.org/wiki/Najafgarh_drain_bird_sanctuary,wikidata,,,,,,,
Q17082192,https://www.wikidata.org/wiki/Q17082192,Patna Bird Sanctuary,,Bird Sanctuary,,http://commons.wikimedia.org/wiki/Special:FilePath/Patna%20Bird%20sanctury.jpg,IUCN category IV: Habitat/Species Management Area,,,Uttar Pradesh,Uttar Pradesh,27.518055555,78.280555555,,,,,,,,https://en.wikipedia.org/wiki/Patna_Bird_Sanctuary,wikidata,https://en.wikipedia.org/wiki/Patna_Bird_Sanctuary,wildlife-sanctuaries,668735342,way,https://www.openstreetmap.org/way/668735342,Patna WLS,osm-wikidata-tag
Q17138383,https://www.wikidata.org/wiki/Q17138383,Rajparian Wildlife Sanctuary,,Wildlife Sanctuary,,,IUCN category IV: Habitat/Species Management Area,,,Anantnag district,Jammu and Kashmir,33.6594,75.4714,,,,,,,,https://en.wikipedia.org/wiki/Rajparian_Wildlife_Sanctuary,wikidata,https://en.wikipedia.org/wiki/Rajparian_Wildlife_Sanctuary,wildlife-sanctuaries,676580959,way,https://www.openstreetmap.org/way/676580959,Rajparian (Daksum) WLS,osm-wikidata-tag
Q17564493,https://www.wikidata.org/wiki/Q17564493,Bordoibam Bilmukh Bird Sanctuary,,Bird Sanctuary,,,,,,Assam,Assam,27.066667,94.5,,,,,,,,,wikidata,,,,,,,
Q18110132,https://www.wikidata.org/wiki/Q18110132,Balimela Wildlife Sanctuary,,Wildlife Sanctuary,,,,,,Malkangiri district,Odisha,18.221411,82.105731,,,,,,,,https://en.wikipedia.org/wiki/Balimela_Wildlife_Sanctuary,wikidata,,,,,,,
Q18110145,https://www.wikidata.org/wiki/Q18110145,Balukhand-Konark Wildlife Sanctuary,,Wildlife Sanctuary,,,IUCN category IV: Habitat/Species Management Area,1984-01-01T00:00:00Z,,Odisha,Odisha,19.8619,86.0477,Puri,,,,,Balukhand-Konark Wildlife Sanctuary,,https://en.wikipedia.org/wiki/Balukhand-Konark_Wildlife_Sanctuary,wikidata,https://en.wikipedia.org/wiki/Balukhand-Konark_Wildlife_Sanctuary,wildlife-sanctuaries,669780824,way,https://www.openstreetmap.org/way/669780824,Balukhand Konark WLS,osm-wikidata-tag
Q18111621,https://www.wikidata.org/wiki/Q18111621,Debrigarh Wildlife Sanctuary,,Wildlife Sanctuary,,,IUCN category IV: Habitat/Species Management Area,,,Bargarh district,Odisha,21.557097,83.646108,,,,,,,,https://en.wikipedia.org/wiki/Debrigarh_Wildlife_Sanctuary,wikidata,https://en.wikipedia.org/wiki/Debrigarh_Wildlife_Sanctuary,wildlife-sanctuaries,669786486,way,https://www.openstreetmap.org/way/669786486,Debrigarh WLS,osm-wikidata-tag
Q18125400,https://www.wikidata.org/wiki/Q18125400,Hadgarh Wildlife Sanctuary,,Wildlife Sanctuary,,,IUCN category IV: Habitat/Species Management Area,,,Kendujhar district,Odisha,21.2934,86.2689,Bhadrak,,,,,,,https://en.wikipedia.org/wiki/Hadgarh_Wildlife_Sanctuary,wikidata,https://en.wikipedia.org/wiki/Hadgarh_Wildlife_Sanctuary,wildlife-sanctuaries,669819759,way,https://www.openstreetmap.org/way/669819759,Hadgarh WLS,osm-wikidata-tag
Q18126911,https://www.wikidata.org/wiki/Q18126911,Kondakameru Wildlife Sanctuary,,Wildlife Sanctuary,,,,,,Malkangiri district,Odisha,18.366719,81.982249,,,,,,,,https://en.wikipedia.org/wiki/Kondakameru_Wildlife_Sanctuary,wikidata,,,,,,,
Q18128630,https://www.wikidata.org/wiki/Q18128630,Nelapattu Bird Sanctuary,,Bird Sanctuary,,http://commons.wikimedia.org/wiki/Special:FilePath/Nellapattu%20Bird%20Sanctuary%20board.jpg,,,,Tirupati district,Andhra Pradesh,13.83325,79.94962,,,,,,,,https://en.wikipedia.org/wiki/Nelapattu_Bird_Sanctuary,wikidata,https://en.wikipedia.org/wiki/Nelapattu_Bird_Sanctuary,wildlife-sanctuaries,671047498,way,https://www.openstreetmap.org/way/671047498,Nellapattu Bird Sanctuary,osm-wikidata-tag
Q18129185,https://www.wikidata.org/wiki/Q18129185,Papikonda National Park,,National Park,,,IUCN category II: National Park,,,Andhra Pradesh,Andhra Pradesh,17.483,81.4856,,,591,,,,,https://en.wikipedia.org/wiki/Papikonda_National_Park,wikidata,https://en.wikipedia.org/wiki/Papikonda_National_Park,national-parks,9282307,relation,https://www.openstreetmap.org/relation/9282307,Papikonda National Park,osm-wikidata-tag
Q18355976,https://www.wikidata.org/wiki/Q18355976,Udaypur Wildlife Sanctuary,,Wildlife Sanctuary,,,IUCN category IV: Habitat/Species Management Area,,,Bihar,Bihar,26.815789,84.4324626,,,,,,,,https://en.wikipedia.org/wiki/Udaypur_Wildlife_Sanctuary,wikidata,https://en.wikipedia.org/wiki/Udaypur_Wildlife_Sanctuary,wildlife-sanctuaries,668850029,way,https://www.openstreetmap.org/way/668850029,Udaipur WLS,osm-wikidata-tag
Q18357307,https://www.wikidata.org/wiki/Q18357307,Uppalapadu Bird Sanctuary,,Bird Sanctuary,,http://commons.wikimedia.org/wiki/Special:FilePath/Uppalapadu%20Bird%20Sanctuary%20Entrance.jpg,,,,Andhra Pradesh,Andhra Pradesh,,,,,,,,Uppalapadu Bird Sanctuary,,https://en.wikipedia.org/wiki/Uppalapadu_Bird_Sanctuary,wikidata,,,,,,,
Q19326278,https://www.wikidata.org/wiki/Q19326278,Borail Wildlife Sanctuary,,Wildlife Sanctuary,,,,,,Assam,Assam,25.082,92.678,,,,,,,,https://en.wikipedia.org/wiki/Borail_Wildlife_Sanctuary,wikidata,https://en.wikipedia.org/wiki/Borail_Wildlife_Sanctuary,wildlife-sanctuaries,9300496,relation,https://www.openstreetmap.org/relation/9300496,Barail WLS,osm-wikidata-tag
Q19361520,https://www.wikidata.org/wiki/Q19361520,East Karbi-Anglong Wildlife Sanctuary,,Wildlife Sanctuary,,,IUCN category IV: Habitat/Species Management Area,,,Assam,Assam,25.92,93.3829,,,,,,,,https://en.wikipedia.org/wiki/East_Karbi-Anglong_Wildlife_Sanctuary,wikidata,https://en.wikipedia.org/wiki/East_Karbi-Anglong_Wildlife_Sanctuary,wildlife-sanctuaries,677493281,way,https://www.openstreetmap.org/way/677493281,East Karbi Anglong WLS,osm-wikidata-tag
Q19361617,https://www.wikidata.org/wiki/Q19361617,Amchang Wildlife Sanctuary,,Wildlife Sanctuary,,,IUCN category IV: Habitat/Species Management Area,,,Assam,Assam,26.18422,91.86213,,,78.64,,,,,https://en.wikipedia.org/wiki/Amchang_Wildlife_Sanctuary,wikidata,https://en.wikipedia.org/wiki/Amchang_Wildlife_Sanctuary,wildlife-sanctuaries,9447819,relation,https://www.openstreetmap.org/relation/9447819,,osm-wikidata-tag
Q19833696,https://www.wikidata.org/wiki/Q19833696,Balaram Ambaji Widelife Sanctuary,,Wildlife Sanctuary,,http://commons.wikimedia.org/wiki/Special:FilePath/AViewOfPeaksOnTheWayToAmbaji.JPG,IUCN category IV: Habitat/Species Management Area,1989-01-01T00:00:00Z,,Gujarat,Gujarat,24.356118321,72.642752927,Palanpur,,542.08,,,,,https://en.wikipedia.org/wiki/Balaram_Ambaji_Wildlife_Sanctuary,wikidata,https://en.wikipedia.org/wiki/Balaram_Ambaji_Wildlife_Sanctuary,wildlife-sanctuaries,677299023,way,https://www.openstreetmap.org/way/677299023,Balaram Ambaji WLS,osm-wikidata-tag
Q1723746,https://www.wikidata.org/wiki/Q1723746,Kanger Ghati National Park,Kanger Valley National Park,National Park,,http://commons.wikimedia.org/wiki/Special:FilePath/Kanger%20valley12.JPG,IUCN category II: National Park,1982-01-01T00:00:00Z,,Bastar district,Chhattisgarh,18.832,82.011,Jagdalpur,Tentative World Heritage Site,200,,,Kanger Ghati National Park,,https://en.wikipedia.org/wiki/Kanger_Valley_National_Park,wikidata,https://en.wikipedia.org/wiki/Kanger_Ghati_National_Park,national-parks,680051181,way,https://www.openstreetmap.org/way/680051181,Kanger Ghati National Park,osm-wikidata-tag
Q1766106,https://www.wikidata.org/wiki/Q1766106,Kudremukh National Park,Kuduremukha,National Park,,http://commons.wikimedia.org/wiki/Special:FilePath/Kudremukh%20TheHorseFace.JPG,IUCN category II: National Park,1916-01-01T00:00:00Z,1342rev-031,Chikmagalur district,Karnataka,13.129511111,75.268552777,,part of UNESCO World Heritage Site,60032,,http://commons.wikimedia.org/wiki/Special:FilePath/Kudremukh%20National%20Park%20banner.jpg,Kudremukh,,https://en.wikipedia.org/wiki/Kudremukha,wikidata,https://en.wikipedia.org/wiki/Kudremukh_National_Park,national-parks,,,,,
Q1858071,https://www.wikidata.org/wiki/Q1858071,Panna National Park,Panna Biosphere Reserve,Tiger Reserve,,http://commons.wikimedia.org/wiki/Special:FilePath/Panna%20National%20Park%20Map.jpg,IUCN category II: National Park,,,Madhya Pradesh,Madhya Pradesh,24.73044444,80.01022222,Panna,,,,http://commons.wikimedia.org/wiki/Special:FilePath/Panna%20National%20Park%20Banner.jpg,Panna National Park,,https://en.wikipedia.org/wiki/Panna_National_Park,wikidata,https://en.wikipedia.org/wiki/Panna_National_Park,tiger-reserves,160695615,way,https://www.openstreetmap.org/way/160695615,Panna National Park,osm-wikidata-tag
Q2226064,https://www.wikidata.org/wiki/Q2226064,Sathyamangalam Tiger Reserve,STR,Tiger Reserve,,http://commons.wikimedia.org/wiki/Special:FilePath/Elephant%20Gobi.jpg,IUCN category IV: Habitat/Species Management Area,2008-01-01T00:00:00Z,,Erode district,Tamil Nadu,11,77,,,1412,,,Sathyamangalam Tiger Reserve,,https://en.wikipedia.org/wiki/Sathyamangalam_Tiger_Reserve,wikidata,https://en.wikipedia.org/wiki/Sathyamangalam_Wildlife_Sanctuary,tiger-reserves,4192204,relation,https://www.openstreetmap.org/relation/4192204,Sathyamangalam WLS/Tiger Reserve,osm-wikidata-tag
Q2372700,https://www.wikidata.org/wiki/Q2372700,Mudumalai National Park,Mudumalai Tiger Reserve,Tiger Reserve,,http://commons.wikimedia.org/wiki/Special:FilePath/Elephant%20Female%20and%20Calf%20Mudumalai%20Mar21%20DSC01384.jpg,IUCN category II: National Park,1940-01-01T00:00:00Z,,Nilgiris district,Tamil Nadu,11.6,76.5,Coimbatore,,321,http://www.forests.tn.nic.in/WildBiodiversity/np_mnp.html,http://commons.wikimedia.org/wiki/Special:FilePath/Mudumalai%20National%20Park%20banner.jpg,Mudumalai National Park,,https://en.wikipedia.org/wiki/Mudumalai_National_Park,wikidata,https://en.wikipedia.org/wiki/Mudumalai_National_Park,tiger-reserves,159049306,way,https://www.openstreetmap.org/way/159049306,Mudumalai National Park,osm-wikidata-tag
Q2429161,https://www.wikidata.org/wiki/Q2429161,Melghat Tiger Reserve,Melghat Tiger Reserve,Tiger Reserve,,http://commons.wikimedia.org/wiki/Special:FilePath/Melghat%20Tiger%20Reserve.JPG,,,,Amravati district,Maharashtra,21.44583333,77.19722222,,,,http://melghattiger.gov.in/,,Melghat,,https://en.wikipedia.org/wiki/Melghat,wikidata,https://en.wikipedia.org/wiki/Melghat,tiger-reserves,,,,,
Q2572177,https://www.wikidata.org/wiki/Q2572177,Sariska Tiger Reserve,Sariska National Park,Tiger Reserve,,http://commons.wikimedia.org/wiki/Special:FilePath/Deer%20in%20Sariska%20Reserve.jpg,IUCN category IV: Habitat/Species Management Area,1955-01-01T00:00:00Z,,Jaipur division,Rajasthan,27.32856,76.43319,Alwar,,219,http://www.sariska.com/,http://commons.wikimedia.org/wiki/Special:FilePath/Sariska%20Reserve%20and%20National%20Park%20banner.jpg,Sariska Tiger Reserve,9466769,https://en.wikipedia.org/wiki/Sariska_Tiger_Reserve,wikidata,https://en.wikipedia.org/wiki/Sariska_Tiger_Reserve,national-parks,9466769,relation,https://www.openstreetmap.org/relation/9466769,Sariska Tiger Reserve,wikidata-p402
Q2580141,https://www.wikidata.org/wiki/Q2580141,Bhitarkanika National Park,Bhitarkanika Sanctuary,National Park,,http://commons.wikimedia.org/wiki/Special:FilePath/Bhitarkanika%20Mangroves%20Flora%20and%20Fauna%2004.JPG,IUCN category II: National Park,1975-01-01T00:00:00Z,,Kendrapara district,Odisha,20.6625,86.9341,Kendrapara,,145,,http://commons.wikimedia.org/wiki/Special:FilePath/Bhitarkanika%20National%20Park%20Banner.jpg,Bhitarkanika National Park,,https://en.wikipedia.org/wiki/Bhitarkanika_National_Park,wikidata,,,8815438,relation,https://www.openstreetmap.org/relation/8815438,Bhitarkanika National Park,osm-wikidata-tag
Q532440,https://www.wikidata.org/wiki/Q532440,Sundarbans National Park,Sundarban National Park; Sunderban National Park; Sunderbans National Park,Tiger Reserve,Sundarbans,http://commons.wikimedia.org/wiki/Special:FilePath/Sundarban%20Tiger.jpg,IUCN category II: National Park,1984-01-01T00:00:00Z,452,South 24 Parganas district,West Bengal,21.75,88.75,Canning,World Heritage Site,133010,https://culture.gov.in/sundarbans-national-park,http://commons.wikimedia.org/wiki/Special:FilePath/WV%20banner%20Sundarbans.jpg,Sundarbans National Park,13617703,https://en.wikipedia.org/wiki/Sundarbans_National_Park,wikidata,https://en.wikipedia.org/wiki/Sundarbans_National_Park,tiger-reserves,13617703,relation,https://www.openstreetmap.org/relation/13617703,Sunderbans National Park,wikidata-p402
Q648548,https://www.wikidata.org/wiki/Q648548,Guindy National Park,Guindy Park,National Park,,http://commons.wikimedia.org/wiki/Special:FilePath/Guindy%20national%20park.jpg,IUCN category II: National Park,1977-01-01T00:00:00Z,,Chennai district,Tamil Nadu,13.00259,80.23079,Chennai,,2.8,,,Guindy National Park,,https://en.wikipedia.org/wiki/Guindy_National_Park,wikidata,https://en.wikipedia.org/wiki/Guindy_National_Park,national-parks,25006292,way,https://www.openstreetmap.org/way/25006292,Guindy National Park,osm-wikidata-tag
Q648907,https://www.wikidata.org/wiki/Q648907,Sanjay Gandhi National Park,Borivali National Park,National Park,,http://commons.wikimedia.org/wiki/Special:FilePath/Sanjay%20Gandhi%20National%20Park.JPG,IUCN category II: National Park,1942-01-01T00:00:00Z,,Mumbai,Maharashtra,19.25,72.9167,Mumbai,,104,https://sgnp.maharashtra.gov.in/,,Sanjay Gandhi National Park,,https://en.wikipedia.org/wiki/Sanjay_Gandhi_National_Park,wikidata,https://en.wikipedia.org/wiki/Sanjay_Gandhi_National_Park,national-parks,6245228,relation,https://www.openstreetmap.org/relation/6245228,Sanjay Gandhi National Park,osm-wikidata-tag
Q665110,https://www.wikidata.org/wiki/Q665110,Bandipur National Park,Bandipur Tiger Reserve; Venugopala Wildlife Sanctuary,Tiger Reserve,,http://commons.wikimedia.org/wiki/Special:FilePath/Large%20Chital%20herd%20at%20Bandipur%20National%20Park.jpg,IUCN category II: National Park,1941-01-01T00:00:00Z,,Chamarajanagar district,Karnataka,11.664444,76.627222,Chamarajanagar,,872.24,,http://commons.wikimedia.org/wiki/Special:FilePath/Bandipur%20National%20Park%20WV%20banner.jpg,Bandipur National Park,,https://en.wikipedia.org/wiki/Bandipur_National_Park,wikidata,https://en.wikipedia.org/wiki/Bandipur_National_Park,tiger-reserves,159049291,way,https://www.openstreetmap.org/way/159049291,Bandipur National Park,osm-wikidata-tag
Q763034,https://www.wikidata.org/wiki/Q763034,Nawegaon National Park,Navegaon National Park,National Park,,http://commons.wikimedia.org/wiki/Special:FilePath/Sarus%20Crane%20flexing%20its%20wings.jpg,IUCN category II: National Park,1975-01-01T00:00:00Z,,Gondia district,Maharashtra,20.93333333,80.16666667,Arjuni Morgaon,,133.88,,,Nawegaon National Park,,https://en.wikipedia.org/wiki/Navegaon_National_Park,wikidata,,,307541594,way,https://www.openstreetmap.org/way/307541594,Nawegaon National Park,osm-wikidata-tag
Q806310,https://www.wikidata.org/wiki/Q806310,Bandhavgarh National Park,Bandhavgarh NP,Tiger Reserve,,http://commons.wikimedia.org/wiki/Special:FilePath/Tigress%20in%20Bandhavgarh%20NP.jpg,IUCN category II: National Park,1968-01-01T00:00:00Z,,Umaria district,Madhya Pradesh,23.69944444,80.96194444,Umaria,,448,http://mpforest.org/bandhavgarh.html,http://commons.wikimedia.org/wiki/Special:FilePath/Bandhavgarh.jpg,Bandhavgarh National Park,15694340,https://en.wikipedia.org/wiki/Bandhavgarh_National_Park,wikidata,https://en.wikipedia.org/wiki/Bandhavgarh_National_Park,tiger-reserves,15694340,relation,https://www.openstreetmap.org/relation/15694340,Bandhavgarh National Park,wikidata-p402
Q880724,https://www.wikidata.org/wiki/Q880724,Blackbuck National Park,Velavadar National Park,National Park,,http://commons.wikimedia.org/wiki/Special:FilePath/Antilope%20cervicapra%20from%20velavadar.JPG,IUCN category II: National Park,1976-01-01T00:00:00Z,,Bhavnagar district,Gujarat,22.03333333,72,,,34,,http://commons.wikimedia.org/wiki/Special:FilePath/Blackbuck%20National%20Park%20banner.jpg,Blackbuck National Park,,"https://en.wikipedia.org/wiki/Blackbuck_National_Park,_Velavadar",wikidata,,,143357444,way,https://www.openstreetmap.org/way/143357444,Blackbuck National Park Velavadar,osm-wikidata-tag
Q949297,https://www.wikidata.org/wiki/Q949297,Jim Corbett National Park,Corbett Tiger Reserve,Tiger Reserve,,http://commons.wikimedia.org/wiki/Special:FilePath/Elephants%20Grass%20Sal%20Dhikala%20Corbett%20Reserve%20Dec2019%20R16%2002266.jpg,IUCN category II: National Park,1936-01-01T00:00:00Z,,Nainital district,Uttarakhand,29.53333333,78.93333333,Ramnagar,,1288,https://www.jimcorbetttravelguide.com/,http://commons.wikimedia.org/wiki/Special:FilePath/Corbett%20National%20Park.jpg,Jim Corbett National Park,16831555,https://en.wikipedia.org/wiki/Jim_Corbett_National_Park,wikidata,https://en.wikipedia.org/wiki/Jim_Corbett_National_Park,tiger-reserves,16831555,relation,https://www.openstreetmap.org/relation/16831555,Jim Corbett National Park,wikidata-p402
Q969593,https://www.wikidata.org/wiki/Q969593,Kasu Brahmananda Reddy National Park,KBR National Park,National Park,,http://commons.wikimedia.org/wiki/Special:FilePath/Kbrpark.jpg,IUCN category II: National Park,1998-01-01T00:00:00Z,,Hyderabad,Telangana,17.42,78.41,,,,,,Kasu Brahmananda Reddy National Park,,https://en.wikipedia.org/wiki/Kasu_Brahmananda_Reddy_National_Park,wikidata,https://en.wikipedia.org/wiki/Kasu_Brahmananda_Reddy_National_Park,national-parks,28268610,way,https://www.openstreetmap.org/way/28268610,Kasu Brahmananda Reddy National Park,osm-wikidata-tag
Q3092341,https://www.wikidata.org/wiki/Q3092341,Sanjay National Park,Sanjay National Park,National Park,,http://commons.wikimedia.org/wiki/Special:FilePath/Oriolus%20xanthornus%2C%20Black-hooded%20Oriole%2C%20India%202013.jpg,IUCN category II: National Park,,,Sidhi district,Madhya Pradesh,23.968611111,81.655277777,Sidhi,,,,,Sanjay National Park,,https://en.wikipedia.org/wiki/Sanjay_National_Park,wikidata,https://en.wikipedia.org/wiki/Sanjay_National_Park,national-parks,9268491,relation,https://www.openstreetmap.org/relation/9268491,Sanjay National Park/Tiger Reserve,osm-wikidata-tag
Q3217688,https://www.wikidata.org/wiki/Q3217688,Laokhowa Wildlife Sanctuary,Laokhowa-Burhachapori Wildlife Sanctuary,Wildlife Sanctuary,,,IUCN category IV: Habitat/Species Management Area,1972-01-01T00:00:00Z,,,Assam,26.50666667,92.71055556,Nagaon,,,,,,,https://en.wikipedia.org/wiki/Laokhowa_Wildlife_Sanctuary,wikidata,https://en.wikipedia.org/wiki/Laokhowa_Wildlife_Sanctuary,wildlife-sanctuaries,668518794,way,https://www.openstreetmap.org/way/668518794,Lawkhowa WLS,osm-wikidata-tag
Q3326008,https://www.wikidata.org/wiki/Q3326008,Mount Abu Wildlife Sanctuary,Mt. Abu Wildlife Sanctuary,Wildlife Sanctuary,,http://commons.wikimedia.org/wiki/Special:FilePath/Nakki%20Lake%20from%20Mount%20Abu%20Wildlife%20Sanctuary.JPG,IUCN category IV: Habitat/Species Management Area,,,Rajasthan,Rajasthan,24.55,72.63333333,Aburaj,,,,,,,https://en.wikipedia.org/wiki/Mount_Abu_Wildlife_Sanctuary,wikidata,https://en.wikipedia.org/wiki/Mount_Abu_Wildlife_Sanctuary,wildlife-sanctuaries,122077942,way,https://www.openstreetmap.org/way/122077942,Mount Abu WLS,osm-wikidata-tag
Q130974238,https://www.wikidata.org/wiki/Q130974238,Barela Bird Sanctuary,Baraila Lake Salim Ali Jubba Sahni Bird Sanctuary,Bird Sanctuary,,,IUCN category IV: Habitat/Species Management Area,,,Bihar,Bihar,25.766111111,85.580555555,,,,,,,,https://en.wikipedia.org/wiki/Barela_Bird_Sanctuary,wikidata,https://en.wikipedia.org/wiki/Barela_Bird_Sanctuary,wildlife-sanctuaries,668838321,way,https://www.openstreetmap.org/way/668838321,Barela Jheel Salim Ali Bird WLS,osm-wikidata-tag
Q134457402,https://www.wikidata.org/wiki/Q134457402,Lachipora Wildlife Sanctuary,Lachipora WLS,Wildlife Sanctuary,,http://commons.wikimedia.org/wiki/Special:FilePath/Snow%20clapped%20mountain%20peak%20of%20Lachipora%20Wildlife%20Sanctuary%20Baramulla%20Uri.jpg,,,,Baramulla district,Jammu and Kashmir,34.203611111,74.058055555,,,,,,Lachipora Wildlife Sanctuary,,https://en.wikipedia.org/wiki/Lachipora_Wildlife_Sanctuary?action=edit&redlink=1,wikidata,https://en.wikipedia.org/wiki/Lachipora_Wildlife_Sanctuary?action=edit&redlink=1,wildlife-sanctuaries,,,,,
Q135012839,https://www.wikidata.org/wiki/Q135012839,Kwangtung Island Wildlife Sanctuary,Kwang Tung Wildlife Sanctuary,Wildlife Sanctuary,,,IUCN category IV: Habitat/Species Management Area,,,Andaman and Nicobar Islands,Andaman and Nicobar Islands,13.41,93.03,,,,,,,,https://en.wikipedia.org/wiki/Kwangtung_Island_Wildlife_Sanctuary,wikidata,https://en.wikipedia.org/wiki/Kwangtung_Island_Wildlife_Sanctuary,wildlife-sanctuaries,227814013,way,https://www.openstreetmap.org/way/227814013,Kwangtung Island WLS,osm-wikidata-tag
Q135350428,https://www.wikidata.org/wiki/Q135350428,Bamboo Island Wildlife Sanctuary,Bamboo Wildlife Sanctuary,Wildlife Sanctuary,,,IUCN category IV: Habitat/Species Management Area,,,Andaman and Nicobar Islands,Andaman and Nicobar Islands,13.051111111,92.933055555,,,,,,,,https://en.wikipedia.org/wiki/Bamboo_Island_Wildlife_Sanctuary,wikidata,https://en.wikipedia.org/wiki/Bamboo_Island_Wildlife_Sanctuary,wildlife-sanctuaries,671327144,way,https://www.openstreetmap.org/way/671327144,Bamboo Island WLS,osm-wikidata-tag
Q137699195,https://www.wikidata.org/wiki/Q137699195,Melkote Temple Wildlife Sanctuary,Melukote Wildlife Sanctuary,Wildlife Sanctuary,,,IUCN category IV: Habitat/Species Management Area,,,Karnataka,Karnataka,12.69964,76.66135,,,,,,,,https://en.wikipedia.org/wiki/Melkote_Temple_Wildlife_Sanctuary,wikidata,https://en.wikipedia.org/wiki/Melkote_Temple_Wildlife_Sanctuary,wildlife-sanctuaries,9329621,relation,https://www.openstreetmap.org/relation/9329621,Melkote Temple Wildlife Sanctuary,osm-wikidata-tag
Q140306443,https://www.wikidata.org/wiki/Q140306443,Arial Island Wildlife Sanctuary,Arial Wildlife Sanctuary,Wildlife Sanctuary,,,,1987-02-16T00:00:00Z,,Andaman and Nicobar Islands,Andaman and Nicobar Islands,12.1493889,92.8453056,,,,,,,,https://en.wikipedia.org/wiki/Arial_Island_Wildlife_Sanctuary?action=edit&redlink=1,wikidata,https://en.wikipedia.org/wiki/Arial_Island_Wildlife_Sanctuary?action=edit&redlink=1,wildlife-sanctuaries,,,,,
Q61529,https://www.wikidata.org/wiki/Q61529,Simlipal National Park,Similipal Tiger Reserve,Tiger Reserve,,http://commons.wikimedia.org/wiki/Special:FilePath/Palpala%20River%20near%20lulung%2C%20Similipal%20National%20Park.jpg,IUCN category II: National Park,1980-01-01T00:00:00Z,,Mayurbhanj district,Odisha,21.75,86.33,Baripada,,2750,,http://commons.wikimedia.org/wiki/Special:FilePath/Simlipal%20National%20Park%20banner%20Sunrise.jpg,Simlipal National Park,19289292,https://en.wikipedia.org/wiki/Simlipal_National_Park,wikidata,https://en.wikipedia.org/wiki/Simlipal_National_Park,tiger-reserves,19289292,relation,https://www.openstreetmap.org/relation/19289292,Simlipal National Park,wikidata-p402
Q7786671,https://www.wikidata.org/wiki/Q7786671,Thol Lake,Thol Lake Bird Sanctuary; Thol Bird Sanctuary,Bird Sanctuary,,http://commons.wikimedia.org/wiki/Special:FilePath/Thol%20Lake%20-%20Gujarat%2C%20India%20-%20Flickr%20-%20Emmanuel%20Dyan%20%2812%29.jpg,,,,Mehsana district,Gujarat,23.140152,72.392701,,,,https://www.gujarattourism.com/central-zone/ahmedabad/thol-lake-sanctuary.html,,Thol Lake,,https://en.wikipedia.org/wiki/Thol_Lake,wikidata,https://en.wikipedia.org/wiki/Thol_Lake_Bird_Sanctuary,wildlife-sanctuaries,,,,,
Q7908370,https://www.wikidata.org/wiki/Q7908370,Vaduvoor Bird Sanctuary,Vaduvur Bird Sanctuary,Bird Sanctuary,,http://commons.wikimedia.org/wiki/Special:FilePath/Vaduvoor%20Birds%20Sanctuary%20%2832866136858%29.jpg,IUCN category IV: Habitat/Species Management Area,1999-01-01T00:00:00Z,,Tiruvarur district,Tamil Nadu,10.6989,79.3225,,,128.1,,,Vaduvoor Bird Sanctuary,,https://en.wikipedia.org/wiki/Vaduvoor_Bird_Sanctuary,wikidata,https://en.wikipedia.org/wiki/Vaduvoor_Bird_Sanctuary,wildlife-sanctuaries,165070558,way,https://www.openstreetmap.org/way/165070558,Vaduvoor WLS,osm-wikidata-tag
Q2928293,https://www.wikidata.org/wiki/Q2928293,Bura Chapori Wildlife Sanctuary,,Wildlife Sanctuary,,http://commons.wikimedia.org/wiki/Special:FilePath/Bura%20Chapori%20Wildlife%20Sanctuary%20in%20Assam.jpg,IUCN category IV: Habitat/Species Management Area,,,Assam,Assam,26.5148,92.6929,Tezpur,,,,,,,https://en.wikipedia.org/wiki/Bura_Chapori_Wildlife_Sanctuary,wikidata,https://en.wikipedia.org/wiki/Burachapori_Wildlife_Sanctuary,wildlife-sanctuaries,178119226,way,https://www.openstreetmap.org/way/178119226,Burachapori WLS,osm-wikidata-tag
Q2979693,https://www.wikidata.org/wiki/Q2979693,Campbell Bay National Park,,National Park,,http://commons.wikimedia.org/wiki/Special:FilePath/Nicobar%20Treeshrew%20%28Tupaia%20nicobarica%20nicobarica%29.jpg,IUCN category II: National Park,1992-01-01T00:00:00Z,,Andaman and Nicobar Islands,Andaman and Nicobar Islands,7.11277778,93.76194444,,,426.23,,,,,https://en.wikipedia.org/wiki/Campbell_Bay_National_Park,wikidata,https://en.wikipedia.org/wiki/Campbell_Bay_National_Park,national-parks,20256538,relation,https://www.openstreetmap.org/relation/20256538,Campbell Bay National Park,osm-wikidata-tag
Q2979712,https://www.wikidata.org/wiki/Q2979712,Balpakram National Park,,National Park,,http://commons.wikimedia.org/wiki/Special:FilePath/Muntjac%20deer.JPG,IUCN category II: National Park,1986-01-01T00:00:00Z,,South Garo Hills district,Meghalaya,25.5,90.75,Baghmara,,352,,,Balphakram National Park,,https://en.wikipedia.org/wiki/Balpakram_National_Park,wikidata,,,,,,,
Q2985097,https://www.wikidata.org/wiki/Q2985097,Sultanpur National Park,,National Park,,http://commons.wikimedia.org/wiki/Special:FilePath/Sultanpur%20Bird%20Sanctuary%2C%20Haryana..JPG,IUCN category II: National Park,1972-01-01T00:00:00Z,,Gurgaon division,Haryana,28.4623,76.8899,,,,,http://commons.wikimedia.org/wiki/Special:FilePath/Sultanpur%20National%20Park%20banner%20Greylag%20Geese.jpg,Sultanpur National Park,,https://en.wikipedia.org/wiki/Sultanpur_National_Park,wikidata,https://en.wikipedia.org/wiki/Sultanpur_National_Park,national-parks,21132682,relation,https://www.openstreetmap.org/relation/21132682,Sultanpur National Park,osm-wikidata-tag
Q2985148,https://www.wikidata.org/wiki/Q2985148,Gorumara National Park,,National Park,,http://commons.wikimedia.org/wiki/Special:FilePath/Gorumara%20Gateway%20Arnab%20Dutta.JPG,IUCN category II: National Park,1949-01-01T00:00:00Z,,West Bengal,West Bengal,26.7,88.8,Malbazar,,,,http://commons.wikimedia.org/wiki/Special:FilePath/GorumaraH.jpg,Gorumara National Park,,https://en.wikipedia.org/wiki/Gorumara_National_Park,wikidata,https://en.wikipedia.org/wiki/Gorumara_National_Park,national-parks,683079843,way,https://www.openstreetmap.org/way/683079843,Gorumara National Park,osm-wikidata-tag
Q2985156,https://www.wikidata.org/wiki/Q2985156,Kalesar National Park,,National Park,,http://commons.wikimedia.org/wiki/Special:FilePath/Kalesar%20as%20seen%20by%20a%20Phone%2001.jpg,IUCN category II: National Park,2003-01-01T00:00:00Z,,Yamunanagar district,Haryana,30.33194444,77.55194444,,,,,,,,https://en.wikipedia.org/wiki/Kalesar_National_Park,wikidata,https://en.wikipedia.org/wiki/Kalesar_National_Park,national-parks,666664869,way,https://www.openstreetmap.org/way/666664869,Kalesar National Park,osm-wikidata-tag
Q13111039,https://www.wikidata.org/wiki/Q13111039,Karaivetti Bird Sanctuary,,Bird Sanctuary,,http://commons.wikimedia.org/wiki/Special:FilePath/Waterfowls%20in%20Karaivetti%20Bird%20Sanctuary%20JEG3092.jpg,IUCN category IV: Habitat/Species Management Area,1997-01-01T00:00:00Z,,Ariyalur district,Tamil Nadu,10.970277777,79.041388888,,,4.537,,,Karaivetti Bird Sanctuary,,https://en.wikipedia.org/wiki/Karaivetti_Bird_Sanctuary,wikidata,https://en.wikipedia.org/wiki/Karaivetti_Bird_Sanctuary,wildlife-sanctuaries,671123410,way,https://www.openstreetmap.org/way/671123410,Karaivetti Bird WLS,osm-wikidata-tag
Q13111992,https://www.wikidata.org/wiki/Q13111992,Chulannur Peafowl Sanctuary,,Wildlife Sanctuary,,,IUCN category IV: Habitat/Species Management Area,,,Kerala,Kerala,10.714444444,76.472222222,,,,,,Chulannur Peafowl Sanctuary,,https://en.wikipedia.org/wiki/Choolannur_Pea_Fowl_Sanctuary,wikidata,https://en.wikipedia.org/wiki/Choolannur_Pea_Fowl_Sanctuary,wildlife-sanctuaries,677290520,way,https://www.openstreetmap.org/way/677290520,Chulannur Peafowl WLS,osm-wikidata-tag
Q13116281,https://www.wikidata.org/wiki/Q13116281,Karian Shola National Park,,National Park,Western Ghats,,,,1342rev-015,Tamil Nadu,Tamil Nadu,10.38333333,77.08333333,,part of UNESCO World Heritage Site,503,,,,,https://en.wikipedia.org/wiki/Karian_Shola_National_Park,wikidata,,,,,,,
Q14205920,https://www.wikidata.org/wiki/Q14205920,Begur Wildlife Sanctuary,,Wildlife Sanctuary,,,,,,Kerala,Kerala,11.84763,76.0853,,,,,,,,,wikidata,,,,,,,
Q14229383,https://www.wikidata.org/wiki/Q14229383,Pin Valley National Park,,National Park,Cold Desert,http://commons.wikimedia.org/wiki/Special:FilePath/Morning%20scene%20in%20Thuskeo%20Dhar.jpg,IUCN category II: National Park,1987-01-01T00:00:00Z,,Himachal Pradesh,Himachal Pradesh,31.574166666,77.588888888,Kaza,Tentative World Heritage Site,,https://hplahaulspiti.nic.in/pin-valley-national-park/,,Pin Valley National Park,,https://en.wikipedia.org/wiki/Pin_Valley_National_Park,wikidata,https://en.wikipedia.org/wiki/Pin_Valley_National_Park,national-parks,114792469,way,https://www.openstreetmap.org/way/114792469,Pin Valley National Park,osm-wikidata-tag
Q14618939,https://www.wikidata.org/wiki/Q14618939,Nambor Wildlife Sanctuary,,Wildlife Sanctuary,,,IUCN category IV: Habitat/Species Management Area,2000-01-01T00:00:00Z,,Golaghat district,Assam,26.39527778,93.8825,Diphu,,,,,,,https://en.wikipedia.org/wiki/Nambor_Wildlife_Sanctuary,wikidata,https://en.wikipedia.org/wiki/Nambor_Wildlife_Sanctuary,wildlife-sanctuaries,,,,,
Q14623369,https://www.wikidata.org/wiki/Q14623369,Bherjan-Borajan-Padumoni Wildlife Sanctuary,,Wildlife Sanctuary,,,IUCN category IV: Habitat/Species Management Area,,,Assam,Assam,27.53,95.37,Tinsukia,,,,,,,https://en.wikipedia.org/wiki/Bherjan-Borajan-Padumoni_Wildlife_Sanctuary,wikidata,https://en.wikipedia.org/wiki/Bherjan-Borajan-Padumoni_Wildlife_Sanctuary,wildlife-sanctuaries,,,,,
Q14623377,https://www.wikidata.org/wiki/Q14623377,Pani Dihing Wildlife Sanctuary,,Wildlife Sanctuary,,,IUCN category IV: Habitat/Species Management Area,1996-01-01T00:00:00Z,,Sivasagar district,Assam,27.12194444,94.59638889,Sivasagar,,,,,,,https://en.wikipedia.org/wiki/Pani_Dihing_Wildlife_Sanctuary,wikidata,https://en.wikipedia.org/wiki/Pani_Dihing_Wildlife_Sanctuary,wildlife-sanctuaries,677511689,way,https://www.openstreetmap.org/way/677511689,Pani-Dihing Bird WLS,osm-wikidata-tag
Q15198953,https://www.wikidata.org/wiki/Q15198953,Bhimbandh Wildlife Sanctuary,,Wildlife Sanctuary,,,IUCN category IV: Habitat/Species Management Area,,,Munger district,Bihar,25.23,86.28,,,681.99,,,Bhimbandh Wildlife Sanctuary,,https://en.wikipedia.org/wiki/Bhimbandh_Wildlife_Sanctuary,wikidata,https://en.wikipedia.org/wiki/Bhimbandh_Wildlife_Sanctuary,wildlife-sanctuaries,668864873,way,https://www.openstreetmap.org/way/668864873,Bhimbandh WLS,osm-wikidata-tag
Q15203562,https://www.wikidata.org/wiki/Q15203562,Bornadi Wildlife Sanctuary,,Wildlife Sanctuary,,,IUCN category IV: Habitat/Species Management Area,1980-01-01T00:00:00Z,,Udalguri district,Assam,26.80583333,91.74027778,Tangla,,26.22,,,,,https://en.wikipedia.org/wiki/Bornadi_Wildlife_Sanctuary,wikidata,https://en.wikipedia.org/wiki/Barnadi_Wildlife_Sanctuary,wildlife-sanctuaries,,,,,
Q15232550,https://www.wikidata.org/wiki/Q15232550,Kaimur Wildlife Sanctuary,,Wildlife Sanctuary,,,IUCN category IV: Habitat/Species Management Area,,,Kaimur district,Bihar,25.05,83.5,,,1342,,,,,https://en.wikipedia.org/wiki/Kaimur_Wildlife_Sanctuary,wikidata,https://en.wikipedia.org/wiki/Kaimur_Wildlife_Sanctuary,wildlife-sanctuaries,668769113,way,https://www.openstreetmap.org/way/668769113,Kaimur WLS,osm-wikidata-tag
Q15233552,https://www.wikidata.org/wiki/Q15233552,Kanjirankulam Bird Sanctuary,,Bird Sanctuary,,,IUCN category IV: Habitat/Species Management Area,,,Tamil Nadu,Tamil Nadu,9.33333333,78.48333333,,,,,,,,https://en.wikipedia.org/wiki/Kanjirankulam_Bird_Sanctuary,wikidata,https://en.wikipedia.org/wiki/Kanjirankulam_Bird_Sanctuary,wildlife-sanctuaries,671207570,way,https://www.openstreetmap.org/way/671207570,Kanjirankulam Birds WLS,osm-wikidata-tag
Q7229958,https://www.wikidata.org/wiki/Q7229958,Porbandar Bird Sanctuary,,Bird Sanctuary,,,IUCN category IV: Habitat/Species Management Area,,,Porbandar district,Gujarat,21.635,69.619,,,,,,,,https://en.wikipedia.org/wiki/Porbandar_Bird_Sanctuary,wikidata,https://en.wikipedia.org/wiki/Porbandar_Bird_Sanctuary,wildlife-sanctuaries,374269683,way,https://www.openstreetmap.org/way/374269683,Porbandar Lake WLS,osm-wikidata-tag
Q109974510,https://www.wikidata.org/wiki/Q109974510,Shettihalli Wildlife Sanctuary,,Wildlife Sanctuary,,,IUCN category IV: Habitat/Species Management Area,,,Karnataka,Karnataka,13.85,75.438888888,,,,,,,,https://en.wikipedia.org/wiki/Shettihalli_Wildlife_Sanctuary,wikidata,https://en.wikipedia.org/wiki/Shettihalli_Wildlife_Sanctuary,wildlife-sanctuaries,169478282,way,https://www.openstreetmap.org/way/169478282,Shettihalli Wildlife Sanctuary,osm-wikidata-tag
Q110078182,https://www.wikidata.org/wiki/Q110078182,Abohar Wildlife Sanctuary,,Wildlife Sanctuary,,,IUCN category IV: Habitat/Species Management Area,,,Punjab,Punjab,30.025,74.344444444,,,,,,,,https://en.wikipedia.org/wiki/Abohar_Wildlife_Sanctuary,wikidata,https://en.wikipedia.org/wiki/Abohar_Wildlife_Sanctuary,wildlife-sanctuaries,669084478,way,https://www.openstreetmap.org/way/669084478,Abohar WLS,osm-wikidata-tag
Q110078183,https://www.wikidata.org/wiki/Q110078183,Arabithittu Wildlife Sanctuary,,Wildlife Sanctuary,,,IUCN category IV: Habitat/Species Management Area,,,Karnataka,Karnataka,12.323611111,76.405555555,,,,,,,,https://en.wikipedia.org/wiki/Arabithittu_Wildlife_Sanctuary,wikidata,https://en.wikipedia.org/wiki/Arabithittu_Wildlife_Sanctuary,wildlife-sanctuaries,670561818,way,https://www.openstreetmap.org/way/670561818,Arabithittu WLS,osm-wikidata-tag
Q110078279,https://www.wikidata.org/wiki/Q110078279,Nugu Wildlife Sanctuary,,Wildlife Sanctuary,,,IUCN category IV: Habitat/Species Management Area,,,Karnataka,Karnataka,11.930555555,76.455555555,,,,,,,,https://en.wikipedia.org/wiki/Nugu_Wildlife_Sanctuary,wikidata,https://en.wikipedia.org/wiki/Nugu_Wildlife_Sanctuary,wildlife-sanctuaries,670875611,way,https://www.openstreetmap.org/way/670875611,Nugu WLS,osm-wikidata-tag
Q111169695,https://www.wikidata.org/wiki/Q111169695,Tirthan Wildlife Sanctuary,,Wildlife Sanctuary,,,IUCN category IV: Habitat/Species Management Area,,,Himachal Pradesh,Himachal Pradesh,31.619444444,77.547222222,,,,,,,,https://en.wikipedia.org/wiki/Tirthan_Wildlife_Sanctuary,wikidata,https://en.wikipedia.org/wiki/Tirthan_Wildlife_Sanctuary,wildlife-sanctuaries,,,,,
Q111181635,https://www.wikidata.org/wiki/Q111181635,Nellai Wildlife Sanctuary,,Wildlife Sanctuary,,,,,,Tirunelveli district,Tamil Nadu,9.1,77.266666666,,,,,,,,https://en.wikipedia.org/wiki/Nellai_Wildlife_Sanctuary,wikidata,https://en.wikipedia.org/wiki/Nellai_Wildlife_Sanctuary,wildlife-sanctuaries,17746133,relation,https://www.openstreetmap.org/relation/17746133,Nellai WLS,osm-wikidata-tag
Q111181702,https://www.wikidata.org/wiki/Q111181702,Singphan Wildlife Sanctuary,,Wildlife Sanctuary,,,,,,Mon district,Nagaland,,,,,,,,,,https://en.wikipedia.org/wiki/Singphan_Wildlife_Sanctuary,wikidata,https://en.wikipedia.org/wiki/Singphan_Wildlife_Sanctuary,wildlife-sanctuaries,,,,,
Q111181960,https://www.wikidata.org/wiki/Q111181960,Talra Wildlife Sanctuary,,Wildlife Sanctuary,,,IUCN category IV: Habitat/Species Management Area,,,Himachal Pradesh,Himachal Pradesh,31.017,77.779,,,,,,,,https://en.wikipedia.org/wiki/Talra_Wildlife_Sanctuary,wikidata,https://en.wikipedia.org/wiki/Talra_Wildlife_Sanctuary,wildlife-sanctuaries,,,,,
Q111913930,https://www.wikidata.org/wiki/Q111913930,Thimlapura Wildlife Sanctuary,,Wildlife Sanctuary,,,IUCN category IV: Habitat/Species Management Area,,,Karnataka,Karnataka,13.3787,77.1842,,,,,,,,https://en.wikipedia.org/wiki/Thimlapura_Wildlife_Sanctuary,wikidata,https://en.wikipedia.org/wiki/Thimlapura_Wildlife_Sanctuary,wildlife-sanctuaries,5411360,relation,https://www.openstreetmap.org/relation/5411360,Thimlapura WLS,osm-wikidata-tag
Q112252264,https://www.wikidata.org/wiki/Q112252264,Bukkapatna Chinkara Wildlife Sanctuary,,Wildlife Sanctuary,,,IUCN category IV: Habitat/Species Management Area,,,Karnataka,Karnataka,13.6497129,76.7466378,,,,,,,,https://en.wikipedia.org/wiki/Bukkapatna_Chinkara_Wildlife_Sanctuary,wikidata,https://en.wikipedia.org/wiki/Bukkapatna_Chinkara_Wildlife_Sanctuary,wildlife-sanctuaries,19925050,relation,https://www.openstreetmap.org/relation/19925050,Bukkapatna Chinkara WLS,osm-wikidata-tag
Q112252408,https://www.wikidata.org/wiki/Q112252408,Yadahalli Chinkara Wildlife Sanctuary,,Wildlife Sanctuary,,,IUCN category IV: Habitat/Species Management Area,,,Karnataka,Karnataka,16.379153,75.448223,,,,,,,,https://en.wikipedia.org/wiki/Yadahalli_Chinkara_Wildlife_Sanctuary,wikidata,https://en.wikipedia.org/wiki/Yadahalli_Chinkara_Wildlife_Sanctuary,wildlife-sanctuaries,106326449,way,https://www.openstreetmap.org/way/106326449,Yadahalli Chinkara Wildlife Sanctuary,osm-wikidata-tag
Q112252433,https://www.wikidata.org/wiki/Q112252433,Rangayyanadurga Four–horned antelope Wildlife Sanctuary,,Wildlife Sanctuary,,,IUCN category IV: Habitat/Species Management Area,,,Karnataka,Karnataka,14.533333333,76.116666666,,,,,,,,https://en.wikipedia.org/wiki/Rangayyanadurga_Four%E2%80%93horned_antelope_Wildlife_Sanctuary,wikidata,,,9447282,relation,https://www.openstreetmap.org/relation/9447282,Rangayyanadurga WLS,osm-wikidata-tag
Q112252443,https://www.wikidata.org/wiki/Q112252443,Ramadevarabetta Vulture Sanctuary,,Wildlife Sanctuary,,,IUCN category IV: Habitat/Species Management Area,,,Karnataka,Karnataka,12.7531984,77.3013674,,,,,,,,https://en.wikipedia.org/wiki/Ramadevarabetta_Vulture_Sanctuary,wikidata,https://en.wikipedia.org/wiki/Ramadevarabetta_Vulture_Sanctuary,wildlife-sanctuaries,670763955,way,https://www.openstreetmap.org/way/670763955,Ramadevarabetta Vulture WLS,osm-wikidata-tag
Q113336061,https://www.wikidata.org/wiki/Q113336061,Mahuadanr Wolf Sanctuary,,Wildlife Sanctuary,,,IUCN category IV: Habitat/Species Management Area,,,Jharkhand,Jharkhand,23.433333333,84.033333333,,,,,,,,https://en.wikipedia.org/wiki/Mahuadanr_Wolf_Sanctuary,wikidata,https://en.wikipedia.org/wiki/Mahuadanr_Wolf_Sanctuary,wildlife-sanctuaries,9285173,relation,https://www.openstreetmap.org/relation/9285173,Mahauadanr WLS,osm-wikidata-tag
Q113396038,https://www.wikidata.org/wiki/Q113396038,Painganga Wildlife Sanctuary,,Wildlife Sanctuary,,http://commons.wikimedia.org/wiki/Special:FilePath/Painganga-Wildlife-Sanctuary.jpg,IUCN category IV: Habitat/Species Management Area,,,Maharashtra,Maharashtra,19.586111111,78.041666666,,,325,,,Painganga Wildlife Sanctuary,,https://en.wikipedia.org/wiki/Painganga_Wildlife_Sanctuary,wikidata,https://en.wikipedia.org/wiki/Painganga_Wildlife_Sanctuary,wildlife-sanctuaries,670061599,way,https://www.openstreetmap.org/way/670061599,Painganga WLS,osm-wikidata-tag
Q115937502,https://www.wikidata.org/wiki/Q115937502,Fudam Bird Sanctuary,,Bird Sanctuary,,,IUCN category IV: Habitat/Species Management Area,,,Dadra and Nagar Haveli and Daman and Diu,Dadra and Nagar Haveli and Daman and Diu,20.72514,70.95443,,,,,,,,https://en.wikipedia.org/wiki/Fudam_Bird_Sanctuary,wikidata,,,677743535,way,https://www.openstreetmap.org/way/677743535,Fudam WLS,osm-wikidata-tag
Q116044246,https://www.wikidata.org/wiki/Q116044246,Baghmara Pitcher Plant Wildlife Sanctuary,,Wildlife Sanctuary,,,IUCN category IV: Habitat/Species Management Area,,,Meghalaya,Meghalaya,25.198139,90.638765,,,,,,,,https://en.wikipedia.org/wiki/Baghmara_Pitcher_Plant_Wildlife_Sanctuary,wikidata,https://en.wikipedia.org/wiki/Baghmara_Pitcher_Plant_Wildlife_Sanctuary,wildlife-sanctuaries,683044032,way,https://www.openstreetmap.org/way/683044032,Baghmara Pitcher Plant WLS,osm-wikidata-tag
Q116169552,https://www.wikidata.org/wiki/Q116169552,Topchanchi Wildlife Sanctuary,,Wildlife Sanctuary,,,IUCN category IV: Habitat/Species Management Area,,,Jharkhand,Jharkhand,23.9361,86.1923,,,,,,,,https://en.wikipedia.org/wiki/Topchanchi_Wildlife_Sanctuary,wikidata,https://en.wikipedia.org/wiki/Topchanchi_Wildlife_Sanctuary,wildlife-sanctuaries,669557559,way,https://www.openstreetmap.org/way/669557559,Topchanchi WLS,osm-wikidata-tag
Q116739635,https://www.wikidata.org/wiki/Q116739635,Cauvery south Wildlife Sanctuary,,Wildlife Sanctuary,,,,,,Tamil Nadu,Tamil Nadu,12.344166666,78.017222222,,,,,,,,https://en.wikipedia.org/wiki/Cauvery_South_Wildlife_Sanctuary,wikidata,https://en.wikipedia.org/wiki/Cauvery_South_Wildlife_Sanctuary,wildlife-sanctuaries,,,,,
Q117057454,https://www.wikidata.org/wiki/Q117057454,Shalboni Forest Range,,,,,,,,Paschim Medinipur district,West Bengal,22.637624,87.264472,,,,,,,,,wikidata,,,,,,,
Q120756030,https://www.wikidata.org/wiki/Q120756030,Pakhal Wildlife Sanctuary,,Wildlife Sanctuary,,,IUCN category IV: Habitat/Species Management Area,,,Telangana,Telangana,17.916666666,80.1,,,,,,,,https://en.wikipedia.org/wiki/Pakhal_Wildlife_Sanctuary,wikidata,https://en.wikipedia.org/wiki/Pakhal_Wildlife_Sanctuary,wildlife-sanctuaries,670929257,way,https://www.openstreetmap.org/way/670929257,Pakhal WLS,osm-wikidata-tag
Q121754153,https://www.wikidata.org/wiki/Q121754153,Ramgarh Vishdhari Wildlife Sanctuary,,Tiger Reserve,,,IUCN category IV: Habitat/Species Management Area,,,Rajasthan,Rajasthan,25.57,75.9,,,,,,,,https://en.wikipedia.org/wiki/Ramgarh_Vishdhari_Wildlife_Sanctuary,wikidata,https://en.wikipedia.org/wiki/Ramgarh_Vishdhari_Wildlife_Sanctuary,tiger-reserves,9399789,relation,https://www.openstreetmap.org/relation/9399789,Ramgarh Vishdhari WLS,osm-wikidata-tag
Q122363290,https://www.wikidata.org/wiki/Q122363290,Kallaperambur Lake Bird Sanctuary,,Bird Sanctuary,,,IUCN category IV: Habitat/Species Management Area,,,Tamil Nadu,Tamil Nadu,10.798888888,79.025833333,,,,,,,,https://en.wikipedia.org/wiki/Kallaperambur_Lake_Bird_Sanctuary,wikidata,https://en.wikipedia.org/wiki/Kallaperambur_Lake_Bird_Sanctuary,wildlife-sanctuaries,19896759,relation,https://www.openstreetmap.org/relation/19896759,Kallaperambur Lake Bird WLS,osm-wikidata-tag
Q122363291,https://www.wikidata.org/wiki/Q122363291,Melaselvanur-Kilaselvanur Bird Sanctuary,,Bird Sanctuary,,,IUCN category IV: Habitat/Species Management Area,,,Tamil Nadu,Tamil Nadu,9.215555555,78.551944444,,,,,,,,https://en.wikipedia.org/wiki/Melaselvanur-Kilaselvanur_Bird_Sanctuary,wikidata,https://en.wikipedia.org/wiki/Melaselvanur-Kilaselvanur_Bird_Sanctuary,wildlife-sanctuaries,671213413,way,https://www.openstreetmap.org/way/671213413,Melaselvanoor - Keelaselvanoor Bird WLS,osm-wikidata-tag
Q122363292,https://www.wikidata.org/wiki/Q122363292,Gangaikondan Spotted Deer Sanctuary,,Wildlife Sanctuary,,,IUCN category IV: Habitat/Species Management Area,,,Tamil Nadu,Tamil Nadu,8.826944444,77.759444444,,,,,,,,https://en.wikipedia.org/wiki/Gangaikondan_Spotted_Deer_Sanctuary,wikidata,https://en.wikipedia.org/wiki/Gangaikondan_Spotted_Deer_Sanctuary,wildlife-sanctuaries,671268852,way,https://www.openstreetmap.org/way/671268852,Gangaikondan spotted Deer WLS,osm-wikidata-tag
Q122363298,https://www.wikidata.org/wiki/Q122363298,Nanjarayan Tank Bird Sanctuary,,Bird Sanctuary,,,IUCN category IV: Habitat/Species Management Area,,,Tamil Nadu,Tamil Nadu,11.214166666,77.526388888,,,,,,,,https://en.wikipedia.org/wiki/Nanjarayan_Bird_Sanctuary,wikidata,https://en.wikipedia.org/wiki/Nanjarayan_Tank_Bird_Sanctuary,wildlife-sanctuaries,19924762,relation,https://www.openstreetmap.org/relation/19924762,Nanjarayan Bird Sanctuary,osm-wikidata-tag
Q122363296,https://www.wikidata.org/wiki/Q122363296,Kazhuveli Bird Sanctuary,,Bird Sanctuary,,,IUCN category IV: Habitat/Species Management Area,,,Tamil Nadu,Tamil Nadu,12.122222222,79.875,,,,,,,,https://en.wikipedia.org/wiki/Kaluveli_Bird_Sanctuary,wikidata,https://en.wikipedia.org/wiki/Kazhuveli_Bird_Sanctuary,wildlife-sanctuaries,19896762,relation,https://www.openstreetmap.org/relation/19896762,Kaluveli Bird Sanctuary,osm-wikidata-tag
Q122363300,https://www.wikidata.org/wiki/Q122363300,Kadavur Wildlife Sanctuary,,Wildlife Sanctuary,,,IUCN category IV: Habitat/Species Management Area,,,Tamil Nadu,Tamil Nadu,10.624444444,78.183055555,,,,,,,,https://en.wikipedia.org/wiki/Kadavur_Slender_Loris_Wildlife_Sanctuary,wikidata,https://en.wikipedia.org/wiki/Kadavur_Wildlife_Sanctuary,wildlife-sanctuaries,,,,,
Q123292405,https://www.wikidata.org/wiki/Q123292405,Bandli Wildlife Sanctuary,,Wildlife Sanctuary,,,IUCN category IV: Habitat/Species Management Area,,,Himachal Pradesh,Himachal Pradesh,31.45,76.905,,,,,,,,https://en.wikipedia.org/wiki/Bandli_Wildlife_Sanctuary,wikidata,https://en.wikipedia.org/wiki/Bandli_Wildlife_Sanctuary,wildlife-sanctuaries,667701970,way,https://www.openstreetmap.org/way/667701970,Bandli WLS,osm-wikidata-tag
Q123399066,https://www.wikidata.org/wiki/Q123399066,Bandh Baretha,,Wildlife Sanctuary,,http://commons.wikimedia.org/wiki/Special:FilePath/Bandh%20Baretha.jpg,IUCN category IV: Habitat/Species Management Area,,,Rajasthan,Rajasthan,26.883333333,77.361111111,,,,,,,,https://en.wikipedia.org/wiki/Bandh_Baretha,wikidata,https://en.wikipedia.org/wiki/Bandh_Baretha,wildlife-sanctuaries,9435774,relation,https://www.openstreetmap.org/relation/9435774,Bandh Baretha WLS,osm-wikidata-tag
Q123439915,https://www.wikidata.org/wiki/Q123439915,Kudremukh National Park,,National Park,,http://commons.wikimedia.org/wiki/Special:FilePath/Kuduremukha-NationalPark%20Grassland.jpg,IUCN category II: National Park,,,Karnataka,Karnataka,13.25,75.2,,,600.32,,,Kudremukh National Park,9482054,https://en.wikipedia.org/wiki/Kudremukh_National_Park,wikidata,,,9482054,relation,https://www.openstreetmap.org/relation/9482054,Kudremukh National Park,wikidata-p402
Q123532242,https://www.wikidata.org/wiki/Q123532242,Tral Wildlife Sanctuary,,Wildlife Sanctuary,,,IUCN category IV: Habitat/Species Management Area,,,Jammu and Kashmir,Jammu and Kashmir,33.995,75.115,,,,,,,,https://en.wikipedia.org/wiki/Tral_Wildlife_Sanctuary,wikidata,https://en.wikipedia.org/wiki/Tral_Wildlife_Sanctuary,wildlife-sanctuaries,,,,,
Q124115645,https://www.wikidata.org/wiki/Q124115645,Jogimatti Wildlife Sanctuary,,Wildlife Sanctuary,,,IUCN category IV: Habitat/Species Management Area,,,Karnataka,Karnataka,14.1625,76.3975,,,,,,,,https://en.wikipedia.org/wiki/Jogimatti_Wildlife_Sanctuary,wikidata,https://en.wikipedia.org/wiki/Jogimatti_Wildlife_Sanctuary,wildlife-sanctuaries,449304302,way,https://www.openstreetmap.org/way/449304302,Jogimatti WLS,osm-wikidata-tag
Q124249813,https://www.wikidata.org/wiki/Q124249813,Tanba Forest,,,,,,,,Hooghly district,West Bengal,23.0642743,87.0141653,,,,,,,,,wikidata,,,,,,,
Q124393199,https://www.wikidata.org/wiki/Q124393199,Anandanagar Forest,,,,,,,,Nadia district,West Bengal,22.9762116,88.4819133,,,,,,,,,wikidata,,,,,,,
Q124973261,https://www.wikidata.org/wiki/Q124973261,Hingolgadh Sanctuary,,Wildlife Sanctuary,,,IUCN category IV: Habitat/Species Management Area,,,Gujarat,Gujarat,22.1475,71.3225,,,,,,,,https://en.wikipedia.org/wiki/Hingolgadh_Sanctuary,wikidata,https://en.wikipedia.org/wiki/Hingolgadh_Sanctuary,wildlife-sanctuaries,667553730,way,https://www.openstreetmap.org/way/667553730,Hingolgadh Nature Reserve WLS,osm-wikidata-tag
Q125167022,https://www.wikidata.org/wiki/Q125167022,Pania Wildlife Sanctuary,,Wildlife Sanctuary,,,IUCN category IV: Habitat/Species Management Area,,,Gujarat,Gujarat,21.25,70.825,,,,,,,,https://en.wikipedia.org/wiki/Pania_Wildlife_Sanctuary,wikidata,https://en.wikipedia.org/wiki/Pania_Wildlife_Sanctuary,wildlife-sanctuaries,21061185,relation,https://www.openstreetmap.org/relation/21061185,Paniya Wildlife Sanctuary,osm-wikidata-tag
Q125503789,https://www.wikidata.org/wiki/Q125503789,Rampara Sanctuary,,Wildlife Sanctuary,,,IUCN category IV: Habitat/Species Management Area,,,Morbi district,Gujarat,22.53176,70.95245,,,,,,,,https://en.wikipedia.org/wiki/Rampara_Sanctuary,wikidata,https://en.wikipedia.org/wiki/Rampara_Sanctuary,wildlife-sanctuaries,669206480,way,https://www.openstreetmap.org/way/669206480,Rampara WLS,osm-wikidata-tag
Q125881279,https://www.wikidata.org/wiki/Q125881279,Pong Dam Lake Wildlife Sanctuary,,Wildlife Sanctuary,,,IUCN category IV: Habitat/Species Management Area,,,Himachal Pradesh,Himachal Pradesh,32.01666667,76.08333333,,,,,,,,https://en.wikipedia.org/wiki/Pong_Dam_Lake_Wildlife_Sanctuary,wikidata,https://en.wikipedia.org/wiki/Pong_Dam_Lake_Wildlife_Sanctuary,wildlife-sanctuaries,7255815,relation,https://www.openstreetmap.org/relation/7255815,Maharana Pratap Sagar,osm-wikidata-tag
Q125881460,https://www.wikidata.org/wiki/Q125881460,Mansar-Surinsar Wildlife sanctuary,,Wildlife Sanctuary,,,IUCN category IV: Habitat/Species Management Area,,,Jammu and Kashmir,Jammu and Kashmir,32.75,75.2,,,,,,,,https://en.wikipedia.org/wiki/Mansar-Surinsar_Lakes_Wildlife_Sanctuary,wikidata,,,668486755,way,https://www.openstreetmap.org/way/668486755,Surinsar Mansar WLS,osm-wikidata-tag
Q127499823,https://www.wikidata.org/wiki/Q127499823,Amrabad Tiger Reserve,,Tiger Reserve,,http://commons.wikimedia.org/wiki/Special:FilePath/Amrabad%20Tiger%20Reserve%20entrance%2C%20Telangana.jpg,,2014-01-01T00:00:00Z,,Telangana,Telangana,16.3557,78.8335,,,,,,,,https://en.wikipedia.org/wiki/Amrabad_Tiger_Reserve?action=edit&redlink=1,wikidata,https://en.wikipedia.org/wiki/Amrabad_Tiger_Reserve?action=edit&redlink=1,tiger-reserves,,,,,
Q129176824,https://www.wikidata.org/wiki/Q129176824,Thol Lake Bird Sanctuary,,Bird Sanctuary,,,IUCN category IV: Habitat/Species Management Area,,,Mehsana district,Gujarat,23.13903,72.41364,,,,,,,,https://en.wikipedia.org/wiki/Thol_Lake_Bird_Sanctuary,wikidata,,,9283027,relation,https://www.openstreetmap.org/relation/9283027,Thol Lake WLS,osm-wikidata-tag
Q129677593,https://www.wikidata.org/wiki/Q129677593,Khalasuni Wildlife Sanctuary,,Wildlife Sanctuary,,,IUCN category IV: Habitat/Species Management Area,,,Odisha,Odisha,21.3471,84.555,,,,,,,,https://en.wikipedia.org/wiki/Khalasuni_Wildlife_Sanctuary,wikidata,https://en.wikipedia.org/wiki/Khalasuni_Wildlife_Sanctuary,wildlife-sanctuaries,669809285,way,https://www.openstreetmap.org/way/669809285,Khalasuni WLS,osm-wikidata-tag
Q130661062,https://www.wikidata.org/wiki/Q130661062,Marat Longri Wildlife Sanctuary,,Wildlife Sanctuary,,,IUCN category IV: Habitat/Species Management Area,,,Assam,Assam,25.9006,93.2842,,,,,,,,https://en.wikipedia.org/wiki/Marat_Longri_Wildlife_Sanctuary,wikidata,https://en.wikipedia.org/wiki/Marat_Longri_Wildlife_Sanctuary,wildlife-sanctuaries,677489261,way,https://www.openstreetmap.org/way/677489261,Marat Longri WLS,osm-wikidata-tag
Q130974135,https://www.wikidata.org/wiki/Q130974135,Mussoorie Wildlife Sanctuary,,Wildlife Sanctuary,,,IUCN category IV: Habitat/Species Management Area,,,Uttarakhand,Uttarakhand,30.465277777,78.0125,,,,,,,,https://en.wikipedia.org/wiki/Mussoorie_Wildlife_Sanctuary,wikidata,https://en.wikipedia.org/wiki/Mussoorie_Wildlife_Sanctuary,wildlife-sanctuaries,681258821,way,https://www.openstreetmap.org/way/681258821,Mussoorie WLS,osm-wikidata-tag
Q130974168,https://www.wikidata.org/wiki/Q130974168,Kane Wildlife Sanctuary,,Wildlife Sanctuary,,,IUCN category IV: Habitat/Species Management Area,,,Arunachal Pradesh,Arunachal Pradesh,27.666666666,94.65,,,,,,,,https://en.wikipedia.org/wiki/Kane_Wildlife_Sanctuary,wikidata,https://en.wikipedia.org/wiki/Kane_Wildlife_Sanctuary,wildlife-sanctuaries,668124975,way,https://www.openstreetmap.org/way/668124975,Kane WLS,osm-wikidata-tag
Q130974183,https://www.wikidata.org/wiki/Q130974183,Yordi Rabe Supse Wildlife Sanctuary,,Wildlife Sanctuary,,,IUCN category IV: Habitat/Species Management Area,,,Arunachal Pradesh,Arunachal Pradesh,29.016388888,95.208611111,,,,,,,,https://en.wikipedia.org/wiki/Yordi_Rabe_Supse_Wildlife_Sanctuary,wikidata,https://en.wikipedia.org/wiki/Yordi_Rabe_Supse_Wildlife_Sanctuary,wildlife-sanctuaries,,,,,
Q130974254,https://www.wikidata.org/wiki/Q130974254,Nakti Dam Wildlife Sanctuary,,Wildlife Sanctuary,,,IUCN category IV: Habitat/Species Management Area,,,Bihar,Bihar,24.8175,86.4,,,,,,,,https://en.wikipedia.org/wiki/Nakti_Dam_Wildlife_Sanctuary,wikidata,https://en.wikipedia.org/wiki/Nagi_Bird_Sanctuary,wildlife-sanctuaries,668879024,way,https://www.openstreetmap.org/way/668879024,Nakti Dam WLS,osm-wikidata-tag
Q130974349,https://www.wikidata.org/wiki/Q130974349,Badalkhol Wildlife Sanctuary,,Wildlife Sanctuary,,,IUCN category IV: Habitat/Species Management Area,,,Chhattisgarh,Chhattisgarh,22.552222222,81.734722222,,,,,,,,https://en.wikipedia.org/wiki/Badalkhol_Wildlife_Sanctuary,wikidata,https://en.wikipedia.org/wiki/Badalkhol_Wildlife_Sanctuary,wildlife-sanctuaries,669633370,way,https://www.openstreetmap.org/way/669633370,,osm-wikidata-tag
Q135483626,https://www.wikidata.org/wiki/Q135483626,Panpatha Wildlife Sanctuary,,Wildlife Sanctuary,,,IUCN category IV: Habitat/Species Management Area,,,Umaria district,Madhya Pradesh,23.69944,80.96194,,,,,,,,https://en.wikipedia.org/wiki/Panpatha_Wildlife_Sanctuary,wikidata,https://en.wikipedia.org/wiki/Panpatha_Wildlife_Sanctuary,wildlife-sanctuaries,15695895,relation,https://www.openstreetmap.org/relation/15695895,,osm-wikidata-tag
Q135622710,https://www.wikidata.org/wiki/Q135622710,Therthangal Bird Sanctuary,,Bird Sanctuary,,,IUCN category IV: Habitat/Species Management Area,,,Tamil Nadu,Tamil Nadu,9.4575,78.769444444,,,,,,,,https://en.wikipedia.org/wiki/Therthangal_Bird_Sanctuary,wikidata,https://en.wikipedia.org/wiki/Therthangal_Bird_Sanctuary,wildlife-sanctuaries,671201903,way,https://www.openstreetmap.org/way/671201903,Therthangal WLS,osm-wikidata-tag
Q135622961,https://www.wikidata.org/wiki/Q135622961,Sakkarakottai Bird Sanctuary,,Bird Sanctuary,,,IUCN category IV: Habitat/Species Management Area,,,Tamil Nadu,Tamil Nadu,9.369722222,78.866388888,,,,,,,,https://en.wikipedia.org/wiki/Sakkarakottai_Bird_Sanctuary,wikidata,https://en.wikipedia.org/wiki/Sakkarakottai_Bird_Sanctuary,wildlife-sanctuaries,671203113,way,https://www.openstreetmap.org/way/671203113,Sakkarakottai Bird WLS,osm-wikidata-tag
Q135650177,https://www.wikidata.org/wiki/Q135650177,Rajauli Wildlife Sanctuary,,Wildlife Sanctuary,,,IUCN category IV: Habitat/Species Management Area,,,Bihar,Bihar,24.616666666,85.556666666,,,,,,,,https://en.wikipedia.org/wiki/Rajauli_Wildlife_Sanctuary,wikidata,https://en.wikipedia.org/wiki/Rajauli_Wildlife_Sanctuary,wildlife-sanctuaries,,,,,
Q135741931,https://www.wikidata.org/wiki/Q135741931,Ramsagar Wildlife Sanctuary,,Wildlife Sanctuary,,,IUCN category IV: Habitat/Species Management Area,,,Rajasthan,Rajasthan,26.5755,77.6003,,,,,,,,https://en.wikipedia.org/wiki/Ramsagar_Wildlife_Sanctuary,wikidata,https://en.wikipedia.org/wiki/Ramsagar_Wildlife_Sanctuary,wildlife-sanctuaries,677119465,way,https://www.openstreetmap.org/way/677119465,Ramsagar WLS,osm-wikidata-tag
Q135798492,https://www.wikidata.org/wiki/Q135798492,Bir Aishvan Wildlife Sanctuary,,Wildlife Sanctuary,,,IUCN category IV: Habitat/Species Management Area,,,Punjab,Punjab,30.242,75.84,,,,,,,,https://en.wikipedia.org/wiki/Bir_Aishvan_Wildlife_Sanctuary,wikidata,https://en.wikipedia.org/wiki/Bir_Aishvan_Wildlife_Sanctuary,wildlife-sanctuaries,202540707,way,https://www.openstreetmap.org/way/202540707,Bir Aishwan WLS,osm-wikidata-tag
Q135826470,https://www.wikidata.org/wiki/Q135826470,West Sunderban Wildlife Sanctuary,,Wildlife Sanctuary,,,IUCN category IV: Habitat/Species Management Area,2013-01-01T00:00:00Z,,Kultali community development block,West Bengal,21.65,88.56,,,556.45,,,,678835645,https://en.wikipedia.org/wiki/West_Sunderban_Wildlife_Sanctuary,wikidata,https://en.wikipedia.org/wiki/West_Sunderban_Wildlife_Sanctuary,wildlife-sanctuaries,678835645,way,https://www.openstreetmap.org/way/678835645,West Sunderban WLS,osm-wikidata-tag
Q135838331,https://www.wikidata.org/wiki/Q135838331,Chandratal Wildlife Sanctuary,,Wildlife Sanctuary,,,IUCN category IV: Habitat/Species Management Area,,,Lahaul and Spiti district,Himachal Pradesh,32.4752,77.6171,,,,,,,,https://en.wikipedia.org/wiki/Chandratal_Wildlife_Sanctuary,wikidata,https://en.wikipedia.org/wiki/Chandratal_Wildlife_Sanctuary,wildlife-sanctuaries,,,,,
Q135901958,https://www.wikidata.org/wiki/Q135901958,Darrah Wildlife Sanctuary,,Wildlife Sanctuary,,,IUCN category IV: Habitat/Species Management Area,,,Rajasthan,Rajasthan,24.833333333,75.966666666,,,,,,,,https://en.wikipedia.org/wiki/Darrah_Wildlife_Sanctuary,wikidata,https://en.wikipedia.org/wiki/Darrah_Wildlife_Sanctuary,wildlife-sanctuaries,667103921,way,https://www.openstreetmap.org/way/667103921,Darrah WLS,osm-wikidata-tag
Q135933288,https://www.wikidata.org/wiki/Q135933288,Kesarbagh Wildlife Sanctuary,,Wildlife Sanctuary,,,IUCN category IV: Habitat/Species Management Area,,,Rajasthan,Rajasthan,26.66,77.83,,,14.76,,,,,https://en.wikipedia.org/wiki/Kesarbagh_Wildlife_Sanctuary,wikidata,https://en.wikipedia.org/wiki/Kesarbagh_Wildlife_Sanctuary,wildlife-sanctuaries,667257192,way,https://www.openstreetmap.org/way/667257192,Kesarbagh WLS,osm-wikidata-tag
Q135963448,https://www.wikidata.org/wiki/Q135963448,Jawahar Sagar Wildlife Sanctuary,,Wildlife Sanctuary,,,IUCN category IV: Habitat/Species Management Area,,,Rajasthan,Rajasthan,25.0097,75.6386,,,,,,,,https://en.wikipedia.org/wiki/Jawahar_Sagar_Wildlife_Sanctuary,wikidata,https://en.wikipedia.org/wiki/Jawahar_Sagar_Wildlife_Sanctuary,wildlife-sanctuaries,676873553,way,https://www.openstreetmap.org/way/676873553,Jawahar Sagar WLS,osm-wikidata-tag
Q136289030,https://www.wikidata.org/wiki/Q136289030,Deepar Beel Wildlife Sanctuary,,Wildlife Sanctuary,,,IUCN category IV: Habitat/Species Management Area,,,Assam,Assam,26.12,91.65,,,,,,,,https://en.wikipedia.org/wiki/Deepar_Beel_Wildlife_Sanctuary,wikidata,https://en.wikipedia.org/wiki/Deepar_Beel_Wildlife_Sanctuary,wildlife-sanctuaries,677514328,way,https://www.openstreetmap.org/way/677514328,Deepor Beel WLS,osm-wikidata-tag
Q136289107,https://www.wikidata.org/wiki/Q136289107,Dhauladhar Wildlife Sanctuary,,Wildlife Sanctuary,,,IUCN category IV: Habitat/Species Management Area,,,Kangra district,Himachal Pradesh,32.2852,76.9132,,,,,,,,https://en.wikipedia.org/wiki/Dhauladhar_Wildlife_Sanctuary,wikidata,https://en.wikipedia.org/wiki/Dhauladhar_Wildlife_Sanctuary,wildlife-sanctuaries,9458668,relation,https://www.openstreetmap.org/relation/9458668,Dhauladhar WLS,osm-wikidata-tag
Q136289123,https://www.wikidata.org/wiki/Q136289123,Rupi Bhaba Wildlife Sanctuary,,Wildlife Sanctuary,,,IUCN category IV: Habitat/Species Management Area,,,Himachal Pradesh,Himachal Pradesh,31.716666666,77.95,,,,,,,,https://en.wikipedia.org/wiki/Rupi_Bhaba_Wildlife_Sanctuary,wikidata,https://en.wikipedia.org/wiki/Rupi_Bhaba_Wildlife_Sanctuary,wildlife-sanctuaries,677753030,way,https://www.openstreetmap.org/way/677753030,Rupi Bhaba WLS,osm-wikidata-tag
Q136707825,https://www.wikidata.org/wiki/Q136707825,Bir Bunerheri Wildlife Sanctuary,,Wildlife Sanctuary,,,IUCN category IV: Habitat/Species Management Area,,,Punjab,Punjab,30.19,76.46,,,,,,,,https://en.wikipedia.org/wiki/Bir_Bunerheri_Wildlife_Sanctuary,wikidata,https://en.wikipedia.org/wiki/Bir_Bunerheri_Wildlife_Sanctuary,wildlife-sanctuaries,636554073,way,https://www.openstreetmap.org/way/636554073,Bir Bhunerheri WLS,osm-wikidata-tag
Q136955738,https://www.wikidata.org/wiki/Q136955738,Kathlaur Kushlian Wildlife Sanctuary,,Wildlife Sanctuary,,,IUCN category IV: Habitat/Species Management Area,,,Punjab,Punjab,32.255,75.4425,,,,,,,,https://en.wikipedia.org/wiki/Kathlaur_Kushlian_Wildlife_Sanctuary,wikidata,https://en.wikipedia.org/wiki/Kathlaur_Kushlian_Wildlife_Sanctuary,wildlife-sanctuaries,9307207,relation,https://www.openstreetmap.org/relation/9307207,Kathlaur Kushlian WLS,osm-wikidata-tag
Q136994418,https://www.wikidata.org/wiki/Q136994418,Sardarpur Wildlife Sanctuary,,Wildlife Sanctuary,,,IUCN category IV: Habitat/Species Management Area,,,Madhya Pradesh,Madhya Pradesh,22.7428,74.9138,,,,,,,,https://en.wikipedia.org/wiki/Sardarpur_Wildlife_Sanctuary,wikidata,https://en.wikipedia.org/wiki/Sardarpur_Wildlife_Sanctuary,wildlife-sanctuaries,677932817,way,https://www.openstreetmap.org/way/677932817,Sardarpur WLS,osm-wikidata-tag
Q136994694,https://www.wikidata.org/wiki/Q136994694,Singhori Wildlife Sanctuary,,Wildlife Sanctuary,,,IUCN category IV: Habitat/Species Management Area,,,Madhya Pradesh,Madhya Pradesh,23.1786,78.1767,,,,,,,,https://en.wikipedia.org/wiki/Singhori_Wildlife_Sanctuary,wikidata,https://en.wikipedia.org/wiki/Singhori_Wildlife_Sanctuary,wildlife-sanctuaries,669498419,way,https://www.openstreetmap.org/way/669498419,Singhori WLS,osm-wikidata-tag
Q137008662,https://www.wikidata.org/wiki/Q137008662,Kalsubai Harishchandragad Wildlife Sanctuary,,Wildlife Sanctuary,,,IUCN category IV: Habitat/Species Management Area,,,Maharashtra,Maharashtra,19.4514,73.7652,,,,,,,,https://en.wikipedia.org/wiki/Kalsubai_Harishchandragad_Wildlife_Sanctuary,wikidata,https://en.wikipedia.org/wiki/Kalsubai_Harishchandragad_Wildlife_Sanctuary,wildlife-sanctuaries,670296587,way,https://www.openstreetmap.org/way/670296587,Kalsubai Harishchandragad Wildlife Sanctuary,osm-wikidata-tag
Q137008771,https://www.wikidata.org/wiki/Q137008771,Sechu Tuan Nala Wildlife Sanctuary,,Wildlife Sanctuary,,,IUCN category IV: Habitat/Species Management Area,,,Himachal Pradesh,Himachal Pradesh,33.0266,76.6949,,,,,,,,https://en.wikipedia.org/wiki/Sechu_Tuan_Nala_Wildlife_Sanctuary,wikidata,https://en.wikipedia.org/wiki/Sechu_Tuan_Nala_Wildlife_Sanctuary,wildlife-sanctuaries,9291077,relation,https://www.openstreetmap.org/relation/9291077,Sech Tuan Nala WLS,osm-wikidata-tag
Q137027173,https://www.wikidata.org/wiki/Q137027173,Rakchham Chitkul Wildlife Sanctuary,,Wildlife Sanctuary,,,IUCN category IV: Habitat/Species Management Area,,,Himachal Pradesh,Himachal Pradesh,31.3469,78.4083,,,,,,,,https://en.wikipedia.org/wiki/Rakchham_Chitkul_Wildlife_Sanctuary,wikidata,https://en.wikipedia.org/wiki/Rakchham_Chitkul_Wildlife_Sanctuary,wildlife-sanctuaries,668022081,way,https://www.openstreetmap.org/way/668022081,Sangla Valley (Rakchham Chitkul) Wildlife Sanctuary,osm-wikidata-tag
Q137049264,https://www.wikidata.org/wiki/Q137049264,Thorangtlang Wildlife Sanctuary,,Wildlife Sanctuary,,,IUCN category IV: Habitat/Species Management Area,,,Mizoram,Mizoram,23.3052,92.5441,,,,,,,,https://en.wikipedia.org/wiki/Thorangtlang_Wildlife_Sanctuary,wikidata,https://en.wikipedia.org/wiki/Thorangtlang_Wildlife_Sanctuary,wildlife-sanctuaries,663287136,way,https://www.openstreetmap.org/way/663287136,Thorangtlang WLS,osm-wikidata-tag
Q137049306,https://www.wikidata.org/wiki/Q137049306,Tawi Wildlife Sanctuary,,Wildlife Sanctuary,,,IUCN category IV: Habitat/Species Management Area,,,Mizoram,Mizoram,23.5376,92.9485,,,,,,,,https://en.wikipedia.org/wiki/Tawi_Wildlife_Sanctuary,wikidata,https://en.wikipedia.org/wiki/Tawi_Wildlife_Sanctuary,wildlife-sanctuaries,663102859,way,https://www.openstreetmap.org/way/663102859,Tawi WLS,osm-wikidata-tag
Q137144512,https://www.wikidata.org/wiki/Q137144512,Tokalo Wildlife Sanctuary,,Wildlife Sanctuary,,,IUCN category IV: Habitat/Species Management Area,,,Mizoram,Mizoram,22.0374,92.9067,,,,,,,,https://en.wikipedia.org/wiki/Tokalo_Wildlife_Sanctuary,wikidata,https://en.wikipedia.org/wiki/Tokalo_Wildlife_Sanctuary,wildlife-sanctuaries,9262659,relation,https://www.openstreetmap.org/relation/9262659,Tokalo WLS,osm-wikidata-tag
Q137223329,https://www.wikidata.org/wiki/Q137223329,Jiri-Makru Wildlife Sanctuary,,Wildlife Sanctuary,,,IUCN category IV: Habitat/Species Management Area,,,Manipur,Manipur,25.2032,93.4155,,,,,,,,https://en.wikipedia.org/wiki/Jiri-Makru_Wildlife_Sanctuary,wikidata,https://en.wikipedia.org/wiki/Jiri-Makru_Wildlife_Sanctuary,wildlife-sanctuaries,681474779,way,https://www.openstreetmap.org/way/681474779,Jiri-Makru WLS,osm-wikidata-tag
Q137223381,https://www.wikidata.org/wiki/Q137223381,Narpuh Wildlife Sanctuary,,Wildlife Sanctuary,,,IUCN category IV: Habitat/Species Management Area,,,Meghalaya,Meghalaya,25.1187,92.4494,,,,,,,,https://en.wikipedia.org/wiki/Narpuh_Wildlife_Sanctuary,wikidata,https://en.wikipedia.org/wiki/Narpuh_Wildlife_Sanctuary,wildlife-sanctuaries,666514702,way,https://www.openstreetmap.org/way/666514702,Narpuh WLS,osm-wikidata-tag
Q137223750,https://www.wikidata.org/wiki/Q137223750,Khawnglung Wildlife Sanctuary,,Wildlife Sanctuary,,,IUCN category IV: Habitat/Species Management Area,,,Mizoram,Mizoram,23.1234,92.9468,,,,,,,,https://en.wikipedia.org/wiki/Khawnglung_Wildlife_Sanctuary,wikidata,https://en.wikipedia.org/wiki/Khawnglung_Wildlife_Sanctuary,wildlife-sanctuaries,662988357,way,https://www.openstreetmap.org/way/662988357,Khawnglung WLS,osm-wikidata-tag
Q137224032,https://www.wikidata.org/wiki/Q137224032,Ngengpui Wildlife Sanctuary,,Wildlife Sanctuary,,,IUCN category IV: Habitat/Species Management Area,,,Mizoram,Mizoram,22.4309,92.7748,,,,,,,,https://en.wikipedia.org/wiki/Ngengpui_Wildlife_Sanctuary,wikidata,https://en.wikipedia.org/wiki/Ngengpui_Wildlife_Sanctuary,wildlife-sanctuaries,663556258,way,https://www.openstreetmap.org/way/663556258,Ngengpui WLS,osm-wikidata-tag
Q137252985,https://www.wikidata.org/wiki/Q137252985,Ghataprabha Wildlife Sanctuary,,Wildlife Sanctuary,,,IUCN category IV: Habitat/Species Management Area,,,Karnataka,Karnataka,16.22251,74.73888,,,,,,,,https://en.wikipedia.org/wiki/Ghataprabha_Wildlife_Sanctuary,wikidata,https://en.wikipedia.org/wiki/Ghataprabha_Wildlife_Sanctuary,wildlife-sanctuaries,670638962,way,https://www.openstreetmap.org/way/670638962,Ghataprabha Bird WLS,osm-wikidata-tag
Q137254449,https://www.wikidata.org/wiki/Q137254449,Baltal Thajwas Wildlife Sanctuary,,Wildlife Sanctuary,,,IUCN category IV: Habitat/Species Management Area,,,Jammu and Kashmir,Jammu and Kashmir,34.229,75.3801,,,,,,,,https://en.wikipedia.org/wiki/Baltal_Thajwas_Wildlife_Sanctuary,wikidata,https://en.wikipedia.org/wiki/Baltal_Thajwas_Wildlife_Sanctuary,wildlife-sanctuaries,676588330,way,https://www.openstreetmap.org/way/676588330,Thajwas - Baltal Wildlife Sanctuary,osm-wikidata-tag
Q137368881,https://www.wikidata.org/wiki/Q137368881,Selbagre Hoolock Gibbon Reserve,,,,,,,,West Garo Hills district,Meghalaya,25.596067,90.345169,,,,,,,,,wikidata,,,,,,,
Q137591486,https://www.wikidata.org/wiki/Q137591486,Rangapahar Wildlife Sanctuary,,Wildlife Sanctuary,,,IUCN category IV: Habitat/Species Management Area,,,Dimapur,Nagaland,25.85623,93.7194,,,,,,,,https://en.wikipedia.org/wiki/Rangapahar_Wildlife_Sanctuary,wikidata,https://en.wikipedia.org/wiki/Rangapahar_Wildlife_Sanctuary,wildlife-sanctuaries,666520643,way,https://www.openstreetmap.org/way/666520643,Rangapahar WLS,osm-wikidata-tag
Q137596744,https://www.wikidata.org/wiki/Q137596744,Kanhargaon Wildlife Sanctuary,,Wildlife Sanctuary,,,,,,Chandrapur district,Maharashtra,19.68,79.68,,,,,,,,https://en.wikipedia.org/wiki/Kanhargaon_Wildlife_Sanctuary,wikidata,https://en.wikipedia.org/wiki/Kanhargaon_Wildlife_Sanctuary,wildlife-sanctuaries,,,,,
Q137596748,https://www.wikidata.org/wiki/Q137596748,Wan Wildlife Sanctuary,,Wildlife Sanctuary,,,IUCN category IV: Habitat/Species Management Area,,,Amravati district,Maharashtra,21.2441,76.8509,,,,,,,,https://en.wikipedia.org/wiki/Wan_Wildlife_Sanctuary,wikidata,https://en.wikipedia.org/wiki/Wan_Wildlife_Sanctuary,wildlife-sanctuaries,,,,,
Q137670177,https://www.wikidata.org/wiki/Q137670177,Dnyanganga Wildlife Sanctuary,,Wildlife Sanctuary,,,IUCN category IV: Habitat/Species Management Area,,,Maharashtra,Maharashtra,20.5599,76.3688,,,,,,,,https://en.wikipedia.org/wiki/Dnyanganga_Wildlife_Sanctuary,wikidata,https://en.wikipedia.org/wiki/Dnyanganga_Wildlife_Sanctuary,wildlife-sanctuaries,670265309,way,https://www.openstreetmap.org/way/670265309,Dhyanganga WLS,osm-wikidata-tag
Q137691018,https://www.wikidata.org/wiki/Q137691018,Phen Wildlife Sanctuary,,Wildlife Sanctuary,,,IUCN category IV: Habitat/Species Management Area,,,Madhya Pradesh,Madhya Pradesh,22.3642,81.0284,,,,,,,,https://en.wikipedia.org/wiki/Phen_Wildlife_Sanctuary,wikidata,https://en.wikipedia.org/wiki/Phen_Wildlife_Sanctuary,wildlife-sanctuaries,15715676,relation,https://www.openstreetmap.org/relation/15715676,Phen WLS,osm-wikidata-tag
Q137699186,https://www.wikidata.org/wiki/Q137699186,Sonanadi Wildlife Sanctuary,,Wildlife Sanctuary,,,IUCN category IV: Habitat/Species Management Area,,,Uttarakhand,Uttarakhand,29.6442,78.6417,,,,,,,,https://en.wikipedia.org/wiki/Sonanadi_Wildlife_Sanctuary,wikidata,https://en.wikipedia.org/wiki/Sonanadi_Wildlife_Sanctuary,wildlife-sanctuaries,678758041,way,https://www.openstreetmap.org/way/678758041,Sonanadi WLS,osm-wikidata-tag
Q137699192,https://www.wikidata.org/wiki/Q137699192,Surha Tal Bird Sanctuary,,Bird Sanctuary,,,IUCN category IV: Habitat/Species Management Area,,,Uttar Pradesh,Uttar Pradesh,25.8429,84.1708,,,,,,,,https://en.wikipedia.org/wiki/Surha_Tal_Bird_Sanctuary,wikidata,https://en.wikipedia.org/wiki/Surha_Tal_Bird_Sanctuary,wildlife-sanctuaries,668732919,way,https://www.openstreetmap.org/way/668732919,Jai Prakash Narayan (Surhatal) Bird WLS,osm-wikidata-tag
Q137801052,https://www.wikidata.org/wiki/Q137801052,Pranhita Wildlife Sanctuary,,Wildlife Sanctuary,,,,2014-08-27T00:00:00Z,,Gadchiroli district,Maharashtra,19.8,80.15,,,,,,,,https://en.wikipedia.org/wiki/Pranhita_Wildlife_Sanctuary,wikidata,https://en.wikipedia.org/wiki/Pranhita_Wildlife_Sanctuary,wildlife-sanctuaries,,,,,
Q37564,https://www.wikidata.org/wiki/Q37564,Kadalundi Bird Sanctuary,,Bird Sanctuary,,http://commons.wikimedia.org/wiki/Special:FilePath/Kadalundi%20Bird%20Sanctuary.jpg,,,,Kerala,Kerala,11.131,75.829,,,,,,Kadalundi Bird Sanctuary,,https://en.wikipedia.org/wiki/Kadalundi_Bird_Sanctuary,wikidata,,,,,,,
Q19881905,https://www.wikidata.org/wiki/Q19881905,Amangarh Tiger Reserve,,Tiger Reserve,,,,,,Uttar Pradesh,Uttar Pradesh,29.5667,78.6167,,,,,,,,https://en.wikipedia.org/wiki/Amangarh_Tiger_Reserve,wikidata,,,,,,,
Q19894392,https://www.wikidata.org/wiki/Q19894392,Naina Devi Himalayan Bird Conservation Reserve,,Bird Sanctuary,,http://commons.wikimedia.org/wiki/Special:FilePath/Kalij%20Pheasant%20Lingadhar%20Uttarakhand%20India%2002.12.2014.jpg,,,,Nainital district,Uttarakhand,29.38,79.45,Nainital,,,,,,,https://en.wikipedia.org/wiki/Naina_Devi_Himalayan_Bird_Conservation_Reserve,wikidata,,,,,,,
Q19895392,https://www.wikidata.org/wiki/Q19895392,Pranahita Wildlife Sanctuary,,Wildlife Sanctuary,,,IUCN category IV: Habitat/Species Management Area,,,Telangana,Telangana,19.0256,79.9053,Mancherial,,,,,,,https://en.wikipedia.org/wiki/Pranahita_Wildlife_Sanctuary,wikidata,https://en.wikipedia.org/wiki/Pranahita_Wildlife_Sanctuary,wildlife-sanctuaries,9331660,relation,https://www.openstreetmap.org/relation/9331660,Pranahita WLS,osm-wikidata-tag
Q19895529,https://www.wikidata.org/wiki/Q19895529,Purna Wildlife Sanctuary,,Wildlife Sanctuary,,http://commons.wikimedia.org/wiki/Special:FilePath/Purna%20River%20view%20from%20Campsite.jpg,,1990-07-01T00:00:00Z,,Dang district,Gujarat,20.91,73.7,,,160.84,,,,,https://en.wikipedia.org/wiki/Purna_Wildlife_Sanctuary,wikidata,https://en.wikipedia.org/wiki/Purna_Wildlife_Sanctuary,wildlife-sanctuaries,669197063,way,https://www.openstreetmap.org/way/669197063,Purna WLS,osm-wikidata-tag
Q19898458,https://www.wikidata.org/wiki/Q19898458,Sri Lankamalleswara Wildlife Sanctuary,,Wildlife Sanctuary,,,,,,Andhra Pradesh,Andhra Pradesh,14.6,78.8833,Kadapa,,,,,Sri Lankamalleswara Wildlife Sanctuary,,https://en.wikipedia.org/wiki/Sri_Lankamalleswara_Wildlife_Sanctuary,wikidata,https://en.wikipedia.org/wiki/Sri_Lankamalleswara_Wildlife_Sanctuary,wildlife-sanctuaries,671049172,way,https://www.openstreetmap.org/way/671049172,Sri Lankamalleswara Wildlife Sanctuary,osm-wikidata-tag
Q22031428,https://www.wikidata.org/wiki/Q22031428,Gahirmatha Marine Sanctuary,,Wildlife Sanctuary,,,IUCN category IV: Habitat/Species Management Area,1997-01-01T00:00:00Z,,Odisha,Odisha,20.57,86.84,Chandabali,,,,,,,https://en.wikipedia.org/wiki/Gahirmatha_Marine_Sanctuary,wikidata,https://en.wikipedia.org/wiki/Gahirmatha_Marine_Sanctuary,wildlife-sanctuaries,669652446,way,https://www.openstreetmap.org/way/669652446,Gahirmatha (Marine) WLS,osm-wikidata-tag
Q22080908,https://www.wikidata.org/wiki/Q22080908,Simbalbara National Park,,National Park,,,IUCN category II: National Park,2010-01-01T00:00:00Z,,Himachal Pradesh,Himachal Pradesh,30.439,77.473,,,,,,,,https://en.wikipedia.org/wiki/Simbalbara_National_Park,wikidata,https://en.wikipedia.org/wiki/Simbalbara_National_Park,national-parks,666725799,way,https://www.openstreetmap.org/way/666725799,Simbalbara National Park,osm-wikidata-tag
Q22231355,https://www.wikidata.org/wiki/Q22231355,Kamlang Wildlife Sanctuary,,Tiger Reserve,,http://commons.wikimedia.org/wiki/Special:FilePath/Glao%20Glow%20Lake%201.jpg,IUCN category IV: Habitat/Species Management Area,,,Arunachal Pradesh,Arunachal Pradesh,27.66666667,96.43333333,Wakro,,,http://arunachalforests.gov.in/kamlang_wildlife_sanctuary.html,,Kamlang Wildlife Sanctuary,,https://en.wikipedia.org/wiki/Kamlang_Wildlife_Sanctuary,wikidata,https://en.wikipedia.org/wiki/Kamlang_Wildlife_Sanctuary,tiger-reserves,668135085,way,https://www.openstreetmap.org/way/668135085,Kamlang WLS/Tiger Reserve,osm-wikidata-tag
Q22948452,https://www.wikidata.org/wiki/Q22948452,Ervadi Dargah Sharif,,,,http://commons.wikimedia.org/wiki/Special:FilePath/Erwadidurgah.jpg,,,,Ramanathapuram district,Tamil Nadu,9.25,78.851,,,,,,Erwadi Dargah Shariff,,https://en.wikipedia.org/wiki/Erwadi_dargah,wikidata,,,,,,,
Q24906034,https://www.wikidata.org/wiki/Q24906034,Sri Penusila Narasimha Wildlife Sanctuary,,Wildlife Sanctuary,,,IUCN category IV: Habitat/Species Management Area,,,Andhra Pradesh,Andhra Pradesh,14.00916667,79.46383333,Nellore,,,,,,,https://en.wikipedia.org/wiki/Sri_Penusila_Narasimha_Wildlife_Sanctuary,wikidata,https://en.wikipedia.org/wiki/Sri_Penusila_Narasimha_Wildlife_Sanctuary,wildlife-sanctuaries,671119721,way,https://www.openstreetmap.org/way/671119721,Sri Penusila Narasimha Wildlife Sanctuary,osm-wikidata-tag
Q24945625,https://www.wikidata.org/wiki/Q24945625,Todgarh-Raoli Sanctuary,,Wildlife Sanctuary,,http://commons.wikimedia.org/wiki/Special:FilePath/An%20inside%20view%20of%20Todgargh%20Rawali%20Sanctuary..jpg,IUCN category IV: Habitat/Species Management Area,,,Rajasthan,Rajasthan,25.658333333,73.873611111,,,,,,,,https://en.wikipedia.org/wiki/Todgarh-Raoli_Wildlife_Sanctuary,wikidata,https://en.wikipedia.org/wiki/Todgarh-Raoli_Sanctuary,wildlife-sanctuaries,317887080,way,https://www.openstreetmap.org/way/317887080,Todgarh Raoli WLS,osm-wikidata-tag
Q24946728,https://www.wikidata.org/wiki/Q24946728,Sitanadi Wildlife Sanctuary,,Wildlife Sanctuary,Udanti-Sitanadi Tiger Reserve,http://commons.wikimedia.org/wiki/Special:FilePath/Deep%20Forest%20at%20Sitanadi%20Wildlife%20Sanctuary%20of%20Chattisgharh.jpg,IUCN category IV: Habitat/Species Management Area,1974-01-01T00:00:00Z,,Dhamtari district,Chhattisgarh,20.1857,81.9362,,,553.36,,,Sitanadi Wildlife Sanctuary,,https://en.wikipedia.org/wiki/Sitanadi_Wildlife_Sanctuary,wikidata,https://en.wikipedia.org/wiki/Sitanadi_Wildlife_Sanctuary,wildlife-sanctuaries,682114502,way,https://www.openstreetmap.org/way/682114502,Sitanadi WLS,osm-wikidata-tag
Q24948250,https://www.wikidata.org/wiki/Q24948250,Malai Mahadeshwara Wildlife Sanctuary,,Wildlife Sanctuary,,http://commons.wikimedia.org/wiki/Special:FilePath/A%20view%20of%20M%20M%20Hills%20Wildlife%20Sanctuary.jpg,IUCN category IV: Habitat/Species Management Area,,,Karnataka,Karnataka,11.962,77.442,,,,,,,,https://en.wikipedia.org/wiki/Male_Mahadeshwara_Wildlife_Sanctuary,wikidata,https://en.wikipedia.org/wiki/Malai_Mahadeshwara_Wildlife_Sanctuary,wildlife-sanctuaries,9329557,relation,https://www.openstreetmap.org/relation/9329557,Malai Mahadeshwara WLS,osm-wikidata-tag
Q26794303,https://www.wikidata.org/wiki/Q26794303,Changthang Wildlife Sanctuary,,Wildlife Sanctuary,,,IUCN category IV: Habitat/Species Management Area,,,Leh district,Ladakh,33.43355,78.47771,,,,,http://commons.wikimedia.org/wiki/Special:FilePath/Pangong%20Tso%20lake%20banner.jpg,,,https://en.wikipedia.org/wiki/Changthang_Wildlife_Sanctuary,wikidata,,,9393690,relation,https://www.openstreetmap.org/relation/9393690,Changthang Wildlife Sanctuary,osm-wikidata-tag
Q26794308,https://www.wikidata.org/wiki/Q26794308,Neyyar Wildlife Reserve,,Wildlife Sanctuary,,,,,,Tamil Nadu,Tamil Nadu,8.48875,77.24725,,,,,,,,,wikidata,,,,,,,
Q26794312,https://www.wikidata.org/wiki/Q26794312,Shendurney Wildlife Reserve,,Wildlife Sanctuary,,,,,,Kerala,Kerala,8.81061,77.13658,,,,,,,,,wikidata,,,,,,,
Q28173945,https://www.wikidata.org/wiki/Q28173945,Khonoma Nature Conservation and Tragopan Sanctuary,,Wildlife Sanctuary,,,,,,Kohima district,Nagaland,25.6267,94.0021,Kohima,,,,,,,https://en.wikipedia.org/wiki/Khonoma_Nature_Conservation_and_Tragopan_Sanctuary,wikidata,,,,,,,
Q28174315,https://www.wikidata.org/wiki/Q28174315,Kapilasa Wildlife Sanctuary,,Wildlife Sanctuary,,,IUCN category IV: Habitat/Species Management Area,,,Odisha,Odisha,20.7073695,85.8017064,Dhenkanal,,,,,,,https://en.wikipedia.org/wiki/Kapilasa_Wildlife_Sanctuary,wikidata,https://en.wikipedia.org/wiki/Kapilasa_Wildlife_Sanctuary,wildlife-sanctuaries,669764918,way,https://www.openstreetmap.org/way/669764918,Kapilash WLS,osm-wikidata-tag
Q30593531,https://www.wikidata.org/wiki/Q30593531,Phulwari ki Nal Wildlife Sanctuary,,Wildlife Sanctuary,,http://commons.wikimedia.org/wiki/Special:FilePath/Rock%20formations%20in%20or%20near%20the%20Phulwari%20ki%20Nal%20Wildlife%20Sanctuary.png,IUCN category IV: Habitat/Species Management Area,,,Rajasthan,Rajasthan,24.2150223,73.245354,Udaipur,,,,,,,https://en.wikipedia.org/wiki/Phulwari_ki_Nal_Wildlife_Sanctuary,wikidata,https://en.wikipedia.org/wiki/Phulwari_ki_Nal_Wildlife_Sanctuary,wildlife-sanctuaries,566643547,way,https://www.openstreetmap.org/way/566643547,Phulwari ki Nal WLS,osm-wikidata-tag
Q31708100,https://www.wikidata.org/wiki/Q31708100,Kottiyoor Wildlife Sanctuary,,Wildlife Sanctuary,,http://commons.wikimedia.org/wiki/Special:FilePath/Kottiyoor%20Wildlife%20Sanctuary.jpg,IUCN category IV: Habitat/Species Management Area,,,Kerala,Kerala,11.884055555,75.857361111,,,30.38,,,,,https://en.wikipedia.org/wiki/Kottiyoor_Wildlife_Sanctuary,wikidata,https://en.wikipedia.org/wiki/Kottiyoor_Wildlife_Sanctuary,wildlife-sanctuaries,677210306,way,https://www.openstreetmap.org/way/677210306,Kottiyoor WLS,osm-wikidata-tag
Q31708488,https://www.wikidata.org/wiki/Q31708488,Inderkilla National Park,,National Park,,,IUCN category II: National Park,2010-01-01T00:00:00Z,,Himachal Pradesh,Himachal Pradesh,32.23,77.41,,,,,,,,https://en.wikipedia.org/wiki/Inderkilla_National_Park,wikidata,https://en.wikipedia.org/wiki/Inderkilla_National_Park,national-parks,666695328,way,https://www.openstreetmap.org/way/666695328,Inderkilla National Park,osm-wikidata-tag
Q38251694,https://www.wikidata.org/wiki/Q38251694,Sumin Reserve Forest,,,,,,,,Pakyong district,Sikkim,27.22305556,88.52722222,Rangpo,,,,,,,https://en.wikipedia.org/wiki/Sumin_Reserve_Forest,wikidata,,,,,,,
Q39057492,https://www.wikidata.org/wiki/Q39057492,Nilambur Elephant Reserve,,,,,,,,Kerala,Kerala,11.266666666,76.475,Nilambur,,,,,,,https://en.wikipedia.org/wiki/Nilambur_Elephant_Reserve,wikidata,,,,,,,
Q130974358,https://www.wikidata.org/wiki/Q130974358,Bhairamgarh Wildlife Sanctuary,,Wildlife Sanctuary,,,IUCN category IV: Habitat/Species Management Area,,,Chhattisgarh,Chhattisgarh,19.0991,80.9394,,,,,,,,https://en.wikipedia.org/wiki/Bhairamgarh_Wildlife_Sanctuary,wikidata,https://en.wikipedia.org/wiki/Bhairamgarh_Wildlife_Sanctuary,wildlife-sanctuaries,,,,,
Q130974367,https://www.wikidata.org/wiki/Q130974367,Gomardha Wildlife Sanctuary,,Wildlife Sanctuary,,,IUCN category IV: Habitat/Species Management Area,,,Chhattisgarh,Chhattisgarh,21.501,83.1366,,,,,,,,https://en.wikipedia.org/wiki/Gomardha_Wildlife_Sanctuary,wikidata,https://en.wikipedia.org/wiki/Gomardha_Wildlife_Sanctuary,wildlife-sanctuaries,669576115,way,https://www.openstreetmap.org/way/669576115,Sarangarh-Gomardha WLS,osm-wikidata-tag
Q130974386,https://www.wikidata.org/wiki/Q130974386,Pamed Wildlife Sanctuary,,Wildlife Sanctuary,,,IUCN category IV: Habitat/Species Management Area,,,Chhattisgarh,Chhattisgarh,18.3171,80.841,,,,,,,,https://en.wikipedia.org/wiki/Pamed_Wildlife_Sanctuary,wikidata,https://en.wikipedia.org/wiki/Pamed_Wildlife_Sanctuary,wildlife-sanctuaries,669572140,way,https://www.openstreetmap.org/way/669572140,Pamed Wild Buffalo WLS,osm-wikidata-tag
Q130974396,https://www.wikidata.org/wiki/Q130974396,Semarsot Wildlife Sanctuary,,Wildlife Sanctuary,,,IUCN category IV: Habitat/Species Management Area,1978-01-01T00:00:00Z,,Chhattisgarh,Chhattisgarh,23.548,83.5283,,,430.35,,,,,https://en.wikipedia.org/wiki/Semarsot_Wildlife_Sanctuary,wikidata,https://en.wikipedia.org/wiki/Semarsot_Wildlife_Sanctuary,wildlife-sanctuaries,669578162,way,https://www.openstreetmap.org/way/669578162,,osm-wikidata-tag
Q131007942,https://www.wikidata.org/wiki/Q131007942,Kamala Wildlife Sanctuary,,Wildlife Sanctuary,,,IUCN category IV: Habitat/Species Management Area,,,Arunachal Pradesh,Arunachal Pradesh,27.641666666,96.629166666,,,,,,,,https://en.wikipedia.org/wiki/Kamala_Wildlife_Sanctuary,wikidata,https://en.wikipedia.org/wiki/Kamala_Wildlife_Sanctuary,wildlife-sanctuaries,,,,,
Q131007944,https://www.wikidata.org/wiki/Q131007944,Ringba-Roba Wildlife Sanctuary,,Wildlife Sanctuary,,,IUCN category IV: Habitat/Species Management Area,,,Arunachal Pradesh,Arunachal Pradesh,28.160833333,93.883333333,,,,,,,,https://en.wikipedia.org/wiki/Ringba-Roba_Wildlife_Sanctuary,wikidata,https://en.wikipedia.org/wiki/Ringba-Roba_Wildlife_Sanctuary,wildlife-sanctuaries,,,,,
Q131123428,https://www.wikidata.org/wiki/Q131123428,Kodaikanal Wildlife Sanctuary,,Wildlife Sanctuary,,http://commons.wikimedia.org/wiki/Special:FilePath/Kodaikanal%20Wildlife%20Sanctuary-Bombay%20Shola-WUS04998.jpg,IUCN category IV: Habitat/Species Management Area,,,Tamil Nadu,Tamil Nadu,10.383333333,77.8,,,,,,Kodaikanal Wildlife Sanctuary,,https://en.wikipedia.org/wiki/Kodaikanal_Wildlife_Sanctuary,wikidata,,,9336901,relation,https://www.openstreetmap.org/relation/9336901,Kodaikanal WLS,osm-wikidata-tag
Q131465770,https://www.wikidata.org/wiki/Q131465770,Guru Ghasidas - Tamor Pingla Tiger Reserve,,Tiger Reserve,,,IUCN category II: National Park,,,Chhattisgarh,Chhattisgarh,23.601944444,82.471944444,,,,,,,,https://en.wikipedia.org/wiki/Guru_Ghasidas_-_Tamor_Pingla_Tiger_Reserve,wikidata,https://en.wikipedia.org/wiki/Guru_Ghasidas_-_Tamor_Pingla_Tiger_Reserve,tiger-reserves,666683432,way,https://www.openstreetmap.org/way/666683432,Guru Ghasidas National Park,osm-wikidata-tag
Q131612272,https://www.wikidata.org/wiki/Q131612272,Bhensrodgarh Wildlife Sanctuary,,Wildlife Sanctuary,,,IUCN category IV: Habitat/Species Management Area,,,Rajasthan,Rajasthan,24.866666666,75.516666666,,,,,,,,https://en.wikipedia.org/wiki/Bhensrodgarh_Wildlife_Sanctuary,wikidata,https://en.wikipedia.org/wiki/Bhensrodgarh_Wildlife_Sanctuary,wildlife-sanctuaries,666625141,way,https://www.openstreetmap.org/way/666625141,Bhainsrodgarh WLS,osm-wikidata-tag
Q131632374,https://www.wikidata.org/wiki/Q131632374,Cuthbert Bay Wildlife Sanctuary,,Wildlife Sanctuary,,,IUCN category IV: Habitat/Species Management Area,,,Andaman and Nicobar Islands,Andaman and Nicobar Islands,12.709166666,92.968333333,,,,,,,,https://en.wikipedia.org/wiki/Cuthbert_Bay_Wildlife_Sanctuary,wikidata,https://en.wikipedia.org/wiki/Cuthbert_Bay_Wildlife_Sanctuary,wildlife-sanctuaries,677817638,way,https://www.openstreetmap.org/way/677817638,Cuthbert Bay WLS,osm-wikidata-tag
Q131939336,https://www.wikidata.org/wiki/Q131939336,Girnar Wildlife Sanctuary,,Wildlife Sanctuary,,,IUCN category IV: Habitat/Species Management Area,,,Gujarat,Gujarat,21.416666666,70.5,,,,,,,,https://en.wikipedia.org/wiki/Girnar_Wildlife_Sanctuary,wikidata,https://en.wikipedia.org/wiki/Girnar_Wildlife_Sanctuary,wildlife-sanctuaries,9078468,relation,https://www.openstreetmap.org/relation/9078468,Girnar WLS,osm-wikidata-tag
Q131995100,https://www.wikidata.org/wiki/Q131995100,Bagdara Wildlife Sanctuary,,Wildlife Sanctuary,,,IUCN category IV: Habitat/Species Management Area,,,Madhya Pradesh,Madhya Pradesh,24.6338,82.49597,,,,,,,,https://en.wikipedia.org/wiki/Bagdara_Wildlife_Sanctuary,wikidata,https://en.wikipedia.org/wiki/Bagdara_Wildlife_Sanctuary,wildlife-sanctuaries,669367044,way,https://www.openstreetmap.org/way/669367044,Bagdara WLS,osm-wikidata-tag
Q132068974,https://www.wikidata.org/wiki/Q132068974,Orchha Wildlife Sanctuary,,Wildlife Sanctuary,,,IUCN category IV: Habitat/Species Management Area,,,Madhya Pradesh,Madhya Pradesh,25.35,78.64,,,,,,,,https://en.wikipedia.org/wiki/Orchha_Wildlife_Sanctuary,wikidata,https://en.wikipedia.org/wiki/Orchha_Wildlife_Sanctuary,wildlife-sanctuaries,680764132,way,https://www.openstreetmap.org/way/680764132,Orchha WLS,osm-wikidata-tag
Q132126728,https://www.wikidata.org/wiki/Q132126728,Son Gharial Wildlife Sanctuary,,Wildlife Sanctuary,,,IUCN category IV: Habitat/Species Management Area,,,Madhya Pradesh,Madhya Pradesh,24.282934,81.45285,,,,,,,,https://en.wikipedia.org/wiki/Son_Gharial_Wildlife_Sanctuary,wikidata,https://en.wikipedia.org/wiki/Son_Gharial_Wildlife_Sanctuary,wildlife-sanctuaries,669274355,way,https://www.openstreetmap.org/way/669274355,Son Gharial WLS,osm-wikidata-tag
Q134484578,https://www.wikidata.org/wiki/Q134484578,Satajaan Bird Sanctuary,,Bird Sanctuary,,,,,,Lakhimpur district,Assam,,,,,,,,,,,wikidata,,,,,,,
Q134522768,https://www.wikidata.org/wiki/Q134522768,Kailadevi Wildlife Sanctuary,,Wildlife Sanctuary,,,IUCN category IV: Habitat/Species Management Area,,,Rajasthan,Rajasthan,26.29969,76.93204,,,,,,,,https://en.wikipedia.org/wiki/Kailadevi_Wildlife_Sanctuary,wikidata,https://en.wikipedia.org/wiki/Kailadevi_Wildlife_Sanctuary,wildlife-sanctuaries,9473779,relation,https://www.openstreetmap.org/relation/9473779,Kailadevi WLS,osm-wikidata-tag
Q134581460,https://www.wikidata.org/wiki/Q134581460,Jamwa Ramgarh Wildlife Sanctuary,,Wildlife Sanctuary,,,IUCN category IV: Habitat/Species Management Area,,,Rajasthan,Rajasthan,27.047777777,76.055555555,,,,,,,,https://en.wikipedia.org/wiki/Jamwa_Ramgarh_Wildlife_Sanctuary,wikidata,https://en.wikipedia.org/wiki/Jamwa_Ramgarh_Wildlife_Sanctuary,wildlife-sanctuaries,667114188,way,https://www.openstreetmap.org/way/667114188,Jamwa Ramgarh Wildlife Sanctuary,osm-wikidata-tag
Q134581467,https://www.wikidata.org/wiki/Q134581467,Nahargarh Wildlife Sanctuary,,Wildlife Sanctuary,,,IUCN category IV: Habitat/Species Management Area,,,Rajasthan,Rajasthan,26.9993,75.8374,,,,,,,,https://en.wikipedia.org/wiki/Nahargarh_Wildlife_Sanctuary,wikidata,https://en.wikipedia.org/wiki/Nahargarh_Wildlife_Sanctuary,wildlife-sanctuaries,667244115,way,https://www.openstreetmap.org/way/667244115,Nahargarh WLS,osm-wikidata-tag
Q134610688,https://www.wikidata.org/wiki/Q134610688,Shergarh Wildlife Sanctuary,,Wildlife Sanctuary,,,IUCN category IV: Habitat/Species Management Area,,,Rajasthan,Rajasthan,24.71,76.486944444,,,,,,,,https://en.wikipedia.org/wiki/Shergarh_Wildlife_Sanctuary,wikidata,https://en.wikipedia.org/wiki/Shergarh_Wildlife_Sanctuary,wildlife-sanctuaries,666633877,way,https://www.openstreetmap.org/way/666633877,Shergarh WLS,osm-wikidata-tag
Q134610692,https://www.wikidata.org/wiki/Q134610692,Sawai Man Singh Wildlife Sanctuary,,Wildlife Sanctuary,,,IUCN category IV: Habitat/Species Management Area,,,Rajasthan,Rajasthan,25.8824,76.3907,,,,,,,,https://en.wikipedia.org/wiki/Sawai_Man_Singh_Wildlife_Sanctuary,wikidata,https://en.wikipedia.org/wiki/Sawai_Man_Singh_Wildlife_Sanctuary,wildlife-sanctuaries,,,,,
Q134721122,https://www.wikidata.org/wiki/Q134721122,Van Vihar Wildlife Sanctuary,,Wildlife Sanctuary,,,IUCN category IV: Habitat/Species Management Area,,,Rajasthan,Rajasthan,26.6118,77.74904,,,,,,,,https://en.wikipedia.org/wiki/Van_Vihar_Wildlife_Sanctuary,wikidata,https://en.wikipedia.org/wiki/Van_Vihar_Wildlife_Sanctuary,wildlife-sanctuaries,666526440,way,https://www.openstreetmap.org/way/666526440,Van Vihar WLS,osm-wikidata-tag
Q134984377,https://www.wikidata.org/wiki/Q134984377,Sikhna Jwhwlao National Park,,National Park,Assam,,IUCN category II: National Park,2025-01-01T00:00:00Z,,Bodoland,Assam,26.716966666,90.295891666,,,,,,,,https://en.wikipedia.org/wiki/Sikhna_Jwhwlao_National_Park,wikidata,https://en.wikipedia.org/wiki/Sikhna_Jwhwlao_National_Park,national-parks,,,,,
Q135111713,https://www.wikidata.org/wiki/Q135111713,Dinosaur Fossils National Park,,National Park,,,IUCN category II: National Park,,,Madhya Pradesh,Madhya Pradesh,22.341,74.779,,,,,,,,https://en.wikipedia.org/wiki/Dinosaur_Fossils_National_Park,wikidata,https://en.wikipedia.org/wiki/Dinosaur_Fossils_National_Park,national-parks,666336356,way,https://www.openstreetmap.org/way/666336356,Dinosaur National Park,osm-wikidata-tag
Q135350399,https://www.wikidata.org/wiki/Q135350399,Bhoramdev Wildlife Sanctuary,,Wildlife Sanctuary,,,IUCN category IV: Habitat/Species Management Area,,,Chhattisgarh,Chhattisgarh,22.11,81.144444444,,,,,,,,https://en.wikipedia.org/wiki/Bhoramdev_Wildlife_Sanctuary,wikidata,https://en.wikipedia.org/wiki/Bhoramdev_Wildlife_Sanctuary,wildlife-sanctuaries,,,,,
Q135350403,https://www.wikidata.org/wiki/Q135350403,Kusheshwar Asthan Bird Sanctuary,,Bird Sanctuary,,,IUCN category IV: Habitat/Species Management Area,,,Bihar,Bihar,25.8315,86.3044,,,,,,,,https://en.wikipedia.org/wiki/Kusheshwar_Asthan_Bird_Sanctuary,wikidata,https://en.wikipedia.org/wiki/Kusheshwar_Asthan_Bird_Wildlife_Sanctuary,wildlife-sanctuaries,668873994,way,https://www.openstreetmap.org/way/668873994,Kusheshwar Asthan Bird WLS,osm-wikidata-tag
Q135404149,https://www.wikidata.org/wiki/Q135404149,Narsinghgarh Wildlife Sanctuary,,Wildlife Sanctuary,,,IUCN category IV: Habitat/Species Management Area,,,Madhya Pradesh,Madhya Pradesh,23.625,77.0667,,,,,,,,https://en.wikipedia.org/wiki/Narsinghgarh_Wildlife_Sanctuary,wikidata,https://en.wikipedia.org/wiki/Narsinghgarh_Wildlife_Sanctuary,wildlife-sanctuaries,669504729,way,https://www.openstreetmap.org/way/669504729,Narsighgarh WLS,osm-wikidata-tag
Q135404156,https://www.wikidata.org/wiki/Q135404156,Kibber Wildlife Sanctuary,,Wildlife Sanctuary,,,IUCN category IV: Habitat/Species Management Area,,,Himachal Pradesh,Himachal Pradesh,32.2096,78.0765,,,,,,,,https://en.wikipedia.org/wiki/Kibber_Wildlife_Sanctuary,wikidata,https://en.wikipedia.org/wiki/Kibber_Wildlife_Sanctuary,wildlife-sanctuaries,4144891,relation,https://www.openstreetmap.org/relation/4144891,Kibber WLS,osm-wikidata-tag
Q135412386,https://www.wikidata.org/wiki/Q135412386,Pualreng Wildlife Sanctuary,,Wildlife Sanctuary,,,IUCN category IV: Habitat/Species Management Area,,,Mizoram,Mizoram,24.136,92.838,,,,,,,,https://en.wikipedia.org/wiki/Pualreng_Wildlife_Sanctuary,wikidata,https://en.wikipedia.org/wiki/Pualreng_Wildlife_Sanctuary,wildlife-sanctuaries,663161490,way,https://www.openstreetmap.org/way/663161490,Pualreng WLS,osm-wikidata-tag
Q135419116,https://www.wikidata.org/wiki/Q135419116,Kappatagudda Wildlife Sanctuary,,Wildlife Sanctuary,,,IUCN category IV: Habitat/Species Management Area,,,Karnataka,Karnataka,15.1841,75.7697,,,,,,,,https://en.wikipedia.org/wiki/Kappatagudda_Wildlife_Sanctuary,wikidata,https://en.wikipedia.org/wiki/Kappatagudda_Wildlife_Sanctuary,wildlife-sanctuaries,,,,,
Q135455927,https://www.wikidata.org/wiki/Q135455927,Adichunchanagiri Peacock Wildlife Sanctuary,,Wildlife Sanctuary,,,IUCN category IV: Habitat/Species Management Area,,,Karnataka,Karnataka,13.0197,76.7496,,,,,,,,https://en.wikipedia.org/wiki/Adichunchanagiri_Peacock_Wildlife_Sanctuary,wikidata,,,9330938,relation,https://www.openstreetmap.org/relation/9330938,Adichunchunagiri WLS,osm-wikidata-tag
WIKIPEDIA:chhattisgarh:guru-ghasidas-national-park-sanjay,,Guru Ghasidas National Park(Sanjay),,National Park,,,,1981,,,Chhattisgarh,,,,,,,,,,https://en.wikipedia.org/wiki/Guru_Ghasidas_-_Tamor_Pingla_Tiger_Reserve,wikipedia,https://en.wikipedia.org/wiki/Guru_Ghasidas_-_Tamor_Pingla_Tiger_Reserve,national-parks,,,,,
WIKIPEDIA:goa:mollem-national-park,,Mollem National Park,,National Park,,https://upload.wikimedia.org/wikipedia/commons/thumb/2/2c/Dudhsagar_Falls_Triplet.jpg/250px-Dudhsagar_Falls_Triplet.jpg,,1978,,,Goa,,,,,,,,,,https://en.wikipedia.org/wiki/Mollem_National_Park,wikipedia,https://en.wikipedia.org/wiki/Mollem_National_Park,national-parks,,,,,
WIKIPEDIA:gujarat:blackbuck-national-park-velavadar,,Blackbuck National Park(Velavadar),,National Park,,https://upload.wikimedia.org/wikipedia/commons/thumb/4/4e/Blackbucks_in_Blackbuck_National_Park_05.jpg/250px-Blackbucks_in_Blackbuck_National_Park_05.jpg,,1976,,,Gujarat,,,,,,,,,,"https://en.wikipedia.org/wiki/Blackbuck_National_Park,_Velavadar",wikipedia,"https://en.wikipedia.org/wiki/Blackbuck_National_Park,_Velavadar",national-parks,,,,,
WIKIPEDIA:karnataka:anshi-national-park,,Anshi National Park,,National Park,,,,,,,Karnataka,,,,,,,,,,https://en.wikipedia.org/wiki/Anshi_National_Park,wikipedia,https://en.wikipedia.org/wiki/Anshi_National_Park,national-parks,,,,,
WIKIPEDIA:karnataka:nagarhole-national-park-rajiv-gandhi,,Nagarhole National Park(Rajiv Gandhi),,National Park,,,,,,,Karnataka,,,,,,,,,,https://en.wikipedia.org/wiki/Nagarhole_National_Park,wikipedia,https://en.wikipedia.org/wiki/Nagarhole_National_Park,national-parks,,,,,
WIKIPEDIA:maharashtra:pench-national-park-jawaharlal-nehru,,Pench National Park(Jawaharlal Nehru),,National Park,,,,,,,Maharashtra,,,,,,,,,,,wikipedia,,national-parks,,,,,
WIKIPEDIA:meghalaya:ak-national-park,,AK National Park,,National Park,,,,,,,Meghalaya,,,,,,,,,,https://en.wikipedia.org/wiki/AK_National_Park?action=edit&redlink=1,wikipedia,https://en.wikipedia.org/wiki/AK_National_Park?action=edit&redlink=1,national-parks,,,,,
WIKIPEDIA:rajasthan:mukundara-hills-national-park,,Mukundara Hills National Park,,National Park,,,,,,,Rajasthan,,,,,,,,,,https://en.wikipedia.org/wiki/Mukundara_Hills_National_Park,wikipedia,https://en.wikipedia.org/wiki/Mukundara_Hills_National_Park,national-parks,,,,,
WIKIPEDIA:andaman-and-nicobar-islands:barren-island-wildlife-sanctuary,,Barren Island Wildlife Sanctuary,,Wildlife Sanctuary,,,,1987,,,Andaman and Nicobar Islands,,,,,8.1,,,,,https://en.wikipedia.org/wiki/Barren_Island_(Andaman_Islands),wikipedia,https://en.wikipedia.org/wiki/Barren_Island_(Andaman_Islands),wildlife-sanctuaries,,,,,
WIKIPEDIA:andaman-and-nicobar-islands:battimalv-island-wildlife-sanctuary,,Battimalv Island Wildlife Sanctuary,,Wildlife Sanctuary,,,,1987,,,Andaman and Nicobar Islands,,,,,2.23,,,,,https://en.wikipedia.org/wiki/Battimalv_Island_Wildlife_Sanctuary?action=edit&redlink=1,wikipedia,https://en.wikipedia.org/wiki/Battimalv_Island_Wildlife_Sanctuary?action=edit&redlink=1,wildlife-sanctuaries,,,,,
WIKIPEDIA:andaman-and-nicobar-islands:belle-island-wildlife-sanctuary,,Belle Island Wildlife Sanctuary,,Wildlife Sanctuary,,,,1987,,,Andaman and Nicobar Islands,,,,,0.08,,,,,https://en.wikipedia.org/wiki/Belle_Island_Wildlife_Sanctuary?action=edit&redlink=1,wikipedia,https://en.wikipedia.org/wiki/Belle_Island_Wildlife_Sanctuary?action=edit&redlink=1,wildlife-sanctuaries,,,,,
WIKIPEDIA:andaman-and-nicobar-islands:benett-island-wildlife-sanctuary,,Benett Island Wildlife Sanctuary,,Wildlife Sanctuary,,,,1987,,,Andaman and Nicobar Islands,,,,,3.46,,,,,https://en.wikipedia.org/wiki/Benett_Island_Wildlife_Sanctuary?action=edit&redlink=1,wikipedia,https://en.wikipedia.org/wiki/Benett_Island_Wildlife_Sanctuary?action=edit&redlink=1,wildlife-sanctuaries,,,,,
WIKIPEDIA:andaman-and-nicobar-islands:bingham-island-wildlife-sanctuary,,Bingham Island Wildlife Sanctuary,,Wildlife Sanctuary,,,,1987,,,Andaman and Nicobar Islands,,,,,0.08,,,,,https://en.wikipedia.org/wiki/Bingham_Island_Wildlife_Sanctuary?action=edit&redlink=1,wikipedia,https://en.wikipedia.org/wiki/Bingham_Island_Wildlife_Sanctuary?action=edit&redlink=1,wildlife-sanctuaries,,,,,
WIKIPEDIA:andaman-and-nicobar-islands:blister-island-wildlife-sanctuary,,Blister Island Wildlife Sanctuary,,Wildlife Sanctuary,,,,1987,,,Andaman and Nicobar Islands,,,,,0.26,,,,,https://en.wikipedia.org/wiki/Blister_Island_Wildlife_Sanctuary?action=edit&redlink=1,wikipedia,https://en.wikipedia.org/wiki/Blister_Island_Wildlife_Sanctuary?action=edit&redlink=1,wildlife-sanctuaries,,,,,
WIKIPEDIA:andaman-and-nicobar-islands:bluff-island-wildlife-sanctuary,,Bluff Island Wildlife Sanctuary,,Wildlife Sanctuary,,,,1987,,,Andaman and Nicobar Islands,,,,,1.14,,,,,https://en.wikipedia.org/wiki/Bluff_Island_Wildlife_Sanctuary?action=edit&redlink=1,wikipedia,https://en.wikipedia.org/wiki/Bluff_Island_Wildlife_Sanctuary?action=edit&redlink=1,wildlife-sanctuaries,,,,,
WIKIPEDIA:andaman-and-nicobar-islands:bondoville-island-wildlife-sanctuary,,Bondoville Island Wildlife Sanctuary,,Wildlife Sanctuary,,,,1987,,,Andaman and Nicobar Islands,,,,,2.55,,,,,https://en.wikipedia.org/wiki/Bondoville_Island_Wildlife_Sanctuary?action=edit&redlink=1,wikipedia,https://en.wikipedia.org/wiki/Bondoville_Island_Wildlife_Sanctuary?action=edit&redlink=1,wildlife-sanctuaries,,,,,
WIKIPEDIA:andaman-and-nicobar-islands:brush-island-wildlife-sanctuary,,Brush Island Wildlife Sanctuary,,Wildlife Sanctuary,,,,1987,,,Andaman and Nicobar Islands,,,,,0.23,,,,,https://en.wikipedia.org/wiki/Brush_Island_Wildlife_Sanctuary?action=edit&redlink=1,wikipedia,https://en.wikipedia.org/wiki/Brush_Island_Wildlife_Sanctuary?action=edit&redlink=1,wildlife-sanctuaries,,,,,
WIKIPEDIA:andaman-and-nicobar-islands:buchanan-island-wildlife-sanctuary,,Buchanan Island Wildlife Sanctuary,,Wildlife Sanctuary,,,,1987,,,Andaman and Nicobar Islands,,,,,9.33,,,,,https://en.wikipedia.org/wiki/Buchanan_Island_Wildlife_Sanctuary?action=edit&redlink=1,wikipedia,https://en.wikipedia.org/wiki/Buchanan_Island_Wildlife_Sanctuary?action=edit&redlink=1,wildlife-sanctuaries,,,,,
WIKIPEDIA:andaman-and-nicobar-islands:chanel-island-wildlife-sanctuary,,Chanel Island Wildlife Sanctuary,,Wildlife Sanctuary,,,,1987,,,Andaman and Nicobar Islands,,,,,0.13,,,,,https://en.wikipedia.org/wiki/Chanel_Island_Wildlife_Sanctuary?action=edit&redlink=1,wikipedia,https://en.wikipedia.org/wiki/Chanel_Island_Wildlife_Sanctuary?action=edit&redlink=1,wildlife-sanctuaries,,,,,
WIKIPEDIA:andaman-and-nicobar-islands:cinque-islands-wildlife-sanctuary,,Cinque Islands Wildlife Sanctuary,,Wildlife Sanctuary,,,,1987,,,Andaman and Nicobar Islands,,,,,9.51,,,,,https://en.wikipedia.org/wiki/Cinque_Islands_Wildlife_Sanctuary?action=edit&redlink=1,wikipedia,https://en.wikipedia.org/wiki/Cinque_Islands_Wildlife_Sanctuary?action=edit&redlink=1,wildlife-sanctuaries,,,,,
WIKIPEDIA:andaman-and-nicobar-islands:clyde-island-wildlife-sanctuary,,Clyde Island Wildlife Sanctuary,,Wildlife Sanctuary,,,,1987,,,Andaman and Nicobar Islands,,,,,0.54,,,,,https://en.wikipedia.org/wiki/Clyde_Island_Wildlife_Sanctuary?action=edit&redlink=1,wikipedia,https://en.wikipedia.org/wiki/Clyde_Island_Wildlife_Sanctuary?action=edit&redlink=1,wildlife-sanctuaries,,,,,
WIKIPEDIA:andaman-and-nicobar-islands:cone-island-wildlife-sanctuary,,Cone Island Wildlife Sanctuary,,Wildlife Sanctuary,,,,1987,,,Andaman and Nicobar Islands,,,,,0.65,,,,,https://en.wikipedia.org/wiki/Cone_Island_Wildlife_Sanctuary?action=edit&redlink=1,wikipedia,https://en.wikipedia.org/wiki/Cone_Island_Wildlife_Sanctuary?action=edit&redlink=1,wildlife-sanctuaries,,,,,
WIKIPEDIA:andaman-and-nicobar-islands:curlew-b-p-island-wildlife-sanctuary,,Curlew (B.P.) Island Wildlife Sanctuary,,Wildlife Sanctuary,,,,1987,,,Andaman and Nicobar Islands,,,,,0.16,,,,,https://en.wikipedia.org/wiki/Curlew_(B.P.)_Island_Wildlife_Sanctuary?action=edit&redlink=1,wikipedia,https://en.wikipedia.org/wiki/Curlew_(B.P.)_Island_Wildlife_Sanctuary?action=edit&redlink=1,wildlife-sanctuaries,,,,,
WIKIPEDIA:andaman-and-nicobar-islands:curlew-island-wildlife-sanctuary,,Curlew Island Wildlife Sanctuary,,Wildlife Sanctuary,,,,1987,,,Andaman and Nicobar Islands,,,,,0.03,,,,,https://en.wikipedia.org/wiki/Curlew_Island_Wildlife_Sanctuary?action=edit&redlink=1,wikipedia,https://en.wikipedia.org/wiki/Curlew_Island_Wildlife_Sanctuary?action=edit&redlink=1,wildlife-sanctuaries,,,,,
WIKIPEDIA:andaman-and-nicobar-islands:defence-island-wildlife-sanctuary,,Defence Island Wildlife Sanctuary,,Wildlife Sanctuary,,,,1987,,,Andaman and Nicobar Islands,,,,,10.49,,,,,https://en.wikipedia.org/wiki/Defence_Island_Wildlife_Sanctuary,wikipedia,https://en.wikipedia.org/wiki/Defence_Island_Wildlife_Sanctuary,wildlife-sanctuaries,,,,,
WIKIPEDIA:andaman-and-nicobar-islands:dot-island-wildlife-sanctuary,,Dot Island Wildlife Sanctuary,,Wildlife Sanctuary,,,,1987,,,Andaman and Nicobar Islands,,,,,0.13,,,,,https://en.wikipedia.org/wiki/Dot_Island_Wildlife_Sanctuary?action=edit&redlink=1,wikipedia,https://en.wikipedia.org/wiki/Dot_Island_Wildlife_Sanctuary?action=edit&redlink=1,wildlife-sanctuaries,,,,,
WIKIPEDIA:andaman-and-nicobar-islands:dottrell-island-wildlife-sanctuary,,Dottrell Island Wildlife Sanctuary,,Wildlife Sanctuary,,,,1987,,,Andaman and Nicobar Islands,,,,,0.13,,,,,https://en.wikipedia.org/wiki/Dottrell_Island_Wildlife_Sanctuary?action=edit&redlink=1,wikipedia,https://en.wikipedia.org/wiki/Dottrell_Island_Wildlife_Sanctuary?action=edit&redlink=1,wildlife-sanctuaries,,,,,
WIKIPEDIA:andaman-and-nicobar-islands:duncan-island-wildlife-sanctuary,,Duncan Island Wildlife Sanctuary,,Wildlife Sanctuary,,,,1987,,,Andaman and Nicobar Islands,,,,,0.73,,,,,https://en.wikipedia.org/wiki/Duncan_Island_Wildlife_Sanctuary?action=edit&redlink=1,wikipedia,https://en.wikipedia.org/wiki/Duncan_Island_Wildlife_Sanctuary?action=edit&redlink=1,wildlife-sanctuaries,,,,,
WIKIPEDIA:andaman-and-nicobar-islands:east-island-wildlife-sanctuary,,East Island Wildlife Sanctuary,,Wildlife Sanctuary,,,,1987,,,Andaman and Nicobar Islands,,,,,6.11,,,,,https://en.wikipedia.org/wiki/East_Island_Wildlife_Sanctuary?action=edit&redlink=1,wikipedia,https://en.wikipedia.org/wiki/East_Island_Wildlife_Sanctuary?action=edit&redlink=1,wildlife-sanctuaries,,,,,
WIKIPEDIA:andaman-and-nicobar-islands:east-of-inglis-island-wildlife-sanctuary,,East of Inglis Island Wildlife Sanctuary,,Wildlife Sanctuary,,,,1987,,,Andaman and Nicobar Islands,,,,,3.55,,,,,https://en.wikipedia.org/wiki/East_of_Inglis_Island_Wildlife_Sanctuary?action=edit&redlink=1,wikipedia,https://en.wikipedia.org/wiki/East_of_Inglis_Island_Wildlife_Sanctuary?action=edit&redlink=1,wildlife-sanctuaries,,,,,
WIKIPEDIA:andaman-and-nicobar-islands:egg-island-wildlife-sanctuary,,Egg Island Wildlife Sanctuary,,Wildlife Sanctuary,,,,1987,,,Andaman and Nicobar Islands,,,,,0.05,,,,,https://en.wikipedia.org/wiki/Egg_Island_Wildlife_Sanctuary?action=edit&redlink=1,wikipedia,https://en.wikipedia.org/wiki/Egg_Island_Wildlife_Sanctuary?action=edit&redlink=1,wildlife-sanctuaries,,,,,
WIKIPEDIA:andaman-and-nicobar-islands:entrance-island-wildlife-sanctuary,,Entrance Island Wildlife Sanctuary,,Wildlife Sanctuary,,,,1987,,,Andaman and Nicobar Islands,,,,,0.96,,,,,https://en.wikipedia.org/wiki/Entrance_Island_Wildlife_Sanctuary?action=edit&redlink=1,wikipedia,https://en.wikipedia.org/wiki/Entrance_Island_Wildlife_Sanctuary?action=edit&redlink=1,wildlife-sanctuaries,,,,,
WIKIPEDIA:andaman-and-nicobar-islands:flat-island-wildlife-sanctuary,,Flat Island Wildlife Sanctuary,,Wildlife Sanctuary,,,,1987,,,Andaman and Nicobar Islands,,,,,9.36,,,,,https://en.wikipedia.org/wiki/Flat_Island_Wildlife_Sanctuary,wikipedia,https://en.wikipedia.org/wiki/Flat_Island_Wildlife_Sanctuary,wildlife-sanctuaries,,,,,
WIKIPEDIA:andaman-and-nicobar-islands:gander-island-wildlife-sanctuary,,Gander Island Wildlife Sanctuary,,Wildlife Sanctuary,,,,1987,,,Andaman and Nicobar Islands,,,,,0.05,,,,,https://en.wikipedia.org/wiki/Gander_Island_Wildlife_Sanctuary?action=edit&redlink=1,wikipedia,https://en.wikipedia.org/wiki/Gander_Island_Wildlife_Sanctuary?action=edit&redlink=1,wildlife-sanctuaries,,,,,
WIKIPEDIA:andaman-and-nicobar-islands:girjan-island-wildlife-sanctuary,,Girjan Island Wildlife Sanctuary,,Wildlife Sanctuary,,,,1987,,,Andaman and Nicobar Islands,,,,,0.16,,,,,https://en.wikipedia.org/wiki/Girjan_Island_Wildlife_Sanctuary?action=edit&redlink=1,wikipedia,https://en.wikipedia.org/wiki/Girjan_Island_Wildlife_Sanctuary?action=edit&redlink=1,wildlife-sanctuaries,,,,,
WIKIPEDIA:andaman-and-nicobar-islands:goose-island-wildlife-sanctuary,,Goose Island Wildlife Sanctuary,,Wildlife Sanctuary,,,,1987,,,Andaman and Nicobar Islands,,,,,0.01,,,,,https://en.wikipedia.org/wiki/Goose_Island_Wildlife_Sanctuary?action=edit&redlink=1,wikipedia,https://en.wikipedia.org/wiki/Goose_Island_Wildlife_Sanctuary?action=edit&redlink=1,wildlife-sanctuaries,,,,,
WIKIPEDIA:andaman-and-nicobar-islands:hump-island-wildlife-sanctuary,,Hump Island Wildlife Sanctuary,,Wildlife Sanctuary,,,,1987,,,Andaman and Nicobar Islands,,,,,0.47,,,,,https://en.wikipedia.org/wiki/Hump_Island_Wildlife_Sanctuary?action=edit&redlink=1,wikipedia,https://en.wikipedia.org/wiki/Hump_Island_Wildlife_Sanctuary?action=edit&redlink=1,wildlife-sanctuaries,,,,,
WIKIPEDIA:andaman-and-nicobar-islands:interview-island-wildlife-sanctuary,,Interview Island Wildlife Sanctuary,,Wildlife Sanctuary,,,,1987,,,Andaman and Nicobar Islands,,,,,133.87,,,,,https://en.wikipedia.org/wiki/Interview_Island,wikipedia,https://en.wikipedia.org/wiki/Interview_Island,wildlife-sanctuaries,,,,,
WIKIPEDIA:andaman-and-nicobar-islands:james-island-wildlife-sanctuary,,James Island Wildlife Sanctuary,,Wildlife Sanctuary,,,,1987,,,Andaman and Nicobar Islands,,,,,2.1,,,,,https://en.wikipedia.org/wiki/James_Island_Wildlife_Sanctuary?action=edit&redlink=1,wikipedia,https://en.wikipedia.org/wiki/James_Island_Wildlife_Sanctuary?action=edit&redlink=1,wildlife-sanctuaries,,,,,
WIKIPEDIA:andaman-and-nicobar-islands:jungle-island-wildlife-sanctuary,,Jungle Island Wildlife Sanctuary,,Wildlife Sanctuary,,,,1987,,,Andaman and Nicobar Islands,,,,,0.52,,,,,https://en.wikipedia.org/wiki/Jungle_Island_Wildlife_Sanctuary?action=edit&redlink=1,wikipedia,https://en.wikipedia.org/wiki/Jungle_Island_Wildlife_Sanctuary?action=edit&redlink=1,wildlife-sanctuaries,,,,,
WIKIPEDIA:andaman-and-nicobar-islands:kyd-island-wildlife-sanctuary,,Kyd Island Wildlife Sanctuary,,Wildlife Sanctuary,,,,1987,,,Andaman and Nicobar Islands,,,,,8,,,,,https://en.wikipedia.org/wiki/Kyd_Island_Wildlife_Sanctuary?action=edit&redlink=1,wikipedia,https://en.wikipedia.org/wiki/Kyd_Island_Wildlife_Sanctuary?action=edit&redlink=1,wildlife-sanctuaries,,,,,
WIKIPEDIA:andaman-and-nicobar-islands:landfall-island-wildlife-sanctuary,,Landfall Island Wildlife Sanctuary,,Wildlife Sanctuary,,,,1987,,,Andaman and Nicobar Islands,,,,,29.48,,,,,https://en.wikipedia.org/wiki/Landfall_Island_Wildlife_Sanctuary?action=edit&redlink=1,wikipedia,https://en.wikipedia.org/wiki/Landfall_Island_Wildlife_Sanctuary?action=edit&redlink=1,wildlife-sanctuaries,,,,,
WIKIPEDIA:andaman-and-nicobar-islands:latouche-island-wildlife-sanctuary,,Latouche Island Wildlife Sanctuary,,Wildlife Sanctuary,,,,1987,,,Andaman and Nicobar Islands,,,,,0.96,,,,,https://en.wikipedia.org/wiki/Latouche_Island_Wildlife_Sanctuary?action=edit&redlink=1,wikipedia,https://en.wikipedia.org/wiki/Latouche_Island_Wildlife_Sanctuary?action=edit&redlink=1,wildlife-sanctuaries,,,,,
WIKIPEDIA:andaman-and-nicobar-islands:lohabarrack-wildlife-sanctuary,,Lohabarrack Wildlife Sanctuary,,Wildlife Sanctuary,,,,1987,,,Andaman and Nicobar Islands,,,,,22.21,,,,,https://en.wikipedia.org/wiki/Lohabarrack_Wildlife_Sanctuary?action=edit&redlink=1,wikipedia,https://en.wikipedia.org/wiki/Lohabarrack_Wildlife_Sanctuary?action=edit&redlink=1,wildlife-sanctuaries,,,,,
WIKIPEDIA:andaman-and-nicobar-islands:mangrove-island-wildlife-sanctuary,,Mangrove Island Wildlife Sanctuary,,Wildlife Sanctuary,,,,1987,,,Andaman and Nicobar Islands,,,,,0.39,,,,,https://en.wikipedia.org/wiki/Mangrove_Island_Wildlife_Sanctuary?action=edit&redlink=1,wikipedia,https://en.wikipedia.org/wiki/Mangrove_Island_Wildlife_Sanctuary?action=edit&redlink=1,wildlife-sanctuaries,,,,,
WIKIPEDIA:andaman-and-nicobar-islands:mask-island-wildlife-sanctuary,,Mask Island Wildlife Sanctuary,,Wildlife Sanctuary,,,,1987,,,Andaman and Nicobar Islands,,,,,0.78,,,,,https://en.wikipedia.org/wiki/Mask_Island_Wildlife_Sanctuary?action=edit&redlink=1,wikipedia,https://en.wikipedia.org/wiki/Mask_Island_Wildlife_Sanctuary?action=edit&redlink=1,wildlife-sanctuaries,,,,,
WIKIPEDIA:andaman-and-nicobar-islands:mayo-island-wildlife-sanctuary,,Mayo Island Wildlife Sanctuary,,Wildlife Sanctuary,,,,1987,,,Andaman and Nicobar Islands,,,,,0.1,,,,,https://en.wikipedia.org/wiki/Mayo_Island_Wildlife_Sanctuary?action=edit&redlink=1,wikipedia,https://en.wikipedia.org/wiki/Mayo_Island_Wildlife_Sanctuary?action=edit&redlink=1,wildlife-sanctuaries,,,,,
WIKIPEDIA:andaman-and-nicobar-islands:megapode-island-wildlife-sanctuary,,Megapode Island Wildlife Sanctuary,,Wildlife Sanctuary,,,,1987,,,Andaman and Nicobar Islands,,,,,0.12,,,,,https://en.wikipedia.org/wiki/Megapode_Island_Wildlife_Sanctuary?action=edit&redlink=1,wikipedia,https://en.wikipedia.org/wiki/Megapode_Island_Wildlife_Sanctuary?action=edit&redlink=1,wildlife-sanctuaries,,,,,
WIKIPEDIA:andaman-and-nicobar-islands:montogemery-island-wildlife-sanctuary,,Montogemery Island Wildlife Sanctuary,,Wildlife Sanctuary,,,,1987,,,Andaman and Nicobar Islands,,,,,0.21,,,,,https://en.wikipedia.org/wiki/Montogemery_Island_Wildlife_Sanctuary?action=edit&redlink=1,wikipedia,https://en.wikipedia.org/wiki/Montogemery_Island_Wildlife_Sanctuary?action=edit&redlink=1,wildlife-sanctuaries,,,,,
WIKIPEDIA:andaman-and-nicobar-islands:narcondam-island-wildlife-sanctuary,,Narcondam Island Wildlife Sanctuary,,Wildlife Sanctuary,,,,1987,,,Andaman and Nicobar Islands,,,,,6.81,,,,,https://en.wikipedia.org/wiki/Narcondam_Island,wikipedia,https://en.wikipedia.org/wiki/Narcondam_Island,wildlife-sanctuaries,,,,,
WIKIPEDIA:andaman-and-nicobar-islands:north-island-wildlife-sanctuary,,North Island Wildlife Sanctuary,,Wildlife Sanctuary,,,,1987,,,Andaman and Nicobar Islands,,,,,0.49,,,,,https://en.wikipedia.org/wiki/North_Island_Wildlife_Sanctuary?action=edit&redlink=1,wikipedia,https://en.wikipedia.org/wiki/North_Island_Wildlife_Sanctuary?action=edit&redlink=1,wildlife-sanctuaries,,,,,
WIKIPEDIA:andaman-and-nicobar-islands:north-reef-island-wildlife-sanctuary,,North Reef Island Wildlife Sanctuary,,Wildlife Sanctuary,,,,1987,,,Andaman and Nicobar Islands,,,,,3.48,,,,,https://en.wikipedia.org/wiki/North_Reef_Island_Wildlife_Sanctuary?action=edit&redlink=1,wikipedia,https://en.wikipedia.org/wiki/North_Reef_Island_Wildlife_Sanctuary?action=edit&redlink=1,wildlife-sanctuaries,,,,,
WIKIPEDIA:andaman-and-nicobar-islands:oliver-island-wildlife-sanctuary,,Oliver Island Wildlife Sanctuary,,Wildlife Sanctuary,,,,1987,,,Andaman and Nicobar Islands,,,,,0.16,,,,,https://en.wikipedia.org/wiki/Oliver_Island_Wildlife_Sanctuary?action=edit&redlink=1,wikipedia,https://en.wikipedia.org/wiki/Oliver_Island_Wildlife_Sanctuary?action=edit&redlink=1,wildlife-sanctuaries,,,,,
WIKIPEDIA:andaman-and-nicobar-islands:orchid-island-wildlife-sanctuary,,Orchid Island Wildlife Sanctuary,,Wildlife Sanctuary,,,,1987,,,Andaman and Nicobar Islands,,,,,0.1,,,,,https://en.wikipedia.org/wiki/Orchid_Island_Wildlife_Sanctuary?action=edit&redlink=1,wikipedia,https://en.wikipedia.org/wiki/Orchid_Island_Wildlife_Sanctuary?action=edit&redlink=1,wildlife-sanctuaries,,,,,
WIKIPEDIA:andaman-and-nicobar-islands:ox-island-wildlife-sanctuary,,Ox Island Wildlife Sanctuary,,Wildlife Sanctuary,,,,1987,,,Andaman and Nicobar Islands,,,,,0.13,,,,,https://en.wikipedia.org/wiki/Ox_Island_Wildlife_Sanctuary?action=edit&redlink=1,wikipedia,https://en.wikipedia.org/wiki/Ox_Island_Wildlife_Sanctuary?action=edit&redlink=1,wildlife-sanctuaries,,,,,
WIKIPEDIA:andaman-and-nicobar-islands:oyster-island-i-wildlife-sanctuary,,Oyster Island‑I Wildlife Sanctuary,,Wildlife Sanctuary,,,,1987,,,Andaman and Nicobar Islands,,,,,0.08,,,,,https://en.wikipedia.org/wiki/Oyster_Island‑I_Wildlife_Sanctuary?action=edit&redlink=1,wikipedia,https://en.wikipedia.org/wiki/Oyster_Island‑I_Wildlife_Sanctuary?action=edit&redlink=1,wildlife-sanctuaries,,,,,
WIKIPEDIA:andaman-and-nicobar-islands:oyster-island-ii-wildlife-sanctuary,,Oyster Island‑II Wildlife Sanctuary,,Wildlife Sanctuary,,,,1987,,,Andaman and Nicobar Islands,,,,,0.21,,,,,https://en.wikipedia.org/wiki/Oyster_Island‑II_Wildlife_Sanctuary?action=edit&redlink=1,wikipedia,https://en.wikipedia.org/wiki/Oyster_Island‑II_Wildlife_Sanctuary?action=edit&redlink=1,wildlife-sanctuaries,,,,,
WIKIPEDIA:andaman-and-nicobar-islands:paget-island-wildlife-sanctuary,,Paget Island Wildlife Sanctuary,,Wildlife Sanctuary,,,,1987,,,Andaman and Nicobar Islands,,,,,7.36,,,,,https://en.wikipedia.org/wiki/Paget_Island_Wildlife_Sanctuary?action=edit&redlink=1,wikipedia,https://en.wikipedia.org/wiki/Paget_Island_Wildlife_Sanctuary?action=edit&redlink=1,wildlife-sanctuaries,,,,,
WIKIPEDIA:andaman-and-nicobar-islands:parkinson-island-wildlife-sanctuary,,Parkinson Island Wildlife Sanctuary,,Wildlife Sanctuary,,,,1987,,,Andaman and Nicobar Islands,,,,,0.34,,,,,https://en.wikipedia.org/wiki/Parkinson_Island_Wildlife_Sanctuary?action=edit&redlink=1,wikipedia,https://en.wikipedia.org/wiki/Parkinson_Island_Wildlife_Sanctuary?action=edit&redlink=1,wildlife-sanctuaries,,,,,
WIKIPEDIA:andaman-and-nicobar-islands:passage-island-wildlife-sanctuary,,Passage Island Wildlife Sanctuary,,Wildlife Sanctuary,,,,1987,,,Andaman and Nicobar Islands,,,,,0.62,,,,,https://en.wikipedia.org/wiki/Passage_Island_Wildlife_Sanctuary?action=edit&redlink=1,wikipedia,https://en.wikipedia.org/wiki/Passage_Island_Wildlife_Sanctuary?action=edit&redlink=1,wildlife-sanctuaries,,,,,
WIKIPEDIA:andaman-and-nicobar-islands:patric-island-wildlife-sanctuary,,Patric Island Wildlife Sanctuary,,Wildlife Sanctuary,,,,1987,,,Andaman and Nicobar Islands,,,,,0.13,,,,,https://en.wikipedia.org/wiki/Patric_Island_Wildlife_Sanctuary?action=edit&redlink=1,wikipedia,https://en.wikipedia.org/wiki/Patric_Island_Wildlife_Sanctuary?action=edit&redlink=1,wildlife-sanctuaries,,,,,
WIKIPEDIA:andaman-and-nicobar-islands:peacock-island-wildlife-sanctuary,,Peacock Island Wildlife Sanctuary,,Wildlife Sanctuary,,,,1987,,,Andaman and Nicobar Islands,,,,,0.62,,,,,https://en.wikipedia.org/wiki/Peacock_Island_Wildlife_Sanctuary?action=edit&redlink=1,wikipedia,https://en.wikipedia.org/wiki/Peacock_Island_Wildlife_Sanctuary?action=edit&redlink=1,wildlife-sanctuaries,,,,,
WIKIPEDIA:andaman-and-nicobar-islands:pitman-island-wildlife-sanctuary,,Pitman Island Wildlife Sanctuary,,Wildlife Sanctuary,,,,1987,,,Andaman and Nicobar Islands,,,,,1.37,,,,,https://en.wikipedia.org/wiki/Pitman_Island_Wildlife_Sanctuary?action=edit&redlink=1,wikipedia,https://en.wikipedia.org/wiki/Pitman_Island_Wildlife_Sanctuary?action=edit&redlink=1,wildlife-sanctuaries,,,,,
WIKIPEDIA:andaman-and-nicobar-islands:point-island-wildlife-sanctuary,,Point Island Wildlife Sanctuary,,Wildlife Sanctuary,,,,1987,,,Andaman and Nicobar Islands,,,,,3.07,,,,,https://en.wikipedia.org/wiki/Point_Island_Wildlife_Sanctuary?action=edit&redlink=1,wikipedia,https://en.wikipedia.org/wiki/Point_Island_Wildlife_Sanctuary?action=edit&redlink=1,wildlife-sanctuaries,,,,,
WIKIPEDIA:andaman-and-nicobar-islands:potanma-islands-wildlife-sanctuary,,Potanma Islands Wildlife Sanctuary,,Wildlife Sanctuary,,,,1987,,,Andaman and Nicobar Islands,,,,,0.16,,,,,https://en.wikipedia.org/wiki/Potanma_Islands_Wildlife_Sanctuary?action=edit&redlink=1,wikipedia,https://en.wikipedia.org/wiki/Potanma_Islands_Wildlife_Sanctuary?action=edit&redlink=1,wildlife-sanctuaries,,,,,
WIKIPEDIA:andaman-and-nicobar-islands:ranger-island-wildlife-sanctuary,,Ranger Island Wildlife Sanctuary,,Wildlife Sanctuary,,,,1987,,,Andaman and Nicobar Islands,,,,,4.26,,,,,https://en.wikipedia.org/wiki/Ranger_Island_Wildlife_Sanctuary?action=edit&redlink=1,wikipedia,https://en.wikipedia.org/wiki/Ranger_Island_Wildlife_Sanctuary?action=edit&redlink=1,wildlife-sanctuaries,,,,,
WIKIPEDIA:andaman-and-nicobar-islands:reef-island-wildlife-sanctuary,,Reef Island Wildlife Sanctuary,,Wildlife Sanctuary,,,,1987,,,Andaman and Nicobar Islands,,,,,1.74,,,,,https://en.wikipedia.org/wiki/Reef_Island_Wildlife_Sanctuary?action=edit&redlink=1,wikipedia,https://en.wikipedia.org/wiki/Reef_Island_Wildlife_Sanctuary?action=edit&redlink=1,wildlife-sanctuaries,,,,,
WIKIPEDIA:andaman-and-nicobar-islands:roper-island-wildlife-sanctuary,,Roper Island Wildlife Sanctuary,,Wildlife Sanctuary,,,,1987,,,Andaman and Nicobar Islands,,,,,1.46,,,,,https://en.wikipedia.org/wiki/Roper_Island_Wildlife_Sanctuary?action=edit&redlink=1,wikipedia,https://en.wikipedia.org/wiki/Roper_Island_Wildlife_Sanctuary?action=edit&redlink=1,wildlife-sanctuaries,,,,,
WIKIPEDIA:andaman-and-nicobar-islands:ross-island-wildlife-sanctuary,,Ross Island Wildlife Sanctuary,,Wildlife Sanctuary,,,,1987,,,Andaman and Nicobar Islands,,,,,1.01,,,,,https://en.wikipedia.org/wiki/Ross_Island_Wildlife_Sanctuary?action=edit&redlink=1,wikipedia,https://en.wikipedia.org/wiki/Ross_Island_Wildlife_Sanctuary?action=edit&redlink=1,wildlife-sanctuaries,,,,,
WIKIPEDIA:andaman-and-nicobar-islands:rowe-island-wildlife-sanctuary,,Rowe Island Wildlife Sanctuary,,Wildlife Sanctuary,,,,1987,,,Andaman and Nicobar Islands,,,,,0.01,,,,,https://en.wikipedia.org/wiki/Rowe_Island_Wildlife_Sanctuary?action=edit&redlink=1,wikipedia,https://en.wikipedia.org/wiki/Rowe_Island_Wildlife_Sanctuary?action=edit&redlink=1,wildlife-sanctuaries,,,,,
WIKIPEDIA:andaman-and-nicobar-islands:sandy-island-wildlife-sanctuary,,Sandy Island Wildlife Sanctuary,,Wildlife Sanctuary,,,,1987,,,Andaman and Nicobar Islands,,,,,1.58,,,,,https://en.wikipedia.org/wiki/Sandy_Island_Wildlife_Sanctuary?action=edit&redlink=1,wikipedia,https://en.wikipedia.org/wiki/Sandy_Island_Wildlife_Sanctuary?action=edit&redlink=1,wildlife-sanctuaries,,,,,
WIKIPEDIA:andaman-and-nicobar-islands:sea-serpent-island-wildlife-sanctuary,,Sea Serpent Island Wildlife Sanctuary,,Wildlife Sanctuary,,,,1987,,,Andaman and Nicobar Islands,,,,,0.78,,,,,https://en.wikipedia.org/wiki/Sea_Serpent_Island_Wildlife_Sanctuary?action=edit&redlink=1,wikipedia,https://en.wikipedia.org/wiki/Sea_Serpent_Island_Wildlife_Sanctuary?action=edit&redlink=1,wildlife-sanctuaries,,,,,
WIKIPEDIA:andaman-and-nicobar-islands:shark-island-wildlife-sanctuary,,Shark Island Wildlife Sanctuary,,Wildlife Sanctuary,,,,1987,,,Andaman and Nicobar Islands,,,,,0.6,,,,,https://en.wikipedia.org/wiki/Shark_Island_Wildlife_Sanctuary?action=edit&redlink=1,wikipedia,https://en.wikipedia.org/wiki/Shark_Island_Wildlife_Sanctuary?action=edit&redlink=1,wildlife-sanctuaries,,,,,
WIKIPEDIA:andaman-and-nicobar-islands:shearme-island-wildlife-sanctuary,,Shearme Island Wildlife Sanctuary,,Wildlife Sanctuary,,,,1987,,,Andaman and Nicobar Islands,,,,,7.85,,,,,https://en.wikipedia.org/wiki/Shearme_Island_Wildlife_Sanctuary?action=edit&redlink=1,wikipedia,https://en.wikipedia.org/wiki/Shearme_Island_Wildlife_Sanctuary?action=edit&redlink=1,wildlife-sanctuaries,,,,,
WIKIPEDIA:andaman-and-nicobar-islands:sir-hugh-rose-island-wildlife-sanctuary,,Sir Hugh Rose Island Wildlife Sanctuary,,Wildlife Sanctuary,,,,1987,,,Andaman and Nicobar Islands,,,,,1.06,,,,,https://en.wikipedia.org/wiki/Sir_Hugh_Rose_Island_Wildlife_Sanctuary?action=edit&redlink=1,wikipedia,https://en.wikipedia.org/wiki/Sir_Hugh_Rose_Island_Wildlife_Sanctuary?action=edit&redlink=1,wildlife-sanctuaries,,,,,
WIKIPEDIA:andaman-and-nicobar-islands:sisters-island-wildlife-sanctuary,,Sisters Island Wildlife Sanctuary,,Wildlife Sanctuary,,,,1987,,,Andaman and Nicobar Islands,,,,,0.36,,,,,https://en.wikipedia.org/wiki/Sisters_Island_Wildlife_Sanctuary?action=edit&redlink=1,wikipedia,https://en.wikipedia.org/wiki/Sisters_Island_Wildlife_Sanctuary?action=edit&redlink=1,wildlife-sanctuaries,,,,,
WIKIPEDIA:andaman-and-nicobar-islands:snake-island-i-wildlife-sanctuary,,Snake Island‑I Wildlife Sanctuary,,Wildlife Sanctuary,,,,1987,,,Andaman and Nicobar Islands,,,,,0.73,,,,,https://en.wikipedia.org/wiki/Snake_Island‑I_Wildlife_Sanctuary?action=edit&redlink=1,wikipedia,https://en.wikipedia.org/wiki/Snake_Island‑I_Wildlife_Sanctuary?action=edit&redlink=1,wildlife-sanctuaries,,,,,
WIKIPEDIA:andaman-and-nicobar-islands:snake-island-ii-wildlife-sanctuary,,Snake Island‑II Wildlife Sanctuary,,Wildlife Sanctuary,,,,1987,,,Andaman and Nicobar Islands,,,,,0.03,,,,,https://en.wikipedia.org/wiki/Snake_Island‑II_Wildlife_Sanctuary?action=edit&redlink=1,wikipedia,https://en.wikipedia.org/wiki/Snake_Island‑II_Wildlife_Sanctuary?action=edit&redlink=1,wildlife-sanctuaries,,,,,
WIKIPEDIA:andaman-and-nicobar-islands:south-reef-island-wildlife-sanctuary,,South Reef Island Wildlife Sanctuary,,Wildlife Sanctuary,,,,1987,,,Andaman and Nicobar Islands,,,,,1.17,,,,,https://en.wikipedia.org/wiki/South_Reef_Island_Wildlife_Sanctuary?action=edit&redlink=1,wikipedia,https://en.wikipedia.org/wiki/South_Reef_Island_Wildlife_Sanctuary?action=edit&redlink=1,wildlife-sanctuaries,,,,,
WIKIPEDIA:andaman-and-nicobar-islands:spike-island-i-wildlife-sanctuary,,Spike Island‑I Wildlife Sanctuary,,Wildlife Sanctuary,,,,1987,,,Andaman and Nicobar Islands,,,,,0.42,,,,,https://en.wikipedia.org/wiki/Spike_Island‑I_Wildlife_Sanctuary?action=edit&redlink=1,wikipedia,https://en.wikipedia.org/wiki/Spike_Island‑I_Wildlife_Sanctuary?action=edit&redlink=1,wildlife-sanctuaries,,,,,
WIKIPEDIA:andaman-and-nicobar-islands:spike-island-ii-wildlife-sanctuary,,Spike Island‑II Wildlife Sanctuary,,Wildlife Sanctuary,,,,1987,,,Andaman and Nicobar Islands,,,,,11.7,,,,,https://en.wikipedia.org/wiki/Spike_Island‑II_Wildlife_Sanctuary?action=edit&redlink=1,wikipedia,https://en.wikipedia.org/wiki/Spike_Island‑II_Wildlife_Sanctuary?action=edit&redlink=1,wildlife-sanctuaries,,,,,
WIKIPEDIA:andaman-and-nicobar-islands:stoat-island-wildlife-sanctuary,,Stoat Island Wildlife Sanctuary,,Wildlife Sanctuary,,,,1987,,,Andaman and Nicobar Islands,,,,,0.44,,,,,https://en.wikipedia.org/wiki/Stoat_Island_Wildlife_Sanctuary?action=edit&redlink=1,wikipedia,https://en.wikipedia.org/wiki/Stoat_Island_Wildlife_Sanctuary?action=edit&redlink=1,wildlife-sanctuaries,,,,,
WIKIPEDIA:andaman-and-nicobar-islands:surat-island-wildlife-sanctuary,,Surat Island Wildlife Sanctuary,,Wildlife Sanctuary,,,,1987,,,Andaman and Nicobar Islands,,,,,0.31,,,,,https://en.wikipedia.org/wiki/Surat_Island_Wildlife_Sanctuary?action=edit&redlink=1,wikipedia,https://en.wikipedia.org/wiki/Surat_Island_Wildlife_Sanctuary?action=edit&redlink=1,wildlife-sanctuaries,,,,,
WIKIPEDIA:andaman-and-nicobar-islands:swamp-island-wildlife-sanctuary,,Swamp Island Wildlife Sanctuary,,Wildlife Sanctuary,,,,1987,,,Andaman and Nicobar Islands,,,,,4.09,,,,,https://en.wikipedia.org/wiki/Swamp_Island_Wildlife_Sanctuary?action=edit&redlink=1,wikipedia,https://en.wikipedia.org/wiki/Swamp_Island_Wildlife_Sanctuary?action=edit&redlink=1,wildlife-sanctuaries,,,,,
WIKIPEDIA:andaman-and-nicobar-islands:table-delgarno-island-wildlife-sanctuary,,Table (Delgarno) Island Wildlife Sanctuary,,Wildlife Sanctuary,,,,1987,,,Andaman and Nicobar Islands,,,,,2.29,,,,,https://en.wikipedia.org/wiki/Table_(Delgarno)_Island_Wildlife_Sanctuary?action=edit&redlink=1,wikipedia,https://en.wikipedia.org/wiki/Table_(Delgarno)_Island_Wildlife_Sanctuary?action=edit&redlink=1,wildlife-sanctuaries,,,,,
WIKIPEDIA:andaman-and-nicobar-islands:table-excelsior-island-wildlife-sanctuary,,Table (Excelsior) Island Wildlife Sanctuary,,Wildlife Sanctuary,,,,1987,,,Andaman and Nicobar Islands,,,,,1.69,,,,,https://en.wikipedia.org/wiki/Table_(Excelsior)_Island_Wildlife_Sanctuary?action=edit&redlink=1,wikipedia,https://en.wikipedia.org/wiki/Table_(Excelsior)_Island_Wildlife_Sanctuary?action=edit&redlink=1,wildlife-sanctuaries,,,,,
WIKIPEDIA:andaman-and-nicobar-islands:talabaicha-island-wildlife-sanctuary,,Talabaicha Island Wildlife Sanctuary,,Wildlife Sanctuary,,,,1987,,,Andaman and Nicobar Islands,,,,,3.21,,,,,https://en.wikipedia.org/wiki/Talabaicha_Island_Wildlife_Sanctuary?action=edit&redlink=1,wikipedia,https://en.wikipedia.org/wiki/Talabaicha_Island_Wildlife_Sanctuary?action=edit&redlink=1,wildlife-sanctuaries,,,,,
WIKIPEDIA:andaman-and-nicobar-islands:temple-island-wildlife-sanctuary,,Temple Island Wildlife Sanctuary,,Wildlife Sanctuary,,,,1987,,,Andaman and Nicobar Islands,,,,,1.04,,,,,https://en.wikipedia.org/wiki/Temple_Island_Wildlife_Sanctuary?action=edit&redlink=1,wikipedia,https://en.wikipedia.org/wiki/Temple_Island_Wildlife_Sanctuary?action=edit&redlink=1,wildlife-sanctuaries,,,,,
WIKIPEDIA:andaman-and-nicobar-islands:tillongchang-island-wildlife-sanctuary,,Tillongchang Island Wildlife Sanctuary,,Wildlife Sanctuary,,,,1985,,,Andaman and Nicobar Islands,,,,,16.83,,,,,https://en.wikipedia.org/wiki/Tillongchang_Island_Wildlife_Sanctuary?action=edit&redlink=1,wikipedia,https://en.wikipedia.org/wiki/Tillongchang_Island_Wildlife_Sanctuary?action=edit&redlink=1,wildlife-sanctuaries,,,,,
WIKIPEDIA:andaman-and-nicobar-islands:tree-island-wildlife-sanctuary,,Tree Island Wildlife Sanctuary,,Wildlife Sanctuary,,,,1987,,,Andaman and Nicobar Islands,,,,,0.03,,,,,https://en.wikipedia.org/wiki/Tree_Island_Wildlife_Sanctuary?action=edit&redlink=1,wikipedia,https://en.wikipedia.org/wiki/Tree_Island_Wildlife_Sanctuary?action=edit&redlink=1,wildlife-sanctuaries,,,,,
WIKIPEDIA:andaman-and-nicobar-islands:trilby-island-wildlife-sanctuary,,Trilby Island Wildlife Sanctuary,,Wildlife Sanctuary,,,,1987,,,Andaman and Nicobar Islands,,,,,0.96,,,,,https://en.wikipedia.org/wiki/Trilby_Island_Wildlife_Sanctuary?action=edit&redlink=1,wikipedia,https://en.wikipedia.org/wiki/Trilby_Island_Wildlife_Sanctuary?action=edit&redlink=1,wildlife-sanctuaries,,,,,
WIKIPEDIA:andaman-and-nicobar-islands:tuft-island-wildlife-sanctuary,,Tuft Island Wildlife Sanctuary,,Wildlife Sanctuary,,,,1987,,,Andaman and Nicobar Islands,,,,,0.29,,,,,https://en.wikipedia.org/wiki/Tuft_Island_Wildlife_Sanctuary?action=edit&redlink=1,wikipedia,https://en.wikipedia.org/wiki/Tuft_Island_Wildlife_Sanctuary?action=edit&redlink=1,wildlife-sanctuaries,,,,,
WIKIPEDIA:andaman-and-nicobar-islands:turtle-islands-wildlife-sanctuary,,Turtle Islands Wildlife Sanctuary,,Wildlife Sanctuary,,,,1987,,,Andaman and Nicobar Islands,,,,,0.39,,,,,https://en.wikipedia.org/wiki/Turtle_Islands_Wildlife_Sanctuary,wikipedia,https://en.wikipedia.org/wiki/Turtle_Islands_Wildlife_Sanctuary,wildlife-sanctuaries,,,,,
WIKIPEDIA:andaman-and-nicobar-islands:west-island-wildlife-sanctuary,,West Island Wildlife Sanctuary,,Wildlife Sanctuary,,,,1987,,,Andaman and Nicobar Islands,,,,,6.4,,,,,https://en.wikipedia.org/wiki/West_Island_Wildlife_Sanctuary?action=edit&redlink=1,wikipedia,https://en.wikipedia.org/wiki/West_Island_Wildlife_Sanctuary?action=edit&redlink=1,wildlife-sanctuaries,,,,,
WIKIPEDIA:andaman-and-nicobar-islands:wharf-island-wildlife-sanctuary,,Wharf Island Wildlife Sanctuary,,Wildlife Sanctuary,,,,1987,,,Andaman and Nicobar Islands,,,,,0.11,,,,,https://en.wikipedia.org/wiki/Wharf_Island_Wildlife_Sanctuary?action=edit&redlink=1,wikipedia,https://en.wikipedia.org/wiki/Wharf_Island_Wildlife_Sanctuary?action=edit&redlink=1,wildlife-sanctuaries,,,,,
WIKIPEDIA:andaman-and-nicobar-islands:white-cliff-island-wildlife-sanctuary,,White Cliff Island Wildlife Sanctuary,,Wildlife Sanctuary,,,,1987,,,Andaman and Nicobar Islands,,,,,0.47,,,,,https://en.wikipedia.org/wiki/White_Cliff_Island_Wildlife_Sanctuary?action=edit&redlink=1,wikipedia,https://en.wikipedia.org/wiki/White_Cliff_Island_Wildlife_Sanctuary?action=edit&redlink=1,wildlife-sanctuaries,,,,,
WIKIPEDIA:bihar:kanwarjheel-wildlife-sanctuary,,Kanwarjheel Wildlife Sanctuary,,Wildlife Sanctuary,,,,1989,,,Bihar,,,,,63.11,,,,,https://en.wikipedia.org/wiki/Kanwarjheel_Wildlife_Sanctuary,wikipedia,https://en.wikipedia.org/wiki/Kanwarjheel_Wildlife_Sanctuary,wildlife-sanctuaries,,,,,
WIKIPEDIA:chandigarh:city-birds-wildlife-sanctuary,,City Birds Wildlife Sanctuary,,Bird Sanctuary,,,,1998,,,Chandigarh,,,,,0.03,,,,,"https://en.wikipedia.org/wiki/Parrot_Bird_Sanctuary,_Chandigarh",wikipedia,"https://en.wikipedia.org/wiki/Parrot_Bird_Sanctuary,_Chandigarh",wildlife-sanctuaries,,,,,
WIKIPEDIA:dadra-nagar-haveli-and-daman-and-diu:dadra-and-nagar-haveli-wildlife-sanctuary,,Dadra and Nagar Haveli Wildlife Sanctuary,,Wildlife Sanctuary,,,,2000,,,Dadra Nagar Haveli and Daman and Diu,,,,,92.16,,,,,https://en.wikipedia.org/wiki/Dadra_and_Nagar_Haveli_Wildlife_Sanctuary,wikipedia,https://en.wikipedia.org/wiki/Dadra_and_Nagar_Haveli_Wildlife_Sanctuary,wildlife-sanctuaries,,,,,
WIKIPEDIA:dadra-nagar-haveli-and-daman-and-diu:fudam-bird-sanctuary,,Fudam Bird Sanctuary,,Bird Sanctuary,,,,1991,,,Dadra Nagar Haveli and Daman and Diu,,,,,2.18,,,,,https://en.wikipedia.org/wiki/Fudam_Bird_Sanctuary,wikipedia,https://en.wikipedia.org/wiki/Fudam_Bird_Sanctuary,wildlife-sanctuaries,,,,,
WIKIPEDIA:goa:bhagwan-mahavir-sanctuary,,Bhagwan Mahavir Sanctuary,,Wildlife Sanctuary,,,,1967,,,Goa,,,,,133,,,,,https://en.wikipedia.org/wiki/Bhagwan_Mahavir_Sanctuary,wikipedia,https://en.wikipedia.org/wiki/Bhagwan_Mahavir_Sanctuary,wildlife-sanctuaries,,,,,
WIKIPEDIA:himachal-pradesh:kais-wildlife-sanctuary,,Kais Wildlife Sanctuary,,Wildlife Sanctuary,,,,1954,,,Himachal Pradesh,,,,,12.61,,,,,https://en.wikipedia.org/wiki/Kais_Wildlife_Sanctuary?action=edit&redlink=1,wikipedia,https://en.wikipedia.org/wiki/Kais_Wildlife_Sanctuary?action=edit&redlink=1,wildlife-sanctuaries,,,,,
WIKIPEDIA:himachal-pradesh:khokhan-wildlife-sanctuary,,Khokhan Wildlife Sanctuary,,Wildlife Sanctuary,,,,1954,,,Himachal Pradesh,,,,,14.94,,,,,https://en.wikipedia.org/wiki/Khokhan_Wildlife_Sanctuary?action=edit&redlink=1,wikipedia,https://en.wikipedia.org/wiki/Khokhan_Wildlife_Sanctuary?action=edit&redlink=1,wildlife-sanctuaries,,,,,
WIKIPEDIA:himachal-pradesh:lippa-asrang-wildlife-sanctuary,,Lippa Asrang Wildlife Sanctuary,,Wildlife Sanctuary,,,,2001,,,Himachal Pradesh,,,,,31,,,,,https://en.wikipedia.org/wiki/Lippa_Asrang_Wildlife_Sanctuary?action=edit&redlink=1,wikipedia,https://en.wikipedia.org/wiki/Lippa_Asrang_Wildlife_Sanctuary?action=edit&redlink=1,wildlife-sanctuaries,,,,,
WIKIPEDIA:himachal-pradesh:sainj-wildlife-sanctuary,,Sainj Wildlife Sanctuary,,Wildlife Sanctuary,,,,1994,,,Himachal Pradesh,,,,,90,,,,,https://en.wikipedia.org/wiki/Sainj_Wildlife_Sanctuary?action=edit&redlink=1,wikipedia,https://en.wikipedia.org/wiki/Sainj_Wildlife_Sanctuary?action=edit&redlink=1,wildlife-sanctuaries,,,,,
WIKIPEDIA:himachal-pradesh:shikari-devi-wildlife-sanctuary,,Shikari Devi Wildlife Sanctuary,,Wildlife Sanctuary,,,,1962,,,Himachal Pradesh,,,,,29.94,,,,,https://en.wikipedia.org/wiki/Shikari_Devi_Wildlife_Sanctuary?action=edit&redlink=1,wikipedia,https://en.wikipedia.org/wiki/Shikari_Devi_Wildlife_Sanctuary?action=edit&redlink=1,wildlife-sanctuaries,,,,,
WIKIPEDIA:himachal-pradesh:shimla-wildlife-sanctuary,,Shimla Wildlife Sanctuary,,Wildlife Sanctuary,,,,1958,,,Himachal Pradesh,,,,,10,,,,,https://en.wikipedia.org/wiki/Shimla_Wildlife_Sanctuary?action=edit&redlink=1,wikipedia,https://en.wikipedia.org/wiki/Shimla_Wildlife_Sanctuary?action=edit&redlink=1,wildlife-sanctuaries,,,,,
WIKIPEDIA:himachal-pradesh:tundah-wildlife-sanctuary,,Tundah Wildlife Sanctuary,,Wildlife Sanctuary,,,,1999,,,Himachal Pradesh,,,,,64,,,,,https://en.wikipedia.org/wiki/Tundah_Wildlife_Sanctuary?action=edit&redlink=1,wikipedia,https://en.wikipedia.org/wiki/Tundah_Wildlife_Sanctuary?action=edit&redlink=1,wildlife-sanctuaries,,,,,
WIKIPEDIA:jammu-and-kashmir:jasrota-wildlife-sanctuary,,Jasrota Wildlife Sanctuary,,Wildlife Sanctuary,,,,1987,,,Jammu and Kashmir,,,,,10.04,,,,,https://en.wikipedia.org/wiki/Jasrota_Wildlife_Sanctuary?action=edit&redlink=1,wikipedia,https://en.wikipedia.org/wiki/Jasrota_Wildlife_Sanctuary?action=edit&redlink=1,wildlife-sanctuaries,,,,,
WIKIPEDIA:jammu-and-kashmir:nandini-wildlife-sanctuary,,Nandini Wildlife Sanctuary,,Wildlife Sanctuary,,,,1990,,,Jammu and Kashmir,,,,,33.34,,,,,https://en.wikipedia.org/wiki/Nandini_Wildlife_Sanctuary?action=edit&redlink=1,wikipedia,https://en.wikipedia.org/wiki/Nandini_Wildlife_Sanctuary?action=edit&redlink=1,wildlife-sanctuaries,,,,,
WIKIPEDIA:jammu-and-kashmir:ramnagar-rakha-wildlife-sanctuary,,Ramnagar Rakha Wildlife Sanctuary,,Wildlife Sanctuary,,,,1990,,,Jammu and Kashmir,,,,,31.5,,,,,https://en.wikipedia.org/wiki/Ramnagar_Rakha_Wildlife_Sanctuary?action=edit&redlink=1,wikipedia,https://en.wikipedia.org/wiki/Ramnagar_Rakha_Wildlife_Sanctuary?action=edit&redlink=1,wildlife-sanctuaries,,,,,
WIKIPEDIA:jammu-and-kashmir:surinsar-mansar-wildlife-sanctuary,,Surinsar-Mansar Wildlife Sanctuary,,Wildlife Sanctuary,,,,1990,,,Jammu and Kashmir,,,,,97.82,,,,,https://en.wikipedia.org/wiki/Mansar-Surinsar_Wildlife_Sanctuary,wikipedia,https://en.wikipedia.org/wiki/Mansar-Surinsar_Wildlife_Sanctuary,wildlife-sanctuaries,,,,,
WIKIPEDIA:jammu-and-kashmir:tata-kutti-wildlife-sanctuary,,Tata Kutti Wildlife Sanctuary,,Wildlife Sanctuary,,,,2012,,,Jammu and Kashmir,,,,,66.27,,,,,https://en.wikipedia.org/wiki/Tratte_Koot,wikipedia,https://en.wikipedia.org/wiki/Tratte_Koot,wildlife-sanctuaries,,,,,
WIKIPEDIA:jharkhand:gautam-budha-wildlife-sanctuary,,Gautam Budha Wildlife Sanctuary,,Wildlife Sanctuary,,,,1976,,,Jharkhand,,,,,121.14,,,,,https://en.wikipedia.org/wiki/Gautam_Budha_Wildlife_Sanctuary,wikipedia,https://en.wikipedia.org/wiki/Gautam_Budha_Wildlife_Sanctuary,wildlife-sanctuaries,,,,,
WIKIPEDIA:jharkhand:parasnath-wildlife-sanctuary,,Parasnath Wildlife Sanctuary,,Wildlife Sanctuary,,,,1984,,,Jharkhand,,,,,49.33,,,,,https://en.wikipedia.org/wiki/Parasnath_Wildlife_Sanctuary?action=edit&redlink=1,wikipedia,https://en.wikipedia.org/wiki/Parasnath_Wildlife_Sanctuary?action=edit&redlink=1,wildlife-sanctuaries,,,,,
WIKIPEDIA:jharkhand:udhwa-lake-wildlife-sanctuary,,Udhwa Lake Wildlife Sanctuary,,Wildlife Sanctuary,,,,1991,,,Jharkhand,,,,,5.65,,,,,https://en.wikipedia.org/wiki/Udhwa_Lake_Wildlife_Sanctuary?action=edit&redlink=1,wikipedia,https://en.wikipedia.org/wiki/Udhwa_Lake_Wildlife_Sanctuary?action=edit&redlink=1,wildlife-sanctuaries,,,,,
WIKIPEDIA:karnataka:adichunchunagiri-wildlife-sanctuary,,Adichunchunagiri Wildlife Sanctuary,,Wildlife Sanctuary,,,,1981,,,Karnataka,,,,,0.84,,,,,https://en.wikipedia.org/wiki/Adichunchanagiri_Peacock_Wildlife_Sanctuary,wikipedia,https://en.wikipedia.org/wiki/Adichunchanagiri_Peacock_Wildlife_Sanctuary,wildlife-sanctuaries,,,,,
WIKIPEDIA:karnataka:arsikere-sloth-bear-wildlife-sanctuary,,Arsikere Sloth Bear Wildlife Sanctuary,,Wildlife Sanctuary,,,,2023,,,Karnataka,,,,,100.88,,,,,https://en.wikipedia.org/wiki/Arsikere_Sloth_Bear_Wildlife_Sanctuary?action=edit&redlink=1,wikipedia,https://en.wikipedia.org/wiki/Arsikere_Sloth_Bear_Wildlife_Sanctuary?action=edit&redlink=1,wildlife-sanctuaries,,,,,
WIKIPEDIA:karnataka:bankapura-wolf-wildlife-sanctuary,,Bankapura Wolf Wildlife Sanctuary,,Wildlife Sanctuary,,,,2023,,,Karnataka,,,,,3.32,,,,,https://en.wikipedia.org/wiki/Bankapura_Wolf_Wildlife_Sanctuary?action=edit&redlink=1,wikipedia,https://en.wikipedia.org/wiki/Bankapura_Wolf_Wildlife_Sanctuary?action=edit&redlink=1,wildlife-sanctuaries,,,,,
WIKIPEDIA:karnataka:bhimgad-wildlife-sanctuary,,Bhimgad Wildlife Sanctuary,,Wildlife Sanctuary,,,,2010,,,Karnataka,,,,,190.42,,,,,https://en.wikipedia.org/wiki/Bhimgad_Wildlife_Sanctuary,wikipedia,https://en.wikipedia.org/wiki/Bhimgad_Wildlife_Sanctuary,wildlife-sanctuaries,,,,,
WIKIPEDIA:karnataka:cauvery-extension-wildlife-sanctuary,,Cauvery Extension Wildlife Sanctuary,,Wildlife Sanctuary,,,,,,,Karnataka,,,,,,,,,,https://en.wikipedia.org/wiki/Cauvery_Extension_Wildlife_Sanctuary?action=edit&redlink=1,wikipedia,https://en.wikipedia.org/wiki/Cauvery_Extension_Wildlife_Sanctuary?action=edit&redlink=1,wildlife-sanctuaries,,,,,
WIKIPEDIA:karnataka:gudekote-extension-wildlife-sanctuary,,Gudekote Extension Wildlife Sanctuary,,Wildlife Sanctuary,,,,2019,,,Karnataka,,,,,120.04,,,,,https://en.wikipedia.org/wiki/Gudekote_Extension_Wildlife_Sanctuary?action=edit&redlink=1,wikipedia,https://en.wikipedia.org/wiki/Gudekote_Extension_Wildlife_Sanctuary?action=edit&redlink=1,wildlife-sanctuaries,,,,,
WIKIPEDIA:karnataka:kamasandra-wildlife-sanctuary,,Kamasandra Wildlife Sanctuary,,Wildlife Sanctuary,,,,2019,,,Karnataka,,,,,78.62,,,,,https://en.wikipedia.org/wiki/Kamasandra_Wildlife_Sanctuary?action=edit&redlink=1,wikipedia,https://en.wikipedia.org/wiki/Kamasandra_Wildlife_Sanctuary?action=edit&redlink=1,wildlife-sanctuaries,,,,,
WIKIPEDIA:karnataka:rangayyanadurga-wildlife-sanctuary,,Rangayyanadurga Wildlife Sanctuary,,Wildlife Sanctuary,,,,2011,,,Karnataka,,,,,77.23,,,,,https://en.wikipedia.org/wiki/Rangayyanadurga_Four-horned_antelope_Wildlife_Sanctuary,wikipedia,https://en.wikipedia.org/wiki/Rangayyanadurga_Four-horned_antelope_Wildlife_Sanctuary,wildlife-sanctuaries,,,,,
WIKIPEDIA:karnataka:sharavati-valley-wildlife-sanctuary,,Sharavati Valley Wildlife Sanctuary,,Wildlife Sanctuary,,,,1974,,,Karnataka,,,,,930.16,,,,,https://en.wikipedia.org/wiki/Sharavathi_LTM_Wildlife_Sanctuary,wikipedia,https://en.wikipedia.org/wiki/Sharavathi_LTM_Wildlife_Sanctuary,wildlife-sanctuaries,,,,,
WIKIPEDIA:karnataka:uttaregudda-wildlife-sanctuary,,Uttaregudda Wildlife Sanctuary,,Wildlife Sanctuary,,,,2023,,,Karnataka,,,,,189.26,,,,,https://en.wikipedia.org/wiki/Uttaregudda_Wildlife_Sanctuary?action=edit&redlink=1,wikipedia,https://en.wikipedia.org/wiki/Uttaregudda_Wildlife_Sanctuary?action=edit&redlink=1,wildlife-sanctuaries,,,,,
WIKIPEDIA:kerala:aralam-butterfly-sanctuary,,Aralam Butterfly Sanctuary,,Wildlife Sanctuary,,,,1984,,,Kerala,,,,,55,,,,,https://en.wikipedia.org/wiki/Aralam_Butterfly_Sanctuary,wikipedia,https://en.wikipedia.org/wiki/Aralam_Butterfly_Sanctuary,wildlife-sanctuaries,,,,,
WIKIPEDIA:ladakh:changthang-cold-desert-wildlife-sanctuary,,Changthang Cold Desert Wildlife Sanctuary,,Wildlife Sanctuary,,,,1987,,,Ladakh,,,,,4000,,,,,https://en.wikipedia.org/wiki/Changthang_Cold_Desert_Wildlife_Sanctuary,wikipedia,https://en.wikipedia.org/wiki/Changthang_Cold_Desert_Wildlife_Sanctuary,wildlife-sanctuaries,,,,,
WIKIPEDIA:ladakh:karakoram-wildlife-sanctuary,,Karakoram Wildlife Sanctuary,,Wildlife Sanctuary,,,,1987,,,Ladakh,,,,,5000,,,,,https://en.wikipedia.org/wiki/Karakoram_Wildlife_Sanctuary,wikipedia,https://en.wikipedia.org/wiki/Karakoram_Wildlife_Sanctuary,wildlife-sanctuaries,,,,,
WIKIPEDIA:lakshadweep:pitti,,Pitti,,Wildlife Sanctuary,,,,2002,,,Lakshadweep,,,,,0.01,,,,,https://en.wikipedia.org/wiki/Pitti_Wildlife_Sanctuary?action=edit&redlink=1,wikipedia,https://en.wikipedia.org/wiki/Pitti_Wildlife_Sanctuary?action=edit&redlink=1,wildlife-sanctuaries,,,,,
WIKIPEDIA:madhya-pradesh:dr-bhimrao-ambedkar-wildlife-sanctuary,,Dr. Bhimrao Ambedkar Wildlife Sanctuary,,Wildlife Sanctuary,,,,2025,,,Madhya Pradesh,,,,,258.64,,,,,https://en.wikipedia.org/wiki/Dr._Bhimrao_Ambedkar_Wildlife_Sanctuary,wikipedia,https://en.wikipedia.org/wiki/Dr._Bhimrao_Ambedkar_Wildlife_Sanctuary,wildlife-sanctuaries,,,,,
WIKIPEDIA:madhya-pradesh:gangau-wildlife-sanctuary,,Gangau Wildlife Sanctuary,,Wildlife Sanctuary,,,,1979,,,Madhya Pradesh,,,,,78.53,,,,,https://en.wikipedia.org/wiki/Gangau_Wildlife_Sanctuary?action=edit&redlink=1,wikipedia,https://en.wikipedia.org/wiki/Gangau_Wildlife_Sanctuary?action=edit&redlink=1,wildlife-sanctuaries,,,,,
WIKIPEDIA:madhya-pradesh:karmajhiri-wildlife-sanctuary,,Karmajhiri Wildlife Sanctuary,,Wildlife Sanctuary,,,,2022,,,Madhya Pradesh,,,,,14.1,,,,,https://en.wikipedia.org/wiki/Karmajhiri_Wildlife_Sanctuary?action=edit&redlink=1,wikipedia,https://en.wikipedia.org/wiki/Karmajhiri_Wildlife_Sanctuary?action=edit&redlink=1,wildlife-sanctuaries,,,,,
WIKIPEDIA:madhya-pradesh:omkareshwar-wildlife-sanctuary,,Omkareshwar Wildlife Sanctuary,,Wildlife Sanctuary,,,,2025,,,Madhya Pradesh,,,,,611,,,,,,wikipedia,,wildlife-sanctuaries,,,,,
WIKIPEDIA:madhya-pradesh:pachmarhi-wildlife-sanctuary,,Pachmarhi Wildlife Sanctuary,,Wildlife Sanctuary,,,,1977,,,Madhya Pradesh,,,,,491.63,,,,,https://en.wikipedia.org/wiki/Pachmarhi_Biosphere_Reserve,wikipedia,https://en.wikipedia.org/wiki/Pachmarhi_Biosphere_Reserve,wildlife-sanctuaries,,,,,
WIKIPEDIA:madhya-pradesh:sailana-wildlife-sanctuary,,Sailana Wildlife Sanctuary,,Wildlife Sanctuary,,,,1983,,,Madhya Pradesh,,,,,12.97,,,,,https://en.wikipedia.org/wiki/Sailana_Wildlife_Sanctuary?action=edit&redlink=1,wikipedia,https://en.wikipedia.org/wiki/Sailana_Wildlife_Sanctuary?action=edit&redlink=1,wildlife-sanctuaries,,,,,
WIKIPEDIA:maharashtra:bhamragarh-wildlife-sanctuary,,Bhamragarh Wildlife Sanctuary,,Wildlife Sanctuary,,,,1997,,,Maharashtra,,,,,104.38,,,,,https://en.wikipedia.org/wiki/Bhamragarh_Wildlife_Sanctuary?action=edit&redlink=1,wikipedia,https://en.wikipedia.org/wiki/Bhamragarh_Wildlife_Sanctuary?action=edit&redlink=1,wildlife-sanctuaries,,,,,
WIKIPEDIA:maharashtra:deolgaon-rehkuri-wildlife-sanctuary,,Deolgaon‑Rehkuri Wildlife Sanctuary,,Wildlife Sanctuary,,,,1980,,,Maharashtra,,,,,2.17,,,,,https://en.wikipedia.org/wiki/Deolgaon‑Rehkuri_Wildlife_Sanctuary?action=edit&redlink=1,wikipedia,https://en.wikipedia.org/wiki/Deolgaon‑Rehkuri_Wildlife_Sanctuary?action=edit&redlink=1,wildlife-sanctuaries,,,,,
WIKIPEDIA:maharashtra:gautala-wildlife-sanctuary,,Gautala Wildlife Sanctuary,,Wildlife Sanctuary,,,,1986,,,Maharashtra,,,,,260.61,,,,,https://en.wikipedia.org/wiki/Gautala_Wildlife_Sanctuary,wikipedia,https://en.wikipedia.org/wiki/Gautala_Wildlife_Sanctuary,wildlife-sanctuaries,,,,,
WIKIPEDIA:maharashtra:isapur-wildlife-sanctuary,,Isapur Wildlife Sanctuary,,Wildlife Sanctuary,,,,2014,,,Maharashtra,,,,,37.8,,,,,https://en.wikipedia.org/wiki/Isapur_Wildlife_Sanctuary?action=edit&redlink=1,wikipedia,https://en.wikipedia.org/wiki/Isapur_Wildlife_Sanctuary?action=edit&redlink=1,wildlife-sanctuaries,,,,,
WIKIPEDIA:maharashtra:katepurna-wildlife-sanctuary,,Katepurna Wildlife Sanctuary,,Wildlife Sanctuary,,,,1988,,,Maharashtra,,,,,73.68,,,,,https://en.wikipedia.org/wiki/Katepurna_Wildlife_Sanctuary?action=edit&redlink=1,wikipedia,https://en.wikipedia.org/wiki/Katepurna_Wildlife_Sanctuary?action=edit&redlink=1,wildlife-sanctuaries,,,,,
WIKIPEDIA:maharashtra:malvan-wildlife-sanctuary,,Malvan Wildlife Sanctuary,,Wildlife Sanctuary,,,,1987,,,Maharashtra,,,,,29.12,,,,,https://en.wikipedia.org/wiki/Malvan_Wildlife_Sanctuary?action=edit&redlink=1,wikipedia,https://en.wikipedia.org/wiki/Malvan_Wildlife_Sanctuary?action=edit&redlink=1,wildlife-sanctuaries,,,,,
WIKIPEDIA:maharashtra:mansingdeo-wildlife-sanctuary,,Mansingdeo Wildlife Sanctuary,,Wildlife Sanctuary,,,,2010,,,Maharashtra,,,,,182.58,,,,,https://en.wikipedia.org/wiki/Mansingdeo_Wildlife_Sanctuary?action=edit&redlink=1,wikipedia,https://en.wikipedia.org/wiki/Mansingdeo_Wildlife_Sanctuary?action=edit&redlink=1,wildlife-sanctuaries,,,,,
WIKIPEDIA:maharashtra:naigaon-mayur-wildlife-sanctuary,,Naigaon Mayur Wildlife Sanctuary,,Wildlife Sanctuary,,,,1994,,,Maharashtra,,,,,29.89,,,,,https://en.wikipedia.org/wiki/Naigaon_Mayur_Wildlife_Sanctuary?action=edit&redlink=1,wikipedia,https://en.wikipedia.org/wiki/Naigaon_Mayur_Wildlife_Sanctuary?action=edit&redlink=1,wildlife-sanctuaries,,,,,
WIKIPEDIA:maharashtra:new-bor-wildlife-sanctuary,,New Bor Wildlife Sanctuary,,Wildlife Sanctuary,,,,2012,,,Maharashtra,,,,,60.7,,,,,https://en.wikipedia.org/wiki/New_Bor_Wildlife_Sanctuary?action=edit&redlink=1,wikipedia,https://en.wikipedia.org/wiki/New_Bor_Wildlife_Sanctuary?action=edit&redlink=1,wildlife-sanctuaries,,,,,
WIKIPEDIA:maharashtra:new-maldhok-bird-gangewadi-wildlife-sanctuary,,New Maldhok Bird (Gangewadi) Wildlife Sanctuary,,Bird Sanctuary,,,,2015,,,Maharashtra,,,,,1.98,,,,,https://en.wikipedia.org/wiki/New_Maldhok_Bird_(Gangewadi)_Wildlife_Sanctuary?action=edit&redlink=1,wikipedia,https://en.wikipedia.org/wiki/New_Maldhok_Bird_(Gangewadi)_Wildlife_Sanctuary?action=edit&redlink=1,wildlife-sanctuaries,,,,,
WIKIPEDIA:maharashtra:sudhagad-wildlife-sanctuary,,Sudhagad Wildlife Sanctuary,,Wildlife Sanctuary,,,,2014,,,Maharashtra,,,,,77.13,,,,,https://en.wikipedia.org/wiki/Sudhagad_Wildlife_Sanctuary?action=edit&redlink=1,wikipedia,https://en.wikipedia.org/wiki/Sudhagad_Wildlife_Sanctuary?action=edit&redlink=1,wildlife-sanctuaries,,,,,
WIKIPEDIA:maharashtra:tamhini-wildlife-sanctuary,,Tamhini Wildlife Sanctuary,,Wildlife Sanctuary,,,,2013,,,Maharashtra,,,,,49.62,,,,,https://en.wikipedia.org/wiki/Tamhini_Wildlife_Sanctuary?action=edit&redlink=1,wikipedia,https://en.wikipedia.org/wiki/Tamhini_Wildlife_Sanctuary?action=edit&redlink=1,wildlife-sanctuaries,,,,,
WIKIPEDIA:maharashtra:thane-creek-wildlife-sanctuary,,Thane Creek Wildlife Sanctuary,,Wildlife Sanctuary,,,,2015,,,Maharashtra,,,,,16.9,,,,,https://en.wikipedia.org/wiki/Thane_Creek_Wildlife_Sanctuary?action=edit&redlink=1,wikipedia,https://en.wikipedia.org/wiki/Thane_Creek_Wildlife_Sanctuary?action=edit&redlink=1,wildlife-sanctuaries,,,,,
WIKIPEDIA:manipur:bunning-wildlife-sanctuary,,Bunning Wildlife Sanctuary,,Wildlife Sanctuary,,,,1997,,,Manipur,,,,,115.8,,,,,https://en.wikipedia.org/wiki/Bunning_Wildlife_Sanctuary?action=edit&redlink=1,wikipedia,https://en.wikipedia.org/wiki/Bunning_Wildlife_Sanctuary?action=edit&redlink=1,wildlife-sanctuaries,,,,,
WIKIPEDIA:manipur:kailam-wildlife-sanctuary,,Kailam Wildlife Sanctuary,,Wildlife Sanctuary,,,,1997,,,Manipur,,,,,187.5,,,,,https://en.wikipedia.org/wiki/Kailam_Wildlife_Sanctuary?action=edit&redlink=1,wikipedia,https://en.wikipedia.org/wiki/Kailam_Wildlife_Sanctuary?action=edit&redlink=1,wildlife-sanctuaries,,,,,
WIKIPEDIA:manipur:khongjaingamba-ching-wildlife-sanctuary,,Khongjaingamba Ching Wildlife Sanctuary,,Wildlife Sanctuary,,,,2016,,,Manipur,,,,,0.41,,,,,https://en.wikipedia.org/wiki/Khongjaingamba_Ching_Wildlife_Sanctuary?action=edit&redlink=1,wikipedia,https://en.wikipedia.org/wiki/Khongjaingamba_Ching_Wildlife_Sanctuary?action=edit&redlink=1,wildlife-sanctuaries,,,,,
WIKIPEDIA:manipur:thinungei-bird-sanctuary,,Thinungei Bird Sanctuary,,Bird Sanctuary,,,,2019,,,Manipur,,,,,1.03,,,,,https://en.wikipedia.org/wiki/Thinungei_Bird_Sanctuary?action=edit&redlink=1,wikipedia,https://en.wikipedia.org/wiki/Thinungei_Bird_Sanctuary?action=edit&redlink=1,wildlife-sanctuaries,,,,,
WIKIPEDIA:manipur:zeilad-wildlife-sanctuary,,Zeilad Wildlife Sanctuary,,Wildlife Sanctuary,,,,1997,,,Manipur,,,,,21,,,,,https://en.wikipedia.org/wiki/Zeilad_Wildlife_Sanctuary?action=edit&redlink=1,wikipedia,https://en.wikipedia.org/wiki/Zeilad_Wildlife_Sanctuary?action=edit&redlink=1,wildlife-sanctuaries,,,,,
WIKIPEDIA:meghalaya:siju-wildlife-sanctuary,,Siju Wildlife Sanctuary,,Wildlife Sanctuary,,,,1979,,,Meghalaya,,,,,5.18,,,,,https://en.wikipedia.org/wiki/Siju_Wildlife_Sanctuary,wikipedia,https://en.wikipedia.org/wiki/Siju_Wildlife_Sanctuary,wildlife-sanctuaries,,,,,
WIKIPEDIA:odisha:badrama-wildlife-sanctuary,,Badrama Wildlife Sanctuary,,Wildlife Sanctuary,,,,1962,,,Odisha,,,,,304.03,,,,,https://en.wikipedia.org/wiki/Ushakothi_Wildlife_Sanctuary,wikipedia,https://en.wikipedia.org/wiki/Ushakothi_Wildlife_Sanctuary,wildlife-sanctuaries,,,,,
WIKIPEDIA:odisha:chandaka-dampara-wildlife-sanctuary,,Chandaka Dampara Wildlife Sanctuary,,Wildlife Sanctuary,,,,1982,,,Odisha,,,,,175.79,,,,,https://en.wikipedia.org/wiki/Chandaka_Elephant_Sanctuary,wikipedia,https://en.wikipedia.org/wiki/Chandaka_Elephant_Sanctuary,wildlife-sanctuaries,,,,,
WIKIPEDIA:odisha:sunabeda-wildlife-sanctuary,,Sunabeda Wildlife Sanctuary,,Wildlife Sanctuary,,,,1988,,,Odisha,,,,,500,,,,,https://en.wikipedia.org/wiki/Sunabeda_Wildlife_Sanctuary,wikipedia,https://en.wikipedia.org/wiki/Sunabeda_Wildlife_Sanctuary,wildlife-sanctuaries,,,,,
WIKIPEDIA:punjab:bir-bhadson-wildlife-sanctuary,,Bir Bhadson Wildlife Sanctuary,,Wildlife Sanctuary,,,,1952,,,Punjab,,,,,10.23,,,,,https://en.wikipedia.org/wiki/Bir_Bhadson_Wildlife_Sanctuary?action=edit&redlink=1,wikipedia,https://en.wikipedia.org/wiki/Bir_Bhadson_Wildlife_Sanctuary?action=edit&redlink=1,wildlife-sanctuaries,,,,,
WIKIPEDIA:punjab:bir-dosanjh-wildlife-sanctuary,,Bir Dosanjh Wildlife Sanctuary,,Wildlife Sanctuary,,,,1952,,,Punjab,,,,,5.18,,,,,https://en.wikipedia.org/wiki/Bir_Dosanjh_Wildlife_Sanctuary?action=edit&redlink=1,wikipedia,https://en.wikipedia.org/wiki/Bir_Dosanjh_Wildlife_Sanctuary?action=edit&redlink=1,wildlife-sanctuaries,,,,,
WIKIPEDIA:punjab:bir-gurdialpura-wildlife-sanctuary,,Bir Gurdialpura Wildlife Sanctuary,,Wildlife Sanctuary,,,,1977,,,Punjab,,,,,6.2,,,,,https://en.wikipedia.org/wiki/Bir_Gurdialpura_Wildlife_Sanctuary?action=edit&redlink=1,wikipedia,https://en.wikipedia.org/wiki/Bir_Gurdialpura_Wildlife_Sanctuary?action=edit&redlink=1,wildlife-sanctuaries,,,,,
WIKIPEDIA:punjab:bir-mehaswala-wildlife-sanctuary,,Bir Mehaswala Wildlife Sanctuary,,Wildlife Sanctuary,,,,1952,,,Punjab,,,,,1.23,,,,,https://en.wikipedia.org/wiki/Bir_Mehaswala_Wildlife_Sanctuary?action=edit&redlink=1,wikipedia,https://en.wikipedia.org/wiki/Bir_Mehaswala_Wildlife_Sanctuary?action=edit&redlink=1,wildlife-sanctuaries,,,,,
WIKIPEDIA:punjab:bir-motibagh-wildlife-sanctuary,,Bir Motibagh Wildlife Sanctuary,,Wildlife Sanctuary,,,,1952,,,Punjab,,,,,6.54,,,,,https://en.wikipedia.org/wiki/Bir_Motibagh_Wildlife_Sanctuary?action=edit&redlink=1,wikipedia,https://en.wikipedia.org/wiki/Bir_Motibagh_Wildlife_Sanctuary?action=edit&redlink=1,wildlife-sanctuaries,,,,,
WIKIPEDIA:punjab:harike-lake-wildlife-sanctuary,,Harike Lake Wildlife Sanctuary,,Wildlife Sanctuary,,,,1982,,,Punjab,,,,,86,,,,,https://en.wikipedia.org/wiki/Harike_Lake_Wildlife_Sanctuary?action=edit&redlink=1,wikipedia,https://en.wikipedia.org/wiki/Harike_Lake_Wildlife_Sanctuary?action=edit&redlink=1,wildlife-sanctuaries,,,,,
WIKIPEDIA:punjab:jhajjar-bacholi-wildlife-sanctuary,,Jhajjar Bacholi Wildlife Sanctuary,,Wildlife Sanctuary,,,,1998,,,Punjab,,,,,1.16,,,,,https://en.wikipedia.org/wiki/Jhajjar_Bacholi_Wildlife_Sanctuary?action=edit&redlink=1,wikipedia,https://en.wikipedia.org/wiki/Jhajjar_Bacholi_Wildlife_Sanctuary?action=edit&redlink=1,wildlife-sanctuaries,,,,,
WIKIPEDIA:punjab:takhni-rehampur-wildlife-sanctuary,,Takhni-Rehampur Wildlife Sanctuary,,Wildlife Sanctuary,,,,1992,,,Punjab,,,,,3.82,,,,,https://en.wikipedia.org/wiki/Takhni-Rehampur_Wildlife_Sanctuary?action=edit&redlink=1,wikipedia,https://en.wikipedia.org/wiki/Takhni-Rehampur_Wildlife_Sanctuary?action=edit&redlink=1,wildlife-sanctuaries,,,,,
WIKIPEDIA:rajasthan:desert-national-sanctuary,,Desert National Sanctuary,,National Park,,,,1981,,,Rajasthan,,,,,3162,,,,,https://en.wikipedia.org/wiki/Desert_National_Park,wikipedia,https://en.wikipedia.org/wiki/Desert_National_Park,wildlife-sanctuaries,,,,,
WIKIPEDIA:rajasthan:national-chambal-wildlife-sanctuary,,National Chambal Wildlife Sanctuary,,National Park,,,,1979,,,Rajasthan,,,,,564.03,,,,,https://en.wikipedia.org/wiki/National_Chambal_Wildlife_Sanctuary,wikipedia,https://en.wikipedia.org/wiki/National_Chambal_Wildlife_Sanctuary,wildlife-sanctuaries,,,,,
WIKIPEDIA:rajasthan:sawai-madhopur-wildlife-sanctuary,,Sawai Madhopur Wildlife Sanctuary,,Wildlife Sanctuary,,,,1955,,,Rajasthan,,,,,131.3,,,,,https://en.wikipedia.org/wiki/Sawai_Madhopur_Wildlife_Sanctuary,wikipedia,https://en.wikipedia.org/wiki/Sawai_Madhopur_Wildlife_Sanctuary,wildlife-sanctuaries,,,,,
WIKIPEDIA:tamil-nadu:kalakkad-wildlife-sanctuary,,Kalakkad Wildlife Sanctuary,,Wildlife Sanctuary,,,,1976,,,Tamil Nadu,,,,,223.58,,,,,https://en.wikipedia.org/wiki/Kalakkad_Mundanthurai_Tiger_Reserve,wikipedia,https://en.wikipedia.org/wiki/Kalakkad_Mundanthurai_Tiger_Reserve,wildlife-sanctuaries,,,,,
WIKIPEDIA:tamil-nadu:megamalai-wildlife-sanctuary,,Megamalai Wildlife Sanctuary,,Wildlife Sanctuary,,,,2009,,,Tamil Nadu,,,,,269.11,,,,,https://en.wikipedia.org/wiki/Megamalai_Wildlife_Sanctuary,wikipedia,https://en.wikipedia.org/wiki/Megamalai_Wildlife_Sanctuary,wildlife-sanctuaries,,,,,
WIKIPEDIA:tamil-nadu:pulicat-lake-bird-sanctuary,,Pulicat Lake Bird Sanctuary,,Bird Sanctuary,,,,1980,,,Tamil Nadu,,,,,153.67,,,,,https://en.wikipedia.org/wiki/Pulicat_Lake_Bird_Sanctuary,wikipedia,https://en.wikipedia.org/wiki/Pulicat_Lake_Bird_Sanctuary,wildlife-sanctuaries,,,,,
WIKIPEDIA:tamil-nadu:thanthai-periyar-wildlife-sanctuary,,Thanthai Periyar Wildlife Sanctuary,,Wildlife Sanctuary,,,,2023,,,Tamil Nadu,,,,,805.67,,,,,https://en.wikipedia.org/wiki/Thanthai_Periyar_Wildlife_Sanctuary,wikipedia,https://en.wikipedia.org/wiki/Thanthai_Periyar_Wildlife_Sanctuary,wildlife-sanctuaries,,,,,
WIKIPEDIA:telangana:eturnagaram-wildlife-sanctuary,,Eturnagaram Wildlife Sanctuary,,Wildlife Sanctuary,,,,1953,,,Telangana,,,,,803,,,,,https://en.wikipedia.org/wiki/Eturnagaram_Wildlife_Sanctuary,wikipedia,https://en.wikipedia.org/wiki/Eturnagaram_Wildlife_Sanctuary,wildlife-sanctuaries,,,,,
WIKIPEDIA:telangana:manjira-wildlife-sanctuary,,Manjira Wildlife Sanctuary,,Wildlife Sanctuary,,,,1978,,,Telangana,,,,,20,,,,,https://en.wikipedia.org/wiki/Manjira_Wildlife_Sanctuary,wikipedia,https://en.wikipedia.org/wiki/Manjira_Wildlife_Sanctuary,wildlife-sanctuaries,,,,,
WIKIPEDIA:uttar-pradesh:dr-bhimrao-ambedkar-bird-sanctuary,,Dr. Bhimrao Ambedkar Bird Sanctuary,,Bird Sanctuary,,,,2003,,,Uttar Pradesh,,,,,4.27,,,,,https://en.wikipedia.org/wiki/Dr._Bhimrao_Ambedkar_Bird_Sanctuary?action=edit&redlink=1,wikipedia,https://en.wikipedia.org/wiki/Dr._Bhimrao_Ambedkar_Bird_Sanctuary?action=edit&redlink=1,wildlife-sanctuaries,,,,,
WIKIPEDIA:uttar-pradesh:national-chambal-wildlife-sanctuary,,National Chambal Wildlife Sanctuary,,National Park,,,,1979,,,Uttar Pradesh,,,,,635,,,,,https://en.wikipedia.org/wiki/National_Chambal_Wildlife_Sanctuary,wikipedia,https://en.wikipedia.org/wiki/National_Chambal_Wildlife_Sanctuary,wildlife-sanctuaries,,,,,
WIKIPEDIA:uttar-pradesh:sur-sarovar-bird-sanctuary,,Sur Sarovar Bird Sanctuary,,Bird Sanctuary,,,,1991,,,Uttar Pradesh,,,,,4.03,,,,,https://en.wikipedia.org/wiki/Sur_Sarovar_Sanctuary,wikipedia,https://en.wikipedia.org/wiki/Sur_Sarovar_Sanctuary,wildlife-sanctuaries,,,,,
WIKIPEDIA:west-bengal:pakhibitan-wildlife-sanctuary,,Pakhibitan Wildlife Sanctuary,,Wildlife Sanctuary,,,,2011,,,West Bengal,,,,,14.09,,,,,https://en.wikipedia.org/wiki/Pakhibitan_Wildlife_Sanctuary?action=edit&redlink=1,wikipedia,https://en.wikipedia.org/wiki/Pakhibitan_Wildlife_Sanctuary?action=edit&redlink=1,wildlife-sanctuaries,,,,,
WIKIPEDIA:maharashtra:pench-mh-tiger-reserve,,Pench (MH) Tiger Reserve,,Tiger Reserve,,,,1998–99,,,Maharashtra,21.69306,79.24833,,,741.22,,,,,https://en.wikipedia.org/wiki/Pench_Tiger_Reserve,wikipedia,https://en.wikipedia.org/wiki/Pench_Tiger_Reserve,tiger-reserves,,,,,
WIKIPEDIA:madhya-pradesh:sanjay-dhubri-tiger-reserve,,Sanjay Dhubri Tiger Reserve,,Tiger Reserve,,,,2008–09,,,Madhya Pradesh,23.88528,82.05528,,,1674.5,,,,,https://en.wikipedia.org/wiki/Sanjay_National_Park,wikipedia,https://en.wikipedia.org/wiki/Sanjay_National_Park,tiger-reserves,,,,,
WIKIPEDIA:rajasthan:mukandra-hills-tiger-reserve,,Mukandra Hills Tiger Reserve,,Tiger Reserve,,,,2013–14,,,Rajasthan,24.86806,75.85611,,,759.99,,,,,https://en.wikipedia.org/wiki/Mukandra_Hills_Tiger_Reserve,wikipedia,https://en.wikipedia.org/wiki/Mukandra_Hills_Tiger_Reserve,tiger-reserves,,,,,
WIKIPEDIA:rajasthan:dholpur-karauli-tiger-reserve,,Dholpur-Karauli Tiger Reserve,,Tiger Reserve,,,,2023,,,Rajasthan,26.5,77.02,,,599.64,,,,,https://en.wikipedia.org/wiki/Dholpur—Karauli_Tiger_Reserve?action=edit&redlink=1,wikipedia,https://en.wikipedia.org/wiki/Dholpur—Karauli_Tiger_Reserve?action=edit&redlink=1,tiger-reserves,,,,,
