moefSNo,state,protectedAreaName,protectedAreaType,notificationStatus,notificationDate,notificationSummary,notificationPdfLink,maps,notificationUploadDate,orderNumber,wikidataId,matchConfidence
1,Andhra Pradesh,Pulicat Bird Sanctuary,Bird Sanctuary,Draft,2014-01-03,"1. S.O. 22 [03.01.2014] Draft ESZ Notification on Pulicat Bird Sanctuary(1.26 MB), Andhra Pradesh-Tamil Nadu",https://moef.gov.in/uploads/2017/06/S.O.%2022%20%5B03.01.2014%5D%20Draft%20ESZ%20Notification%20on%20Pulicat%20Bird%20Sanctuary%2C%20Andhra%20Pradesh-Tamil%20Nadu.pdf,[],09/01/2014,S.O. 22,Q3532790,fuzzy
1,Andhra Pradesh,Pulicat Bird Sanctuary,Bird Sanctuary,Final,2015-06-26,"1. S.O. 1736 [26.06.2015] Final ESZ Notification on Pulicat Wildlife Sanctuary(11.84 MB), Andhra Pradesh",https://moef.gov.in/uploads/2017/06/S.O.%201736%20%5B26.06.2015%5D%20Final%20ESZ%20Notification%20on%20Pulicat%20Wildlife%20Sanctuary%2C%20Andhra%20Pradesh.pdf,[],29/07/2015,S.O. 1736,Q3532790,fuzzy
2,Andhra Pradesh,Great Indian Bustard Rollapadu Wildlife Sanctuary,Wildlife Sanctuary,Draft,2015-11-20,2. SO 3127(E)[20.11.2015] Draft notification declaring Eco-sensitive Zone around the Great Indian Bustard Rollapadu Wildlife Sanctuary(859.99 KB) in the state of Andhra Pradesh,https://moef.gov.in/uploads/2017/06/SO%203127(E)%5B20.11.2015%5D%20Draft%20notification%20declaring%20Eco-sensitive%20Zone%20around%20the%20Great%20Indian%20Bustard%20Rollapadu%20Wildlife%20Sanctuary%20%20Sanctuary%20%20in%20the%20state%20of%20Andhra%20Pradesh.pdf,[],14/01/2016,SO 3127(E),,none
2,Andhra Pradesh,Great Indian Bustard Rollapadu Wildlife Sanctuary,Wildlife Sanctuary,Final,2017-05-15,"2. S.O. 1567 (E) [15.05.2017] Final Notification declaring Eco Sensitive Zone around Great Indian Bustard Rollapadu Wildlife Sanctuary(2.08 MB), Andhra Pradesh",https://moef.gov.in/uploads/2017/06/Great%20Indian%20Bustard%2C%20Rollapadu%20Wildlife%20Sanctuary%2C%20Andhra%20Pradesh.pdf,[],26/05/2017,S.O. 1567 (E),,none
3,Andhra Pradesh,Kambalakonda Wildlife Sanctuary,Wildlife Sanctuary,Draft,2016-01-07,3. SO 62(E)[07.01.2016] Draft notification declaring Eco-sensitive Zone around the Kambalkonda Wildlife Sanctuary(1.01 MB) in the state of Andhra pradesh,https://moef.gov.in/uploads/2017/06/SO%2062(E)%5B07.01.2016%5D%20Draft%20notification%20declaring%20Eco-sensitive%20Zone%20around%20the%20Kambalkonda%20Wildlife%20%20Sanctuary%20%20in%20the%20state%20of%20Andhra%20pradesh.pdf,[],18/01/2016,SO 62(E),Q12060948,exact
3,Andhra Pradesh,Kambalakonda Wildlife Sanctuary,Wildlife Sanctuary,Final,2017-04-28,"3. S.O. 1366 (E) [28.04.2017] Final Notification declaring Eco Sensitive Zone around Kambalakonda Wildlife Sanctuary(712.46 KB), Andhra Pradesh",https://moef.gov.in/uploads/2017/06/Kambalakonda%20Wildlife%20Sanctuary%2C%20Andhra%20Pradesh.pdf,[],04/05/2017,S.O. 1366 (E),Q12060948,exact
4,Andhra Pradesh,Rajiv Gandhi National Park,National Park,Draft,2016-02-04,"4. S.O.436(E) [04.02.2016] Draft Notification declaring Eco Sensitive Zone around Rajiv Gandhi National Park(1.68 MB), Andhra Pradesh",https://moef.gov.in/uploads/2017/06/S.O.436(E)%20%5B04.02.2016%5D%20Draft%20Notification%20declaring%20Eco%20Sensitive%20Zone%20around%20Rajiv%20Gandhi%20National%20Park%2C%20Andhra%20Pradesh.pdf,[],24/02/2016,S.O.436(E),Q96401141,exact
,Andhra Pradesh,Rajiv Gandhi National Park,National Park,Final,2017-05-15,"S.O. 1563 (E) [15.05.2017] Final Notification Declaring Eco Sensitive Zone around Rajiv Gandhi National Park(2.39 MB), Andhra Pradesh",https://moef.gov.in/uploads/2017/06/Rajiv%20Gandhi%20National%20Park%2C%20Andhra%20Pradesh_0.pdf,[],14/01/2025,S.O. 1563 (E),Q96401141,exact
,Andhra Pradesh,Rajiv Gandhi National Park,National Park,Amendment,2024-12-31,"S .O. No. 17(E) [31.12.2024] Amendment in the Final Notification of Eco-sensitive Zone around Rajiv Gandhi National Park(1.78 MB), Andhra Pradesh",https://moef.gov.in/uploads/pdf-uploads/pdf_67860216388532.35191417.pdf,[],,S .O. No. 17(E),Q96401141,exact
5,Andhra Pradesh,Nelapattu Bird Sanctuary,Bird Sanctuary,Draft,2016-01-15,"5. S.O.250(E) [15.01.2016] Draft Notification declaring Eco sensitive Zone around Nelapattu Bird Sanctuary(394.07 KB), Andhra Pradesh",https://moef.gov.in/uploads/2017/06/S.O.250(E)%20%5B15.01.2016%5D%20Draft%20Notification%20declaring%20Eco%20sensitive%20Zone%20around%20Nelapattu%20Bird%20Sanctuary%2C%20Andhra%20Pradesh.pdf,[],24/02/2016,S.O.250(E),Q18128630,exact
5,Andhra Pradesh,Nelapattu Bird Sanctuary,Bird Sanctuary,Final,2017-06-09,"5. S.O. 1868 (E) [09.06.2017] Final Notification Declaring Eco Sensitive Zone around Nelapattu Bird Sanctuary(2.98 MB), Andhra Pradesh",https://moef.gov.in/uploads/2017/06/Nelapattu%20Bird%20Sanctuary%2C%20Andhra%20Pradesh.pdf,[],23/06/2017,S.O. 1868 (E),Q18128630,exact
6,Andhra Pradesh,Sri Lankamalleswara Wildlife Sanctuary,Wildlife Sanctuary,Draft,2015-12-07,"6. S.O. 3328(E) [07.12.2015] Draft Notification declaring Eco sensitive Zone around Sri Lankamalleswara Wildlife Sanctuary(2.91 MB), Andhra Pradesh",https://moef.gov.in/uploads/2017/06/S.O.%203328(E)%20%5B07.12.2015%5D%20Draft%20Notification%20declaring%20Eco%20sensitive%20Zone%20around%20Sri%20Lankamalleswara%20Wildlife%20Sanctuary%2C%20Andhra%20Pradesh.pdf,[],03/03/2016,S.O. 3328(E),Q19898458,exact
6,Andhra Pradesh,Sri Lankamalleswara Wildlife Sanctuary,Wildlife Sanctuary,Final,2017-04-13,"6. S.O. 1174(E) [13.04.2017] Final Notification Declaring Eco Sensitive Zone around Sri Lankamalleswara Wildlife Sanctuary(1.25 MB), Andhra Pradesh",https://moef.gov.in/uploads/2017/06/Sri%20Lankamalleswara%20Wildlife%20Sanctuary%2C%20Andhra%20Pradesh.pdf,[],01/05/2017,S.O. 1174(E),Q19898458,exact
7,Andhra Pradesh,Sri Penusila Narsimha Swamy Sanctuary,Wildlife Sanctuary,Draft,2018-01-03,"7. S.O. 36(E) [03.01.2018] Draft Notification declaring Eco Sensitive Zone around Sri Penusila Narsimha Swamy Sanctuary(2.68 MB), Andhra Pradesh.",https://moef.gov.in/uploads/2017/06/penusila.pdf,[],17/01/2018,S.O. 36(E),Q24906034,fuzzy
7,Andhra Pradesh,Sri Penusila,Wildlife Sanctuary,Final,2020-08-28,"7. S.O. 2936(E) [ 28.08.2020] Final Notification declaring Eco Sensitive Zone around Sri Penusila(308 KB) Wildlife Sanctuary, Andhra Pradesh",,[],31/08/2020,S.O. 2936(E),Q24906034,fuzzy
8,Andhra Pradesh,Sri Venkateshwara National Park Sanctuary,National Park,Draft,2019-01-24,"8. S.O. 377(E) [24.01.2019] Draft Notification declaring Eco Sensitive Zone around Sri Venkateshwara National Park & Sanctuary,(3.00 MB), Andhra Pradesh.",https://moef.gov.in/uploads/2017/06/sri-venkateshwar-1.pdf,[],04/02/2019,S.O. 377(E),Q3174893,fuzzy
8,Andhra Pradesh,Sri Venkateshwara National Park Sanctuary,National Park,Final,2021-06-18,"8. S.O. 2409(E) [ 18.06.2021] Final Notification declaring Eco Sensitive Zone around Sri Venkateshwara NP & Sanctuary(3.00 MB), Andhra Pradesh.",https://moef.gov.in/uploads/2021/06/sri-venkateshwara.pdf,[],22/06/2021,S.O. 2409(E),Q3174893,fuzzy
9,Andhra Pradesh,Krishna Wildlife Sanctuary,Wildlife Sanctuary,Draft,2019-11-29,"9. S.O. 4322(E) [29.11.2019] Draft Notification declaring Eco Sensitive Zone around Krishna Wildlife Sanctuary ,(296 KB). Andhra Pradesh",https://moef.gov.in/uploads/2019/10/krishna.pdf,[],04/12/2019,S.O. 4322(E),Q6437498,exact
,Andhra Pradesh,Krishna Wildlife Sanctuary,Wildlife Sanctuary,Final,2020-08-05,"S.O. 2632(E) [ 05.08.2020] Final Notification declaring Eco Sensitive Zone around Krishna Wildlife Sanctuary(56 KB)., Andhra Pradesh",https://moef.gov.in/uploads/2019/10/krishna-1.pdf,[],11/08/2020,S.O. 2632(E),Q6437498,exact
10,Andhra Pradesh,Coringa Wildlife Sanctuary,Wildlife Sanctuary,Draft,2020-01-10,"10. .S.O. 173(E) [10.01.2020] Draft Notification declaring Eco Sensitive Zone around Coringa Wildlife Santuary(526 KB), Andhra Pradesh.",https://moef.gov.in/uploads/2019/10/coringa-1.pdf,[],21/01/2020,S.O. 173(E),Q5170559,exact
9,Andhra Pradesh,Coringa Wildlife Sanctuary,Wildlife Sanctuary,Final,2021-09-21,"9. S.O.3922(E) [21.09.2021] Final Notification declaring Eco Sensitive Zone around Coringa Wildlife Sanctuary(3.00 MB), Andhra Pradesh.",https://moef.gov.in/uploads/2020/08/coringa.pdf,[],27/09/2021,S.O.3922(E),Q5170559,exact
11,Andhra Pradesh,Nagarjunasagar Srisailam Tiger Reserve Wildlife Santuary,Tiger Reserve,Draft,2020-02-11,"11. S.O. 653(E) [11.02.2020] Draft Notification declaring Eco Sensitive Zone around Nagarjunasagar Srisailam Tiger Reserve Wildlife Santuary(789 KB), Andhra Pradesh.",https://moef.gov.in/uploads/2019/10/nagarjunasagar.pdf,[],17/02/2020,S.O. 653(E),Q3895706,fuzzy
10,Andhra Pradesh,Nagarjunasagar Srisailam Tiger Reserve Wildlife Santuary,Tiger Reserve,Final,2021-10-18,"10. S.O.4373(E) [18.10.2021] Final Notification declaring Eco Sensitive Zone around Nagarjunasagar Srisailam Tiger Reserve Wildlife Santuary(789 KB), Andhra Pradesh.",https://moef.gov.in/uploads/2020/08/Nagarjunasagar.pdf,[],28/10/2021,S.O.4373(E),Q3895706,fuzzy
12,Andhra Pradesh,Koundinya Wildlife Sanctuary,Wildlife Sanctuary,Draft,2022-05-04,"12. S.O. 2077(E) [04.05.2022] Draft Notification declaring Eco Sensitive Zone around Koundinya Wildlife Sanctuary, in the state of Andhra Pradesh.(789 KB), Andhra Pradesh.",https://moef.gov.in/uploads/2021/08/Published-Draft-Notification-S-O-2077.pdf,[],04/05/2022,S.O. 2077(E),Q6434637,exact
13,Andaman and Nicobar Islands,Rani Jhansi Marine National Park,National Park,Draft,2016-04-26,13. S.O 1498(E) [26.04.2016] Draft Notification declaring Eco sensitive Zone around the Union Territory of Andaman and Nicobar Islands (995.79 KB) (i). Maps of 4 National Parks of the 97 Island PAs of A&N Islands Rani Jhansi NP 2.Buttons NP (ii).Maps of 93 Wildlife Sanctuaries of the 97 Island PAs of A&N Islands Andman Group of Island PAs Nicobar Group of Island PAs (iii).Individual maps of 93 WLS of the 97 Island PAs of A&N Islands 1. Arial 2. Bamboo 3. Barren 4. Batti Malv 5. Belle 6.Bennette 7. Bingham 8. Blister 9. Bluff 10. Bondoville 11. Brush 12. Buchanan 13. Channel 14. Cinque Island 15. Clyde 16. Cone 17. Curlew Bp 18. Curlew 19. Defence 20. Dot 21. Dotrell 22. Duncan 23. East 24. Egg 25. Entrance26. Flat 27. Gander 28. Goose 29. Gurjan 30. Hump 31. Inglis 32. Interview 33. James 34. Jungle 35. Kwang Tung36. Kyd 37. Landfall 38. Latouche 39. Mangrove 40. Mask41. Mayo 42. Megapode 43.Montgomery 44.Narcondam45. North Brother 46.North Reef 47.North 48.Oliver49.Orchid 50.Ox 51.Oyester I 52.Oyester II 53.Paget54.Parkinson 55.Passage 56.Petric 57.Pitman 58.Peacock59.Point 60.Potanma 61.Ranger 62.Reef 63.Roper64.Ross 65.Rowe 66.Sandy 67.Sea Serpent 68.Shark69.Shearme 70.Sir Hugh Rose 71.Sisters 72.Snake Island73. Snake-I 74.South Brother 75.South Reef 76.South Sentinel 77.Spike II 78.Spike-I 79.Stoat 80.Surat81.Swamp 82.Table Dalgarno 83.Table(Excelsior)84.Talabaicha 85.Temple 86.Tillongchong 87.Tree 88.Trilby89.Tuft 90.Turtle 91.West 92.Wharf 93.White Cliff,https://moef.gov.in/uploads/2019/10/Andaman-and-Nicobar-Islands.pdf,"[{""title"":""Rani Jhansi NP"",""link"":""https://moef.gov.in/uploads/2017/06/Rani%20jhansi.jpg""}]",27/04/2016,S.O 1498(E),Q1544313,exact
13,Andaman and Nicobar Islands,North Button Island National Park,National Park,Draft,2016-04-26,13. S.O 1498(E) [26.04.2016] Draft Notification declaring Eco sensitive Zone around the Union Territory of Andaman and Nicobar Islands (995.79 KB) (i). Maps of 4 National Parks of the 97 Island PAs of A&N Islands Rani Jhansi NP 2.Buttons NP (ii).Maps of 93 Wildlife Sanctuaries of the 97 Island PAs of A&N Islands Andman Group of Island PAs Nicobar Group of Island PAs (iii).Individual maps of 93 WLS of the 97 Island PAs of A&N Islands 1. Arial 2. Bamboo 3. Barren 4. Batti Malv 5. Belle 6.Bennette 7. Bingham 8. Blister 9. Bluff 10. Bondoville 11. Brush 12. Buchanan 13. Channel 14. Cinque Island 15. Clyde 16. Cone 17. Curlew Bp 18. Curlew 19. Defence 20. Dot 21. Dotrell 22. Duncan 23. East 24. Egg 25. Entrance26. Flat 27. Gander 28. Goose 29. Gurjan 30. Hump 31. Inglis 32. Interview 33. James 34. Jungle 35. Kwang Tung36. Kyd 37. Landfall 38. Latouche 39. Mangrove 40. Mask41. Mayo 42. Megapode 43.Montgomery 44.Narcondam45. North Brother 46.North Reef 47.North 48.Oliver49.Orchid 50.Ox 51.Oyester I 52.Oyester II 53.Paget54.Parkinson 55.Passage 56.Petric 57.Pitman 58.Peacock59.Point 60.Potanma 61.Ranger 62.Reef 63.Roper64.Ross 65.Rowe 66.Sandy 67.Sea Serpent 68.Shark69.Shearme 70.Sir Hugh Rose 71.Sisters 72.Snake Island73. Snake-I 74.South Brother 75.South Reef 76.South Sentinel 77.Spike II 78.Spike-I 79.Stoat 80.Surat81.Swamp 82.Table Dalgarno 83.Table(Excelsior)84.Talabaicha 85.Temple 86.Tillongchong 87.Tree 88.Trilby89.Tuft 90.Turtle 91.West 92.Wharf 93.White Cliff,https://moef.gov.in/uploads/2019/10/Andaman-and-Nicobar-Islands.pdf,"[{""title"":""Buttons NP"",""link"":""https://moef.gov.in/uploads/2017/06/Buttons.jpg""}]",27/04/2016,S.O 1498(E),Q3364468,exact
13,Andaman and Nicobar Islands,Middle Button Island National Park,National Park,Draft,2016-04-26,13. S.O 1498(E) [26.04.2016] Draft Notification declaring Eco sensitive Zone around the Union Territory of Andaman and Nicobar Islands (995.79 KB) (i). Maps of 4 National Parks of the 97 Island PAs of A&N Islands Rani Jhansi NP 2.Buttons NP (ii).Maps of 93 Wildlife Sanctuaries of the 97 Island PAs of A&N Islands Andman Group of Island PAs Nicobar Group of Island PAs (iii).Individual maps of 93 WLS of the 97 Island PAs of A&N Islands 1. Arial 2. Bamboo 3. Barren 4. Batti Malv 5. Belle 6.Bennette 7. Bingham 8. Blister 9. Bluff 10. Bondoville 11. Brush 12. Buchanan 13. Channel 14. Cinque Island 15. Clyde 16. Cone 17. Curlew Bp 18. Curlew 19. Defence 20. Dot 21. Dotrell 22. Duncan 23. East 24. Egg 25. Entrance26. Flat 27. Gander 28. Goose 29. Gurjan 30. Hump 31. Inglis 32. Interview 33. James 34. Jungle 35. Kwang Tung36. Kyd 37. Landfall 38. Latouche 39. Mangrove 40. Mask41. Mayo 42. Megapode 43.Montgomery 44.Narcondam45. North Brother 46.North Reef 47.North 48.Oliver49.Orchid 50.Ox 51.Oyester I 52.Oyester II 53.Paget54.Parkinson 55.Passage 56.Petric 57.Pitman 58.Peacock59.Point 60.Potanma 61.Ranger 62.Reef 63.Roper64.Ross 65.Rowe 66.Sandy 67.Sea Serpent 68.Shark69.Shearme 70.Sir Hugh Rose 71.Sisters 72.Snake Island73. Snake-I 74.South Brother 75.South Reef 76.South Sentinel 77.Spike II 78.Spike-I 79.Stoat 80.Surat81.Swamp 82.Table Dalgarno 83.Table(Excelsior)84.Talabaicha 85.Temple 86.Tillongchong 87.Tree 88.Trilby89.Tuft 90.Turtle 91.West 92.Wharf 93.White Cliff,https://moef.gov.in/uploads/2019/10/Andaman-and-Nicobar-Islands.pdf,"[{""title"":""Buttons NP"",""link"":""https://moef.gov.in/uploads/2017/06/Buttons.jpg""}]",27/04/2016,S.O 1498(E),Q3364465,exact
13,Andaman and Nicobar Islands,South Button Island National Park,National Park,Draft,2016-04-26,13. S.O 1498(E) [26.04.2016] Draft Notification declaring Eco sensitive Zone around the Union Territory of Andaman and Nicobar Islands (995.79 KB) (i). Maps of 4 National Parks of the 97 Island PAs of A&N Islands Rani Jhansi NP 2.Buttons NP (ii).Maps of 93 Wildlife Sanctuaries of the 97 Island PAs of A&N Islands Andman Group of Island PAs Nicobar Group of Island PAs (iii).Individual maps of 93 WLS of the 97 Island PAs of A&N Islands 1. Arial 2. Bamboo 3. Barren 4. Batti Malv 5. Belle 6.Bennette 7. Bingham 8. Blister 9. Bluff 10. Bondoville 11. Brush 12. Buchanan 13. Channel 14. Cinque Island 15. Clyde 16. Cone 17. Curlew Bp 18. Curlew 19. Defence 20. Dot 21. Dotrell 22. Duncan 23. East 24. Egg 25. Entrance26. Flat 27. Gander 28. Goose 29. Gurjan 30. Hump 31. Inglis 32. Interview 33. James 34. Jungle 35. Kwang Tung36. Kyd 37. Landfall 38. Latouche 39. Mangrove 40. Mask41. Mayo 42. Megapode 43.Montgomery 44.Narcondam45. North Brother 46.North Reef 47.North 48.Oliver49.Orchid 50.Ox 51.Oyester I 52.Oyester II 53.Paget54.Parkinson 55.Passage 56.Petric 57.Pitman 58.Peacock59.Point 60.Potanma 61.Ranger 62.Reef 63.Roper64.Ross 65.Rowe 66.Sandy 67.Sea Serpent 68.Shark69.Shearme 70.Sir Hugh Rose 71.Sisters 72.Snake Island73. Snake-I 74.South Brother 75.South Reef 76.South Sentinel 77.Spike II 78.Spike-I 79.Stoat 80.Surat81.Swamp 82.Table Dalgarno 83.Table(Excelsior)84.Talabaicha 85.Temple 86.Tillongchong 87.Tree 88.Trilby89.Tuft 90.Turtle 91.West 92.Wharf 93.White Cliff,https://moef.gov.in/uploads/2019/10/Andaman-and-Nicobar-Islands.pdf,"[{""title"":""Buttons NP"",""link"":""https://moef.gov.in/uploads/2017/06/Buttons.jpg""}]",27/04/2016,S.O 1498(E),Q770855,exact
13,Andaman and Nicobar Islands,Arial Wildlife Sanctuary,Wildlife Sanctuary,Draft,2016-04-26,13. S.O 1498(E) [26.04.2016] Draft Notification declaring Eco sensitive Zone around the Union Territory of Andaman and Nicobar Islands (995.79 KB) (i). Maps of 4 National Parks of the 97 Island PAs of A&N Islands Rani Jhansi NP 2.Buttons NP (ii).Maps of 93 Wildlife Sanctuaries of the 97 Island PAs of A&N Islands Andman Group of Island PAs Nicobar Group of Island PAs (iii).Individual maps of 93 WLS of the 97 Island PAs of A&N Islands 1. Arial 2. Bamboo 3. Barren 4. Batti Malv 5. Belle 6.Bennette 7. Bingham 8. Blister 9. Bluff 10. Bondoville 11. Brush 12. Buchanan 13. Channel 14. Cinque Island 15. Clyde 16. Cone 17. Curlew Bp 18. Curlew 19. Defence 20. Dot 21. Dotrell 22. Duncan 23. East 24. Egg 25. Entrance26. Flat 27. Gander 28. Goose 29. Gurjan 30. Hump 31. Inglis 32. Interview 33. James 34. Jungle 35. Kwang Tung36. Kyd 37. Landfall 38. Latouche 39. Mangrove 40. Mask41. Mayo 42. Megapode 43.Montgomery 44.Narcondam45. North Brother 46.North Reef 47.North 48.Oliver49.Orchid 50.Ox 51.Oyester I 52.Oyester II 53.Paget54.Parkinson 55.Passage 56.Petric 57.Pitman 58.Peacock59.Point 60.Potanma 61.Ranger 62.Reef 63.Roper64.Ross 65.Rowe 66.Sandy 67.Sea Serpent 68.Shark69.Shearme 70.Sir Hugh Rose 71.Sisters 72.Snake Island73. Snake-I 74.South Brother 75.South Reef 76.South Sentinel 77.Spike II 78.Spike-I 79.Stoat 80.Surat81.Swamp 82.Table Dalgarno 83.Table(Excelsior)84.Talabaicha 85.Temple 86.Tillongchong 87.Tree 88.Trilby89.Tuft 90.Turtle 91.West 92.Wharf 93.White Cliff,https://moef.gov.in/uploads/2019/10/Andaman-and-Nicobar-Islands.pdf,"[{""title"":""Arial"",""link"":""https://moef.gov.in/uploads/2017/06/1.%20ARIAL_0.jpg""}]",27/04/2016,S.O 1498(E),,none
13,Andaman and Nicobar Islands,Bamboo Wildlife Sanctuary,Wildlife Sanctuary,Draft,2016-04-26,13. S.O 1498(E) [26.04.2016] Draft Notification declaring Eco sensitive Zone around the Union Territory of Andaman and Nicobar Islands (995.79 KB) (i). Maps of 4 National Parks of the 97 Island PAs of A&N Islands Rani Jhansi NP 2.Buttons NP (ii).Maps of 93 Wildlife Sanctuaries of the 97 Island PAs of A&N Islands Andman Group of Island PAs Nicobar Group of Island PAs (iii).Individual maps of 93 WLS of the 97 Island PAs of A&N Islands 1. Arial 2. Bamboo 3. Barren 4. Batti Malv 5. Belle 6.Bennette 7. Bingham 8. Blister 9. Bluff 10. Bondoville 11. Brush 12. Buchanan 13. Channel 14. Cinque Island 15. Clyde 16. Cone 17. Curlew Bp 18. Curlew 19. Defence 20. Dot 21. Dotrell 22. Duncan 23. East 24. Egg 25. Entrance26. Flat 27. Gander 28. Goose 29. Gurjan 30. Hump 31. Inglis 32. Interview 33. James 34. Jungle 35. Kwang Tung36. Kyd 37. Landfall 38. Latouche 39. Mangrove 40. Mask41. Mayo 42. Megapode 43.Montgomery 44.Narcondam45. North Brother 46.North Reef 47.North 48.Oliver49.Orchid 50.Ox 51.Oyester I 52.Oyester II 53.Paget54.Parkinson 55.Passage 56.Petric 57.Pitman 58.Peacock59.Point 60.Potanma 61.Ranger 62.Reef 63.Roper64.Ross 65.Rowe 66.Sandy 67.Sea Serpent 68.Shark69.Shearme 70.Sir Hugh Rose 71.Sisters 72.Snake Island73. Snake-I 74.South Brother 75.South Reef 76.South Sentinel 77.Spike II 78.Spike-I 79.Stoat 80.Surat81.Swamp 82.Table Dalgarno 83.Table(Excelsior)84.Talabaicha 85.Temple 86.Tillongchong 87.Tree 88.Trilby89.Tuft 90.Turtle 91.West 92.Wharf 93.White Cliff,https://moef.gov.in/uploads/2019/10/Andaman-and-Nicobar-Islands.pdf,"[{""title"":""Bamboo"",""link"":""https://moef.gov.in/uploads/2017/06/2.%20BAMBOO.jpg""}]",27/04/2016,S.O 1498(E),,none
13,Andaman and Nicobar Islands,Barren Wildlife Sanctuary,Wildlife Sanctuary,Draft,2016-04-26,13. S.O 1498(E) [26.04.2016] Draft Notification declaring Eco sensitive Zone around the Union Territory of Andaman and Nicobar Islands (995.79 KB) (i). Maps of 4 National Parks of the 97 Island PAs of A&N Islands Rani Jhansi NP 2.Buttons NP (ii).Maps of 93 Wildlife Sanctuaries of the 97 Island PAs of A&N Islands Andman Group of Island PAs Nicobar Group of Island PAs (iii).Individual maps of 93 WLS of the 97 Island PAs of A&N Islands 1. Arial 2. Bamboo 3. Barren 4. Batti Malv 5. Belle 6.Bennette 7. Bingham 8. Blister 9. Bluff 10. Bondoville 11. Brush 12. Buchanan 13. Channel 14. Cinque Island 15. Clyde 16. Cone 17. Curlew Bp 18. Curlew 19. Defence 20. Dot 21. Dotrell 22. Duncan 23. East 24. Egg 25. Entrance26. Flat 27. Gander 28. Goose 29. Gurjan 30. Hump 31. Inglis 32. Interview 33. James 34. Jungle 35. Kwang Tung36. Kyd 37. Landfall 38. Latouche 39. Mangrove 40. Mask41. Mayo 42. Megapode 43.Montgomery 44.Narcondam45. North Brother 46.North Reef 47.North 48.Oliver49.Orchid 50.Ox 51.Oyester I 52.Oyester II 53.Paget54.Parkinson 55.Passage 56.Petric 57.Pitman 58.Peacock59.Point 60.Potanma 61.Ranger 62.Reef 63.Roper64.Ross 65.Rowe 66.Sandy 67.Sea Serpent 68.Shark69.Shearme 70.Sir Hugh Rose 71.Sisters 72.Snake Island73. Snake-I 74.South Brother 75.South Reef 76.South Sentinel 77.Spike II 78.Spike-I 79.Stoat 80.Surat81.Swamp 82.Table Dalgarno 83.Table(Excelsior)84.Talabaicha 85.Temple 86.Tillongchong 87.Tree 88.Trilby89.Tuft 90.Turtle 91.West 92.Wharf 93.White Cliff,https://moef.gov.in/uploads/2019/10/Andaman-and-Nicobar-Islands.pdf,"[{""title"":""Barren"",""link"":""https://moef.gov.in/uploads/2017/06/3.%20BARREN.jpg""}]",27/04/2016,S.O 1498(E),,none
13,Andaman and Nicobar Islands,Batti Malv Wildlife Sanctuary,Wildlife Sanctuary,Draft,2016-04-26,13. S.O 1498(E) [26.04.2016] Draft Notification declaring Eco sensitive Zone around the Union Territory of Andaman and Nicobar Islands (995.79 KB) (i). Maps of 4 National Parks of the 97 Island PAs of A&N Islands Rani Jhansi NP 2.Buttons NP (ii).Maps of 93 Wildlife Sanctuaries of the 97 Island PAs of A&N Islands Andman Group of Island PAs Nicobar Group of Island PAs (iii).Individual maps of 93 WLS of the 97 Island PAs of A&N Islands 1. Arial 2. Bamboo 3. Barren 4. Batti Malv 5. Belle 6.Bennette 7. Bingham 8. Blister 9. Bluff 10. Bondoville 11. Brush 12. Buchanan 13. Channel 14. Cinque Island 15. Clyde 16. Cone 17. Curlew Bp 18. Curlew 19. Defence 20. Dot 21. Dotrell 22. Duncan 23. East 24. Egg 25. Entrance26. Flat 27. Gander 28. Goose 29. Gurjan 30. Hump 31. Inglis 32. Interview 33. James 34. Jungle 35. Kwang Tung36. Kyd 37. Landfall 38. Latouche 39. Mangrove 40. Mask41. Mayo 42. Megapode 43.Montgomery 44.Narcondam45. North Brother 46.North Reef 47.North 48.Oliver49.Orchid 50.Ox 51.Oyester I 52.Oyester II 53.Paget54.Parkinson 55.Passage 56.Petric 57.Pitman 58.Peacock59.Point 60.Potanma 61.Ranger 62.Reef 63.Roper64.Ross 65.Rowe 66.Sandy 67.Sea Serpent 68.Shark69.Shearme 70.Sir Hugh Rose 71.Sisters 72.Snake Island73. Snake-I 74.South Brother 75.South Reef 76.South Sentinel 77.Spike II 78.Spike-I 79.Stoat 80.Surat81.Swamp 82.Table Dalgarno 83.Table(Excelsior)84.Talabaicha 85.Temple 86.Tillongchong 87.Tree 88.Trilby89.Tuft 90.Turtle 91.West 92.Wharf 93.White Cliff,https://moef.gov.in/uploads/2019/10/Andaman-and-Nicobar-Islands.pdf,"[{""title"":""Batti Malv"",""link"":""https://moef.gov.in/uploads/2017/06/4.%20BATTI%20MALV.jpg""}]",27/04/2016,S.O 1498(E),,none
13,Andaman and Nicobar Islands,Belle Wildlife Sanctuary,Wildlife Sanctuary,Draft,2016-04-26,13. S.O 1498(E) [26.04.2016] Draft Notification declaring Eco sensitive Zone around the Union Territory of Andaman and Nicobar Islands (995.79 KB) (i). Maps of 4 National Parks of the 97 Island PAs of A&N Islands Rani Jhansi NP 2.Buttons NP (ii).Maps of 93 Wildlife Sanctuaries of the 97 Island PAs of A&N Islands Andman Group of Island PAs Nicobar Group of Island PAs (iii).Individual maps of 93 WLS of the 97 Island PAs of A&N Islands 1. Arial 2. Bamboo 3. Barren 4. Batti Malv 5. Belle 6.Bennette 7. Bingham 8. Blister 9. Bluff 10. Bondoville 11. Brush 12. Buchanan 13. Channel 14. Cinque Island 15. Clyde 16. Cone 17. Curlew Bp 18. Curlew 19. Defence 20. Dot 21. Dotrell 22. Duncan 23. East 24. Egg 25. Entrance26. Flat 27. Gander 28. Goose 29. Gurjan 30. Hump 31. Inglis 32. Interview 33. James 34. Jungle 35. Kwang Tung36. Kyd 37. Landfall 38. Latouche 39. Mangrove 40. Mask41. Mayo 42. Megapode 43.Montgomery 44.Narcondam45. North Brother 46.North Reef 47.North 48.Oliver49.Orchid 50.Ox 51.Oyester I 52.Oyester II 53.Paget54.Parkinson 55.Passage 56.Petric 57.Pitman 58.Peacock59.Point 60.Potanma 61.Ranger 62.Reef 63.Roper64.Ross 65.Rowe 66.Sandy 67.Sea Serpent 68.Shark69.Shearme 70.Sir Hugh Rose 71.Sisters 72.Snake Island73. Snake-I 74.South Brother 75.South Reef 76.South Sentinel 77.Spike II 78.Spike-I 79.Stoat 80.Surat81.Swamp 82.Table Dalgarno 83.Table(Excelsior)84.Talabaicha 85.Temple 86.Tillongchong 87.Tree 88.Trilby89.Tuft 90.Turtle 91.West 92.Wharf 93.White Cliff,https://moef.gov.in/uploads/2019/10/Andaman-and-Nicobar-Islands.pdf,"[{""title"":""Belle"",""link"":""https://moef.gov.in/uploads/2017/06/5.%20BELLE.jpg""}]",27/04/2016,S.O 1498(E),,none
13,Andaman and Nicobar Islands,Bennette Wildlife Sanctuary,Wildlife Sanctuary,Draft,2016-04-26,13. S.O 1498(E) [26.04.2016] Draft Notification declaring Eco sensitive Zone around the Union Territory of Andaman and Nicobar Islands (995.79 KB) (i). Maps of 4 National Parks of the 97 Island PAs of A&N Islands Rani Jhansi NP 2.Buttons NP (ii).Maps of 93 Wildlife Sanctuaries of the 97 Island PAs of A&N Islands Andman Group of Island PAs Nicobar Group of Island PAs (iii).Individual maps of 93 WLS of the 97 Island PAs of A&N Islands 1. Arial 2. Bamboo 3. Barren 4. Batti Malv 5. Belle 6.Bennette 7. Bingham 8. Blister 9. Bluff 10. Bondoville 11. Brush 12. Buchanan 13. Channel 14. Cinque Island 15. Clyde 16. Cone 17. Curlew Bp 18. Curlew 19. Defence 20. Dot 21. Dotrell 22. Duncan 23. East 24. Egg 25. Entrance26. Flat 27. Gander 28. Goose 29. Gurjan 30. Hump 31. Inglis 32. Interview 33. James 34. Jungle 35. Kwang Tung36. Kyd 37. Landfall 38. Latouche 39. Mangrove 40. Mask41. Mayo 42. Megapode 43.Montgomery 44.Narcondam45. North Brother 46.North Reef 47.North 48.Oliver49.Orchid 50.Ox 51.Oyester I 52.Oyester II 53.Paget54.Parkinson 55.Passage 56.Petric 57.Pitman 58.Peacock59.Point 60.Potanma 61.Ranger 62.Reef 63.Roper64.Ross 65.Rowe 66.Sandy 67.Sea Serpent 68.Shark69.Shearme 70.Sir Hugh Rose 71.Sisters 72.Snake Island73. Snake-I 74.South Brother 75.South Reef 76.South Sentinel 77.Spike II 78.Spike-I 79.Stoat 80.Surat81.Swamp 82.Table Dalgarno 83.Table(Excelsior)84.Talabaicha 85.Temple 86.Tillongchong 87.Tree 88.Trilby89.Tuft 90.Turtle 91.West 92.Wharf 93.White Cliff,https://moef.gov.in/uploads/2019/10/Andaman-and-Nicobar-Islands.pdf,"[{""title"":""Bennette"",""link"":""https://moef.gov.in/uploads/2017/06/6.%20BENNETTE_0.jpg""}]",27/04/2016,S.O 1498(E),,none
13,Andaman and Nicobar Islands,Bingham Wildlife Sanctuary,Wildlife Sanctuary,Draft,2016-04-26,13. S.O 1498(E) [26.04.2016] Draft Notification declaring Eco sensitive Zone around the Union Territory of Andaman and Nicobar Islands (995.79 KB) (i). Maps of 4 National Parks of the 97 Island PAs of A&N Islands Rani Jhansi NP 2.Buttons NP (ii).Maps of 93 Wildlife Sanctuaries of the 97 Island PAs of A&N Islands Andman Group of Island PAs Nicobar Group of Island PAs (iii).Individual maps of 93 WLS of the 97 Island PAs of A&N Islands 1. Arial 2. Bamboo 3. Barren 4. Batti Malv 5. Belle 6.Bennette 7. Bingham 8. Blister 9. Bluff 10. Bondoville 11. Brush 12. Buchanan 13. Channel 14. Cinque Island 15. Clyde 16. Cone 17. Curlew Bp 18. Curlew 19. Defence 20. Dot 21. Dotrell 22. Duncan 23. East 24. Egg 25. Entrance26. Flat 27. Gander 28. Goose 29. Gurjan 30. Hump 31. Inglis 32. Interview 33. James 34. Jungle 35. Kwang Tung36. Kyd 37. Landfall 38. Latouche 39. Mangrove 40. Mask41. Mayo 42. Megapode 43.Montgomery 44.Narcondam45. North Brother 46.North Reef 47.North 48.Oliver49.Orchid 50.Ox 51.Oyester I 52.Oyester II 53.Paget54.Parkinson 55.Passage 56.Petric 57.Pitman 58.Peacock59.Point 60.Potanma 61.Ranger 62.Reef 63.Roper64.Ross 65.Rowe 66.Sandy 67.Sea Serpent 68.Shark69.Shearme 70.Sir Hugh Rose 71.Sisters 72.Snake Island73. Snake-I 74.South Brother 75.South Reef 76.South Sentinel 77.Spike II 78.Spike-I 79.Stoat 80.Surat81.Swamp 82.Table Dalgarno 83.Table(Excelsior)84.Talabaicha 85.Temple 86.Tillongchong 87.Tree 88.Trilby89.Tuft 90.Turtle 91.West 92.Wharf 93.White Cliff,https://moef.gov.in/uploads/2019/10/Andaman-and-Nicobar-Islands.pdf,"[{""title"":""Bingham"",""link"":""https://moef.gov.in/uploads/2017/06/7.%20BINGHAM.jpg""}]",27/04/2016,S.O 1498(E),,none
13,Andaman and Nicobar Islands,Blister Wildlife Sanctuary,Wildlife Sanctuary,Draft,2016-04-26,13. S.O 1498(E) [26.04.2016] Draft Notification declaring Eco sensitive Zone around the Union Territory of Andaman and Nicobar Islands (995.79 KB) (i). Maps of 4 National Parks of the 97 Island PAs of A&N Islands Rani Jhansi NP 2.Buttons NP (ii).Maps of 93 Wildlife Sanctuaries of the 97 Island PAs of A&N Islands Andman Group of Island PAs Nicobar Group of Island PAs (iii).Individual maps of 93 WLS of the 97 Island PAs of A&N Islands 1. Arial 2. Bamboo 3. Barren 4. Batti Malv 5. Belle 6.Bennette 7. Bingham 8. Blister 9. Bluff 10. Bondoville 11. Brush 12. Buchanan 13. Channel 14. Cinque Island 15. Clyde 16. Cone 17. Curlew Bp 18. Curlew 19. Defence 20. Dot 21. Dotrell 22. Duncan 23. East 24. Egg 25. Entrance26. Flat 27. Gander 28. Goose 29. Gurjan 30. Hump 31. Inglis 32. Interview 33. James 34. Jungle 35. Kwang Tung36. Kyd 37. Landfall 38. Latouche 39. Mangrove 40. Mask41. Mayo 42. Megapode 43.Montgomery 44.Narcondam45. North Brother 46.North Reef 47.North 48.Oliver49.Orchid 50.Ox 51.Oyester I 52.Oyester II 53.Paget54.Parkinson 55.Passage 56.Petric 57.Pitman 58.Peacock59.Point 60.Potanma 61.Ranger 62.Reef 63.Roper64.Ross 65.Rowe 66.Sandy 67.Sea Serpent 68.Shark69.Shearme 70.Sir Hugh Rose 71.Sisters 72.Snake Island73. Snake-I 74.South Brother 75.South Reef 76.South Sentinel 77.Spike II 78.Spike-I 79.Stoat 80.Surat81.Swamp 82.Table Dalgarno 83.Table(Excelsior)84.Talabaicha 85.Temple 86.Tillongchong 87.Tree 88.Trilby89.Tuft 90.Turtle 91.West 92.Wharf 93.White Cliff,https://moef.gov.in/uploads/2019/10/Andaman-and-Nicobar-Islands.pdf,"[{""title"":""Blister"",""link"":""https://moef.gov.in/uploads/2017/06/8.%20BLISTER.jpg""}]",27/04/2016,S.O 1498(E),,none
13,Andaman and Nicobar Islands,Bluff Wildlife Sanctuary,Wildlife Sanctuary,Draft,2016-04-26,13. S.O 1498(E) [26.04.2016] Draft Notification declaring Eco sensitive Zone around the Union Territory of Andaman and Nicobar Islands (995.79 KB) (i). Maps of 4 National Parks of the 97 Island PAs of A&N Islands Rani Jhansi NP 2.Buttons NP (ii).Maps of 93 Wildlife Sanctuaries of the 97 Island PAs of A&N Islands Andman Group of Island PAs Nicobar Group of Island PAs (iii).Individual maps of 93 WLS of the 97 Island PAs of A&N Islands 1. Arial 2. Bamboo 3. Barren 4. Batti Malv 5. Belle 6.Bennette 7. Bingham 8. Blister 9. Bluff 10. Bondoville 11. Brush 12. Buchanan 13. Channel 14. Cinque Island 15. Clyde 16. Cone 17. Curlew Bp 18. Curlew 19. Defence 20. Dot 21. Dotrell 22. Duncan 23. East 24. Egg 25. Entrance26. Flat 27. Gander 28. Goose 29. Gurjan 30. Hump 31. Inglis 32. Interview 33. James 34. Jungle 35. Kwang Tung36. Kyd 37. Landfall 38. Latouche 39. Mangrove 40. Mask41. Mayo 42. Megapode 43.Montgomery 44.Narcondam45. North Brother 46.North Reef 47.North 48.Oliver49.Orchid 50.Ox 51.Oyester I 52.Oyester II 53.Paget54.Parkinson 55.Passage 56.Petric 57.Pitman 58.Peacock59.Point 60.Potanma 61.Ranger 62.Reef 63.Roper64.Ross 65.Rowe 66.Sandy 67.Sea Serpent 68.Shark69.Shearme 70.Sir Hugh Rose 71.Sisters 72.Snake Island73. Snake-I 74.South Brother 75.South Reef 76.South Sentinel 77.Spike II 78.Spike-I 79.Stoat 80.Surat81.Swamp 82.Table Dalgarno 83.Table(Excelsior)84.Talabaicha 85.Temple 86.Tillongchong 87.Tree 88.Trilby89.Tuft 90.Turtle 91.West 92.Wharf 93.White Cliff,https://moef.gov.in/uploads/2019/10/Andaman-and-Nicobar-Islands.pdf,"[{""title"":""Bluff"",""link"":""https://moef.gov.in/uploads/2017/06/9.%20BLUFF.jpg""}]",27/04/2016,S.O 1498(E),,none
13,Andaman and Nicobar Islands,Bondoville Wildlife Sanctuary,Wildlife Sanctuary,Draft,2016-04-26,13. S.O 1498(E) [26.04.2016] Draft Notification declaring Eco sensitive Zone around the Union Territory of Andaman and Nicobar Islands (995.79 KB) (i). Maps of 4 National Parks of the 97 Island PAs of A&N Islands Rani Jhansi NP 2.Buttons NP (ii).Maps of 93 Wildlife Sanctuaries of the 97 Island PAs of A&N Islands Andman Group of Island PAs Nicobar Group of Island PAs (iii).Individual maps of 93 WLS of the 97 Island PAs of A&N Islands 1. Arial 2. Bamboo 3. Barren 4. Batti Malv 5. Belle 6.Bennette 7. Bingham 8. Blister 9. Bluff 10. Bondoville 11. Brush 12. Buchanan 13. Channel 14. Cinque Island 15. Clyde 16. Cone 17. Curlew Bp 18. Curlew 19. Defence 20. Dot 21. Dotrell 22. Duncan 23. East 24. Egg 25. Entrance26. Flat 27. Gander 28. Goose 29. Gurjan 30. Hump 31. Inglis 32. Interview 33. James 34. Jungle 35. Kwang Tung36. Kyd 37. Landfall 38. Latouche 39. Mangrove 40. Mask41. Mayo 42. Megapode 43.Montgomery 44.Narcondam45. North Brother 46.North Reef 47.North 48.Oliver49.Orchid 50.Ox 51.Oyester I 52.Oyester II 53.Paget54.Parkinson 55.Passage 56.Petric 57.Pitman 58.Peacock59.Point 60.Potanma 61.Ranger 62.Reef 63.Roper64.Ross 65.Rowe 66.Sandy 67.Sea Serpent 68.Shark69.Shearme 70.Sir Hugh Rose 71.Sisters 72.Snake Island73. Snake-I 74.South Brother 75.South Reef 76.South Sentinel 77.Spike II 78.Spike-I 79.Stoat 80.Surat81.Swamp 82.Table Dalgarno 83.Table(Excelsior)84.Talabaicha 85.Temple 86.Tillongchong 87.Tree 88.Trilby89.Tuft 90.Turtle 91.West 92.Wharf 93.White Cliff,https://moef.gov.in/uploads/2019/10/Andaman-and-Nicobar-Islands.pdf,"[{""title"":""Bondoville"",""link"":""https://moef.gov.in/uploads/2017/06/10.%20BONDOVILLE.jpg""}]",27/04/2016,S.O 1498(E),,none
13,Andaman and Nicobar Islands,Brush Wildlife Sanctuary,Wildlife Sanctuary,Draft,2016-04-26,13. S.O 1498(E) [26.04.2016] Draft Notification declaring Eco sensitive Zone around the Union Territory of Andaman and Nicobar Islands (995.79 KB) (i). Maps of 4 National Parks of the 97 Island PAs of A&N Islands Rani Jhansi NP 2.Buttons NP (ii).Maps of 93 Wildlife Sanctuaries of the 97 Island PAs of A&N Islands Andman Group of Island PAs Nicobar Group of Island PAs (iii).Individual maps of 93 WLS of the 97 Island PAs of A&N Islands 1. Arial 2. Bamboo 3. Barren 4. Batti Malv 5. Belle 6.Bennette 7. Bingham 8. Blister 9. Bluff 10. Bondoville 11. Brush 12. Buchanan 13. Channel 14. Cinque Island 15. Clyde 16. Cone 17. Curlew Bp 18. Curlew 19. Defence 20. Dot 21. Dotrell 22. Duncan 23. East 24. Egg 25. Entrance26. Flat 27. Gander 28. Goose 29. Gurjan 30. Hump 31. Inglis 32. Interview 33. James 34. Jungle 35. Kwang Tung36. Kyd 37. Landfall 38. Latouche 39. Mangrove 40. Mask41. Mayo 42. Megapode 43.Montgomery 44.Narcondam45. North Brother 46.North Reef 47.North 48.Oliver49.Orchid 50.Ox 51.Oyester I 52.Oyester II 53.Paget54.Parkinson 55.Passage 56.Petric 57.Pitman 58.Peacock59.Point 60.Potanma 61.Ranger 62.Reef 63.Roper64.Ross 65.Rowe 66.Sandy 67.Sea Serpent 68.Shark69.Shearme 70.Sir Hugh Rose 71.Sisters 72.Snake Island73. Snake-I 74.South Brother 75.South Reef 76.South Sentinel 77.Spike II 78.Spike-I 79.Stoat 80.Surat81.Swamp 82.Table Dalgarno 83.Table(Excelsior)84.Talabaicha 85.Temple 86.Tillongchong 87.Tree 88.Trilby89.Tuft 90.Turtle 91.West 92.Wharf 93.White Cliff,https://moef.gov.in/uploads/2019/10/Andaman-and-Nicobar-Islands.pdf,"[{""title"":""Brush"",""link"":""https://moef.gov.in/uploads/2017/06/11.%20BRUSH.jpg""}]",27/04/2016,S.O 1498(E),,none
13,Andaman and Nicobar Islands,Buchanan Wildlife Sanctuary,Wildlife Sanctuary,Draft,2016-04-26,13. S.O 1498(E) [26.04.2016] Draft Notification declaring Eco sensitive Zone around the Union Territory of Andaman and Nicobar Islands (995.79 KB) (i). Maps of 4 National Parks of the 97 Island PAs of A&N Islands Rani Jhansi NP 2.Buttons NP (ii).Maps of 93 Wildlife Sanctuaries of the 97 Island PAs of A&N Islands Andman Group of Island PAs Nicobar Group of Island PAs (iii).Individual maps of 93 WLS of the 97 Island PAs of A&N Islands 1. Arial 2. Bamboo 3. Barren 4. Batti Malv 5. Belle 6.Bennette 7. Bingham 8. Blister 9. Bluff 10. Bondoville 11. Brush 12. Buchanan 13. Channel 14. Cinque Island 15. Clyde 16. Cone 17. Curlew Bp 18. Curlew 19. Defence 20. Dot 21. Dotrell 22. Duncan 23. East 24. Egg 25. Entrance26. Flat 27. Gander 28. Goose 29. Gurjan 30. Hump 31. Inglis 32. Interview 33. James 34. Jungle 35. Kwang Tung36. Kyd 37. Landfall 38. Latouche 39. Mangrove 40. Mask41. Mayo 42. Megapode 43.Montgomery 44.Narcondam45. North Brother 46.North Reef 47.North 48.Oliver49.Orchid 50.Ox 51.Oyester I 52.Oyester II 53.Paget54.Parkinson 55.Passage 56.Petric 57.Pitman 58.Peacock59.Point 60.Potanma 61.Ranger 62.Reef 63.Roper64.Ross 65.Rowe 66.Sandy 67.Sea Serpent 68.Shark69.Shearme 70.Sir Hugh Rose 71.Sisters 72.Snake Island73. Snake-I 74.South Brother 75.South Reef 76.South Sentinel 77.Spike II 78.Spike-I 79.Stoat 80.Surat81.Swamp 82.Table Dalgarno 83.Table(Excelsior)84.Talabaicha 85.Temple 86.Tillongchong 87.Tree 88.Trilby89.Tuft 90.Turtle 91.West 92.Wharf 93.White Cliff,https://moef.gov.in/uploads/2019/10/Andaman-and-Nicobar-Islands.pdf,"[{""title"":""Buchanan"",""link"":""https://moef.gov.in/uploads/2017/06/12.%20BUCHANAN.jpg""}]",27/04/2016,S.O 1498(E),,none
13,Andaman and Nicobar Islands,Channel Wildlife Sanctuary,Wildlife Sanctuary,Draft,2016-04-26,13. S.O 1498(E) [26.04.2016] Draft Notification declaring Eco sensitive Zone around the Union Territory of Andaman and Nicobar Islands (995.79 KB) (i). Maps of 4 National Parks of the 97 Island PAs of A&N Islands Rani Jhansi NP 2.Buttons NP (ii).Maps of 93 Wildlife Sanctuaries of the 97 Island PAs of A&N Islands Andman Group of Island PAs Nicobar Group of Island PAs (iii).Individual maps of 93 WLS of the 97 Island PAs of A&N Islands 1. Arial 2. Bamboo 3. Barren 4. Batti Malv 5. Belle 6.Bennette 7. Bingham 8. Blister 9. Bluff 10. Bondoville 11. Brush 12. Buchanan 13. Channel 14. Cinque Island 15. Clyde 16. Cone 17. Curlew Bp 18. Curlew 19. Defence 20. Dot 21. Dotrell 22. Duncan 23. East 24. Egg 25. Entrance26. Flat 27. Gander 28. Goose 29. Gurjan 30. Hump 31. Inglis 32. Interview 33. James 34. Jungle 35. Kwang Tung36. Kyd 37. Landfall 38. Latouche 39. Mangrove 40. Mask41. Mayo 42. Megapode 43.Montgomery 44.Narcondam45. North Brother 46.North Reef 47.North 48.Oliver49.Orchid 50.Ox 51.Oyester I 52.Oyester II 53.Paget54.Parkinson 55.Passage 56.Petric 57.Pitman 58.Peacock59.Point 60.Potanma 61.Ranger 62.Reef 63.Roper64.Ross 65.Rowe 66.Sandy 67.Sea Serpent 68.Shark69.Shearme 70.Sir Hugh Rose 71.Sisters 72.Snake Island73. Snake-I 74.South Brother 75.South Reef 76.South Sentinel 77.Spike II 78.Spike-I 79.Stoat 80.Surat81.Swamp 82.Table Dalgarno 83.Table(Excelsior)84.Talabaicha 85.Temple 86.Tillongchong 87.Tree 88.Trilby89.Tuft 90.Turtle 91.West 92.Wharf 93.White Cliff,https://moef.gov.in/uploads/2019/10/Andaman-and-Nicobar-Islands.pdf,"[{""title"":""Channel"",""link"":""https://moef.gov.in/uploads/2017/06/13.%20CHANNEL.jpg""}]",27/04/2016,S.O 1498(E),,none
13,Andaman and Nicobar Islands,Cinque Island Wildlife Sanctuary,Wildlife Sanctuary,Draft,2016-04-26,13. S.O 1498(E) [26.04.2016] Draft Notification declaring Eco sensitive Zone around the Union Territory of Andaman and Nicobar Islands (995.79 KB) (i). Maps of 4 National Parks of the 97 Island PAs of A&N Islands Rani Jhansi NP 2.Buttons NP (ii).Maps of 93 Wildlife Sanctuaries of the 97 Island PAs of A&N Islands Andman Group of Island PAs Nicobar Group of Island PAs (iii).Individual maps of 93 WLS of the 97 Island PAs of A&N Islands 1. Arial 2. Bamboo 3. Barren 4. Batti Malv 5. Belle 6.Bennette 7. Bingham 8. Blister 9. Bluff 10. Bondoville 11. Brush 12. Buchanan 13. Channel 14. Cinque Island 15. Clyde 16. Cone 17. Curlew Bp 18. Curlew 19. Defence 20. Dot 21. Dotrell 22. Duncan 23. East 24. Egg 25. Entrance26. Flat 27. Gander 28. Goose 29. Gurjan 30. Hump 31. Inglis 32. Interview 33. James 34. Jungle 35. Kwang Tung36. Kyd 37. Landfall 38. Latouche 39. Mangrove 40. Mask41. Mayo 42. Megapode 43.Montgomery 44.Narcondam45. North Brother 46.North Reef 47.North 48.Oliver49.Orchid 50.Ox 51.Oyester I 52.Oyester II 53.Paget54.Parkinson 55.Passage 56.Petric 57.Pitman 58.Peacock59.Point 60.Potanma 61.Ranger 62.Reef 63.Roper64.Ross 65.Rowe 66.Sandy 67.Sea Serpent 68.Shark69.Shearme 70.Sir Hugh Rose 71.Sisters 72.Snake Island73. Snake-I 74.South Brother 75.South Reef 76.South Sentinel 77.Spike II 78.Spike-I 79.Stoat 80.Surat81.Swamp 82.Table Dalgarno 83.Table(Excelsior)84.Talabaicha 85.Temple 86.Tillongchong 87.Tree 88.Trilby89.Tuft 90.Turtle 91.West 92.Wharf 93.White Cliff,https://moef.gov.in/uploads/2019/10/Andaman-and-Nicobar-Islands.pdf,"[{""title"":""Cinque Island"",""link"":""https://moef.gov.in/uploads/2017/06/14.%20CINQUE%20ISLAND.jpg""}]",27/04/2016,S.O 1498(E),,none
13,Andaman and Nicobar Islands,Clyde Wildlife Sanctuary,Wildlife Sanctuary,Draft,2016-04-26,13. S.O 1498(E) [26.04.2016] Draft Notification declaring Eco sensitive Zone around the Union Territory of Andaman and Nicobar Islands (995.79 KB) (i). Maps of 4 National Parks of the 97 Island PAs of A&N Islands Rani Jhansi NP 2.Buttons NP (ii).Maps of 93 Wildlife Sanctuaries of the 97 Island PAs of A&N Islands Andman Group of Island PAs Nicobar Group of Island PAs (iii).Individual maps of 93 WLS of the 97 Island PAs of A&N Islands 1. Arial 2. Bamboo 3. Barren 4. Batti Malv 5. Belle 6.Bennette 7. Bingham 8. Blister 9. Bluff 10. Bondoville 11. Brush 12. Buchanan 13. Channel 14. Cinque Island 15. Clyde 16. Cone 17. Curlew Bp 18. Curlew 19. Defence 20. Dot 21. Dotrell 22. Duncan 23. East 24. Egg 25. Entrance26. Flat 27. Gander 28. Goose 29. Gurjan 30. Hump 31. Inglis 32. Interview 33. James 34. Jungle 35. Kwang Tung36. Kyd 37. Landfall 38. Latouche 39. Mangrove 40. Mask41. Mayo 42. Megapode 43.Montgomery 44.Narcondam45. North Brother 46.North Reef 47.North 48.Oliver49.Orchid 50.Ox 51.Oyester I 52.Oyester II 53.Paget54.Parkinson 55.Passage 56.Petric 57.Pitman 58.Peacock59.Point 60.Potanma 61.Ranger 62.Reef 63.Roper64.Ross 65.Rowe 66.Sandy 67.Sea Serpent 68.Shark69.Shearme 70.Sir Hugh Rose 71.Sisters 72.Snake Island73. Snake-I 74.South Brother 75.South Reef 76.South Sentinel 77.Spike II 78.Spike-I 79.Stoat 80.Surat81.Swamp 82.Table Dalgarno 83.Table(Excelsior)84.Talabaicha 85.Temple 86.Tillongchong 87.Tree 88.Trilby89.Tuft 90.Turtle 91.West 92.Wharf 93.White Cliff,https://moef.gov.in/uploads/2019/10/Andaman-and-Nicobar-Islands.pdf,"[{""title"":""Clyde"",""link"":""https://moef.gov.in/uploads/2017/06/15.%20CLYDE.jpg""}]",27/04/2016,S.O 1498(E),,none
13,Andaman and Nicobar Islands,Cone Wildlife Sanctuary,Wildlife Sanctuary,Draft,2016-04-26,13. S.O 1498(E) [26.04.2016] Draft Notification declaring Eco sensitive Zone around the Union Territory of Andaman and Nicobar Islands (995.79 KB) (i). Maps of 4 National Parks of the 97 Island PAs of A&N Islands Rani Jhansi NP 2.Buttons NP (ii).Maps of 93 Wildlife Sanctuaries of the 97 Island PAs of A&N Islands Andman Group of Island PAs Nicobar Group of Island PAs (iii).Individual maps of 93 WLS of the 97 Island PAs of A&N Islands 1. Arial 2. Bamboo 3. Barren 4. Batti Malv 5. Belle 6.Bennette 7. Bingham 8. Blister 9. Bluff 10. Bondoville 11. Brush 12. Buchanan 13. Channel 14. Cinque Island 15. Clyde 16. Cone 17. Curlew Bp 18. Curlew 19. Defence 20. Dot 21. Dotrell 22. Duncan 23. East 24. Egg 25. Entrance26. Flat 27. Gander 28. Goose 29. Gurjan 30. Hump 31. Inglis 32. Interview 33. James 34. Jungle 35. Kwang Tung36. Kyd 37. Landfall 38. Latouche 39. Mangrove 40. Mask41. Mayo 42. Megapode 43.Montgomery 44.Narcondam45. North Brother 46.North Reef 47.North 48.Oliver49.Orchid 50.Ox 51.Oyester I 52.Oyester II 53.Paget54.Parkinson 55.Passage 56.Petric 57.Pitman 58.Peacock59.Point 60.Potanma 61.Ranger 62.Reef 63.Roper64.Ross 65.Rowe 66.Sandy 67.Sea Serpent 68.Shark69.Shearme 70.Sir Hugh Rose 71.Sisters 72.Snake Island73. Snake-I 74.South Brother 75.South Reef 76.South Sentinel 77.Spike II 78.Spike-I 79.Stoat 80.Surat81.Swamp 82.Table Dalgarno 83.Table(Excelsior)84.Talabaicha 85.Temple 86.Tillongchong 87.Tree 88.Trilby89.Tuft 90.Turtle 91.West 92.Wharf 93.White Cliff,https://moef.gov.in/uploads/2019/10/Andaman-and-Nicobar-Islands.pdf,"[{""title"":""Cone"",""link"":""https://moef.gov.in/uploads/2017/06/16.%20CONE.jpg""}]",27/04/2016,S.O 1498(E),,none
13,Andaman and Nicobar Islands,Curlew Bp Wildlife Sanctuary,Wildlife Sanctuary,Draft,2016-04-26,13. S.O 1498(E) [26.04.2016] Draft Notification declaring Eco sensitive Zone around the Union Territory of Andaman and Nicobar Islands (995.79 KB) (i). Maps of 4 National Parks of the 97 Island PAs of A&N Islands Rani Jhansi NP 2.Buttons NP (ii).Maps of 93 Wildlife Sanctuaries of the 97 Island PAs of A&N Islands Andman Group of Island PAs Nicobar Group of Island PAs (iii).Individual maps of 93 WLS of the 97 Island PAs of A&N Islands 1. Arial 2. Bamboo 3. Barren 4. Batti Malv 5. Belle 6.Bennette 7. Bingham 8. Blister 9. Bluff 10. Bondoville 11. Brush 12. Buchanan 13. Channel 14. Cinque Island 15. Clyde 16. Cone 17. Curlew Bp 18. Curlew 19. Defence 20. Dot 21. Dotrell 22. Duncan 23. East 24. Egg 25. Entrance26. Flat 27. Gander 28. Goose 29. Gurjan 30. Hump 31. Inglis 32. Interview 33. James 34. Jungle 35. Kwang Tung36. Kyd 37. Landfall 38. Latouche 39. Mangrove 40. Mask41. Mayo 42. Megapode 43.Montgomery 44.Narcondam45. North Brother 46.North Reef 47.North 48.Oliver49.Orchid 50.Ox 51.Oyester I 52.Oyester II 53.Paget54.Parkinson 55.Passage 56.Petric 57.Pitman 58.Peacock59.Point 60.Potanma 61.Ranger 62.Reef 63.Roper64.Ross 65.Rowe 66.Sandy 67.Sea Serpent 68.Shark69.Shearme 70.Sir Hugh Rose 71.Sisters 72.Snake Island73. Snake-I 74.South Brother 75.South Reef 76.South Sentinel 77.Spike II 78.Spike-I 79.Stoat 80.Surat81.Swamp 82.Table Dalgarno 83.Table(Excelsior)84.Talabaicha 85.Temple 86.Tillongchong 87.Tree 88.Trilby89.Tuft 90.Turtle 91.West 92.Wharf 93.White Cliff,https://moef.gov.in/uploads/2019/10/Andaman-and-Nicobar-Islands.pdf,"[{""title"":""Curlew Bp"",""link"":""https://moef.gov.in/uploads/2017/06/17.%20CURLEW%20BP.jpg""}]",27/04/2016,S.O 1498(E),,none
13,Andaman and Nicobar Islands,Curlew Wildlife Sanctuary,Wildlife Sanctuary,Draft,2016-04-26,13. S.O 1498(E) [26.04.2016] Draft Notification declaring Eco sensitive Zone around the Union Territory of Andaman and Nicobar Islands (995.79 KB) (i). Maps of 4 National Parks of the 97 Island PAs of A&N Islands Rani Jhansi NP 2.Buttons NP (ii).Maps of 93 Wildlife Sanctuaries of the 97 Island PAs of A&N Islands Andman Group of Island PAs Nicobar Group of Island PAs (iii).Individual maps of 93 WLS of the 97 Island PAs of A&N Islands 1. Arial 2. Bamboo 3. Barren 4. Batti Malv 5. Belle 6.Bennette 7. Bingham 8. Blister 9. Bluff 10. Bondoville 11. Brush 12. Buchanan 13. Channel 14. Cinque Island 15. Clyde 16. Cone 17. Curlew Bp 18. Curlew 19. Defence 20. Dot 21. Dotrell 22. Duncan 23. East 24. Egg 25. Entrance26. Flat 27. Gander 28. Goose 29. Gurjan 30. Hump 31. Inglis 32. Interview 33. James 34. Jungle 35. Kwang Tung36. Kyd 37. Landfall 38. Latouche 39. Mangrove 40. Mask41. Mayo 42. Megapode 43.Montgomery 44.Narcondam45. North Brother 46.North Reef 47.North 48.Oliver49.Orchid 50.Ox 51.Oyester I 52.Oyester II 53.Paget54.Parkinson 55.Passage 56.Petric 57.Pitman 58.Peacock59.Point 60.Potanma 61.Ranger 62.Reef 63.Roper64.Ross 65.Rowe 66.Sandy 67.Sea Serpent 68.Shark69.Shearme 70.Sir Hugh Rose 71.Sisters 72.Snake Island73. Snake-I 74.South Brother 75.South Reef 76.South Sentinel 77.Spike II 78.Spike-I 79.Stoat 80.Surat81.Swamp 82.Table Dalgarno 83.Table(Excelsior)84.Talabaicha 85.Temple 86.Tillongchong 87.Tree 88.Trilby89.Tuft 90.Turtle 91.West 92.Wharf 93.White Cliff,https://moef.gov.in/uploads/2019/10/Andaman-and-Nicobar-Islands.pdf,"[{""title"":""Curlew"",""link"":""https://moef.gov.in/uploads/2017/06/18.%20CURLEW.jpg""}]",27/04/2016,S.O 1498(E),,none
13,Andaman and Nicobar Islands,Defence Wildlife Sanctuary,Wildlife Sanctuary,Draft,2016-04-26,13. S.O 1498(E) [26.04.2016] Draft Notification declaring Eco sensitive Zone around the Union Territory of Andaman and Nicobar Islands (995.79 KB) (i). Maps of 4 National Parks of the 97 Island PAs of A&N Islands Rani Jhansi NP 2.Buttons NP (ii).Maps of 93 Wildlife Sanctuaries of the 97 Island PAs of A&N Islands Andman Group of Island PAs Nicobar Group of Island PAs (iii).Individual maps of 93 WLS of the 97 Island PAs of A&N Islands 1. Arial 2. Bamboo 3. Barren 4. Batti Malv 5. Belle 6.Bennette 7. Bingham 8. Blister 9. Bluff 10. Bondoville 11. Brush 12. Buchanan 13. Channel 14. Cinque Island 15. Clyde 16. Cone 17. Curlew Bp 18. Curlew 19. Defence 20. Dot 21. Dotrell 22. Duncan 23. East 24. Egg 25. Entrance26. Flat 27. Gander 28. Goose 29. Gurjan 30. Hump 31. Inglis 32. Interview 33. James 34. Jungle 35. Kwang Tung36. Kyd 37. Landfall 38. Latouche 39. Mangrove 40. Mask41. Mayo 42. Megapode 43.Montgomery 44.Narcondam45. North Brother 46.North Reef 47.North 48.Oliver49.Orchid 50.Ox 51.Oyester I 52.Oyester II 53.Paget54.Parkinson 55.Passage 56.Petric 57.Pitman 58.Peacock59.Point 60.Potanma 61.Ranger 62.Reef 63.Roper64.Ross 65.Rowe 66.Sandy 67.Sea Serpent 68.Shark69.Shearme 70.Sir Hugh Rose 71.Sisters 72.Snake Island73. Snake-I 74.South Brother 75.South Reef 76.South Sentinel 77.Spike II 78.Spike-I 79.Stoat 80.Surat81.Swamp 82.Table Dalgarno 83.Table(Excelsior)84.Talabaicha 85.Temple 86.Tillongchong 87.Tree 88.Trilby89.Tuft 90.Turtle 91.West 92.Wharf 93.White Cliff,https://moef.gov.in/uploads/2019/10/Andaman-and-Nicobar-Islands.pdf,"[{""title"":""Defence"",""link"":""https://moef.gov.in/uploads/2017/06/19.%20DEFENCE.jpg""}]",27/04/2016,S.O 1498(E),,none
13,Andaman and Nicobar Islands,Dot Wildlife Sanctuary,Wildlife Sanctuary,Draft,2016-04-26,13. S.O 1498(E) [26.04.2016] Draft Notification declaring Eco sensitive Zone around the Union Territory of Andaman and Nicobar Islands (995.79 KB) (i). Maps of 4 National Parks of the 97 Island PAs of A&N Islands Rani Jhansi NP 2.Buttons NP (ii).Maps of 93 Wildlife Sanctuaries of the 97 Island PAs of A&N Islands Andman Group of Island PAs Nicobar Group of Island PAs (iii).Individual maps of 93 WLS of the 97 Island PAs of A&N Islands 1. Arial 2. Bamboo 3. Barren 4. Batti Malv 5. Belle 6.Bennette 7. Bingham 8. Blister 9. Bluff 10. Bondoville 11. Brush 12. Buchanan 13. Channel 14. Cinque Island 15. Clyde 16. Cone 17. Curlew Bp 18. Curlew 19. Defence 20. Dot 21. Dotrell 22. Duncan 23. East 24. Egg 25. Entrance26. Flat 27. Gander 28. Goose 29. Gurjan 30. Hump 31. Inglis 32. Interview 33. James 34. Jungle 35. Kwang Tung36. Kyd 37. Landfall 38. Latouche 39. Mangrove 40. Mask41. Mayo 42. Megapode 43.Montgomery 44.Narcondam45. North Brother 46.North Reef 47.North 48.Oliver49.Orchid 50.Ox 51.Oyester I 52.Oyester II 53.Paget54.Parkinson 55.Passage 56.Petric 57.Pitman 58.Peacock59.Point 60.Potanma 61.Ranger 62.Reef 63.Roper64.Ross 65.Rowe 66.Sandy 67.Sea Serpent 68.Shark69.Shearme 70.Sir Hugh Rose 71.Sisters 72.Snake Island73. Snake-I 74.South Brother 75.South Reef 76.South Sentinel 77.Spike II 78.Spike-I 79.Stoat 80.Surat81.Swamp 82.Table Dalgarno 83.Table(Excelsior)84.Talabaicha 85.Temple 86.Tillongchong 87.Tree 88.Trilby89.Tuft 90.Turtle 91.West 92.Wharf 93.White Cliff,https://moef.gov.in/uploads/2019/10/Andaman-and-Nicobar-Islands.pdf,"[{""title"":""Dot"",""link"":""https://moef.gov.in/uploads/2017/06/20.%20DOT.jpg""}]",27/04/2016,S.O 1498(E),,none
13,Andaman and Nicobar Islands,Dotrell Wildlife Sanctuary,Wildlife Sanctuary,Draft,2016-04-26,13. S.O 1498(E) [26.04.2016] Draft Notification declaring Eco sensitive Zone around the Union Territory of Andaman and Nicobar Islands (995.79 KB) (i). Maps of 4 National Parks of the 97 Island PAs of A&N Islands Rani Jhansi NP 2.Buttons NP (ii).Maps of 93 Wildlife Sanctuaries of the 97 Island PAs of A&N Islands Andman Group of Island PAs Nicobar Group of Island PAs (iii).Individual maps of 93 WLS of the 97 Island PAs of A&N Islands 1. Arial 2. Bamboo 3. Barren 4. Batti Malv 5. Belle 6.Bennette 7. Bingham 8. Blister 9. Bluff 10. Bondoville 11. Brush 12. Buchanan 13. Channel 14. Cinque Island 15. Clyde 16. Cone 17. Curlew Bp 18. Curlew 19. Defence 20. Dot 21. Dotrell 22. Duncan 23. East 24. Egg 25. Entrance26. Flat 27. Gander 28. Goose 29. Gurjan 30. Hump 31. Inglis 32. Interview 33. James 34. Jungle 35. Kwang Tung36. Kyd 37. Landfall 38. Latouche 39. Mangrove 40. Mask41. Mayo 42. Megapode 43.Montgomery 44.Narcondam45. North Brother 46.North Reef 47.North 48.Oliver49.Orchid 50.Ox 51.Oyester I 52.Oyester II 53.Paget54.Parkinson 55.Passage 56.Petric 57.Pitman 58.Peacock59.Point 60.Potanma 61.Ranger 62.Reef 63.Roper64.Ross 65.Rowe 66.Sandy 67.Sea Serpent 68.Shark69.Shearme 70.Sir Hugh Rose 71.Sisters 72.Snake Island73. Snake-I 74.South Brother 75.South Reef 76.South Sentinel 77.Spike II 78.Spike-I 79.Stoat 80.Surat81.Swamp 82.Table Dalgarno 83.Table(Excelsior)84.Talabaicha 85.Temple 86.Tillongchong 87.Tree 88.Trilby89.Tuft 90.Turtle 91.West 92.Wharf 93.White Cliff,https://moef.gov.in/uploads/2019/10/Andaman-and-Nicobar-Islands.pdf,"[{""title"":""Dotrell"",""link"":""https://moef.gov.in/uploads/2017/06/21.%20DOTRELL.jpg""}]",27/04/2016,S.O 1498(E),,none
13,Andaman and Nicobar Islands,Duncan Wildlife Sanctuary,Wildlife Sanctuary,Draft,2016-04-26,13. S.O 1498(E) [26.04.2016] Draft Notification declaring Eco sensitive Zone around the Union Territory of Andaman and Nicobar Islands (995.79 KB) (i). Maps of 4 National Parks of the 97 Island PAs of A&N Islands Rani Jhansi NP 2.Buttons NP (ii).Maps of 93 Wildlife Sanctuaries of the 97 Island PAs of A&N Islands Andman Group of Island PAs Nicobar Group of Island PAs (iii).Individual maps of 93 WLS of the 97 Island PAs of A&N Islands 1. Arial 2. Bamboo 3. Barren 4. Batti Malv 5. Belle 6.Bennette 7. Bingham 8. Blister 9. Bluff 10. Bondoville 11. Brush 12. Buchanan 13. Channel 14. Cinque Island 15. Clyde 16. Cone 17. Curlew Bp 18. Curlew 19. Defence 20. Dot 21. Dotrell 22. Duncan 23. East 24. Egg 25. Entrance26. Flat 27. Gander 28. Goose 29. Gurjan 30. Hump 31. Inglis 32. Interview 33. James 34. Jungle 35. Kwang Tung36. Kyd 37. Landfall 38. Latouche 39. Mangrove 40. Mask41. Mayo 42. Megapode 43.Montgomery 44.Narcondam45. North Brother 46.North Reef 47.North 48.Oliver49.Orchid 50.Ox 51.Oyester I 52.Oyester II 53.Paget54.Parkinson 55.Passage 56.Petric 57.Pitman 58.Peacock59.Point 60.Potanma 61.Ranger 62.Reef 63.Roper64.Ross 65.Rowe 66.Sandy 67.Sea Serpent 68.Shark69.Shearme 70.Sir Hugh Rose 71.Sisters 72.Snake Island73. Snake-I 74.South Brother 75.South Reef 76.South Sentinel 77.Spike II 78.Spike-I 79.Stoat 80.Surat81.Swamp 82.Table Dalgarno 83.Table(Excelsior)84.Talabaicha 85.Temple 86.Tillongchong 87.Tree 88.Trilby89.Tuft 90.Turtle 91.West 92.Wharf 93.White Cliff,https://moef.gov.in/uploads/2019/10/Andaman-and-Nicobar-Islands.pdf,"[{""title"":""Duncan"",""link"":""https://moef.gov.in/uploads/2017/06/22.%20DUNCAN.jpg""}]",27/04/2016,S.O 1498(E),,none
13,Andaman and Nicobar Islands,East Wildlife Sanctuary,Wildlife Sanctuary,Draft,2016-04-26,13. S.O 1498(E) [26.04.2016] Draft Notification declaring Eco sensitive Zone around the Union Territory of Andaman and Nicobar Islands (995.79 KB) (i). Maps of 4 National Parks of the 97 Island PAs of A&N Islands Rani Jhansi NP 2.Buttons NP (ii).Maps of 93 Wildlife Sanctuaries of the 97 Island PAs of A&N Islands Andman Group of Island PAs Nicobar Group of Island PAs (iii).Individual maps of 93 WLS of the 97 Island PAs of A&N Islands 1. Arial 2. Bamboo 3. Barren 4. Batti Malv 5. Belle 6.Bennette 7. Bingham 8. Blister 9. Bluff 10. Bondoville 11. Brush 12. Buchanan 13. Channel 14. Cinque Island 15. Clyde 16. Cone 17. Curlew Bp 18. Curlew 19. Defence 20. Dot 21. Dotrell 22. Duncan 23. East 24. Egg 25. Entrance26. Flat 27. Gander 28. Goose 29. Gurjan 30. Hump 31. Inglis 32. Interview 33. James 34. Jungle 35. Kwang Tung36. Kyd 37. Landfall 38. Latouche 39. Mangrove 40. Mask41. Mayo 42. Megapode 43.Montgomery 44.Narcondam45. North Brother 46.North Reef 47.North 48.Oliver49.Orchid 50.Ox 51.Oyester I 52.Oyester II 53.Paget54.Parkinson 55.Passage 56.Petric 57.Pitman 58.Peacock59.Point 60.Potanma 61.Ranger 62.Reef 63.Roper64.Ross 65.Rowe 66.Sandy 67.Sea Serpent 68.Shark69.Shearme 70.Sir Hugh Rose 71.Sisters 72.Snake Island73. Snake-I 74.South Brother 75.South Reef 76.South Sentinel 77.Spike II 78.Spike-I 79.Stoat 80.Surat81.Swamp 82.Table Dalgarno 83.Table(Excelsior)84.Talabaicha 85.Temple 86.Tillongchong 87.Tree 88.Trilby89.Tuft 90.Turtle 91.West 92.Wharf 93.White Cliff,https://moef.gov.in/uploads/2019/10/Andaman-and-Nicobar-Islands.pdf,"[{""title"":""East"",""link"":""https://moef.gov.in/uploads/2017/06/23.%20EAST.jpg""}]",27/04/2016,S.O 1498(E),,none
13,Andaman and Nicobar Islands,Egg Wildlife Sanctuary,Wildlife Sanctuary,Draft,2016-04-26,13. S.O 1498(E) [26.04.2016] Draft Notification declaring Eco sensitive Zone around the Union Territory of Andaman and Nicobar Islands (995.79 KB) (i). Maps of 4 National Parks of the 97 Island PAs of A&N Islands Rani Jhansi NP 2.Buttons NP (ii).Maps of 93 Wildlife Sanctuaries of the 97 Island PAs of A&N Islands Andman Group of Island PAs Nicobar Group of Island PAs (iii).Individual maps of 93 WLS of the 97 Island PAs of A&N Islands 1. Arial 2. Bamboo 3. Barren 4. Batti Malv 5. Belle 6.Bennette 7. Bingham 8. Blister 9. Bluff 10. Bondoville 11. Brush 12. Buchanan 13. Channel 14. Cinque Island 15. Clyde 16. Cone 17. Curlew Bp 18. Curlew 19. Defence 20. Dot 21. Dotrell 22. Duncan 23. East 24. Egg 25. Entrance26. Flat 27. Gander 28. Goose 29. Gurjan 30. Hump 31. Inglis 32. Interview 33. James 34. Jungle 35. Kwang Tung36. Kyd 37. Landfall 38. Latouche 39. Mangrove 40. Mask41. Mayo 42. Megapode 43.Montgomery 44.Narcondam45. North Brother 46.North Reef 47.North 48.Oliver49.Orchid 50.Ox 51.Oyester I 52.Oyester II 53.Paget54.Parkinson 55.Passage 56.Petric 57.Pitman 58.Peacock59.Point 60.Potanma 61.Ranger 62.Reef 63.Roper64.Ross 65.Rowe 66.Sandy 67.Sea Serpent 68.Shark69.Shearme 70.Sir Hugh Rose 71.Sisters 72.Snake Island73. Snake-I 74.South Brother 75.South Reef 76.South Sentinel 77.Spike II 78.Spike-I 79.Stoat 80.Surat81.Swamp 82.Table Dalgarno 83.Table(Excelsior)84.Talabaicha 85.Temple 86.Tillongchong 87.Tree 88.Trilby89.Tuft 90.Turtle 91.West 92.Wharf 93.White Cliff,https://moef.gov.in/uploads/2019/10/Andaman-and-Nicobar-Islands.pdf,"[{""title"":""Egg"",""link"":""https://moef.gov.in/uploads/2017/06/24.%20EGG.jpg""}]",27/04/2016,S.O 1498(E),,none
13,Andaman and Nicobar Islands,Entrance Wildlife Sanctuary,Wildlife Sanctuary,Draft,2016-04-26,13. S.O 1498(E) [26.04.2016] Draft Notification declaring Eco sensitive Zone around the Union Territory of Andaman and Nicobar Islands (995.79 KB) (i). Maps of 4 National Parks of the 97 Island PAs of A&N Islands Rani Jhansi NP 2.Buttons NP (ii).Maps of 93 Wildlife Sanctuaries of the 97 Island PAs of A&N Islands Andman Group of Island PAs Nicobar Group of Island PAs (iii).Individual maps of 93 WLS of the 97 Island PAs of A&N Islands 1. Arial 2. Bamboo 3. Barren 4. Batti Malv 5. Belle 6.Bennette 7. Bingham 8. Blister 9. Bluff 10. Bondoville 11. Brush 12. Buchanan 13. Channel 14. Cinque Island 15. Clyde 16. Cone 17. Curlew Bp 18. Curlew 19. Defence 20. Dot 21. Dotrell 22. Duncan 23. East 24. Egg 25. Entrance26. Flat 27. Gander 28. Goose 29. Gurjan 30. Hump 31. Inglis 32. Interview 33. James 34. Jungle 35. Kwang Tung36. Kyd 37. Landfall 38. Latouche 39. Mangrove 40. Mask41. Mayo 42. Megapode 43.Montgomery 44.Narcondam45. North Brother 46.North Reef 47.North 48.Oliver49.Orchid 50.Ox 51.Oyester I 52.Oyester II 53.Paget54.Parkinson 55.Passage 56.Petric 57.Pitman 58.Peacock59.Point 60.Potanma 61.Ranger 62.Reef 63.Roper64.Ross 65.Rowe 66.Sandy 67.Sea Serpent 68.Shark69.Shearme 70.Sir Hugh Rose 71.Sisters 72.Snake Island73. Snake-I 74.South Brother 75.South Reef 76.South Sentinel 77.Spike II 78.Spike-I 79.Stoat 80.Surat81.Swamp 82.Table Dalgarno 83.Table(Excelsior)84.Talabaicha 85.Temple 86.Tillongchong 87.Tree 88.Trilby89.Tuft 90.Turtle 91.West 92.Wharf 93.White Cliff,https://moef.gov.in/uploads/2019/10/Andaman-and-Nicobar-Islands.pdf,"[{""title"":""Entrance"",""link"":""https://moef.gov.in/uploads/2017/06/25.%20ENTRANCE.jpg""}]",27/04/2016,S.O 1498(E),,none
13,Andaman and Nicobar Islands,Flat Wildlife Sanctuary,Wildlife Sanctuary,Draft,2016-04-26,13. S.O 1498(E) [26.04.2016] Draft Notification declaring Eco sensitive Zone around the Union Territory of Andaman and Nicobar Islands (995.79 KB) (i). Maps of 4 National Parks of the 97 Island PAs of A&N Islands Rani Jhansi NP 2.Buttons NP (ii).Maps of 93 Wildlife Sanctuaries of the 97 Island PAs of A&N Islands Andman Group of Island PAs Nicobar Group of Island PAs (iii).Individual maps of 93 WLS of the 97 Island PAs of A&N Islands 1. Arial 2. Bamboo 3. Barren 4. Batti Malv 5. Belle 6.Bennette 7. Bingham 8. Blister 9. Bluff 10. Bondoville 11. Brush 12. Buchanan 13. Channel 14. Cinque Island 15. Clyde 16. Cone 17. Curlew Bp 18. Curlew 19. Defence 20. Dot 21. Dotrell 22. Duncan 23. East 24. Egg 25. Entrance26. Flat 27. Gander 28. Goose 29. Gurjan 30. Hump 31. Inglis 32. Interview 33. James 34. Jungle 35. Kwang Tung36. Kyd 37. Landfall 38. Latouche 39. Mangrove 40. Mask41. Mayo 42. Megapode 43.Montgomery 44.Narcondam45. North Brother 46.North Reef 47.North 48.Oliver49.Orchid 50.Ox 51.Oyester I 52.Oyester II 53.Paget54.Parkinson 55.Passage 56.Petric 57.Pitman 58.Peacock59.Point 60.Potanma 61.Ranger 62.Reef 63.Roper64.Ross 65.Rowe 66.Sandy 67.Sea Serpent 68.Shark69.Shearme 70.Sir Hugh Rose 71.Sisters 72.Snake Island73. Snake-I 74.South Brother 75.South Reef 76.South Sentinel 77.Spike II 78.Spike-I 79.Stoat 80.Surat81.Swamp 82.Table Dalgarno 83.Table(Excelsior)84.Talabaicha 85.Temple 86.Tillongchong 87.Tree 88.Trilby89.Tuft 90.Turtle 91.West 92.Wharf 93.White Cliff,https://moef.gov.in/uploads/2019/10/Andaman-and-Nicobar-Islands.pdf,"[{""title"":""Flat"",""link"":""https://moef.gov.in/uploads/2017/06/26.%20FLAT.jpg""}]",27/04/2016,S.O 1498(E),,none
13,Andaman and Nicobar Islands,Gander Wildlife Sanctuary,Wildlife Sanctuary,Draft,2016-04-26,13. S.O 1498(E) [26.04.2016] Draft Notification declaring Eco sensitive Zone around the Union Territory of Andaman and Nicobar Islands (995.79 KB) (i). Maps of 4 National Parks of the 97 Island PAs of A&N Islands Rani Jhansi NP 2.Buttons NP (ii).Maps of 93 Wildlife Sanctuaries of the 97 Island PAs of A&N Islands Andman Group of Island PAs Nicobar Group of Island PAs (iii).Individual maps of 93 WLS of the 97 Island PAs of A&N Islands 1. Arial 2. Bamboo 3. Barren 4. Batti Malv 5. Belle 6.Bennette 7. Bingham 8. Blister 9. Bluff 10. Bondoville 11. Brush 12. Buchanan 13. Channel 14. Cinque Island 15. Clyde 16. Cone 17. Curlew Bp 18. Curlew 19. Defence 20. Dot 21. Dotrell 22. Duncan 23. East 24. Egg 25. Entrance26. Flat 27. Gander 28. Goose 29. Gurjan 30. Hump 31. Inglis 32. Interview 33. James 34. Jungle 35. Kwang Tung36. Kyd 37. Landfall 38. Latouche 39. Mangrove 40. Mask41. Mayo 42. Megapode 43.Montgomery 44.Narcondam45. North Brother 46.North Reef 47.North 48.Oliver49.Orchid 50.Ox 51.Oyester I 52.Oyester II 53.Paget54.Parkinson 55.Passage 56.Petric 57.Pitman 58.Peacock59.Point 60.Potanma 61.Ranger 62.Reef 63.Roper64.Ross 65.Rowe 66.Sandy 67.Sea Serpent 68.Shark69.Shearme 70.Sir Hugh Rose 71.Sisters 72.Snake Island73. Snake-I 74.South Brother 75.South Reef 76.South Sentinel 77.Spike II 78.Spike-I 79.Stoat 80.Surat81.Swamp 82.Table Dalgarno 83.Table(Excelsior)84.Talabaicha 85.Temple 86.Tillongchong 87.Tree 88.Trilby89.Tuft 90.Turtle 91.West 92.Wharf 93.White Cliff,https://moef.gov.in/uploads/2019/10/Andaman-and-Nicobar-Islands.pdf,"[{""title"":""Gander"",""link"":""https://moef.gov.in/uploads/2017/06/27.%20GANDER.jpg""}]",27/04/2016,S.O 1498(E),,none
13,Andaman and Nicobar Islands,Goose Wildlife Sanctuary,Wildlife Sanctuary,Draft,2016-04-26,13. S.O 1498(E) [26.04.2016] Draft Notification declaring Eco sensitive Zone around the Union Territory of Andaman and Nicobar Islands (995.79 KB) (i). Maps of 4 National Parks of the 97 Island PAs of A&N Islands Rani Jhansi NP 2.Buttons NP (ii).Maps of 93 Wildlife Sanctuaries of the 97 Island PAs of A&N Islands Andman Group of Island PAs Nicobar Group of Island PAs (iii).Individual maps of 93 WLS of the 97 Island PAs of A&N Islands 1. Arial 2. Bamboo 3. Barren 4. Batti Malv 5. Belle 6.Bennette 7. Bingham 8. Blister 9. Bluff 10. Bondoville 11. Brush 12. Buchanan 13. Channel 14. Cinque Island 15. Clyde 16. Cone 17. Curlew Bp 18. Curlew 19. Defence 20. Dot 21. Dotrell 22. Duncan 23. East 24. Egg 25. Entrance26. Flat 27. Gander 28. Goose 29. Gurjan 30. Hump 31. Inglis 32. Interview 33. James 34. Jungle 35. Kwang Tung36. Kyd 37. Landfall 38. Latouche 39. Mangrove 40. Mask41. Mayo 42. Megapode 43.Montgomery 44.Narcondam45. North Brother 46.North Reef 47.North 48.Oliver49.Orchid 50.Ox 51.Oyester I 52.Oyester II 53.Paget54.Parkinson 55.Passage 56.Petric 57.Pitman 58.Peacock59.Point 60.Potanma 61.Ranger 62.Reef 63.Roper64.Ross 65.Rowe 66.Sandy 67.Sea Serpent 68.Shark69.Shearme 70.Sir Hugh Rose 71.Sisters 72.Snake Island73. Snake-I 74.South Brother 75.South Reef 76.South Sentinel 77.Spike II 78.Spike-I 79.Stoat 80.Surat81.Swamp 82.Table Dalgarno 83.Table(Excelsior)84.Talabaicha 85.Temple 86.Tillongchong 87.Tree 88.Trilby89.Tuft 90.Turtle 91.West 92.Wharf 93.White Cliff,https://moef.gov.in/uploads/2019/10/Andaman-and-Nicobar-Islands.pdf,"[{""title"":""Goose"",""link"":""https://moef.gov.in/uploads/2017/06/28.%20GOOSE.jpg""}]",27/04/2016,S.O 1498(E),,none
13,Andaman and Nicobar Islands,Gurjan Wildlife Sanctuary,Wildlife Sanctuary,Draft,2016-04-26,13. S.O 1498(E) [26.04.2016] Draft Notification declaring Eco sensitive Zone around the Union Territory of Andaman and Nicobar Islands (995.79 KB) (i). Maps of 4 National Parks of the 97 Island PAs of A&N Islands Rani Jhansi NP 2.Buttons NP (ii).Maps of 93 Wildlife Sanctuaries of the 97 Island PAs of A&N Islands Andman Group of Island PAs Nicobar Group of Island PAs (iii).Individual maps of 93 WLS of the 97 Island PAs of A&N Islands 1. Arial 2. Bamboo 3. Barren 4. Batti Malv 5. Belle 6.Bennette 7. Bingham 8. Blister 9. Bluff 10. Bondoville 11. Brush 12. Buchanan 13. Channel 14. Cinque Island 15. Clyde 16. Cone 17. Curlew Bp 18. Curlew 19. Defence 20. Dot 21. Dotrell 22. Duncan 23. East 24. Egg 25. Entrance26. Flat 27. Gander 28. Goose 29. Gurjan 30. Hump 31. Inglis 32. Interview 33. James 34. Jungle 35. Kwang Tung36. Kyd 37. Landfall 38. Latouche 39. Mangrove 40. Mask41. Mayo 42. Megapode 43.Montgomery 44.Narcondam45. North Brother 46.North Reef 47.North 48.Oliver49.Orchid 50.Ox 51.Oyester I 52.Oyester II 53.Paget54.Parkinson 55.Passage 56.Petric 57.Pitman 58.Peacock59.Point 60.Potanma 61.Ranger 62.Reef 63.Roper64.Ross 65.Rowe 66.Sandy 67.Sea Serpent 68.Shark69.Shearme 70.Sir Hugh Rose 71.Sisters 72.Snake Island73. Snake-I 74.South Brother 75.South Reef 76.South Sentinel 77.Spike II 78.Spike-I 79.Stoat 80.Surat81.Swamp 82.Table Dalgarno 83.Table(Excelsior)84.Talabaicha 85.Temple 86.Tillongchong 87.Tree 88.Trilby89.Tuft 90.Turtle 91.West 92.Wharf 93.White Cliff,https://moef.gov.in/uploads/2019/10/Andaman-and-Nicobar-Islands.pdf,"[{""title"":""Gurjan"",""link"":""https://moef.gov.in/uploads/2017/06/29.%20GURJAN.jpg""}]",27/04/2016,S.O 1498(E),,none
13,Andaman and Nicobar Islands,Hump Wildlife Sanctuary,Wildlife Sanctuary,Draft,2016-04-26,13. S.O 1498(E) [26.04.2016] Draft Notification declaring Eco sensitive Zone around the Union Territory of Andaman and Nicobar Islands (995.79 KB) (i). Maps of 4 National Parks of the 97 Island PAs of A&N Islands Rani Jhansi NP 2.Buttons NP (ii).Maps of 93 Wildlife Sanctuaries of the 97 Island PAs of A&N Islands Andman Group of Island PAs Nicobar Group of Island PAs (iii).Individual maps of 93 WLS of the 97 Island PAs of A&N Islands 1. Arial 2. Bamboo 3. Barren 4. Batti Malv 5. Belle 6.Bennette 7. Bingham 8. Blister 9. Bluff 10. Bondoville 11. Brush 12. Buchanan 13. Channel 14. Cinque Island 15. Clyde 16. Cone 17. Curlew Bp 18. Curlew 19. Defence 20. Dot 21. Dotrell 22. Duncan 23. East 24. Egg 25. Entrance26. Flat 27. Gander 28. Goose 29. Gurjan 30. Hump 31. Inglis 32. Interview 33. James 34. Jungle 35. Kwang Tung36. Kyd 37. Landfall 38. Latouche 39. Mangrove 40. Mask41. Mayo 42. Megapode 43.Montgomery 44.Narcondam45. North Brother 46.North Reef 47.North 48.Oliver49.Orchid 50.Ox 51.Oyester I 52.Oyester II 53.Paget54.Parkinson 55.Passage 56.Petric 57.Pitman 58.Peacock59.Point 60.Potanma 61.Ranger 62.Reef 63.Roper64.Ross 65.Rowe 66.Sandy 67.Sea Serpent 68.Shark69.Shearme 70.Sir Hugh Rose 71.Sisters 72.Snake Island73. Snake-I 74.South Brother 75.South Reef 76.South Sentinel 77.Spike II 78.Spike-I 79.Stoat 80.Surat81.Swamp 82.Table Dalgarno 83.Table(Excelsior)84.Talabaicha 85.Temple 86.Tillongchong 87.Tree 88.Trilby89.Tuft 90.Turtle 91.West 92.Wharf 93.White Cliff,https://moef.gov.in/uploads/2019/10/Andaman-and-Nicobar-Islands.pdf,"[{""title"":""Hump"",""link"":""https://moef.gov.in/uploads/2017/06/30.%20HUMP.jpg""}]",27/04/2016,S.O 1498(E),,none
13,Andaman and Nicobar Islands,Inglis Wildlife Sanctuary,Wildlife Sanctuary,Draft,2016-04-26,13. S.O 1498(E) [26.04.2016] Draft Notification declaring Eco sensitive Zone around the Union Territory of Andaman and Nicobar Islands (995.79 KB) (i). Maps of 4 National Parks of the 97 Island PAs of A&N Islands Rani Jhansi NP 2.Buttons NP (ii).Maps of 93 Wildlife Sanctuaries of the 97 Island PAs of A&N Islands Andman Group of Island PAs Nicobar Group of Island PAs (iii).Individual maps of 93 WLS of the 97 Island PAs of A&N Islands 1. Arial 2. Bamboo 3. Barren 4. Batti Malv 5. Belle 6.Bennette 7. Bingham 8. Blister 9. Bluff 10. Bondoville 11. Brush 12. Buchanan 13. Channel 14. Cinque Island 15. Clyde 16. Cone 17. Curlew Bp 18. Curlew 19. Defence 20. Dot 21. Dotrell 22. Duncan 23. East 24. Egg 25. Entrance26. Flat 27. Gander 28. Goose 29. Gurjan 30. Hump 31. Inglis 32. Interview 33. James 34. Jungle 35. Kwang Tung36. Kyd 37. Landfall 38. Latouche 39. Mangrove 40. Mask41. Mayo 42. Megapode 43.Montgomery 44.Narcondam45. North Brother 46.North Reef 47.North 48.Oliver49.Orchid 50.Ox 51.Oyester I 52.Oyester II 53.Paget54.Parkinson 55.Passage 56.Petric 57.Pitman 58.Peacock59.Point 60.Potanma 61.Ranger 62.Reef 63.Roper64.Ross 65.Rowe 66.Sandy 67.Sea Serpent 68.Shark69.Shearme 70.Sir Hugh Rose 71.Sisters 72.Snake Island73. Snake-I 74.South Brother 75.South Reef 76.South Sentinel 77.Spike II 78.Spike-I 79.Stoat 80.Surat81.Swamp 82.Table Dalgarno 83.Table(Excelsior)84.Talabaicha 85.Temple 86.Tillongchong 87.Tree 88.Trilby89.Tuft 90.Turtle 91.West 92.Wharf 93.White Cliff,https://moef.gov.in/uploads/2019/10/Andaman-and-Nicobar-Islands.pdf,"[{""title"":""Inglis"",""link"":""https://moef.gov.in/uploads/2017/06/31.%20INGLIS.jpg""}]",27/04/2016,S.O 1498(E),,none
13,Andaman and Nicobar Islands,Interview Wildlife Sanctuary,Wildlife Sanctuary,Draft,2016-04-26,13. S.O 1498(E) [26.04.2016] Draft Notification declaring Eco sensitive Zone around the Union Territory of Andaman and Nicobar Islands (995.79 KB) (i). Maps of 4 National Parks of the 97 Island PAs of A&N Islands Rani Jhansi NP 2.Buttons NP (ii).Maps of 93 Wildlife Sanctuaries of the 97 Island PAs of A&N Islands Andman Group of Island PAs Nicobar Group of Island PAs (iii).Individual maps of 93 WLS of the 97 Island PAs of A&N Islands 1. Arial 2. Bamboo 3. Barren 4. Batti Malv 5. Belle 6.Bennette 7. Bingham 8. Blister 9. Bluff 10. Bondoville 11. Brush 12. Buchanan 13. Channel 14. Cinque Island 15. Clyde 16. Cone 17. Curlew Bp 18. Curlew 19. Defence 20. Dot 21. Dotrell 22. Duncan 23. East 24. Egg 25. Entrance26. Flat 27. Gander 28. Goose 29. Gurjan 30. Hump 31. Inglis 32. Interview 33. James 34. Jungle 35. Kwang Tung36. Kyd 37. Landfall 38. Latouche 39. Mangrove 40. Mask41. Mayo 42. Megapode 43.Montgomery 44.Narcondam45. North Brother 46.North Reef 47.North 48.Oliver49.Orchid 50.Ox 51.Oyester I 52.Oyester II 53.Paget54.Parkinson 55.Passage 56.Petric 57.Pitman 58.Peacock59.Point 60.Potanma 61.Ranger 62.Reef 63.Roper64.Ross 65.Rowe 66.Sandy 67.Sea Serpent 68.Shark69.Shearme 70.Sir Hugh Rose 71.Sisters 72.Snake Island73. Snake-I 74.South Brother 75.South Reef 76.South Sentinel 77.Spike II 78.Spike-I 79.Stoat 80.Surat81.Swamp 82.Table Dalgarno 83.Table(Excelsior)84.Talabaicha 85.Temple 86.Tillongchong 87.Tree 88.Trilby89.Tuft 90.Turtle 91.West 92.Wharf 93.White Cliff,https://moef.gov.in/uploads/2019/10/Andaman-and-Nicobar-Islands.pdf,"[{""title"":""Interview"",""link"":""https://moef.gov.in/uploads/2017/06/32.%20INTERVIEW.jpg""}]",27/04/2016,S.O 1498(E),,none
13,Andaman and Nicobar Islands,James Wildlife Sanctuary,Wildlife Sanctuary,Draft,2016-04-26,13. S.O 1498(E) [26.04.2016] Draft Notification declaring Eco sensitive Zone around the Union Territory of Andaman and Nicobar Islands (995.79 KB) (i). Maps of 4 National Parks of the 97 Island PAs of A&N Islands Rani Jhansi NP 2.Buttons NP (ii).Maps of 93 Wildlife Sanctuaries of the 97 Island PAs of A&N Islands Andman Group of Island PAs Nicobar Group of Island PAs (iii).Individual maps of 93 WLS of the 97 Island PAs of A&N Islands 1. Arial 2. Bamboo 3. Barren 4. Batti Malv 5. Belle 6.Bennette 7. Bingham 8. Blister 9. Bluff 10. Bondoville 11. Brush 12. Buchanan 13. Channel 14. Cinque Island 15. Clyde 16. Cone 17. Curlew Bp 18. Curlew 19. Defence 20. Dot 21. Dotrell 22. Duncan 23. East 24. Egg 25. Entrance26. Flat 27. Gander 28. Goose 29. Gurjan 30. Hump 31. Inglis 32. Interview 33. James 34. Jungle 35. Kwang Tung36. Kyd 37. Landfall 38. Latouche 39. Mangrove 40. Mask41. Mayo 42. Megapode 43.Montgomery 44.Narcondam45. North Brother 46.North Reef 47.North 48.Oliver49.Orchid 50.Ox 51.Oyester I 52.Oyester II 53.Paget54.Parkinson 55.Passage 56.Petric 57.Pitman 58.Peacock59.Point 60.Potanma 61.Ranger 62.Reef 63.Roper64.Ross 65.Rowe 66.Sandy 67.Sea Serpent 68.Shark69.Shearme 70.Sir Hugh Rose 71.Sisters 72.Snake Island73. Snake-I 74.South Brother 75.South Reef 76.South Sentinel 77.Spike II 78.Spike-I 79.Stoat 80.Surat81.Swamp 82.Table Dalgarno 83.Table(Excelsior)84.Talabaicha 85.Temple 86.Tillongchong 87.Tree 88.Trilby89.Tuft 90.Turtle 91.West 92.Wharf 93.White Cliff,https://moef.gov.in/uploads/2019/10/Andaman-and-Nicobar-Islands.pdf,"[{""title"":""James"",""link"":""https://moef.gov.in/uploads/2017/06/33.%20JAMES.jpg""}]",27/04/2016,S.O 1498(E),,none
13,Andaman and Nicobar Islands,Jungle Wildlife Sanctuary,Wildlife Sanctuary,Draft,2016-04-26,13. S.O 1498(E) [26.04.2016] Draft Notification declaring Eco sensitive Zone around the Union Territory of Andaman and Nicobar Islands (995.79 KB) (i). Maps of 4 National Parks of the 97 Island PAs of A&N Islands Rani Jhansi NP 2.Buttons NP (ii).Maps of 93 Wildlife Sanctuaries of the 97 Island PAs of A&N Islands Andman Group of Island PAs Nicobar Group of Island PAs (iii).Individual maps of 93 WLS of the 97 Island PAs of A&N Islands 1. Arial 2. Bamboo 3. Barren 4. Batti Malv 5. Belle 6.Bennette 7. Bingham 8. Blister 9. Bluff 10. Bondoville 11. Brush 12. Buchanan 13. Channel 14. Cinque Island 15. Clyde 16. Cone 17. Curlew Bp 18. Curlew 19. Defence 20. Dot 21. Dotrell 22. Duncan 23. East 24. Egg 25. Entrance26. Flat 27. Gander 28. Goose 29. Gurjan 30. Hump 31. Inglis 32. Interview 33. James 34. Jungle 35. Kwang Tung36. Kyd 37. Landfall 38. Latouche 39. Mangrove 40. Mask41. Mayo 42. Megapode 43.Montgomery 44.Narcondam45. North Brother 46.North Reef 47.North 48.Oliver49.Orchid 50.Ox 51.Oyester I 52.Oyester II 53.Paget54.Parkinson 55.Passage 56.Petric 57.Pitman 58.Peacock59.Point 60.Potanma 61.Ranger 62.Reef 63.Roper64.Ross 65.Rowe 66.Sandy 67.Sea Serpent 68.Shark69.Shearme 70.Sir Hugh Rose 71.Sisters 72.Snake Island73. Snake-I 74.South Brother 75.South Reef 76.South Sentinel 77.Spike II 78.Spike-I 79.Stoat 80.Surat81.Swamp 82.Table Dalgarno 83.Table(Excelsior)84.Talabaicha 85.Temple 86.Tillongchong 87.Tree 88.Trilby89.Tuft 90.Turtle 91.West 92.Wharf 93.White Cliff,https://moef.gov.in/uploads/2019/10/Andaman-and-Nicobar-Islands.pdf,"[{""title"":""Jungle"",""link"":""https://moef.gov.in/uploads/2017/06/34.%20JUNGLE.jpg""}]",27/04/2016,S.O 1498(E),,none
13,Andaman and Nicobar Islands,Kwang Tung Wildlife Sanctuary,Wildlife Sanctuary,Draft,2016-04-26,13. S.O 1498(E) [26.04.2016] Draft Notification declaring Eco sensitive Zone around the Union Territory of Andaman and Nicobar Islands (995.79 KB) (i). Maps of 4 National Parks of the 97 Island PAs of A&N Islands Rani Jhansi NP 2.Buttons NP (ii).Maps of 93 Wildlife Sanctuaries of the 97 Island PAs of A&N Islands Andman Group of Island PAs Nicobar Group of Island PAs (iii).Individual maps of 93 WLS of the 97 Island PAs of A&N Islands 1. Arial 2. Bamboo 3. Barren 4. Batti Malv 5. Belle 6.Bennette 7. Bingham 8. Blister 9. Bluff 10. Bondoville 11. Brush 12. Buchanan 13. Channel 14. Cinque Island 15. Clyde 16. Cone 17. Curlew Bp 18. Curlew 19. Defence 20. Dot 21. Dotrell 22. Duncan 23. East 24. Egg 25. Entrance26. Flat 27. Gander 28. Goose 29. Gurjan 30. Hump 31. Inglis 32. Interview 33. James 34. Jungle 35. Kwang Tung36. Kyd 37. Landfall 38. Latouche 39. Mangrove 40. Mask41. Mayo 42. Megapode 43.Montgomery 44.Narcondam45. North Brother 46.North Reef 47.North 48.Oliver49.Orchid 50.Ox 51.Oyester I 52.Oyester II 53.Paget54.Parkinson 55.Passage 56.Petric 57.Pitman 58.Peacock59.Point 60.Potanma 61.Ranger 62.Reef 63.Roper64.Ross 65.Rowe 66.Sandy 67.Sea Serpent 68.Shark69.Shearme 70.Sir Hugh Rose 71.Sisters 72.Snake Island73. Snake-I 74.South Brother 75.South Reef 76.South Sentinel 77.Spike II 78.Spike-I 79.Stoat 80.Surat81.Swamp 82.Table Dalgarno 83.Table(Excelsior)84.Talabaicha 85.Temple 86.Tillongchong 87.Tree 88.Trilby89.Tuft 90.Turtle 91.West 92.Wharf 93.White Cliff,https://moef.gov.in/uploads/2019/10/Andaman-and-Nicobar-Islands.pdf,"[{""title"":""Kwang Tung"",""link"":""https://moef.gov.in/uploads/2017/06/35.%20KWANG%20TUNG.jpg""}]",27/04/2016,S.O 1498(E),,none
13,Andaman and Nicobar Islands,Kyd Wildlife Sanctuary,Wildlife Sanctuary,Draft,2016-04-26,13. S.O 1498(E) [26.04.2016] Draft Notification declaring Eco sensitive Zone around the Union Territory of Andaman and Nicobar Islands (995.79 KB) (i). Maps of 4 National Parks of the 97 Island PAs of A&N Islands Rani Jhansi NP 2.Buttons NP (ii).Maps of 93 Wildlife Sanctuaries of the 97 Island PAs of A&N Islands Andman Group of Island PAs Nicobar Group of Island PAs (iii).Individual maps of 93 WLS of the 97 Island PAs of A&N Islands 1. Arial 2. Bamboo 3. Barren 4. Batti Malv 5. Belle 6.Bennette 7. Bingham 8. Blister 9. Bluff 10. Bondoville 11. Brush 12. Buchanan 13. Channel 14. Cinque Island 15. Clyde 16. Cone 17. Curlew Bp 18. Curlew 19. Defence 20. Dot 21. Dotrell 22. Duncan 23. East 24. Egg 25. Entrance26. Flat 27. Gander 28. Goose 29. Gurjan 30. Hump 31. Inglis 32. Interview 33. James 34. Jungle 35. Kwang Tung36. Kyd 37. Landfall 38. Latouche 39. Mangrove 40. Mask41. Mayo 42. Megapode 43.Montgomery 44.Narcondam45. North Brother 46.North Reef 47.North 48.Oliver49.Orchid 50.Ox 51.Oyester I 52.Oyester II 53.Paget54.Parkinson 55.Passage 56.Petric 57.Pitman 58.Peacock59.Point 60.Potanma 61.Ranger 62.Reef 63.Roper64.Ross 65.Rowe 66.Sandy 67.Sea Serpent 68.Shark69.Shearme 70.Sir Hugh Rose 71.Sisters 72.Snake Island73. Snake-I 74.South Brother 75.South Reef 76.South Sentinel 77.Spike II 78.Spike-I 79.Stoat 80.Surat81.Swamp 82.Table Dalgarno 83.Table(Excelsior)84.Talabaicha 85.Temple 86.Tillongchong 87.Tree 88.Trilby89.Tuft 90.Turtle 91.West 92.Wharf 93.White Cliff,https://moef.gov.in/uploads/2019/10/Andaman-and-Nicobar-Islands.pdf,"[{""title"":""Kyd"",""link"":""https://moef.gov.in/uploads/2017/06/36.%20KYD_0.jpg""}]",27/04/2016,S.O 1498(E),,none
13,Andaman and Nicobar Islands,Landfall Wildlife Sanctuary,Wildlife Sanctuary,Draft,2016-04-26,13. S.O 1498(E) [26.04.2016] Draft Notification declaring Eco sensitive Zone around the Union Territory of Andaman and Nicobar Islands (995.79 KB) (i). Maps of 4 National Parks of the 97 Island PAs of A&N Islands Rani Jhansi NP 2.Buttons NP (ii).Maps of 93 Wildlife Sanctuaries of the 97 Island PAs of A&N Islands Andman Group of Island PAs Nicobar Group of Island PAs (iii).Individual maps of 93 WLS of the 97 Island PAs of A&N Islands 1. Arial 2. Bamboo 3. Barren 4. Batti Malv 5. Belle 6.Bennette 7. Bingham 8. Blister 9. Bluff 10. Bondoville 11. Brush 12. Buchanan 13. Channel 14. Cinque Island 15. Clyde 16. Cone 17. Curlew Bp 18. Curlew 19. Defence 20. Dot 21. Dotrell 22. Duncan 23. East 24. Egg 25. Entrance26. Flat 27. Gander 28. Goose 29. Gurjan 30. Hump 31. Inglis 32. Interview 33. James 34. Jungle 35. Kwang Tung36. Kyd 37. Landfall 38. Latouche 39. Mangrove 40. Mask41. Mayo 42. Megapode 43.Montgomery 44.Narcondam45. North Brother 46.North Reef 47.North 48.Oliver49.Orchid 50.Ox 51.Oyester I 52.Oyester II 53.Paget54.Parkinson 55.Passage 56.Petric 57.Pitman 58.Peacock59.Point 60.Potanma 61.Ranger 62.Reef 63.Roper64.Ross 65.Rowe 66.Sandy 67.Sea Serpent 68.Shark69.Shearme 70.Sir Hugh Rose 71.Sisters 72.Snake Island73. Snake-I 74.South Brother 75.South Reef 76.South Sentinel 77.Spike II 78.Spike-I 79.Stoat 80.Surat81.Swamp 82.Table Dalgarno 83.Table(Excelsior)84.Talabaicha 85.Temple 86.Tillongchong 87.Tree 88.Trilby89.Tuft 90.Turtle 91.West 92.Wharf 93.White Cliff,https://moef.gov.in/uploads/2019/10/Andaman-and-Nicobar-Islands.pdf,"[{""title"":""Landfall"",""link"":""https://moef.gov.in/uploads/2017/06/37.%20LANDFALL.jpg""}]",27/04/2016,S.O 1498(E),,none
13,Andaman and Nicobar Islands,Latouche Wildlife Sanctuary,Wildlife Sanctuary,Draft,2016-04-26,13. S.O 1498(E) [26.04.2016] Draft Notification declaring Eco sensitive Zone around the Union Territory of Andaman and Nicobar Islands (995.79 KB) (i). Maps of 4 National Parks of the 97 Island PAs of A&N Islands Rani Jhansi NP 2.Buttons NP (ii).Maps of 93 Wildlife Sanctuaries of the 97 Island PAs of A&N Islands Andman Group of Island PAs Nicobar Group of Island PAs (iii).Individual maps of 93 WLS of the 97 Island PAs of A&N Islands 1. Arial 2. Bamboo 3. Barren 4. Batti Malv 5. Belle 6.Bennette 7. Bingham 8. Blister 9. Bluff 10. Bondoville 11. Brush 12. Buchanan 13. Channel 14. Cinque Island 15. Clyde 16. Cone 17. Curlew Bp 18. Curlew 19. Defence 20. Dot 21. Dotrell 22. Duncan 23. East 24. Egg 25. Entrance26. Flat 27. Gander 28. Goose 29. Gurjan 30. Hump 31. Inglis 32. Interview 33. James 34. Jungle 35. Kwang Tung36. Kyd 37. Landfall 38. Latouche 39. Mangrove 40. Mask41. Mayo 42. Megapode 43.Montgomery 44.Narcondam45. North Brother 46.North Reef 47.North 48.Oliver49.Orchid 50.Ox 51.Oyester I 52.Oyester II 53.Paget54.Parkinson 55.Passage 56.Petric 57.Pitman 58.Peacock59.Point 60.Potanma 61.Ranger 62.Reef 63.Roper64.Ross 65.Rowe 66.Sandy 67.Sea Serpent 68.Shark69.Shearme 70.Sir Hugh Rose 71.Sisters 72.Snake Island73. Snake-I 74.South Brother 75.South Reef 76.South Sentinel 77.Spike II 78.Spike-I 79.Stoat 80.Surat81.Swamp 82.Table Dalgarno 83.Table(Excelsior)84.Talabaicha 85.Temple 86.Tillongchong 87.Tree 88.Trilby89.Tuft 90.Turtle 91.West 92.Wharf 93.White Cliff,https://moef.gov.in/uploads/2019/10/Andaman-and-Nicobar-Islands.pdf,"[{""title"":""Latouche"",""link"":""https://moef.gov.in/uploads/2017/06/38.%20LATOUCHE.jpg""}]",27/04/2016,S.O 1498(E),,none
13,Andaman and Nicobar Islands,Mangrove Wildlife Sanctuary,Wildlife Sanctuary,Draft,2016-04-26,13. S.O 1498(E) [26.04.2016] Draft Notification declaring Eco sensitive Zone around the Union Territory of Andaman and Nicobar Islands (995.79 KB) (i). Maps of 4 National Parks of the 97 Island PAs of A&N Islands Rani Jhansi NP 2.Buttons NP (ii).Maps of 93 Wildlife Sanctuaries of the 97 Island PAs of A&N Islands Andman Group of Island PAs Nicobar Group of Island PAs (iii).Individual maps of 93 WLS of the 97 Island PAs of A&N Islands 1. Arial 2. Bamboo 3. Barren 4. Batti Malv 5. Belle 6.Bennette 7. Bingham 8. Blister 9. Bluff 10. Bondoville 11. Brush 12. Buchanan 13. Channel 14. Cinque Island 15. Clyde 16. Cone 17. Curlew Bp 18. Curlew 19. Defence 20. Dot 21. Dotrell 22. Duncan 23. East 24. Egg 25. Entrance26. Flat 27. Gander 28. Goose 29. Gurjan 30. Hump 31. Inglis 32. Interview 33. James 34. Jungle 35. Kwang Tung36. Kyd 37. Landfall 38. Latouche 39. Mangrove 40. Mask41. Mayo 42. Megapode 43.Montgomery 44.Narcondam45. North Brother 46.North Reef 47.North 48.Oliver49.Orchid 50.Ox 51.Oyester I 52.Oyester II 53.Paget54.Parkinson 55.Passage 56.Petric 57.Pitman 58.Peacock59.Point 60.Potanma 61.Ranger 62.Reef 63.Roper64.Ross 65.Rowe 66.Sandy 67.Sea Serpent 68.Shark69.Shearme 70.Sir Hugh Rose 71.Sisters 72.Snake Island73. Snake-I 74.South Brother 75.South Reef 76.South Sentinel 77.Spike II 78.Spike-I 79.Stoat 80.Surat81.Swamp 82.Table Dalgarno 83.Table(Excelsior)84.Talabaicha 85.Temple 86.Tillongchong 87.Tree 88.Trilby89.Tuft 90.Turtle 91.West 92.Wharf 93.White Cliff,https://moef.gov.in/uploads/2019/10/Andaman-and-Nicobar-Islands.pdf,"[{""title"":""Mangrove"",""link"":""https://moef.gov.in/uploads/2017/06/39.%20MANGROVE.jpg""}]",27/04/2016,S.O 1498(E),,none
13,Andaman and Nicobar Islands,Mask Wildlife Sanctuary,Wildlife Sanctuary,Draft,2016-04-26,13. S.O 1498(E) [26.04.2016] Draft Notification declaring Eco sensitive Zone around the Union Territory of Andaman and Nicobar Islands (995.79 KB) (i). Maps of 4 National Parks of the 97 Island PAs of A&N Islands Rani Jhansi NP 2.Buttons NP (ii).Maps of 93 Wildlife Sanctuaries of the 97 Island PAs of A&N Islands Andman Group of Island PAs Nicobar Group of Island PAs (iii).Individual maps of 93 WLS of the 97 Island PAs of A&N Islands 1. Arial 2. Bamboo 3. Barren 4. Batti Malv 5. Belle 6.Bennette 7. Bingham 8. Blister 9. Bluff 10. Bondoville 11. Brush 12. Buchanan 13. Channel 14. Cinque Island 15. Clyde 16. Cone 17. Curlew Bp 18. Curlew 19. Defence 20. Dot 21. Dotrell 22. Duncan 23. East 24. Egg 25. Entrance26. Flat 27. Gander 28. Goose 29. Gurjan 30. Hump 31. Inglis 32. Interview 33. James 34. Jungle 35. Kwang Tung36. Kyd 37. Landfall 38. Latouche 39. Mangrove 40. Mask41. Mayo 42. Megapode 43.Montgomery 44.Narcondam45. North Brother 46.North Reef 47.North 48.Oliver49.Orchid 50.Ox 51.Oyester I 52.Oyester II 53.Paget54.Parkinson 55.Passage 56.Petric 57.Pitman 58.Peacock59.Point 60.Potanma 61.Ranger 62.Reef 63.Roper64.Ross 65.Rowe 66.Sandy 67.Sea Serpent 68.Shark69.Shearme 70.Sir Hugh Rose 71.Sisters 72.Snake Island73. Snake-I 74.South Brother 75.South Reef 76.South Sentinel 77.Spike II 78.Spike-I 79.Stoat 80.Surat81.Swamp 82.Table Dalgarno 83.Table(Excelsior)84.Talabaicha 85.Temple 86.Tillongchong 87.Tree 88.Trilby89.Tuft 90.Turtle 91.West 92.Wharf 93.White Cliff,https://moef.gov.in/uploads/2019/10/Andaman-and-Nicobar-Islands.pdf,"[{""title"":""Mask"",""link"":""https://moef.gov.in/uploads/2017/06/40.%20MASK.jpg""}]",27/04/2016,S.O 1498(E),,none
13,Andaman and Nicobar Islands,Mayo Wildlife Sanctuary,Wildlife Sanctuary,Draft,2016-04-26,13. S.O 1498(E) [26.04.2016] Draft Notification declaring Eco sensitive Zone around the Union Territory of Andaman and Nicobar Islands (995.79 KB) (i). Maps of 4 National Parks of the 97 Island PAs of A&N Islands Rani Jhansi NP 2.Buttons NP (ii).Maps of 93 Wildlife Sanctuaries of the 97 Island PAs of A&N Islands Andman Group of Island PAs Nicobar Group of Island PAs (iii).Individual maps of 93 WLS of the 97 Island PAs of A&N Islands 1. Arial 2. Bamboo 3. Barren 4. Batti Malv 5. Belle 6.Bennette 7. Bingham 8. Blister 9. Bluff 10. Bondoville 11. Brush 12. Buchanan 13. Channel 14. Cinque Island 15. Clyde 16. Cone 17. Curlew Bp 18. Curlew 19. Defence 20. Dot 21. Dotrell 22. Duncan 23. East 24. Egg 25. Entrance26. Flat 27. Gander 28. Goose 29. Gurjan 30. Hump 31. Inglis 32. Interview 33. James 34. Jungle 35. Kwang Tung36. Kyd 37. Landfall 38. Latouche 39. Mangrove 40. Mask41. Mayo 42. Megapode 43.Montgomery 44.Narcondam45. North Brother 46.North Reef 47.North 48.Oliver49.Orchid 50.Ox 51.Oyester I 52.Oyester II 53.Paget54.Parkinson 55.Passage 56.Petric 57.Pitman 58.Peacock59.Point 60.Potanma 61.Ranger 62.Reef 63.Roper64.Ross 65.Rowe 66.Sandy 67.Sea Serpent 68.Shark69.Shearme 70.Sir Hugh Rose 71.Sisters 72.Snake Island73. Snake-I 74.South Brother 75.South Reef 76.South Sentinel 77.Spike II 78.Spike-I 79.Stoat 80.Surat81.Swamp 82.Table Dalgarno 83.Table(Excelsior)84.Talabaicha 85.Temple 86.Tillongchong 87.Tree 88.Trilby89.Tuft 90.Turtle 91.West 92.Wharf 93.White Cliff,https://moef.gov.in/uploads/2019/10/Andaman-and-Nicobar-Islands.pdf,"[{""title"":""Mayo"",""link"":""https://moef.gov.in/uploads/2017/06/41.%20MAYO.jpg""}]",27/04/2016,S.O 1498(E),,none
13,Andaman and Nicobar Islands,Megapode Wildlife Sanctuary,Wildlife Sanctuary,Draft,2016-04-26,13. S.O 1498(E) [26.04.2016] Draft Notification declaring Eco sensitive Zone around the Union Territory of Andaman and Nicobar Islands (995.79 KB) (i). Maps of 4 National Parks of the 97 Island PAs of A&N Islands Rani Jhansi NP 2.Buttons NP (ii).Maps of 93 Wildlife Sanctuaries of the 97 Island PAs of A&N Islands Andman Group of Island PAs Nicobar Group of Island PAs (iii).Individual maps of 93 WLS of the 97 Island PAs of A&N Islands 1. Arial 2. Bamboo 3. Barren 4. Batti Malv 5. Belle 6.Bennette 7. Bingham 8. Blister 9. Bluff 10. Bondoville 11. Brush 12. Buchanan 13. Channel 14. Cinque Island 15. Clyde 16. Cone 17. Curlew Bp 18. Curlew 19. Defence 20. Dot 21. Dotrell 22. Duncan 23. East 24. Egg 25. Entrance26. Flat 27. Gander 28. Goose 29. Gurjan 30. Hump 31. Inglis 32. Interview 33. James 34. Jungle 35. Kwang Tung36. Kyd 37. Landfall 38. Latouche 39. Mangrove 40. Mask41. Mayo 42. Megapode 43.Montgomery 44.Narcondam45. North Brother 46.North Reef 47.North 48.Oliver49.Orchid 50.Ox 51.Oyester I 52.Oyester II 53.Paget54.Parkinson 55.Passage 56.Petric 57.Pitman 58.Peacock59.Point 60.Potanma 61.Ranger 62.Reef 63.Roper64.Ross 65.Rowe 66.Sandy 67.Sea Serpent 68.Shark69.Shearme 70.Sir Hugh Rose 71.Sisters 72.Snake Island73. Snake-I 74.South Brother 75.South Reef 76.South Sentinel 77.Spike II 78.Spike-I 79.Stoat 80.Surat81.Swamp 82.Table Dalgarno 83.Table(Excelsior)84.Talabaicha 85.Temple 86.Tillongchong 87.Tree 88.Trilby89.Tuft 90.Turtle 91.West 92.Wharf 93.White Cliff,https://moef.gov.in/uploads/2019/10/Andaman-and-Nicobar-Islands.pdf,"[{""title"":""Megapode"",""link"":""https://moef.gov.in/uploads/2017/06/42.%20MEGAPODE.jpg""}]",27/04/2016,S.O 1498(E),,none
13,Andaman and Nicobar Islands,Montgomery Wildlife Sanctuary,Wildlife Sanctuary,Draft,2016-04-26,13. S.O 1498(E) [26.04.2016] Draft Notification declaring Eco sensitive Zone around the Union Territory of Andaman and Nicobar Islands (995.79 KB) (i). Maps of 4 National Parks of the 97 Island PAs of A&N Islands Rani Jhansi NP 2.Buttons NP (ii).Maps of 93 Wildlife Sanctuaries of the 97 Island PAs of A&N Islands Andman Group of Island PAs Nicobar Group of Island PAs (iii).Individual maps of 93 WLS of the 97 Island PAs of A&N Islands 1. Arial 2. Bamboo 3. Barren 4. Batti Malv 5. Belle 6.Bennette 7. Bingham 8. Blister 9. Bluff 10. Bondoville 11. Brush 12. Buchanan 13. Channel 14. Cinque Island 15. Clyde 16. Cone 17. Curlew Bp 18. Curlew 19. Defence 20. Dot 21. Dotrell 22. Duncan 23. East 24. Egg 25. Entrance26. Flat 27. Gander 28. Goose 29. Gurjan 30. Hump 31. Inglis 32. Interview 33. James 34. Jungle 35. Kwang Tung36. Kyd 37. Landfall 38. Latouche 39. Mangrove 40. Mask41. Mayo 42. Megapode 43.Montgomery 44.Narcondam45. North Brother 46.North Reef 47.North 48.Oliver49.Orchid 50.Ox 51.Oyester I 52.Oyester II 53.Paget54.Parkinson 55.Passage 56.Petric 57.Pitman 58.Peacock59.Point 60.Potanma 61.Ranger 62.Reef 63.Roper64.Ross 65.Rowe 66.Sandy 67.Sea Serpent 68.Shark69.Shearme 70.Sir Hugh Rose 71.Sisters 72.Snake Island73. Snake-I 74.South Brother 75.South Reef 76.South Sentinel 77.Spike II 78.Spike-I 79.Stoat 80.Surat81.Swamp 82.Table Dalgarno 83.Table(Excelsior)84.Talabaicha 85.Temple 86.Tillongchong 87.Tree 88.Trilby89.Tuft 90.Turtle 91.West 92.Wharf 93.White Cliff,https://moef.gov.in/uploads/2019/10/Andaman-and-Nicobar-Islands.pdf,"[{""title"":""Montgomery"",""link"":""https://moef.gov.in/uploads/2017/06/43.MONTGOMERY.jpg""}]",27/04/2016,S.O 1498(E),,none
13,Andaman and Nicobar Islands,Narcondam Wildlife Sanctuary,Wildlife Sanctuary,Draft,2016-04-26,13. S.O 1498(E) [26.04.2016] Draft Notification declaring Eco sensitive Zone around the Union Territory of Andaman and Nicobar Islands (995.79 KB) (i). Maps of 4 National Parks of the 97 Island PAs of A&N Islands Rani Jhansi NP 2.Buttons NP (ii).Maps of 93 Wildlife Sanctuaries of the 97 Island PAs of A&N Islands Andman Group of Island PAs Nicobar Group of Island PAs (iii).Individual maps of 93 WLS of the 97 Island PAs of A&N Islands 1. Arial 2. Bamboo 3. Barren 4. Batti Malv 5. Belle 6.Bennette 7. Bingham 8. Blister 9. Bluff 10. Bondoville 11. Brush 12. Buchanan 13. Channel 14. Cinque Island 15. Clyde 16. Cone 17. Curlew Bp 18. Curlew 19. Defence 20. Dot 21. Dotrell 22. Duncan 23. East 24. Egg 25. Entrance26. Flat 27. Gander 28. Goose 29. Gurjan 30. Hump 31. Inglis 32. Interview 33. James 34. Jungle 35. Kwang Tung36. Kyd 37. Landfall 38. Latouche 39. Mangrove 40. Mask41. Mayo 42. Megapode 43.Montgomery 44.Narcondam45. North Brother 46.North Reef 47.North 48.Oliver49.Orchid 50.Ox 51.Oyester I 52.Oyester II 53.Paget54.Parkinson 55.Passage 56.Petric 57.Pitman 58.Peacock59.Point 60.Potanma 61.Ranger 62.Reef 63.Roper64.Ross 65.Rowe 66.Sandy 67.Sea Serpent 68.Shark69.Shearme 70.Sir Hugh Rose 71.Sisters 72.Snake Island73. Snake-I 74.South Brother 75.South Reef 76.South Sentinel 77.Spike II 78.Spike-I 79.Stoat 80.Surat81.Swamp 82.Table Dalgarno 83.Table(Excelsior)84.Talabaicha 85.Temple 86.Tillongchong 87.Tree 88.Trilby89.Tuft 90.Turtle 91.West 92.Wharf 93.White Cliff,https://moef.gov.in/uploads/2019/10/Andaman-and-Nicobar-Islands.pdf,"[{""title"":""Narcondam"",""link"":""https://moef.gov.in/uploads/2017/06/44.NARCONDAM.jpg""}]",27/04/2016,S.O 1498(E),,none
13,Andaman and Nicobar Islands,North Brother Wildlife Sanctuary,Wildlife Sanctuary,Draft,2016-04-26,13. S.O 1498(E) [26.04.2016] Draft Notification declaring Eco sensitive Zone around the Union Territory of Andaman and Nicobar Islands (995.79 KB) (i). Maps of 4 National Parks of the 97 Island PAs of A&N Islands Rani Jhansi NP 2.Buttons NP (ii).Maps of 93 Wildlife Sanctuaries of the 97 Island PAs of A&N Islands Andman Group of Island PAs Nicobar Group of Island PAs (iii).Individual maps of 93 WLS of the 97 Island PAs of A&N Islands 1. Arial 2. Bamboo 3. Barren 4. Batti Malv 5. Belle 6.Bennette 7. Bingham 8. Blister 9. Bluff 10. Bondoville 11. Brush 12. Buchanan 13. Channel 14. Cinque Island 15. Clyde 16. Cone 17. Curlew Bp 18. Curlew 19. Defence 20. Dot 21. Dotrell 22. Duncan 23. East 24. Egg 25. Entrance26. Flat 27. Gander 28. Goose 29. Gurjan 30. Hump 31. Inglis 32. Interview 33. James 34. Jungle 35. Kwang Tung36. Kyd 37. Landfall 38. Latouche 39. Mangrove 40. Mask41. Mayo 42. Megapode 43.Montgomery 44.Narcondam45. North Brother 46.North Reef 47.North 48.Oliver49.Orchid 50.Ox 51.Oyester I 52.Oyester II 53.Paget54.Parkinson 55.Passage 56.Petric 57.Pitman 58.Peacock59.Point 60.Potanma 61.Ranger 62.Reef 63.Roper64.Ross 65.Rowe 66.Sandy 67.Sea Serpent 68.Shark69.Shearme 70.Sir Hugh Rose 71.Sisters 72.Snake Island73. Snake-I 74.South Brother 75.South Reef 76.South Sentinel 77.Spike II 78.Spike-I 79.Stoat 80.Surat81.Swamp 82.Table Dalgarno 83.Table(Excelsior)84.Talabaicha 85.Temple 86.Tillongchong 87.Tree 88.Trilby89.Tuft 90.Turtle 91.West 92.Wharf 93.White Cliff,https://moef.gov.in/uploads/2019/10/Andaman-and-Nicobar-Islands.pdf,"[{""title"":""North Brother"",""link"":""https://moef.gov.in/uploads/2017/06/45.%20NORTH%20BROTHER.jpg""}]",27/04/2016,S.O 1498(E),,none
13,Andaman and Nicobar Islands,North Reef Wildlife Sanctuary,Wildlife Sanctuary,Draft,2016-04-26,13. S.O 1498(E) [26.04.2016] Draft Notification declaring Eco sensitive Zone around the Union Territory of Andaman and Nicobar Islands (995.79 KB) (i). Maps of 4 National Parks of the 97 Island PAs of A&N Islands Rani Jhansi NP 2.Buttons NP (ii).Maps of 93 Wildlife Sanctuaries of the 97 Island PAs of A&N Islands Andman Group of Island PAs Nicobar Group of Island PAs (iii).Individual maps of 93 WLS of the 97 Island PAs of A&N Islands 1. Arial 2. Bamboo 3. Barren 4. Batti Malv 5. Belle 6.Bennette 7. Bingham 8. Blister 9. Bluff 10. Bondoville 11. Brush 12. Buchanan 13. Channel 14. Cinque Island 15. Clyde 16. Cone 17. Curlew Bp 18. Curlew 19. Defence 20. Dot 21. Dotrell 22. Duncan 23. East 24. Egg 25. Entrance26. Flat 27. Gander 28. Goose 29. Gurjan 30. Hump 31. Inglis 32. Interview 33. James 34. Jungle 35. Kwang Tung36. Kyd 37. Landfall 38. Latouche 39. Mangrove 40. Mask41. Mayo 42. Megapode 43.Montgomery 44.Narcondam45. North Brother 46.North Reef 47.North 48.Oliver49.Orchid 50.Ox 51.Oyester I 52.Oyester II 53.Paget54.Parkinson 55.Passage 56.Petric 57.Pitman 58.Peacock59.Point 60.Potanma 61.Ranger 62.Reef 63.Roper64.Ross 65.Rowe 66.Sandy 67.Sea Serpent 68.Shark69.Shearme 70.Sir Hugh Rose 71.Sisters 72.Snake Island73. Snake-I 74.South Brother 75.South Reef 76.South Sentinel 77.Spike II 78.Spike-I 79.Stoat 80.Surat81.Swamp 82.Table Dalgarno 83.Table(Excelsior)84.Talabaicha 85.Temple 86.Tillongchong 87.Tree 88.Trilby89.Tuft 90.Turtle 91.West 92.Wharf 93.White Cliff,https://moef.gov.in/uploads/2019/10/Andaman-and-Nicobar-Islands.pdf,"[{""title"":""North Reef"",""link"":""https://moef.gov.in/uploads/2017/06/46.NORTH%20REEF.jpg""}]",27/04/2016,S.O 1498(E),,none
13,Andaman and Nicobar Islands,North Wildlife Sanctuary,Wildlife Sanctuary,Draft,2016-04-26,13. S.O 1498(E) [26.04.2016] Draft Notification declaring Eco sensitive Zone around the Union Territory of Andaman and Nicobar Islands (995.79 KB) (i). Maps of 4 National Parks of the 97 Island PAs of A&N Islands Rani Jhansi NP 2.Buttons NP (ii).Maps of 93 Wildlife Sanctuaries of the 97 Island PAs of A&N Islands Andman Group of Island PAs Nicobar Group of Island PAs (iii).Individual maps of 93 WLS of the 97 Island PAs of A&N Islands 1. Arial 2. Bamboo 3. Barren 4. Batti Malv 5. Belle 6.Bennette 7. Bingham 8. Blister 9. Bluff 10. Bondoville 11. Brush 12. Buchanan 13. Channel 14. Cinque Island 15. Clyde 16. Cone 17. Curlew Bp 18. Curlew 19. Defence 20. Dot 21. Dotrell 22. Duncan 23. East 24. Egg 25. Entrance26. Flat 27. Gander 28. Goose 29. Gurjan 30. Hump 31. Inglis 32. Interview 33. James 34. Jungle 35. Kwang Tung36. Kyd 37. Landfall 38. Latouche 39. Mangrove 40. Mask41. Mayo 42. Megapode 43.Montgomery 44.Narcondam45. North Brother 46.North Reef 47.North 48.Oliver49.Orchid 50.Ox 51.Oyester I 52.Oyester II 53.Paget54.Parkinson 55.Passage 56.Petric 57.Pitman 58.Peacock59.Point 60.Potanma 61.Ranger 62.Reef 63.Roper64.Ross 65.Rowe 66.Sandy 67.Sea Serpent 68.Shark69.Shearme 70.Sir Hugh Rose 71.Sisters 72.Snake Island73. Snake-I 74.South Brother 75.South Reef 76.South Sentinel 77.Spike II 78.Spike-I 79.Stoat 80.Surat81.Swamp 82.Table Dalgarno 83.Table(Excelsior)84.Talabaicha 85.Temple 86.Tillongchong 87.Tree 88.Trilby89.Tuft 90.Turtle 91.West 92.Wharf 93.White Cliff,https://moef.gov.in/uploads/2019/10/Andaman-and-Nicobar-Islands.pdf,"[{""title"":""North"",""link"":""https://moef.gov.in/uploads/2017/06/47.NORTH_.jpg""}]",27/04/2016,S.O 1498(E),,none
13,Andaman and Nicobar Islands,Oliver Wildlife Sanctuary,Wildlife Sanctuary,Draft,2016-04-26,13. S.O 1498(E) [26.04.2016] Draft Notification declaring Eco sensitive Zone around the Union Territory of Andaman and Nicobar Islands (995.79 KB) (i). Maps of 4 National Parks of the 97 Island PAs of A&N Islands Rani Jhansi NP 2.Buttons NP (ii).Maps of 93 Wildlife Sanctuaries of the 97 Island PAs of A&N Islands Andman Group of Island PAs Nicobar Group of Island PAs (iii).Individual maps of 93 WLS of the 97 Island PAs of A&N Islands 1. Arial 2. Bamboo 3. Barren 4. Batti Malv 5. Belle 6.Bennette 7. Bingham 8. Blister 9. Bluff 10. Bondoville 11. Brush 12. Buchanan 13. Channel 14. Cinque Island 15. Clyde 16. Cone 17. Curlew Bp 18. Curlew 19. Defence 20. Dot 21. Dotrell 22. Duncan 23. East 24. Egg 25. Entrance26. Flat 27. Gander 28. Goose 29. Gurjan 30. Hump 31. Inglis 32. Interview 33. James 34. Jungle 35. Kwang Tung36. Kyd 37. Landfall 38. Latouche 39. Mangrove 40. Mask41. Mayo 42. Megapode 43.Montgomery 44.Narcondam45. North Brother 46.North Reef 47.North 48.Oliver49.Orchid 50.Ox 51.Oyester I 52.Oyester II 53.Paget54.Parkinson 55.Passage 56.Petric 57.Pitman 58.Peacock59.Point 60.Potanma 61.Ranger 62.Reef 63.Roper64.Ross 65.Rowe 66.Sandy 67.Sea Serpent 68.Shark69.Shearme 70.Sir Hugh Rose 71.Sisters 72.Snake Island73. Snake-I 74.South Brother 75.South Reef 76.South Sentinel 77.Spike II 78.Spike-I 79.Stoat 80.Surat81.Swamp 82.Table Dalgarno 83.Table(Excelsior)84.Talabaicha 85.Temple 86.Tillongchong 87.Tree 88.Trilby89.Tuft 90.Turtle 91.West 92.Wharf 93.White Cliff,https://moef.gov.in/uploads/2019/10/Andaman-and-Nicobar-Islands.pdf,"[{""title"":""Oliver"",""link"":""https://moef.gov.in/uploads/2017/06/48.OLIVER.jpg""}]",27/04/2016,S.O 1498(E),,none
13,Andaman and Nicobar Islands,Orchid Wildlife Sanctuary,Wildlife Sanctuary,Draft,2016-04-26,13. S.O 1498(E) [26.04.2016] Draft Notification declaring Eco sensitive Zone around the Union Territory of Andaman and Nicobar Islands (995.79 KB) (i). Maps of 4 National Parks of the 97 Island PAs of A&N Islands Rani Jhansi NP 2.Buttons NP (ii).Maps of 93 Wildlife Sanctuaries of the 97 Island PAs of A&N Islands Andman Group of Island PAs Nicobar Group of Island PAs (iii).Individual maps of 93 WLS of the 97 Island PAs of A&N Islands 1. Arial 2. Bamboo 3. Barren 4. Batti Malv 5. Belle 6.Bennette 7. Bingham 8. Blister 9. Bluff 10. Bondoville 11. Brush 12. Buchanan 13. Channel 14. Cinque Island 15. Clyde 16. Cone 17. Curlew Bp 18. Curlew 19. Defence 20. Dot 21. Dotrell 22. Duncan 23. East 24. Egg 25. Entrance26. Flat 27. Gander 28. Goose 29. Gurjan 30. Hump 31. Inglis 32. Interview 33. James 34. Jungle 35. Kwang Tung36. Kyd 37. Landfall 38. Latouche 39. Mangrove 40. Mask41. Mayo 42. Megapode 43.Montgomery 44.Narcondam45. North Brother 46.North Reef 47.North 48.Oliver49.Orchid 50.Ox 51.Oyester I 52.Oyester II 53.Paget54.Parkinson 55.Passage 56.Petric 57.Pitman 58.Peacock59.Point 60.Potanma 61.Ranger 62.Reef 63.Roper64.Ross 65.Rowe 66.Sandy 67.Sea Serpent 68.Shark69.Shearme 70.Sir Hugh Rose 71.Sisters 72.Snake Island73. Snake-I 74.South Brother 75.South Reef 76.South Sentinel 77.Spike II 78.Spike-I 79.Stoat 80.Surat81.Swamp 82.Table Dalgarno 83.Table(Excelsior)84.Talabaicha 85.Temple 86.Tillongchong 87.Tree 88.Trilby89.Tuft 90.Turtle 91.West 92.Wharf 93.White Cliff,https://moef.gov.in/uploads/2019/10/Andaman-and-Nicobar-Islands.pdf,"[{""title"":""Orchid"",""link"":""https://moef.gov.in/uploads/2017/06/49.ORCHID.jpg""}]",27/04/2016,S.O 1498(E),,none
13,Andaman and Nicobar Islands,Ox Wildlife Sanctuary,Wildlife Sanctuary,Draft,2016-04-26,13. S.O 1498(E) [26.04.2016] Draft Notification declaring Eco sensitive Zone around the Union Territory of Andaman and Nicobar Islands (995.79 KB) (i). Maps of 4 National Parks of the 97 Island PAs of A&N Islands Rani Jhansi NP 2.Buttons NP (ii).Maps of 93 Wildlife Sanctuaries of the 97 Island PAs of A&N Islands Andman Group of Island PAs Nicobar Group of Island PAs (iii).Individual maps of 93 WLS of the 97 Island PAs of A&N Islands 1. Arial 2. Bamboo 3. Barren 4. Batti Malv 5. Belle 6.Bennette 7. Bingham 8. Blister 9. Bluff 10. Bondoville 11. Brush 12. Buchanan 13. Channel 14. Cinque Island 15. Clyde 16. Cone 17. Curlew Bp 18. Curlew 19. Defence 20. Dot 21. Dotrell 22. Duncan 23. East 24. Egg 25. Entrance26. Flat 27. Gander 28. Goose 29. Gurjan 30. Hump 31. Inglis 32. Interview 33. James 34. Jungle 35. Kwang Tung36. Kyd 37. Landfall 38. Latouche 39. Mangrove 40. Mask41. Mayo 42. Megapode 43.Montgomery 44.Narcondam45. North Brother 46.North Reef 47.North 48.Oliver49.Orchid 50.Ox 51.Oyester I 52.Oyester II 53.Paget54.Parkinson 55.Passage 56.Petric 57.Pitman 58.Peacock59.Point 60.Potanma 61.Ranger 62.Reef 63.Roper64.Ross 65.Rowe 66.Sandy 67.Sea Serpent 68.Shark69.Shearme 70.Sir Hugh Rose 71.Sisters 72.Snake Island73. Snake-I 74.South Brother 75.South Reef 76.South Sentinel 77.Spike II 78.Spike-I 79.Stoat 80.Surat81.Swamp 82.Table Dalgarno 83.Table(Excelsior)84.Talabaicha 85.Temple 86.Tillongchong 87.Tree 88.Trilby89.Tuft 90.Turtle 91.West 92.Wharf 93.White Cliff,https://moef.gov.in/uploads/2019/10/Andaman-and-Nicobar-Islands.pdf,"[{""title"":""Ox"",""link"":""https://moef.gov.in/uploads/2017/06/50.OX_.jpg""}]",27/04/2016,S.O 1498(E),,none
13,Andaman and Nicobar Islands,Oyester I Wildlife Sanctuary,Wildlife Sanctuary,Draft,2016-04-26,13. S.O 1498(E) [26.04.2016] Draft Notification declaring Eco sensitive Zone around the Union Territory of Andaman and Nicobar Islands (995.79 KB) (i). Maps of 4 National Parks of the 97 Island PAs of A&N Islands Rani Jhansi NP 2.Buttons NP (ii).Maps of 93 Wildlife Sanctuaries of the 97 Island PAs of A&N Islands Andman Group of Island PAs Nicobar Group of Island PAs (iii).Individual maps of 93 WLS of the 97 Island PAs of A&N Islands 1. Arial 2. Bamboo 3. Barren 4. Batti Malv 5. Belle 6.Bennette 7. Bingham 8. Blister 9. Bluff 10. Bondoville 11. Brush 12. Buchanan 13. Channel 14. Cinque Island 15. Clyde 16. Cone 17. Curlew Bp 18. Curlew 19. Defence 20. Dot 21. Dotrell 22. Duncan 23. East 24. Egg 25. Entrance26. Flat 27. Gander 28. Goose 29. Gurjan 30. Hump 31. Inglis 32. Interview 33. James 34. Jungle 35. Kwang Tung36. Kyd 37. Landfall 38. Latouche 39. Mangrove 40. Mask41. Mayo 42. Megapode 43.Montgomery 44.Narcondam45. North Brother 46.North Reef 47.North 48.Oliver49.Orchid 50.Ox 51.Oyester I 52.Oyester II 53.Paget54.Parkinson 55.Passage 56.Petric 57.Pitman 58.Peacock59.Point 60.Potanma 61.Ranger 62.Reef 63.Roper64.Ross 65.Rowe 66.Sandy 67.Sea Serpent 68.Shark69.Shearme 70.Sir Hugh Rose 71.Sisters 72.Snake Island73. Snake-I 74.South Brother 75.South Reef 76.South Sentinel 77.Spike II 78.Spike-I 79.Stoat 80.Surat81.Swamp 82.Table Dalgarno 83.Table(Excelsior)84.Talabaicha 85.Temple 86.Tillongchong 87.Tree 88.Trilby89.Tuft 90.Turtle 91.West 92.Wharf 93.White Cliff,https://moef.gov.in/uploads/2019/10/Andaman-and-Nicobar-Islands.pdf,"[{""title"":""Oyester I"",""link"":""https://moef.gov.in/uploads/2017/06/51.OYESTER%20I.jpg""}]",27/04/2016,S.O 1498(E),,none
13,Andaman and Nicobar Islands,Oyester II Wildlife Sanctuary,Wildlife Sanctuary,Draft,2016-04-26,13. S.O 1498(E) [26.04.2016] Draft Notification declaring Eco sensitive Zone around the Union Territory of Andaman and Nicobar Islands (995.79 KB) (i). Maps of 4 National Parks of the 97 Island PAs of A&N Islands Rani Jhansi NP 2.Buttons NP (ii).Maps of 93 Wildlife Sanctuaries of the 97 Island PAs of A&N Islands Andman Group of Island PAs Nicobar Group of Island PAs (iii).Individual maps of 93 WLS of the 97 Island PAs of A&N Islands 1. Arial 2. Bamboo 3. Barren 4. Batti Malv 5. Belle 6.Bennette 7. Bingham 8. Blister 9. Bluff 10. Bondoville 11. Brush 12. Buchanan 13. Channel 14. Cinque Island 15. Clyde 16. Cone 17. Curlew Bp 18. Curlew 19. Defence 20. Dot 21. Dotrell 22. Duncan 23. East 24. Egg 25. Entrance26. Flat 27. Gander 28. Goose 29. Gurjan 30. Hump 31. Inglis 32. Interview 33. James 34. Jungle 35. Kwang Tung36. Kyd 37. Landfall 38. Latouche 39. Mangrove 40. Mask41. Mayo 42. Megapode 43.Montgomery 44.Narcondam45. North Brother 46.North Reef 47.North 48.Oliver49.Orchid 50.Ox 51.Oyester I 52.Oyester II 53.Paget54.Parkinson 55.Passage 56.Petric 57.Pitman 58.Peacock59.Point 60.Potanma 61.Ranger 62.Reef 63.Roper64.Ross 65.Rowe 66.Sandy 67.Sea Serpent 68.Shark69.Shearme 70.Sir Hugh Rose 71.Sisters 72.Snake Island73. Snake-I 74.South Brother 75.South Reef 76.South Sentinel 77.Spike II 78.Spike-I 79.Stoat 80.Surat81.Swamp 82.Table Dalgarno 83.Table(Excelsior)84.Talabaicha 85.Temple 86.Tillongchong 87.Tree 88.Trilby89.Tuft 90.Turtle 91.West 92.Wharf 93.White Cliff,https://moef.gov.in/uploads/2019/10/Andaman-and-Nicobar-Islands.pdf,"[{""title"":""Oyester II"",""link"":""https://moef.gov.in/uploads/2017/06/52.OYESTER%20II.jpg""}]",27/04/2016,S.O 1498(E),,none
13,Andaman and Nicobar Islands,Paget Wildlife Sanctuary,Wildlife Sanctuary,Draft,2016-04-26,13. S.O 1498(E) [26.04.2016] Draft Notification declaring Eco sensitive Zone around the Union Territory of Andaman and Nicobar Islands (995.79 KB) (i). Maps of 4 National Parks of the 97 Island PAs of A&N Islands Rani Jhansi NP 2.Buttons NP (ii).Maps of 93 Wildlife Sanctuaries of the 97 Island PAs of A&N Islands Andman Group of Island PAs Nicobar Group of Island PAs (iii).Individual maps of 93 WLS of the 97 Island PAs of A&N Islands 1. Arial 2. Bamboo 3. Barren 4. Batti Malv 5. Belle 6.Bennette 7. Bingham 8. Blister 9. Bluff 10. Bondoville 11. Brush 12. Buchanan 13. Channel 14. Cinque Island 15. Clyde 16. Cone 17. Curlew Bp 18. Curlew 19. Defence 20. Dot 21. Dotrell 22. Duncan 23. East 24. Egg 25. Entrance26. Flat 27. Gander 28. Goose 29. Gurjan 30. Hump 31. Inglis 32. Interview 33. James 34. Jungle 35. Kwang Tung36. Kyd 37. Landfall 38. Latouche 39. Mangrove 40. Mask41. Mayo 42. Megapode 43.Montgomery 44.Narcondam45. North Brother 46.North Reef 47.North 48.Oliver49.Orchid 50.Ox 51.Oyester I 52.Oyester II 53.Paget54.Parkinson 55.Passage 56.Petric 57.Pitman 58.Peacock59.Point 60.Potanma 61.Ranger 62.Reef 63.Roper64.Ross 65.Rowe 66.Sandy 67.Sea Serpent 68.Shark69.Shearme 70.Sir Hugh Rose 71.Sisters 72.Snake Island73. Snake-I 74.South Brother 75.South Reef 76.South Sentinel 77.Spike II 78.Spike-I 79.Stoat 80.Surat81.Swamp 82.Table Dalgarno 83.Table(Excelsior)84.Talabaicha 85.Temple 86.Tillongchong 87.Tree 88.Trilby89.Tuft 90.Turtle 91.West 92.Wharf 93.White Cliff,https://moef.gov.in/uploads/2019/10/Andaman-and-Nicobar-Islands.pdf,"[{""title"":""Paget"",""link"":""https://moef.gov.in/uploads/2017/06/53.PAGET_.jpg""}]",27/04/2016,S.O 1498(E),,none
13,Andaman and Nicobar Islands,Parkinson Wildlife Sanctuary,Wildlife Sanctuary,Draft,2016-04-26,13. S.O 1498(E) [26.04.2016] Draft Notification declaring Eco sensitive Zone around the Union Territory of Andaman and Nicobar Islands (995.79 KB) (i). Maps of 4 National Parks of the 97 Island PAs of A&N Islands Rani Jhansi NP 2.Buttons NP (ii).Maps of 93 Wildlife Sanctuaries of the 97 Island PAs of A&N Islands Andman Group of Island PAs Nicobar Group of Island PAs (iii).Individual maps of 93 WLS of the 97 Island PAs of A&N Islands 1. Arial 2. Bamboo 3. Barren 4. Batti Malv 5. Belle 6.Bennette 7. Bingham 8. Blister 9. Bluff 10. Bondoville 11. Brush 12. Buchanan 13. Channel 14. Cinque Island 15. Clyde 16. Cone 17. Curlew Bp 18. Curlew 19. Defence 20. Dot 21. Dotrell 22. Duncan 23. East 24. Egg 25. Entrance26. Flat 27. Gander 28. Goose 29. Gurjan 30. Hump 31. Inglis 32. Interview 33. James 34. Jungle 35. Kwang Tung36. Kyd 37. Landfall 38. Latouche 39. Mangrove 40. Mask41. Mayo 42. Megapode 43.Montgomery 44.Narcondam45. North Brother 46.North Reef 47.North 48.Oliver49.Orchid 50.Ox 51.Oyester I 52.Oyester II 53.Paget54.Parkinson 55.Passage 56.Petric 57.Pitman 58.Peacock59.Point 60.Potanma 61.Ranger 62.Reef 63.Roper64.Ross 65.Rowe 66.Sandy 67.Sea Serpent 68.Shark69.Shearme 70.Sir Hugh Rose 71.Sisters 72.Snake Island73. Snake-I 74.South Brother 75.South Reef 76.South Sentinel 77.Spike II 78.Spike-I 79.Stoat 80.Surat81.Swamp 82.Table Dalgarno 83.Table(Excelsior)84.Talabaicha 85.Temple 86.Tillongchong 87.Tree 88.Trilby89.Tuft 90.Turtle 91.West 92.Wharf 93.White Cliff,https://moef.gov.in/uploads/2019/10/Andaman-and-Nicobar-Islands.pdf,"[{""title"":""Parkinson"",""link"":""https://moef.gov.in/uploads/2017/06/54.PARKINSON.jpg""}]",27/04/2016,S.O 1498(E),,none
13,Andaman and Nicobar Islands,Passage Wildlife Sanctuary,Wildlife Sanctuary,Draft,2016-04-26,13. S.O 1498(E) [26.04.2016] Draft Notification declaring Eco sensitive Zone around the Union Territory of Andaman and Nicobar Islands (995.79 KB) (i). Maps of 4 National Parks of the 97 Island PAs of A&N Islands Rani Jhansi NP 2.Buttons NP (ii).Maps of 93 Wildlife Sanctuaries of the 97 Island PAs of A&N Islands Andman Group of Island PAs Nicobar Group of Island PAs (iii).Individual maps of 93 WLS of the 97 Island PAs of A&N Islands 1. Arial 2. Bamboo 3. Barren 4. Batti Malv 5. Belle 6.Bennette 7. Bingham 8. Blister 9. Bluff 10. Bondoville 11. Brush 12. Buchanan 13. Channel 14. Cinque Island 15. Clyde 16. Cone 17. Curlew Bp 18. Curlew 19. Defence 20. Dot 21. Dotrell 22. Duncan 23. East 24. Egg 25. Entrance26. Flat 27. Gander 28. Goose 29. Gurjan 30. Hump 31. Inglis 32. Interview 33. James 34. Jungle 35. Kwang Tung36. Kyd 37. Landfall 38. Latouche 39. Mangrove 40. Mask41. Mayo 42. Megapode 43.Montgomery 44.Narcondam45. North Brother 46.North Reef 47.North 48.Oliver49.Orchid 50.Ox 51.Oyester I 52.Oyester II 53.Paget54.Parkinson 55.Passage 56.Petric 57.Pitman 58.Peacock59.Point 60.Potanma 61.Ranger 62.Reef 63.Roper64.Ross 65.Rowe 66.Sandy 67.Sea Serpent 68.Shark69.Shearme 70.Sir Hugh Rose 71.Sisters 72.Snake Island73. Snake-I 74.South Brother 75.South Reef 76.South Sentinel 77.Spike II 78.Spike-I 79.Stoat 80.Surat81.Swamp 82.Table Dalgarno 83.Table(Excelsior)84.Talabaicha 85.Temple 86.Tillongchong 87.Tree 88.Trilby89.Tuft 90.Turtle 91.West 92.Wharf 93.White Cliff,https://moef.gov.in/uploads/2019/10/Andaman-and-Nicobar-Islands.pdf,"[{""title"":""Passage"",""link"":""https://moef.gov.in/uploads/2017/06/55.PASSAGE.jpg""}]",27/04/2016,S.O 1498(E),,none
13,Andaman and Nicobar Islands,Petric Wildlife Sanctuary,Wildlife Sanctuary,Draft,2016-04-26,13. S.O 1498(E) [26.04.2016] Draft Notification declaring Eco sensitive Zone around the Union Territory of Andaman and Nicobar Islands (995.79 KB) (i). Maps of 4 National Parks of the 97 Island PAs of A&N Islands Rani Jhansi NP 2.Buttons NP (ii).Maps of 93 Wildlife Sanctuaries of the 97 Island PAs of A&N Islands Andman Group of Island PAs Nicobar Group of Island PAs (iii).Individual maps of 93 WLS of the 97 Island PAs of A&N Islands 1. Arial 2. Bamboo 3. Barren 4. Batti Malv 5. Belle 6.Bennette 7. Bingham 8. Blister 9. Bluff 10. Bondoville 11. Brush 12. Buchanan 13. Channel 14. Cinque Island 15. Clyde 16. Cone 17. Curlew Bp 18. Curlew 19. Defence 20. Dot 21. Dotrell 22. Duncan 23. East 24. Egg 25. Entrance26. Flat 27. Gander 28. Goose 29. Gurjan 30. Hump 31. Inglis 32. Interview 33. James 34. Jungle 35. Kwang Tung36. Kyd 37. Landfall 38. Latouche 39. Mangrove 40. Mask41. Mayo 42. Megapode 43.Montgomery 44.Narcondam45. North Brother 46.North Reef 47.North 48.Oliver49.Orchid 50.Ox 51.Oyester I 52.Oyester II 53.Paget54.Parkinson 55.Passage 56.Petric 57.Pitman 58.Peacock59.Point 60.Potanma 61.Ranger 62.Reef 63.Roper64.Ross 65.Rowe 66.Sandy 67.Sea Serpent 68.Shark69.Shearme 70.Sir Hugh Rose 71.Sisters 72.Snake Island73. Snake-I 74.South Brother 75.South Reef 76.South Sentinel 77.Spike II 78.Spike-I 79.Stoat 80.Surat81.Swamp 82.Table Dalgarno 83.Table(Excelsior)84.Talabaicha 85.Temple 86.Tillongchong 87.Tree 88.Trilby89.Tuft 90.Turtle 91.West 92.Wharf 93.White Cliff,https://moef.gov.in/uploads/2019/10/Andaman-and-Nicobar-Islands.pdf,"[{""title"":""Petric"",""link"":""https://moef.gov.in/uploads/2017/06/56.PETRIC.jpg""}]",27/04/2016,S.O 1498(E),,none
13,Andaman and Nicobar Islands,Pitman Wildlife Sanctuary,Wildlife Sanctuary,Draft,2016-04-26,13. S.O 1498(E) [26.04.2016] Draft Notification declaring Eco sensitive Zone around the Union Territory of Andaman and Nicobar Islands (995.79 KB) (i). Maps of 4 National Parks of the 97 Island PAs of A&N Islands Rani Jhansi NP 2.Buttons NP (ii).Maps of 93 Wildlife Sanctuaries of the 97 Island PAs of A&N Islands Andman Group of Island PAs Nicobar Group of Island PAs (iii).Individual maps of 93 WLS of the 97 Island PAs of A&N Islands 1. Arial 2. Bamboo 3. Barren 4. Batti Malv 5. Belle 6.Bennette 7. Bingham 8. Blister 9. Bluff 10. Bondoville 11. Brush 12. Buchanan 13. Channel 14. Cinque Island 15. Clyde 16. Cone 17. Curlew Bp 18. Curlew 19. Defence 20. Dot 21. Dotrell 22. Duncan 23. East 24. Egg 25. Entrance26. Flat 27. Gander 28. Goose 29. Gurjan 30. Hump 31. Inglis 32. Interview 33. James 34. Jungle 35. Kwang Tung36. Kyd 37. Landfall 38. Latouche 39. Mangrove 40. Mask41. Mayo 42. Megapode 43.Montgomery 44.Narcondam45. North Brother 46.North Reef 47.North 48.Oliver49.Orchid 50.Ox 51.Oyester I 52.Oyester II 53.Paget54.Parkinson 55.Passage 56.Petric 57.Pitman 58.Peacock59.Point 60.Potanma 61.Ranger 62.Reef 63.Roper64.Ross 65.Rowe 66.Sandy 67.Sea Serpent 68.Shark69.Shearme 70.Sir Hugh Rose 71.Sisters 72.Snake Island73. Snake-I 74.South Brother 75.South Reef 76.South Sentinel 77.Spike II 78.Spike-I 79.Stoat 80.Surat81.Swamp 82.Table Dalgarno 83.Table(Excelsior)84.Talabaicha 85.Temple 86.Tillongchong 87.Tree 88.Trilby89.Tuft 90.Turtle 91.West 92.Wharf 93.White Cliff,https://moef.gov.in/uploads/2019/10/Andaman-and-Nicobar-Islands.pdf,"[{""title"":""Pitman"",""link"":""https://moef.gov.in/uploads/2017/06/57.PITMAN.jpg""}]",27/04/2016,S.O 1498(E),,none
13,Andaman and Nicobar Islands,Peacock Wildlife Sanctuary,Wildlife Sanctuary,Draft,2016-04-26,13. S.O 1498(E) [26.04.2016] Draft Notification declaring Eco sensitive Zone around the Union Territory of Andaman and Nicobar Islands (995.79 KB) (i). Maps of 4 National Parks of the 97 Island PAs of A&N Islands Rani Jhansi NP 2.Buttons NP (ii).Maps of 93 Wildlife Sanctuaries of the 97 Island PAs of A&N Islands Andman Group of Island PAs Nicobar Group of Island PAs (iii).Individual maps of 93 WLS of the 97 Island PAs of A&N Islands 1. Arial 2. Bamboo 3. Barren 4. Batti Malv 5. Belle 6.Bennette 7. Bingham 8. Blister 9. Bluff 10. Bondoville 11. Brush 12. Buchanan 13. Channel 14. Cinque Island 15. Clyde 16. Cone 17. Curlew Bp 18. Curlew 19. Defence 20. Dot 21. Dotrell 22. Duncan 23. East 24. Egg 25. Entrance26. Flat 27. Gander 28. Goose 29. Gurjan 30. Hump 31. Inglis 32. Interview 33. James 34. Jungle 35. Kwang Tung36. Kyd 37. Landfall 38. Latouche 39. Mangrove 40. Mask41. Mayo 42. Megapode 43.Montgomery 44.Narcondam45. North Brother 46.North Reef 47.North 48.Oliver49.Orchid 50.Ox 51.Oyester I 52.Oyester II 53.Paget54.Parkinson 55.Passage 56.Petric 57.Pitman 58.Peacock59.Point 60.Potanma 61.Ranger 62.Reef 63.Roper64.Ross 65.Rowe 66.Sandy 67.Sea Serpent 68.Shark69.Shearme 70.Sir Hugh Rose 71.Sisters 72.Snake Island73. Snake-I 74.South Brother 75.South Reef 76.South Sentinel 77.Spike II 78.Spike-I 79.Stoat 80.Surat81.Swamp 82.Table Dalgarno 83.Table(Excelsior)84.Talabaicha 85.Temple 86.Tillongchong 87.Tree 88.Trilby89.Tuft 90.Turtle 91.West 92.Wharf 93.White Cliff,https://moef.gov.in/uploads/2019/10/Andaman-and-Nicobar-Islands.pdf,"[{""title"":""Peacock"",""link"":""https://moef.gov.in/uploads/2017/06/58.PEACOCK.jpg""}]",27/04/2016,S.O 1498(E),,none
13,Andaman and Nicobar Islands,Point Wildlife Sanctuary,Wildlife Sanctuary,Draft,2016-04-26,13. S.O 1498(E) [26.04.2016] Draft Notification declaring Eco sensitive Zone around the Union Territory of Andaman and Nicobar Islands (995.79 KB) (i). Maps of 4 National Parks of the 97 Island PAs of A&N Islands Rani Jhansi NP 2.Buttons NP (ii).Maps of 93 Wildlife Sanctuaries of the 97 Island PAs of A&N Islands Andman Group of Island PAs Nicobar Group of Island PAs (iii).Individual maps of 93 WLS of the 97 Island PAs of A&N Islands 1. Arial 2. Bamboo 3. Barren 4. Batti Malv 5. Belle 6.Bennette 7. Bingham 8. Blister 9. Bluff 10. Bondoville 11. Brush 12. Buchanan 13. Channel 14. Cinque Island 15. Clyde 16. Cone 17. Curlew Bp 18. Curlew 19. Defence 20. Dot 21. Dotrell 22. Duncan 23. East 24. Egg 25. Entrance26. Flat 27. Gander 28. Goose 29. Gurjan 30. Hump 31. Inglis 32. Interview 33. James 34. Jungle 35. Kwang Tung36. Kyd 37. Landfall 38. Latouche 39. Mangrove 40. Mask41. Mayo 42. Megapode 43.Montgomery 44.Narcondam45. North Brother 46.North Reef 47.North 48.Oliver49.Orchid 50.Ox 51.Oyester I 52.Oyester II 53.Paget54.Parkinson 55.Passage 56.Petric 57.Pitman 58.Peacock59.Point 60.Potanma 61.Ranger 62.Reef 63.Roper64.Ross 65.Rowe 66.Sandy 67.Sea Serpent 68.Shark69.Shearme 70.Sir Hugh Rose 71.Sisters 72.Snake Island73. Snake-I 74.South Brother 75.South Reef 76.South Sentinel 77.Spike II 78.Spike-I 79.Stoat 80.Surat81.Swamp 82.Table Dalgarno 83.Table(Excelsior)84.Talabaicha 85.Temple 86.Tillongchong 87.Tree 88.Trilby89.Tuft 90.Turtle 91.West 92.Wharf 93.White Cliff,https://moef.gov.in/uploads/2019/10/Andaman-and-Nicobar-Islands.pdf,"[{""title"":""Point"",""link"":""https://moef.gov.in/uploads/2017/06/59.POINT_.jpg""}]",27/04/2016,S.O 1498(E),,none
13,Andaman and Nicobar Islands,Potanma Wildlife Sanctuary,Wildlife Sanctuary,Draft,2016-04-26,13. S.O 1498(E) [26.04.2016] Draft Notification declaring Eco sensitive Zone around the Union Territory of Andaman and Nicobar Islands (995.79 KB) (i). Maps of 4 National Parks of the 97 Island PAs of A&N Islands Rani Jhansi NP 2.Buttons NP (ii).Maps of 93 Wildlife Sanctuaries of the 97 Island PAs of A&N Islands Andman Group of Island PAs Nicobar Group of Island PAs (iii).Individual maps of 93 WLS of the 97 Island PAs of A&N Islands 1. Arial 2. Bamboo 3. Barren 4. Batti Malv 5. Belle 6.Bennette 7. Bingham 8. Blister 9. Bluff 10. Bondoville 11. Brush 12. Buchanan 13. Channel 14. Cinque Island 15. Clyde 16. Cone 17. Curlew Bp 18. Curlew 19. Defence 20. Dot 21. Dotrell 22. Duncan 23. East 24. Egg 25. Entrance26. Flat 27. Gander 28. Goose 29. Gurjan 30. Hump 31. Inglis 32. Interview 33. James 34. Jungle 35. Kwang Tung36. Kyd 37. Landfall 38. Latouche 39. Mangrove 40. Mask41. Mayo 42. Megapode 43.Montgomery 44.Narcondam45. North Brother 46.North Reef 47.North 48.Oliver49.Orchid 50.Ox 51.Oyester I 52.Oyester II 53.Paget54.Parkinson 55.Passage 56.Petric 57.Pitman 58.Peacock59.Point 60.Potanma 61.Ranger 62.Reef 63.Roper64.Ross 65.Rowe 66.Sandy 67.Sea Serpent 68.Shark69.Shearme 70.Sir Hugh Rose 71.Sisters 72.Snake Island73. Snake-I 74.South Brother 75.South Reef 76.South Sentinel 77.Spike II 78.Spike-I 79.Stoat 80.Surat81.Swamp 82.Table Dalgarno 83.Table(Excelsior)84.Talabaicha 85.Temple 86.Tillongchong 87.Tree 88.Trilby89.Tuft 90.Turtle 91.West 92.Wharf 93.White Cliff,https://moef.gov.in/uploads/2019/10/Andaman-and-Nicobar-Islands.pdf,"[{""title"":""Potanma"",""link"":""https://moef.gov.in/uploads/2017/06/60.POTANMA.jpg""}]",27/04/2016,S.O 1498(E),,none
13,Andaman and Nicobar Islands,Ranger Wildlife Sanctuary,Wildlife Sanctuary,Draft,2016-04-26,13. S.O 1498(E) [26.04.2016] Draft Notification declaring Eco sensitive Zone around the Union Territory of Andaman and Nicobar Islands (995.79 KB) (i). Maps of 4 National Parks of the 97 Island PAs of A&N Islands Rani Jhansi NP 2.Buttons NP (ii).Maps of 93 Wildlife Sanctuaries of the 97 Island PAs of A&N Islands Andman Group of Island PAs Nicobar Group of Island PAs (iii).Individual maps of 93 WLS of the 97 Island PAs of A&N Islands 1. Arial 2. Bamboo 3. Barren 4. Batti Malv 5. Belle 6.Bennette 7. Bingham 8. Blister 9. Bluff 10. Bondoville 11. Brush 12. Buchanan 13. Channel 14. Cinque Island 15. Clyde 16. Cone 17. Curlew Bp 18. Curlew 19. Defence 20. Dot 21. Dotrell 22. Duncan 23. East 24. Egg 25. Entrance26. Flat 27. Gander 28. Goose 29. Gurjan 30. Hump 31. Inglis 32. Interview 33. James 34. Jungle 35. Kwang Tung36. Kyd 37. Landfall 38. Latouche 39. Mangrove 40. Mask41. Mayo 42. Megapode 43.Montgomery 44.Narcondam45. North Brother 46.North Reef 47.North 48.Oliver49.Orchid 50.Ox 51.Oyester I 52.Oyester II 53.Paget54.Parkinson 55.Passage 56.Petric 57.Pitman 58.Peacock59.Point 60.Potanma 61.Ranger 62.Reef 63.Roper64.Ross 65.Rowe 66.Sandy 67.Sea Serpent 68.Shark69.Shearme 70.Sir Hugh Rose 71.Sisters 72.Snake Island73. Snake-I 74.South Brother 75.South Reef 76.South Sentinel 77.Spike II 78.Spike-I 79.Stoat 80.Surat81.Swamp 82.Table Dalgarno 83.Table(Excelsior)84.Talabaicha 85.Temple 86.Tillongchong 87.Tree 88.Trilby89.Tuft 90.Turtle 91.West 92.Wharf 93.White Cliff,https://moef.gov.in/uploads/2019/10/Andaman-and-Nicobar-Islands.pdf,"[{""title"":""Ranger"",""link"":""https://moef.gov.in/uploads/2017/06/61.RANGER.jpg""}]",27/04/2016,S.O 1498(E),,none
13,Andaman and Nicobar Islands,Reef Wildlife Sanctuary,Wildlife Sanctuary,Draft,2016-04-26,13. S.O 1498(E) [26.04.2016] Draft Notification declaring Eco sensitive Zone around the Union Territory of Andaman and Nicobar Islands (995.79 KB) (i). Maps of 4 National Parks of the 97 Island PAs of A&N Islands Rani Jhansi NP 2.Buttons NP (ii).Maps of 93 Wildlife Sanctuaries of the 97 Island PAs of A&N Islands Andman Group of Island PAs Nicobar Group of Island PAs (iii).Individual maps of 93 WLS of the 97 Island PAs of A&N Islands 1. Arial 2. Bamboo 3. Barren 4. Batti Malv 5. Belle 6.Bennette 7. Bingham 8. Blister 9. Bluff 10. Bondoville 11. Brush 12. Buchanan 13. Channel 14. Cinque Island 15. Clyde 16. Cone 17. Curlew Bp 18. Curlew 19. Defence 20. Dot 21. Dotrell 22. Duncan 23. East 24. Egg 25. Entrance26. Flat 27. Gander 28. Goose 29. Gurjan 30. Hump 31. Inglis 32. Interview 33. James 34. Jungle 35. Kwang Tung36. Kyd 37. Landfall 38. Latouche 39. Mangrove 40. Mask41. Mayo 42. Megapode 43.Montgomery 44.Narcondam45. North Brother 46.North Reef 47.North 48.Oliver49.Orchid 50.Ox 51.Oyester I 52.Oyester II 53.Paget54.Parkinson 55.Passage 56.Petric 57.Pitman 58.Peacock59.Point 60.Potanma 61.Ranger 62.Reef 63.Roper64.Ross 65.Rowe 66.Sandy 67.Sea Serpent 68.Shark69.Shearme 70.Sir Hugh Rose 71.Sisters 72.Snake Island73. Snake-I 74.South Brother 75.South Reef 76.South Sentinel 77.Spike II 78.Spike-I 79.Stoat 80.Surat81.Swamp 82.Table Dalgarno 83.Table(Excelsior)84.Talabaicha 85.Temple 86.Tillongchong 87.Tree 88.Trilby89.Tuft 90.Turtle 91.West 92.Wharf 93.White Cliff,https://moef.gov.in/uploads/2019/10/Andaman-and-Nicobar-Islands.pdf,"[{""title"":""Reef"",""link"":""https://moef.gov.in/uploads/2017/06/62.REEF_.jpg""}]",27/04/2016,S.O 1498(E),,none
13,Andaman and Nicobar Islands,Roper Wildlife Sanctuary,Wildlife Sanctuary,Draft,2016-04-26,13. S.O 1498(E) [26.04.2016] Draft Notification declaring Eco sensitive Zone around the Union Territory of Andaman and Nicobar Islands (995.79 KB) (i). Maps of 4 National Parks of the 97 Island PAs of A&N Islands Rani Jhansi NP 2.Buttons NP (ii).Maps of 93 Wildlife Sanctuaries of the 97 Island PAs of A&N Islands Andman Group of Island PAs Nicobar Group of Island PAs (iii).Individual maps of 93 WLS of the 97 Island PAs of A&N Islands 1. Arial 2. Bamboo 3. Barren 4. Batti Malv 5. Belle 6.Bennette 7. Bingham 8. Blister 9. Bluff 10. Bondoville 11. Brush 12. Buchanan 13. Channel 14. Cinque Island 15. Clyde 16. Cone 17. Curlew Bp 18. Curlew 19. Defence 20. Dot 21. Dotrell 22. Duncan 23. East 24. Egg 25. Entrance26. Flat 27. Gander 28. Goose 29. Gurjan 30. Hump 31. Inglis 32. Interview 33. James 34. Jungle 35. Kwang Tung36. Kyd 37. Landfall 38. Latouche 39. Mangrove 40. Mask41. Mayo 42. Megapode 43.Montgomery 44.Narcondam45. North Brother 46.North Reef 47.North 48.Oliver49.Orchid 50.Ox 51.Oyester I 52.Oyester II 53.Paget54.Parkinson 55.Passage 56.Petric 57.Pitman 58.Peacock59.Point 60.Potanma 61.Ranger 62.Reef 63.Roper64.Ross 65.Rowe 66.Sandy 67.Sea Serpent 68.Shark69.Shearme 70.Sir Hugh Rose 71.Sisters 72.Snake Island73. Snake-I 74.South Brother 75.South Reef 76.South Sentinel 77.Spike II 78.Spike-I 79.Stoat 80.Surat81.Swamp 82.Table Dalgarno 83.Table(Excelsior)84.Talabaicha 85.Temple 86.Tillongchong 87.Tree 88.Trilby89.Tuft 90.Turtle 91.West 92.Wharf 93.White Cliff,https://moef.gov.in/uploads/2019/10/Andaman-and-Nicobar-Islands.pdf,"[{""title"":""Roper"",""link"":""https://moef.gov.in/uploads/2017/06/63.ROPER_.jpg""}]",27/04/2016,S.O 1498(E),,none
13,Andaman and Nicobar Islands,Ross Wildlife Sanctuary,Wildlife Sanctuary,Draft,2016-04-26,13. S.O 1498(E) [26.04.2016] Draft Notification declaring Eco sensitive Zone around the Union Territory of Andaman and Nicobar Islands (995.79 KB) (i). Maps of 4 National Parks of the 97 Island PAs of A&N Islands Rani Jhansi NP 2.Buttons NP (ii).Maps of 93 Wildlife Sanctuaries of the 97 Island PAs of A&N Islands Andman Group of Island PAs Nicobar Group of Island PAs (iii).Individual maps of 93 WLS of the 97 Island PAs of A&N Islands 1. Arial 2. Bamboo 3. Barren 4. Batti Malv 5. Belle 6.Bennette 7. Bingham 8. Blister 9. Bluff 10. Bondoville 11. Brush 12. Buchanan 13. Channel 14. Cinque Island 15. Clyde 16. Cone 17. Curlew Bp 18. Curlew 19. Defence 20. Dot 21. Dotrell 22. Duncan 23. East 24. Egg 25. Entrance26. Flat 27. Gander 28. Goose 29. Gurjan 30. Hump 31. Inglis 32. Interview 33. James 34. Jungle 35. Kwang Tung36. Kyd 37. Landfall 38. Latouche 39. Mangrove 40. Mask41. Mayo 42. Megapode 43.Montgomery 44.Narcondam45. North Brother 46.North Reef 47.North 48.Oliver49.Orchid 50.Ox 51.Oyester I 52.Oyester II 53.Paget54.Parkinson 55.Passage 56.Petric 57.Pitman 58.Peacock59.Point 60.Potanma 61.Ranger 62.Reef 63.Roper64.Ross 65.Rowe 66.Sandy 67.Sea Serpent 68.Shark69.Shearme 70.Sir Hugh Rose 71.Sisters 72.Snake Island73. Snake-I 74.South Brother 75.South Reef 76.South Sentinel 77.Spike II 78.Spike-I 79.Stoat 80.Surat81.Swamp 82.Table Dalgarno 83.Table(Excelsior)84.Talabaicha 85.Temple 86.Tillongchong 87.Tree 88.Trilby89.Tuft 90.Turtle 91.West 92.Wharf 93.White Cliff,https://moef.gov.in/uploads/2019/10/Andaman-and-Nicobar-Islands.pdf,"[{""title"":""Ross"",""link"":""https://moef.gov.in/uploads/2017/06/64.ROSS_.jpg""}]",27/04/2016,S.O 1498(E),,none
13,Andaman and Nicobar Islands,Rowe Wildlife Sanctuary,Wildlife Sanctuary,Draft,2016-04-26,13. S.O 1498(E) [26.04.2016] Draft Notification declaring Eco sensitive Zone around the Union Territory of Andaman and Nicobar Islands (995.79 KB) (i). Maps of 4 National Parks of the 97 Island PAs of A&N Islands Rani Jhansi NP 2.Buttons NP (ii).Maps of 93 Wildlife Sanctuaries of the 97 Island PAs of A&N Islands Andman Group of Island PAs Nicobar Group of Island PAs (iii).Individual maps of 93 WLS of the 97 Island PAs of A&N Islands 1. Arial 2. Bamboo 3. Barren 4. Batti Malv 5. Belle 6.Bennette 7. Bingham 8. Blister 9. Bluff 10. Bondoville 11. Brush 12. Buchanan 13. Channel 14. Cinque Island 15. Clyde 16. Cone 17. Curlew Bp 18. Curlew 19. Defence 20. Dot 21. Dotrell 22. Duncan 23. East 24. Egg 25. Entrance26. Flat 27. Gander 28. Goose 29. Gurjan 30. Hump 31. Inglis 32. Interview 33. James 34. Jungle 35. Kwang Tung36. Kyd 37. Landfall 38. Latouche 39. Mangrove 40. Mask41. Mayo 42. Megapode 43.Montgomery 44.Narcondam45. North Brother 46.North Reef 47.North 48.Oliver49.Orchid 50.Ox 51.Oyester I 52.Oyester II 53.Paget54.Parkinson 55.Passage 56.Petric 57.Pitman 58.Peacock59.Point 60.Potanma 61.Ranger 62.Reef 63.Roper64.Ross 65.Rowe 66.Sandy 67.Sea Serpent 68.Shark69.Shearme 70.Sir Hugh Rose 71.Sisters 72.Snake Island73. Snake-I 74.South Brother 75.South Reef 76.South Sentinel 77.Spike II 78.Spike-I 79.Stoat 80.Surat81.Swamp 82.Table Dalgarno 83.Table(Excelsior)84.Talabaicha 85.Temple 86.Tillongchong 87.Tree 88.Trilby89.Tuft 90.Turtle 91.West 92.Wharf 93.White Cliff,https://moef.gov.in/uploads/2019/10/Andaman-and-Nicobar-Islands.pdf,"[{""title"":""Rowe"",""link"":""https://moef.gov.in/uploads/2017/06/65.ROWE_.jpg""}]",27/04/2016,S.O 1498(E),,none
13,Andaman and Nicobar Islands,Sandy Wildlife Sanctuary,Wildlife Sanctuary,Draft,2016-04-26,13. S.O 1498(E) [26.04.2016] Draft Notification declaring Eco sensitive Zone around the Union Territory of Andaman and Nicobar Islands (995.79 KB) (i). Maps of 4 National Parks of the 97 Island PAs of A&N Islands Rani Jhansi NP 2.Buttons NP (ii).Maps of 93 Wildlife Sanctuaries of the 97 Island PAs of A&N Islands Andman Group of Island PAs Nicobar Group of Island PAs (iii).Individual maps of 93 WLS of the 97 Island PAs of A&N Islands 1. Arial 2. Bamboo 3. Barren 4. Batti Malv 5. Belle 6.Bennette 7. Bingham 8. Blister 9. Bluff 10. Bondoville 11. Brush 12. Buchanan 13. Channel 14. Cinque Island 15. Clyde 16. Cone 17. Curlew Bp 18. Curlew 19. Defence 20. Dot 21. Dotrell 22. Duncan 23. East 24. Egg 25. Entrance26. Flat 27. Gander 28. Goose 29. Gurjan 30. Hump 31. Inglis 32. Interview 33. James 34. Jungle 35. Kwang Tung36. Kyd 37. Landfall 38. Latouche 39. Mangrove 40. Mask41. Mayo 42. Megapode 43.Montgomery 44.Narcondam45. North Brother 46.North Reef 47.North 48.Oliver49.Orchid 50.Ox 51.Oyester I 52.Oyester II 53.Paget54.Parkinson 55.Passage 56.Petric 57.Pitman 58.Peacock59.Point 60.Potanma 61.Ranger 62.Reef 63.Roper64.Ross 65.Rowe 66.Sandy 67.Sea Serpent 68.Shark69.Shearme 70.Sir Hugh Rose 71.Sisters 72.Snake Island73. Snake-I 74.South Brother 75.South Reef 76.South Sentinel 77.Spike II 78.Spike-I 79.Stoat 80.Surat81.Swamp 82.Table Dalgarno 83.Table(Excelsior)84.Talabaicha 85.Temple 86.Tillongchong 87.Tree 88.Trilby89.Tuft 90.Turtle 91.West 92.Wharf 93.White Cliff,https://moef.gov.in/uploads/2019/10/Andaman-and-Nicobar-Islands.pdf,"[{""title"":""Sandy"",""link"":""https://moef.gov.in/uploads/2017/06/66.SANDY_.jpg""}]",27/04/2016,S.O 1498(E),,none
13,Andaman and Nicobar Islands,Sea Serpent Wildlife Sanctuary,Wildlife Sanctuary,Draft,2016-04-26,13. S.O 1498(E) [26.04.2016] Draft Notification declaring Eco sensitive Zone around the Union Territory of Andaman and Nicobar Islands (995.79 KB) (i). Maps of 4 National Parks of the 97 Island PAs of A&N Islands Rani Jhansi NP 2.Buttons NP (ii).Maps of 93 Wildlife Sanctuaries of the 97 Island PAs of A&N Islands Andman Group of Island PAs Nicobar Group of Island PAs (iii).Individual maps of 93 WLS of the 97 Island PAs of A&N Islands 1. Arial 2. Bamboo 3. Barren 4. Batti Malv 5. Belle 6.Bennette 7. Bingham 8. Blister 9. Bluff 10. Bondoville 11. Brush 12. Buchanan 13. Channel 14. Cinque Island 15. Clyde 16. Cone 17. Curlew Bp 18. Curlew 19. Defence 20. Dot 21. Dotrell 22. Duncan 23. East 24. Egg 25. Entrance26. Flat 27. Gander 28. Goose 29. Gurjan 30. Hump 31. Inglis 32. Interview 33. James 34. Jungle 35. Kwang Tung36. Kyd 37. Landfall 38. Latouche 39. Mangrove 40. Mask41. Mayo 42. Megapode 43.Montgomery 44.Narcondam45. North Brother 46.North Reef 47.North 48.Oliver49.Orchid 50.Ox 51.Oyester I 52.Oyester II 53.Paget54.Parkinson 55.Passage 56.Petric 57.Pitman 58.Peacock59.Point 60.Potanma 61.Ranger 62.Reef 63.Roper64.Ross 65.Rowe 66.Sandy 67.Sea Serpent 68.Shark69.Shearme 70.Sir Hugh Rose 71.Sisters 72.Snake Island73. Snake-I 74.South Brother 75.South Reef 76.South Sentinel 77.Spike II 78.Spike-I 79.Stoat 80.Surat81.Swamp 82.Table Dalgarno 83.Table(Excelsior)84.Talabaicha 85.Temple 86.Tillongchong 87.Tree 88.Trilby89.Tuft 90.Turtle 91.West 92.Wharf 93.White Cliff,https://moef.gov.in/uploads/2019/10/Andaman-and-Nicobar-Islands.pdf,"[{""title"":""Sea Serpent"",""link"":""https://moef.gov.in/uploads/2017/06/67.SEA%20SERPENT.jpg""}]",27/04/2016,S.O 1498(E),,none
13,Andaman and Nicobar Islands,Shark Wildlife Sanctuary,Wildlife Sanctuary,Draft,2016-04-26,13. S.O 1498(E) [26.04.2016] Draft Notification declaring Eco sensitive Zone around the Union Territory of Andaman and Nicobar Islands (995.79 KB) (i). Maps of 4 National Parks of the 97 Island PAs of A&N Islands Rani Jhansi NP 2.Buttons NP (ii).Maps of 93 Wildlife Sanctuaries of the 97 Island PAs of A&N Islands Andman Group of Island PAs Nicobar Group of Island PAs (iii).Individual maps of 93 WLS of the 97 Island PAs of A&N Islands 1. Arial 2. Bamboo 3. Barren 4. Batti Malv 5. Belle 6.Bennette 7. Bingham 8. Blister 9. Bluff 10. Bondoville 11. Brush 12. Buchanan 13. Channel 14. Cinque Island 15. Clyde 16. Cone 17. Curlew Bp 18. Curlew 19. Defence 20. Dot 21. Dotrell 22. Duncan 23. East 24. Egg 25. Entrance26. Flat 27. Gander 28. Goose 29. Gurjan 30. Hump 31. Inglis 32. Interview 33. James 34. Jungle 35. Kwang Tung36. Kyd 37. Landfall 38. Latouche 39. Mangrove 40. Mask41. Mayo 42. Megapode 43.Montgomery 44.Narcondam45. North Brother 46.North Reef 47.North 48.Oliver49.Orchid 50.Ox 51.Oyester I 52.Oyester II 53.Paget54.Parkinson 55.Passage 56.Petric 57.Pitman 58.Peacock59.Point 60.Potanma 61.Ranger 62.Reef 63.Roper64.Ross 65.Rowe 66.Sandy 67.Sea Serpent 68.Shark69.Shearme 70.Sir Hugh Rose 71.Sisters 72.Snake Island73. Snake-I 74.South Brother 75.South Reef 76.South Sentinel 77.Spike II 78.Spike-I 79.Stoat 80.Surat81.Swamp 82.Table Dalgarno 83.Table(Excelsior)84.Talabaicha 85.Temple 86.Tillongchong 87.Tree 88.Trilby89.Tuft 90.Turtle 91.West 92.Wharf 93.White Cliff,https://moef.gov.in/uploads/2019/10/Andaman-and-Nicobar-Islands.pdf,"[{""title"":""Shark"",""link"":""https://moef.gov.in/uploads/2017/06/68.SHARK_.jpg""}]",27/04/2016,S.O 1498(E),,none
13,Andaman and Nicobar Islands,Shearme Wildlife Sanctuary,Wildlife Sanctuary,Draft,2016-04-26,13. S.O 1498(E) [26.04.2016] Draft Notification declaring Eco sensitive Zone around the Union Territory of Andaman and Nicobar Islands (995.79 KB) (i). Maps of 4 National Parks of the 97 Island PAs of A&N Islands Rani Jhansi NP 2.Buttons NP (ii).Maps of 93 Wildlife Sanctuaries of the 97 Island PAs of A&N Islands Andman Group of Island PAs Nicobar Group of Island PAs (iii).Individual maps of 93 WLS of the 97 Island PAs of A&N Islands 1. Arial 2. Bamboo 3. Barren 4. Batti Malv 5. Belle 6.Bennette 7. Bingham 8. Blister 9. Bluff 10. Bondoville 11. Brush 12. Buchanan 13. Channel 14. Cinque Island 15. Clyde 16. Cone 17. Curlew Bp 18. Curlew 19. Defence 20. Dot 21. Dotrell 22. Duncan 23. East 24. Egg 25. Entrance26. Flat 27. Gander 28. Goose 29. Gurjan 30. Hump 31. Inglis 32. Interview 33. James 34. Jungle 35. Kwang Tung36. Kyd 37. Landfall 38. Latouche 39. Mangrove 40. Mask41. Mayo 42. Megapode 43.Montgomery 44.Narcondam45. North Brother 46.North Reef 47.North 48.Oliver49.Orchid 50.Ox 51.Oyester I 52.Oyester II 53.Paget54.Parkinson 55.Passage 56.Petric 57.Pitman 58.Peacock59.Point 60.Potanma 61.Ranger 62.Reef 63.Roper64.Ross 65.Rowe 66.Sandy 67.Sea Serpent 68.Shark69.Shearme 70.Sir Hugh Rose 71.Sisters 72.Snake Island73. Snake-I 74.South Brother 75.South Reef 76.South Sentinel 77.Spike II 78.Spike-I 79.Stoat 80.Surat81.Swamp 82.Table Dalgarno 83.Table(Excelsior)84.Talabaicha 85.Temple 86.Tillongchong 87.Tree 88.Trilby89.Tuft 90.Turtle 91.West 92.Wharf 93.White Cliff,https://moef.gov.in/uploads/2019/10/Andaman-and-Nicobar-Islands.pdf,"[{""title"":""Shearme"",""link"":""https://moef.gov.in/uploads/2017/06/69.SHEARME.jpg""}]",27/04/2016,S.O 1498(E),,none
13,Andaman and Nicobar Islands,Sir Hugh Rose Wildlife Sanctuary,Wildlife Sanctuary,Draft,2016-04-26,13. S.O 1498(E) [26.04.2016] Draft Notification declaring Eco sensitive Zone around the Union Territory of Andaman and Nicobar Islands (995.79 KB) (i). Maps of 4 National Parks of the 97 Island PAs of A&N Islands Rani Jhansi NP 2.Buttons NP (ii).Maps of 93 Wildlife Sanctuaries of the 97 Island PAs of A&N Islands Andman Group of Island PAs Nicobar Group of Island PAs (iii).Individual maps of 93 WLS of the 97 Island PAs of A&N Islands 1. Arial 2. Bamboo 3. Barren 4. Batti Malv 5. Belle 6.Bennette 7. Bingham 8. Blister 9. Bluff 10. Bondoville 11. Brush 12. Buchanan 13. Channel 14. Cinque Island 15. Clyde 16. Cone 17. Curlew Bp 18. Curlew 19. Defence 20. Dot 21. Dotrell 22. Duncan 23. East 24. Egg 25. Entrance26. Flat 27. Gander 28. Goose 29. Gurjan 30. Hump 31. Inglis 32. Interview 33. James 34. Jungle 35. Kwang Tung36. Kyd 37. Landfall 38. Latouche 39. Mangrove 40. Mask41. Mayo 42. Megapode 43.Montgomery 44.Narcondam45. North Brother 46.North Reef 47.North 48.Oliver49.Orchid 50.Ox 51.Oyester I 52.Oyester II 53.Paget54.Parkinson 55.Passage 56.Petric 57.Pitman 58.Peacock59.Point 60.Potanma 61.Ranger 62.Reef 63.Roper64.Ross 65.Rowe 66.Sandy 67.Sea Serpent 68.Shark69.Shearme 70.Sir Hugh Rose 71.Sisters 72.Snake Island73. Snake-I 74.South Brother 75.South Reef 76.South Sentinel 77.Spike II 78.Spike-I 79.Stoat 80.Surat81.Swamp 82.Table Dalgarno 83.Table(Excelsior)84.Talabaicha 85.Temple 86.Tillongchong 87.Tree 88.Trilby89.Tuft 90.Turtle 91.West 92.Wharf 93.White Cliff,https://moef.gov.in/uploads/2019/10/Andaman-and-Nicobar-Islands.pdf,"[{""title"":""Sir Hugh Rose"",""link"":""https://moef.gov.in/uploads/2017/06/70.SIR%20HUGH%20ROSE.jpg""}]",27/04/2016,S.O 1498(E),,none
13,Andaman and Nicobar Islands,Sisters Wildlife Sanctuary,Wildlife Sanctuary,Draft,2016-04-26,13. S.O 1498(E) [26.04.2016] Draft Notification declaring Eco sensitive Zone around the Union Territory of Andaman and Nicobar Islands (995.79 KB) (i). Maps of 4 National Parks of the 97 Island PAs of A&N Islands Rani Jhansi NP 2.Buttons NP (ii).Maps of 93 Wildlife Sanctuaries of the 97 Island PAs of A&N Islands Andman Group of Island PAs Nicobar Group of Island PAs (iii).Individual maps of 93 WLS of the 97 Island PAs of A&N Islands 1. Arial 2. Bamboo 3. Barren 4. Batti Malv 5. Belle 6.Bennette 7. Bingham 8. Blister 9. Bluff 10. Bondoville 11. Brush 12. Buchanan 13. Channel 14. Cinque Island 15. Clyde 16. Cone 17. Curlew Bp 18. Curlew 19. Defence 20. Dot 21. Dotrell 22. Duncan 23. East 24. Egg 25. Entrance26. Flat 27. Gander 28. Goose 29. Gurjan 30. Hump 31. Inglis 32. Interview 33. James 34. Jungle 35. Kwang Tung36. Kyd 37. Landfall 38. Latouche 39. Mangrove 40. Mask41. Mayo 42. Megapode 43.Montgomery 44.Narcondam45. North Brother 46.North Reef 47.North 48.Oliver49.Orchid 50.Ox 51.Oyester I 52.Oyester II 53.Paget54.Parkinson 55.Passage 56.Petric 57.Pitman 58.Peacock59.Point 60.Potanma 61.Ranger 62.Reef 63.Roper64.Ross 65.Rowe 66.Sandy 67.Sea Serpent 68.Shark69.Shearme 70.Sir Hugh Rose 71.Sisters 72.Snake Island73. Snake-I 74.South Brother 75.South Reef 76.South Sentinel 77.Spike II 78.Spike-I 79.Stoat 80.Surat81.Swamp 82.Table Dalgarno 83.Table(Excelsior)84.Talabaicha 85.Temple 86.Tillongchong 87.Tree 88.Trilby89.Tuft 90.Turtle 91.West 92.Wharf 93.White Cliff,https://moef.gov.in/uploads/2019/10/Andaman-and-Nicobar-Islands.pdf,"[{""title"":""Sisters"",""link"":""https://moef.gov.in/uploads/2017/06/71.SISTERS.jpg""}]",27/04/2016,S.O 1498(E),,none
13,Andaman and Nicobar Islands,Snake Island Wildlife Sanctuary,Wildlife Sanctuary,Draft,2016-04-26,13. S.O 1498(E) [26.04.2016] Draft Notification declaring Eco sensitive Zone around the Union Territory of Andaman and Nicobar Islands (995.79 KB) (i). Maps of 4 National Parks of the 97 Island PAs of A&N Islands Rani Jhansi NP 2.Buttons NP (ii).Maps of 93 Wildlife Sanctuaries of the 97 Island PAs of A&N Islands Andman Group of Island PAs Nicobar Group of Island PAs (iii).Individual maps of 93 WLS of the 97 Island PAs of A&N Islands 1. Arial 2. Bamboo 3. Barren 4. Batti Malv 5. Belle 6.Bennette 7. Bingham 8. Blister 9. Bluff 10. Bondoville 11. Brush 12. Buchanan 13. Channel 14. Cinque Island 15. Clyde 16. Cone 17. Curlew Bp 18. Curlew 19. Defence 20. Dot 21. Dotrell 22. Duncan 23. East 24. Egg 25. Entrance26. Flat 27. Gander 28. Goose 29. Gurjan 30. Hump 31. Inglis 32. Interview 33. James 34. Jungle 35. Kwang Tung36. Kyd 37. Landfall 38. Latouche 39. Mangrove 40. Mask41. Mayo 42. Megapode 43.Montgomery 44.Narcondam45. North Brother 46.North Reef 47.North 48.Oliver49.Orchid 50.Ox 51.Oyester I 52.Oyester II 53.Paget54.Parkinson 55.Passage 56.Petric 57.Pitman 58.Peacock59.Point 60.Potanma 61.Ranger 62.Reef 63.Roper64.Ross 65.Rowe 66.Sandy 67.Sea Serpent 68.Shark69.Shearme 70.Sir Hugh Rose 71.Sisters 72.Snake Island73. Snake-I 74.South Brother 75.South Reef 76.South Sentinel 77.Spike II 78.Spike-I 79.Stoat 80.Surat81.Swamp 82.Table Dalgarno 83.Table(Excelsior)84.Talabaicha 85.Temple 86.Tillongchong 87.Tree 88.Trilby89.Tuft 90.Turtle 91.West 92.Wharf 93.White Cliff,https://moef.gov.in/uploads/2019/10/Andaman-and-Nicobar-Islands.pdf,"[{""title"":""Snake Island"",""link"":""https://moef.gov.in/uploads/2017/06/72.SNAKE%20ISLAND.jpg""}]",27/04/2016,S.O 1498(E),,none
13,Andaman and Nicobar Islands,Snake-I Wildlife Sanctuary,Wildlife Sanctuary,Draft,2016-04-26,13. S.O 1498(E) [26.04.2016] Draft Notification declaring Eco sensitive Zone around the Union Territory of Andaman and Nicobar Islands (995.79 KB) (i). Maps of 4 National Parks of the 97 Island PAs of A&N Islands Rani Jhansi NP 2.Buttons NP (ii).Maps of 93 Wildlife Sanctuaries of the 97 Island PAs of A&N Islands Andman Group of Island PAs Nicobar Group of Island PAs (iii).Individual maps of 93 WLS of the 97 Island PAs of A&N Islands 1. Arial 2. Bamboo 3. Barren 4. Batti Malv 5. Belle 6.Bennette 7. Bingham 8. Blister 9. Bluff 10. Bondoville 11. Brush 12. Buchanan 13. Channel 14. Cinque Island 15. Clyde 16. Cone 17. Curlew Bp 18. Curlew 19. Defence 20. Dot 21. Dotrell 22. Duncan 23. East 24. Egg 25. Entrance26. Flat 27. Gander 28. Goose 29. Gurjan 30. Hump 31. Inglis 32. Interview 33. James 34. Jungle 35. Kwang Tung36. Kyd 37. Landfall 38. Latouche 39. Mangrove 40. Mask41. Mayo 42. Megapode 43.Montgomery 44.Narcondam45. North Brother 46.North Reef 47.North 48.Oliver49.Orchid 50.Ox 51.Oyester I 52.Oyester II 53.Paget54.Parkinson 55.Passage 56.Petric 57.Pitman 58.Peacock59.Point 60.Potanma 61.Ranger 62.Reef 63.Roper64.Ross 65.Rowe 66.Sandy 67.Sea Serpent 68.Shark69.Shearme 70.Sir Hugh Rose 71.Sisters 72.Snake Island73. Snake-I 74.South Brother 75.South Reef 76.South Sentinel 77.Spike II 78.Spike-I 79.Stoat 80.Surat81.Swamp 82.Table Dalgarno 83.Table(Excelsior)84.Talabaicha 85.Temple 86.Tillongchong 87.Tree 88.Trilby89.Tuft 90.Turtle 91.West 92.Wharf 93.White Cliff,https://moef.gov.in/uploads/2019/10/Andaman-and-Nicobar-Islands.pdf,"[{""title"":""Snake-I"",""link"":""https://moef.gov.in/uploads/2017/06/73.%20SNAKE-1.jpg""}]",27/04/2016,S.O 1498(E),,none
13,Andaman and Nicobar Islands,South Brother Wildlife Sanctuary,Wildlife Sanctuary,Draft,2016-04-26,13. S.O 1498(E) [26.04.2016] Draft Notification declaring Eco sensitive Zone around the Union Territory of Andaman and Nicobar Islands (995.79 KB) (i). Maps of 4 National Parks of the 97 Island PAs of A&N Islands Rani Jhansi NP 2.Buttons NP (ii).Maps of 93 Wildlife Sanctuaries of the 97 Island PAs of A&N Islands Andman Group of Island PAs Nicobar Group of Island PAs (iii).Individual maps of 93 WLS of the 97 Island PAs of A&N Islands 1. Arial 2. Bamboo 3. Barren 4. Batti Malv 5. Belle 6.Bennette 7. Bingham 8. Blister 9. Bluff 10. Bondoville 11. Brush 12. Buchanan 13. Channel 14. Cinque Island 15. Clyde 16. Cone 17. Curlew Bp 18. Curlew 19. Defence 20. Dot 21. Dotrell 22. Duncan 23. East 24. Egg 25. Entrance26. Flat 27. Gander 28. Goose 29. Gurjan 30. Hump 31. Inglis 32. Interview 33. James 34. Jungle 35. Kwang Tung36. Kyd 37. Landfall 38. Latouche 39. Mangrove 40. Mask41. Mayo 42. Megapode 43.Montgomery 44.Narcondam45. North Brother 46.North Reef 47.North 48.Oliver49.Orchid 50.Ox 51.Oyester I 52.Oyester II 53.Paget54.Parkinson 55.Passage 56.Petric 57.Pitman 58.Peacock59.Point 60.Potanma 61.Ranger 62.Reef 63.Roper64.Ross 65.Rowe 66.Sandy 67.Sea Serpent 68.Shark69.Shearme 70.Sir Hugh Rose 71.Sisters 72.Snake Island73. Snake-I 74.South Brother 75.South Reef 76.South Sentinel 77.Spike II 78.Spike-I 79.Stoat 80.Surat81.Swamp 82.Table Dalgarno 83.Table(Excelsior)84.Talabaicha 85.Temple 86.Tillongchong 87.Tree 88.Trilby89.Tuft 90.Turtle 91.West 92.Wharf 93.White Cliff,https://moef.gov.in/uploads/2019/10/Andaman-and-Nicobar-Islands.pdf,"[{""title"":""South Brother"",""link"":""https://moef.gov.in/uploads/2017/06/74.SOUTH%20BROTHER.jpg""}]",27/04/2016,S.O 1498(E),,none
13,Andaman and Nicobar Islands,South Reef Wildlife Sanctuary,Wildlife Sanctuary,Draft,2016-04-26,13. S.O 1498(E) [26.04.2016] Draft Notification declaring Eco sensitive Zone around the Union Territory of Andaman and Nicobar Islands (995.79 KB) (i). Maps of 4 National Parks of the 97 Island PAs of A&N Islands Rani Jhansi NP 2.Buttons NP (ii).Maps of 93 Wildlife Sanctuaries of the 97 Island PAs of A&N Islands Andman Group of Island PAs Nicobar Group of Island PAs (iii).Individual maps of 93 WLS of the 97 Island PAs of A&N Islands 1. Arial 2. Bamboo 3. Barren 4. Batti Malv 5. Belle 6.Bennette 7. Bingham 8. Blister 9. Bluff 10. Bondoville 11. Brush 12. Buchanan 13. Channel 14. Cinque Island 15. Clyde 16. Cone 17. Curlew Bp 18. Curlew 19. Defence 20. Dot 21. Dotrell 22. Duncan 23. East 24. Egg 25. Entrance26. Flat 27. Gander 28. Goose 29. Gurjan 30. Hump 31. Inglis 32. Interview 33. James 34. Jungle 35. Kwang Tung36. Kyd 37. Landfall 38. Latouche 39. Mangrove 40. Mask41. Mayo 42. Megapode 43.Montgomery 44.Narcondam45. North Brother 46.North Reef 47.North 48.Oliver49.Orchid 50.Ox 51.Oyester I 52.Oyester II 53.Paget54.Parkinson 55.Passage 56.Petric 57.Pitman 58.Peacock59.Point 60.Potanma 61.Ranger 62.Reef 63.Roper64.Ross 65.Rowe 66.Sandy 67.Sea Serpent 68.Shark69.Shearme 70.Sir Hugh Rose 71.Sisters 72.Snake Island73. Snake-I 74.South Brother 75.South Reef 76.South Sentinel 77.Spike II 78.Spike-I 79.Stoat 80.Surat81.Swamp 82.Table Dalgarno 83.Table(Excelsior)84.Talabaicha 85.Temple 86.Tillongchong 87.Tree 88.Trilby89.Tuft 90.Turtle 91.West 92.Wharf 93.White Cliff,https://moef.gov.in/uploads/2019/10/Andaman-and-Nicobar-Islands.pdf,"[{""title"":""South Reef"",""link"":""https://moef.gov.in/uploads/2017/06/75.SOUTH%20REEF.jpg""}]",27/04/2016,S.O 1498(E),,none
13,Andaman and Nicobar Islands,South Sentinel Wildlife Sanctuary,Wildlife Sanctuary,Draft,2016-04-26,13. S.O 1498(E) [26.04.2016] Draft Notification declaring Eco sensitive Zone around the Union Territory of Andaman and Nicobar Islands (995.79 KB) (i). Maps of 4 National Parks of the 97 Island PAs of A&N Islands Rani Jhansi NP 2.Buttons NP (ii).Maps of 93 Wildlife Sanctuaries of the 97 Island PAs of A&N Islands Andman Group of Island PAs Nicobar Group of Island PAs (iii).Individual maps of 93 WLS of the 97 Island PAs of A&N Islands 1. Arial 2. Bamboo 3. Barren 4. Batti Malv 5. Belle 6.Bennette 7. Bingham 8. Blister 9. Bluff 10. Bondoville 11. Brush 12. Buchanan 13. Channel 14. Cinque Island 15. Clyde 16. Cone 17. Curlew Bp 18. Curlew 19. Defence 20. Dot 21. Dotrell 22. Duncan 23. East 24. Egg 25. Entrance26. Flat 27. Gander 28. Goose 29. Gurjan 30. Hump 31. Inglis 32. Interview 33. James 34. Jungle 35. Kwang Tung36. Kyd 37. Landfall 38. Latouche 39. Mangrove 40. Mask41. Mayo 42. Megapode 43.Montgomery 44.Narcondam45. North Brother 46.North Reef 47.North 48.Oliver49.Orchid 50.Ox 51.Oyester I 52.Oyester II 53.Paget54.Parkinson 55.Passage 56.Petric 57.Pitman 58.Peacock59.Point 60.Potanma 61.Ranger 62.Reef 63.Roper64.Ross 65.Rowe 66.Sandy 67.Sea Serpent 68.Shark69.Shearme 70.Sir Hugh Rose 71.Sisters 72.Snake Island73. Snake-I 74.South Brother 75.South Reef 76.South Sentinel 77.Spike II 78.Spike-I 79.Stoat 80.Surat81.Swamp 82.Table Dalgarno 83.Table(Excelsior)84.Talabaicha 85.Temple 86.Tillongchong 87.Tree 88.Trilby89.Tuft 90.Turtle 91.West 92.Wharf 93.White Cliff,https://moef.gov.in/uploads/2019/10/Andaman-and-Nicobar-Islands.pdf,"[{""title"":""South Sentinel"",""link"":""https://moef.gov.in/uploads/2017/06/76.SOUTH%20SENTINEL.jpg""}]",27/04/2016,S.O 1498(E),,none
13,Andaman and Nicobar Islands,Spike II Wildlife Sanctuary,Wildlife Sanctuary,Draft,2016-04-26,13. S.O 1498(E) [26.04.2016] Draft Notification declaring Eco sensitive Zone around the Union Territory of Andaman and Nicobar Islands (995.79 KB) (i). Maps of 4 National Parks of the 97 Island PAs of A&N Islands Rani Jhansi NP 2.Buttons NP (ii).Maps of 93 Wildlife Sanctuaries of the 97 Island PAs of A&N Islands Andman Group of Island PAs Nicobar Group of Island PAs (iii).Individual maps of 93 WLS of the 97 Island PAs of A&N Islands 1. Arial 2. Bamboo 3. Barren 4. Batti Malv 5. Belle 6.Bennette 7. Bingham 8. Blister 9. Bluff 10. Bondoville 11. Brush 12. Buchanan 13. Channel 14. Cinque Island 15. Clyde 16. Cone 17. Curlew Bp 18. Curlew 19. Defence 20. Dot 21. Dotrell 22. Duncan 23. East 24. Egg 25. Entrance26. Flat 27. Gander 28. Goose 29. Gurjan 30. Hump 31. Inglis 32. Interview 33. James 34. Jungle 35. Kwang Tung36. Kyd 37. Landfall 38. Latouche 39. Mangrove 40. Mask41. Mayo 42. Megapode 43.Montgomery 44.Narcondam45. North Brother 46.North Reef 47.North 48.Oliver49.Orchid 50.Ox 51.Oyester I 52.Oyester II 53.Paget54.Parkinson 55.Passage 56.Petric 57.Pitman 58.Peacock59.Point 60.Potanma 61.Ranger 62.Reef 63.Roper64.Ross 65.Rowe 66.Sandy 67.Sea Serpent 68.Shark69.Shearme 70.Sir Hugh Rose 71.Sisters 72.Snake Island73. Snake-I 74.South Brother 75.South Reef 76.South Sentinel 77.Spike II 78.Spike-I 79.Stoat 80.Surat81.Swamp 82.Table Dalgarno 83.Table(Excelsior)84.Talabaicha 85.Temple 86.Tillongchong 87.Tree 88.Trilby89.Tuft 90.Turtle 91.West 92.Wharf 93.White Cliff,https://moef.gov.in/uploads/2019/10/Andaman-and-Nicobar-Islands.pdf,"[{""title"":""Spike II"",""link"":""https://moef.gov.in/uploads/2017/06/77.SPIKE%20II.jpg""}]",27/04/2016,S.O 1498(E),,none
13,Andaman and Nicobar Islands,Spike-I Wildlife Sanctuary,Wildlife Sanctuary,Draft,2016-04-26,13. S.O 1498(E) [26.04.2016] Draft Notification declaring Eco sensitive Zone around the Union Territory of Andaman and Nicobar Islands (995.79 KB) (i). Maps of 4 National Parks of the 97 Island PAs of A&N Islands Rani Jhansi NP 2.Buttons NP (ii).Maps of 93 Wildlife Sanctuaries of the 97 Island PAs of A&N Islands Andman Group of Island PAs Nicobar Group of Island PAs (iii).Individual maps of 93 WLS of the 97 Island PAs of A&N Islands 1. Arial 2. Bamboo 3. Barren 4. Batti Malv 5. Belle 6.Bennette 7. Bingham 8. Blister 9. Bluff 10. Bondoville 11. Brush 12. Buchanan 13. Channel 14. Cinque Island 15. Clyde 16. Cone 17. Curlew Bp 18. Curlew 19. Defence 20. Dot 21. Dotrell 22. Duncan 23. East 24. Egg 25. Entrance26. Flat 27. Gander 28. Goose 29. Gurjan 30. Hump 31. Inglis 32. Interview 33. James 34. Jungle 35. Kwang Tung36. Kyd 37. Landfall 38. Latouche 39. Mangrove 40. Mask41. Mayo 42. Megapode 43.Montgomery 44.Narcondam45. North Brother 46.North Reef 47.North 48.Oliver49.Orchid 50.Ox 51.Oyester I 52.Oyester II 53.Paget54.Parkinson 55.Passage 56.Petric 57.Pitman 58.Peacock59.Point 60.Potanma 61.Ranger 62.Reef 63.Roper64.Ross 65.Rowe 66.Sandy 67.Sea Serpent 68.Shark69.Shearme 70.Sir Hugh Rose 71.Sisters 72.Snake Island73. Snake-I 74.South Brother 75.South Reef 76.South Sentinel 77.Spike II 78.Spike-I 79.Stoat 80.Surat81.Swamp 82.Table Dalgarno 83.Table(Excelsior)84.Talabaicha 85.Temple 86.Tillongchong 87.Tree 88.Trilby89.Tuft 90.Turtle 91.West 92.Wharf 93.White Cliff,https://moef.gov.in/uploads/2019/10/Andaman-and-Nicobar-Islands.pdf,"[{""title"":""Spike-I"",""link"":""https://moef.gov.in/uploads/2017/06/78.SPIKE-1.jpg""}]",27/04/2016,S.O 1498(E),,none
13,Andaman and Nicobar Islands,Stoat Wildlife Sanctuary,Wildlife Sanctuary,Draft,2016-04-26,13. S.O 1498(E) [26.04.2016] Draft Notification declaring Eco sensitive Zone around the Union Territory of Andaman and Nicobar Islands (995.79 KB) (i). Maps of 4 National Parks of the 97 Island PAs of A&N Islands Rani Jhansi NP 2.Buttons NP (ii).Maps of 93 Wildlife Sanctuaries of the 97 Island PAs of A&N Islands Andman Group of Island PAs Nicobar Group of Island PAs (iii).Individual maps of 93 WLS of the 97 Island PAs of A&N Islands 1. Arial 2. Bamboo 3. Barren 4. Batti Malv 5. Belle 6.Bennette 7. Bingham 8. Blister 9. Bluff 10. Bondoville 11. Brush 12. Buchanan 13. Channel 14. Cinque Island 15. Clyde 16. Cone 17. Curlew Bp 18. Curlew 19. Defence 20. Dot 21. Dotrell 22. Duncan 23. East 24. Egg 25. Entrance26. Flat 27. Gander 28. Goose 29. Gurjan 30. Hump 31. Inglis 32. Interview 33. James 34. Jungle 35. Kwang Tung36. Kyd 37. Landfall 38. Latouche 39. Mangrove 40. Mask41. Mayo 42. Megapode 43.Montgomery 44.Narcondam45. North Brother 46.North Reef 47.North 48.Oliver49.Orchid 50.Ox 51.Oyester I 52.Oyester II 53.Paget54.Parkinson 55.Passage 56.Petric 57.Pitman 58.Peacock59.Point 60.Potanma 61.Ranger 62.Reef 63.Roper64.Ross 65.Rowe 66.Sandy 67.Sea Serpent 68.Shark69.Shearme 70.Sir Hugh Rose 71.Sisters 72.Snake Island73. Snake-I 74.South Brother 75.South Reef 76.South Sentinel 77.Spike II 78.Spike-I 79.Stoat 80.Surat81.Swamp 82.Table Dalgarno 83.Table(Excelsior)84.Talabaicha 85.Temple 86.Tillongchong 87.Tree 88.Trilby89.Tuft 90.Turtle 91.West 92.Wharf 93.White Cliff,https://moef.gov.in/uploads/2019/10/Andaman-and-Nicobar-Islands.pdf,"[{""title"":""Stoat"",""link"":""https://moef.gov.in/uploads/2017/06/79.STOAT_.jpg""}]",27/04/2016,S.O 1498(E),,none
13,Andaman and Nicobar Islands,Surat Wildlife Sanctuary,Wildlife Sanctuary,Draft,2016-04-26,13. S.O 1498(E) [26.04.2016] Draft Notification declaring Eco sensitive Zone around the Union Territory of Andaman and Nicobar Islands (995.79 KB) (i). Maps of 4 National Parks of the 97 Island PAs of A&N Islands Rani Jhansi NP 2.Buttons NP (ii).Maps of 93 Wildlife Sanctuaries of the 97 Island PAs of A&N Islands Andman Group of Island PAs Nicobar Group of Island PAs (iii).Individual maps of 93 WLS of the 97 Island PAs of A&N Islands 1. Arial 2. Bamboo 3. Barren 4. Batti Malv 5. Belle 6.Bennette 7. Bingham 8. Blister 9. Bluff 10. Bondoville 11. Brush 12. Buchanan 13. Channel 14. Cinque Island 15. Clyde 16. Cone 17. Curlew Bp 18. Curlew 19. Defence 20. Dot 21. Dotrell 22. Duncan 23. East 24. Egg 25. Entrance26. Flat 27. Gander 28. Goose 29. Gurjan 30. Hump 31. Inglis 32. Interview 33. James 34. Jungle 35. Kwang Tung36. Kyd 37. Landfall 38. Latouche 39. Mangrove 40. Mask41. Mayo 42. Megapode 43.Montgomery 44.Narcondam45. North Brother 46.North Reef 47.North 48.Oliver49.Orchid 50.Ox 51.Oyester I 52.Oyester II 53.Paget54.Parkinson 55.Passage 56.Petric 57.Pitman 58.Peacock59.Point 60.Potanma 61.Ranger 62.Reef 63.Roper64.Ross 65.Rowe 66.Sandy 67.Sea Serpent 68.Shark69.Shearme 70.Sir Hugh Rose 71.Sisters 72.Snake Island73. Snake-I 74.South Brother 75.South Reef 76.South Sentinel 77.Spike II 78.Spike-I 79.Stoat 80.Surat81.Swamp 82.Table Dalgarno 83.Table(Excelsior)84.Talabaicha 85.Temple 86.Tillongchong 87.Tree 88.Trilby89.Tuft 90.Turtle 91.West 92.Wharf 93.White Cliff,https://moef.gov.in/uploads/2019/10/Andaman-and-Nicobar-Islands.pdf,"[{""title"":""Surat"",""link"":""https://moef.gov.in/uploads/2017/06/80.SURAT_.jpg""}]",27/04/2016,S.O 1498(E),,none
13,Andaman and Nicobar Islands,Swamp Wildlife Sanctuary,Wildlife Sanctuary,Draft,2016-04-26,13. S.O 1498(E) [26.04.2016] Draft Notification declaring Eco sensitive Zone around the Union Territory of Andaman and Nicobar Islands (995.79 KB) (i). Maps of 4 National Parks of the 97 Island PAs of A&N Islands Rani Jhansi NP 2.Buttons NP (ii).Maps of 93 Wildlife Sanctuaries of the 97 Island PAs of A&N Islands Andman Group of Island PAs Nicobar Group of Island PAs (iii).Individual maps of 93 WLS of the 97 Island PAs of A&N Islands 1. Arial 2. Bamboo 3. Barren 4. Batti Malv 5. Belle 6.Bennette 7. Bingham 8. Blister 9. Bluff 10. Bondoville 11. Brush 12. Buchanan 13. Channel 14. Cinque Island 15. Clyde 16. Cone 17. Curlew Bp 18. Curlew 19. Defence 20. Dot 21. Dotrell 22. Duncan 23. East 24. Egg 25. Entrance26. Flat 27. Gander 28. Goose 29. Gurjan 30. Hump 31. Inglis 32. Interview 33. James 34. Jungle 35. Kwang Tung36. Kyd 37. Landfall 38. Latouche 39. Mangrove 40. Mask41. Mayo 42. Megapode 43.Montgomery 44.Narcondam45. North Brother 46.North Reef 47.North 48.Oliver49.Orchid 50.Ox 51.Oyester I 52.Oyester II 53.Paget54.Parkinson 55.Passage 56.Petric 57.Pitman 58.Peacock59.Point 60.Potanma 61.Ranger 62.Reef 63.Roper64.Ross 65.Rowe 66.Sandy 67.Sea Serpent 68.Shark69.Shearme 70.Sir Hugh Rose 71.Sisters 72.Snake Island73. Snake-I 74.South Brother 75.South Reef 76.South Sentinel 77.Spike II 78.Spike-I 79.Stoat 80.Surat81.Swamp 82.Table Dalgarno 83.Table(Excelsior)84.Talabaicha 85.Temple 86.Tillongchong 87.Tree 88.Trilby89.Tuft 90.Turtle 91.West 92.Wharf 93.White Cliff,https://moef.gov.in/uploads/2019/10/Andaman-and-Nicobar-Islands.pdf,"[{""title"":""Swamp"",""link"":""https://moef.gov.in/uploads/2017/06/81.SWAMP_.jpg""}]",27/04/2016,S.O 1498(E),,none
13,Andaman and Nicobar Islands,Table Dalgarno Wildlife Sanctuary,Wildlife Sanctuary,Draft,2016-04-26,13. S.O 1498(E) [26.04.2016] Draft Notification declaring Eco sensitive Zone around the Union Territory of Andaman and Nicobar Islands (995.79 KB) (i). Maps of 4 National Parks of the 97 Island PAs of A&N Islands Rani Jhansi NP 2.Buttons NP (ii).Maps of 93 Wildlife Sanctuaries of the 97 Island PAs of A&N Islands Andman Group of Island PAs Nicobar Group of Island PAs (iii).Individual maps of 93 WLS of the 97 Island PAs of A&N Islands 1. Arial 2. Bamboo 3. Barren 4. Batti Malv 5. Belle 6.Bennette 7. Bingham 8. Blister 9. Bluff 10. Bondoville 11. Brush 12. Buchanan 13. Channel 14. Cinque Island 15. Clyde 16. Cone 17. Curlew Bp 18. Curlew 19. Defence 20. Dot 21. Dotrell 22. Duncan 23. East 24. Egg 25. Entrance26. Flat 27. Gander 28. Goose 29. Gurjan 30. Hump 31. Inglis 32. Interview 33. James 34. Jungle 35. Kwang Tung36. Kyd 37. Landfall 38. Latouche 39. Mangrove 40. Mask41. Mayo 42. Megapode 43.Montgomery 44.Narcondam45. North Brother 46.North Reef 47.North 48.Oliver49.Orchid 50.Ox 51.Oyester I 52.Oyester II 53.Paget54.Parkinson 55.Passage 56.Petric 57.Pitman 58.Peacock59.Point 60.Potanma 61.Ranger 62.Reef 63.Roper64.Ross 65.Rowe 66.Sandy 67.Sea Serpent 68.Shark69.Shearme 70.Sir Hugh Rose 71.Sisters 72.Snake Island73. Snake-I 74.South Brother 75.South Reef 76.South Sentinel 77.Spike II 78.Spike-I 79.Stoat 80.Surat81.Swamp 82.Table Dalgarno 83.Table(Excelsior)84.Talabaicha 85.Temple 86.Tillongchong 87.Tree 88.Trilby89.Tuft 90.Turtle 91.West 92.Wharf 93.White Cliff,https://moef.gov.in/uploads/2019/10/Andaman-and-Nicobar-Islands.pdf,"[{""title"":""Table Dalgarno"",""link"":""https://moef.gov.in/uploads/2017/06/82.TABLE%20DALGARNO.jpg""}]",27/04/2016,S.O 1498(E),,none
13,Andaman and Nicobar Islands,Table(Excelsior) Wildlife Sanctuary,Wildlife Sanctuary,Draft,2016-04-26,13. S.O 1498(E) [26.04.2016] Draft Notification declaring Eco sensitive Zone around the Union Territory of Andaman and Nicobar Islands (995.79 KB) (i). Maps of 4 National Parks of the 97 Island PAs of A&N Islands Rani Jhansi NP 2.Buttons NP (ii).Maps of 93 Wildlife Sanctuaries of the 97 Island PAs of A&N Islands Andman Group of Island PAs Nicobar Group of Island PAs (iii).Individual maps of 93 WLS of the 97 Island PAs of A&N Islands 1. Arial 2. Bamboo 3. Barren 4. Batti Malv 5. Belle 6.Bennette 7. Bingham 8. Blister 9. Bluff 10. Bondoville 11. Brush 12. Buchanan 13. Channel 14. Cinque Island 15. Clyde 16. Cone 17. Curlew Bp 18. Curlew 19. Defence 20. Dot 21. Dotrell 22. Duncan 23. East 24. Egg 25. Entrance26. Flat 27. Gander 28. Goose 29. Gurjan 30. Hump 31. Inglis 32. Interview 33. James 34. Jungle 35. Kwang Tung36. Kyd 37. Landfall 38. Latouche 39. Mangrove 40. Mask41. Mayo 42. Megapode 43.Montgomery 44.Narcondam45. North Brother 46.North Reef 47.North 48.Oliver49.Orchid 50.Ox 51.Oyester I 52.Oyester II 53.Paget54.Parkinson 55.Passage 56.Petric 57.Pitman 58.Peacock59.Point 60.Potanma 61.Ranger 62.Reef 63.Roper64.Ross 65.Rowe 66.Sandy 67.Sea Serpent 68.Shark69.Shearme 70.Sir Hugh Rose 71.Sisters 72.Snake Island73. Snake-I 74.South Brother 75.South Reef 76.South Sentinel 77.Spike II 78.Spike-I 79.Stoat 80.Surat81.Swamp 82.Table Dalgarno 83.Table(Excelsior)84.Talabaicha 85.Temple 86.Tillongchong 87.Tree 88.Trilby89.Tuft 90.Turtle 91.West 92.Wharf 93.White Cliff,https://moef.gov.in/uploads/2019/10/Andaman-and-Nicobar-Islands.pdf,"[{""title"":""Table(Excelsior)"",""link"":""https://moef.gov.in/uploads/2017/06/83.TABLE(EXCELSIOR).jpg""}]",27/04/2016,S.O 1498(E),,none
13,Andaman and Nicobar Islands,Talabaicha Wildlife Sanctuary,Wildlife Sanctuary,Draft,2016-04-26,13. S.O 1498(E) [26.04.2016] Draft Notification declaring Eco sensitive Zone around the Union Territory of Andaman and Nicobar Islands (995.79 KB) (i). Maps of 4 National Parks of the 97 Island PAs of A&N Islands Rani Jhansi NP 2.Buttons NP (ii).Maps of 93 Wildlife Sanctuaries of the 97 Island PAs of A&N Islands Andman Group of Island PAs Nicobar Group of Island PAs (iii).Individual maps of 93 WLS of the 97 Island PAs of A&N Islands 1. Arial 2. Bamboo 3. Barren 4. Batti Malv 5. Belle 6.Bennette 7. Bingham 8. Blister 9. Bluff 10. Bondoville 11. Brush 12. Buchanan 13. Channel 14. Cinque Island 15. Clyde 16. Cone 17. Curlew Bp 18. Curlew 19. Defence 20. Dot 21. Dotrell 22. Duncan 23. East 24. Egg 25. Entrance26. Flat 27. Gander 28. Goose 29. Gurjan 30. Hump 31. Inglis 32. Interview 33. James 34. Jungle 35. Kwang Tung36. Kyd 37. Landfall 38. Latouche 39. Mangrove 40. Mask41. Mayo 42. Megapode 43.Montgomery 44.Narcondam45. North Brother 46.North Reef 47.North 48.Oliver49.Orchid 50.Ox 51.Oyester I 52.Oyester II 53.Paget54.Parkinson 55.Passage 56.Petric 57.Pitman 58.Peacock59.Point 60.Potanma 61.Ranger 62.Reef 63.Roper64.Ross 65.Rowe 66.Sandy 67.Sea Serpent 68.Shark69.Shearme 70.Sir Hugh Rose 71.Sisters 72.Snake Island73. Snake-I 74.South Brother 75.South Reef 76.South Sentinel 77.Spike II 78.Spike-I 79.Stoat 80.Surat81.Swamp 82.Table Dalgarno 83.Table(Excelsior)84.Talabaicha 85.Temple 86.Tillongchong 87.Tree 88.Trilby89.Tuft 90.Turtle 91.West 92.Wharf 93.White Cliff,https://moef.gov.in/uploads/2019/10/Andaman-and-Nicobar-Islands.pdf,"[{""title"":""Talabaicha"",""link"":""https://moef.gov.in/uploads/2017/06/84.TALABAICHA.jpg""}]",27/04/2016,S.O 1498(E),,none
13,Andaman and Nicobar Islands,Temple Wildlife Sanctuary,Wildlife Sanctuary,Draft,2016-04-26,13. S.O 1498(E) [26.04.2016] Draft Notification declaring Eco sensitive Zone around the Union Territory of Andaman and Nicobar Islands (995.79 KB) (i). Maps of 4 National Parks of the 97 Island PAs of A&N Islands Rani Jhansi NP 2.Buttons NP (ii).Maps of 93 Wildlife Sanctuaries of the 97 Island PAs of A&N Islands Andman Group of Island PAs Nicobar Group of Island PAs (iii).Individual maps of 93 WLS of the 97 Island PAs of A&N Islands 1. Arial 2. Bamboo 3. Barren 4. Batti Malv 5. Belle 6.Bennette 7. Bingham 8. Blister 9. Bluff 10. Bondoville 11. Brush 12. Buchanan 13. Channel 14. Cinque Island 15. Clyde 16. Cone 17. Curlew Bp 18. Curlew 19. Defence 20. Dot 21. Dotrell 22. Duncan 23. East 24. Egg 25. Entrance26. Flat 27. Gander 28. Goose 29. Gurjan 30. Hump 31. Inglis 32. Interview 33. James 34. Jungle 35. Kwang Tung36. Kyd 37. Landfall 38. Latouche 39. Mangrove 40. Mask41. Mayo 42. Megapode 43.Montgomery 44.Narcondam45. North Brother 46.North Reef 47.North 48.Oliver49.Orchid 50.Ox 51.Oyester I 52.Oyester II 53.Paget54.Parkinson 55.Passage 56.Petric 57.Pitman 58.Peacock59.Point 60.Potanma 61.Ranger 62.Reef 63.Roper64.Ross 65.Rowe 66.Sandy 67.Sea Serpent 68.Shark69.Shearme 70.Sir Hugh Rose 71.Sisters 72.Snake Island73. Snake-I 74.South Brother 75.South Reef 76.South Sentinel 77.Spike II 78.Spike-I 79.Stoat 80.Surat81.Swamp 82.Table Dalgarno 83.Table(Excelsior)84.Talabaicha 85.Temple 86.Tillongchong 87.Tree 88.Trilby89.Tuft 90.Turtle 91.West 92.Wharf 93.White Cliff,https://moef.gov.in/uploads/2019/10/Andaman-and-Nicobar-Islands.pdf,"[{""title"":""Temple"",""link"":""https://moef.gov.in/uploads/2017/06/85.TEMPLE.jpg""}]",27/04/2016,S.O 1498(E),,none
13,Andaman and Nicobar Islands,Tillongchong Wildlife Sanctuary,Wildlife Sanctuary,Draft,2016-04-26,13. S.O 1498(E) [26.04.2016] Draft Notification declaring Eco sensitive Zone around the Union Territory of Andaman and Nicobar Islands (995.79 KB) (i). Maps of 4 National Parks of the 97 Island PAs of A&N Islands Rani Jhansi NP 2.Buttons NP (ii).Maps of 93 Wildlife Sanctuaries of the 97 Island PAs of A&N Islands Andman Group of Island PAs Nicobar Group of Island PAs (iii).Individual maps of 93 WLS of the 97 Island PAs of A&N Islands 1. Arial 2. Bamboo 3. Barren 4. Batti Malv 5. Belle 6.Bennette 7. Bingham 8. Blister 9. Bluff 10. Bondoville 11. Brush 12. Buchanan 13. Channel 14. Cinque Island 15. Clyde 16. Cone 17. Curlew Bp 18. Curlew 19. Defence 20. Dot 21. Dotrell 22. Duncan 23. East 24. Egg 25. Entrance26. Flat 27. Gander 28. Goose 29. Gurjan 30. Hump 31. Inglis 32. Interview 33. James 34. Jungle 35. Kwang Tung36. Kyd 37. Landfall 38. Latouche 39. Mangrove 40. Mask41. Mayo 42. Megapode 43.Montgomery 44.Narcondam45. North Brother 46.North Reef 47.North 48.Oliver49.Orchid 50.Ox 51.Oyester I 52.Oyester II 53.Paget54.Parkinson 55.Passage 56.Petric 57.Pitman 58.Peacock59.Point 60.Potanma 61.Ranger 62.Reef 63.Roper64.Ross 65.Rowe 66.Sandy 67.Sea Serpent 68.Shark69.Shearme 70.Sir Hugh Rose 71.Sisters 72.Snake Island73. Snake-I 74.South Brother 75.South Reef 76.South Sentinel 77.Spike II 78.Spike-I 79.Stoat 80.Surat81.Swamp 82.Table Dalgarno 83.Table(Excelsior)84.Talabaicha 85.Temple 86.Tillongchong 87.Tree 88.Trilby89.Tuft 90.Turtle 91.West 92.Wharf 93.White Cliff,https://moef.gov.in/uploads/2019/10/Andaman-and-Nicobar-Islands.pdf,"[{""title"":""Tillongchong"",""link"":""https://moef.gov.in/uploads/2017/06/86.TILLONGCHONG.jpg""}]",27/04/2016,S.O 1498(E),,none
13,Andaman and Nicobar Islands,Tree Wildlife Sanctuary,Wildlife Sanctuary,Draft,2016-04-26,13. S.O 1498(E) [26.04.2016] Draft Notification declaring Eco sensitive Zone around the Union Territory of Andaman and Nicobar Islands (995.79 KB) (i). Maps of 4 National Parks of the 97 Island PAs of A&N Islands Rani Jhansi NP 2.Buttons NP (ii).Maps of 93 Wildlife Sanctuaries of the 97 Island PAs of A&N Islands Andman Group of Island PAs Nicobar Group of Island PAs (iii).Individual maps of 93 WLS of the 97 Island PAs of A&N Islands 1. Arial 2. Bamboo 3. Barren 4. Batti Malv 5. Belle 6.Bennette 7. Bingham 8. Blister 9. Bluff 10. Bondoville 11. Brush 12. Buchanan 13. Channel 14. Cinque Island 15. Clyde 16. Cone 17. Curlew Bp 18. Curlew 19. Defence 20. Dot 21. Dotrell 22. Duncan 23. East 24. Egg 25. Entrance26. Flat 27. Gander 28. Goose 29. Gurjan 30. Hump 31. Inglis 32. Interview 33. James 34. Jungle 35. Kwang Tung36. Kyd 37. Landfall 38. Latouche 39. Mangrove 40. Mask41. Mayo 42. Megapode 43.Montgomery 44.Narcondam45. North Brother 46.North Reef 47.North 48.Oliver49.Orchid 50.Ox 51.Oyester I 52.Oyester II 53.Paget54.Parkinson 55.Passage 56.Petric 57.Pitman 58.Peacock59.Point 60.Potanma 61.Ranger 62.Reef 63.Roper64.Ross 65.Rowe 66.Sandy 67.Sea Serpent 68.Shark69.Shearme 70.Sir Hugh Rose 71.Sisters 72.Snake Island73. Snake-I 74.South Brother 75.South Reef 76.South Sentinel 77.Spike II 78.Spike-I 79.Stoat 80.Surat81.Swamp 82.Table Dalgarno 83.Table(Excelsior)84.Talabaicha 85.Temple 86.Tillongchong 87.Tree 88.Trilby89.Tuft 90.Turtle 91.West 92.Wharf 93.White Cliff,https://moef.gov.in/uploads/2019/10/Andaman-and-Nicobar-Islands.pdf,"[{""title"":""Tree"",""link"":""https://moef.gov.in/uploads/2017/06/87.TREE_.jpg""}]",27/04/2016,S.O 1498(E),,none
13,Andaman and Nicobar Islands,Trilby Wildlife Sanctuary,Wildlife Sanctuary,Draft,2016-04-26,13. S.O 1498(E) [26.04.2016] Draft Notification declaring Eco sensitive Zone around the Union Territory of Andaman and Nicobar Islands (995.79 KB) (i). Maps of 4 National Parks of the 97 Island PAs of A&N Islands Rani Jhansi NP 2.Buttons NP (ii).Maps of 93 Wildlife Sanctuaries of the 97 Island PAs of A&N Islands Andman Group of Island PAs Nicobar Group of Island PAs (iii).Individual maps of 93 WLS of the 97 Island PAs of A&N Islands 1. Arial 2. Bamboo 3. Barren 4. Batti Malv 5. Belle 6.Bennette 7. Bingham 8. Blister 9. Bluff 10. Bondoville 11. Brush 12. Buchanan 13. Channel 14. Cinque Island 15. Clyde 16. Cone 17. Curlew Bp 18. Curlew 19. Defence 20. Dot 21. Dotrell 22. Duncan 23. East 24. Egg 25. Entrance26. Flat 27. Gander 28. Goose 29. Gurjan 30. Hump 31. Inglis 32. Interview 33. James 34. Jungle 35. Kwang Tung36. Kyd 37. Landfall 38. Latouche 39. Mangrove 40. Mask41. Mayo 42. Megapode 43.Montgomery 44.Narcondam45. North Brother 46.North Reef 47.North 48.Oliver49.Orchid 50.Ox 51.Oyester I 52.Oyester II 53.Paget54.Parkinson 55.Passage 56.Petric 57.Pitman 58.Peacock59.Point 60.Potanma 61.Ranger 62.Reef 63.Roper64.Ross 65.Rowe 66.Sandy 67.Sea Serpent 68.Shark69.Shearme 70.Sir Hugh Rose 71.Sisters 72.Snake Island73. Snake-I 74.South Brother 75.South Reef 76.South Sentinel 77.Spike II 78.Spike-I 79.Stoat 80.Surat81.Swamp 82.Table Dalgarno 83.Table(Excelsior)84.Talabaicha 85.Temple 86.Tillongchong 87.Tree 88.Trilby89.Tuft 90.Turtle 91.West 92.Wharf 93.White Cliff,https://moef.gov.in/uploads/2019/10/Andaman-and-Nicobar-Islands.pdf,"[{""title"":""Trilby"",""link"":""https://moef.gov.in/uploads/2017/06/88.TRILBY.jpg""}]",27/04/2016,S.O 1498(E),,none
13,Andaman and Nicobar Islands,Tuft Wildlife Sanctuary,Wildlife Sanctuary,Draft,2016-04-26,13. S.O 1498(E) [26.04.2016] Draft Notification declaring Eco sensitive Zone around the Union Territory of Andaman and Nicobar Islands (995.79 KB) (i). Maps of 4 National Parks of the 97 Island PAs of A&N Islands Rani Jhansi NP 2.Buttons NP (ii).Maps of 93 Wildlife Sanctuaries of the 97 Island PAs of A&N Islands Andman Group of Island PAs Nicobar Group of Island PAs (iii).Individual maps of 93 WLS of the 97 Island PAs of A&N Islands 1. Arial 2. Bamboo 3. Barren 4. Batti Malv 5. Belle 6.Bennette 7. Bingham 8. Blister 9. Bluff 10. Bondoville 11. Brush 12. Buchanan 13. Channel 14. Cinque Island 15. Clyde 16. Cone 17. Curlew Bp 18. Curlew 19. Defence 20. Dot 21. Dotrell 22. Duncan 23. East 24. Egg 25. Entrance26. Flat 27. Gander 28. Goose 29. Gurjan 30. Hump 31. Inglis 32. Interview 33. James 34. Jungle 35. Kwang Tung36. Kyd 37. Landfall 38. Latouche 39. Mangrove 40. Mask41. Mayo 42. Megapode 43.Montgomery 44.Narcondam45. North Brother 46.North Reef 47.North 48.Oliver49.Orchid 50.Ox 51.Oyester I 52.Oyester II 53.Paget54.Parkinson 55.Passage 56.Petric 57.Pitman 58.Peacock59.Point 60.Potanma 61.Ranger 62.Reef 63.Roper64.Ross 65.Rowe 66.Sandy 67.Sea Serpent 68.Shark69.Shearme 70.Sir Hugh Rose 71.Sisters 72.Snake Island73. Snake-I 74.South Brother 75.South Reef 76.South Sentinel 77.Spike II 78.Spike-I 79.Stoat 80.Surat81.Swamp 82.Table Dalgarno 83.Table(Excelsior)84.Talabaicha 85.Temple 86.Tillongchong 87.Tree 88.Trilby89.Tuft 90.Turtle 91.West 92.Wharf 93.White Cliff,https://moef.gov.in/uploads/2019/10/Andaman-and-Nicobar-Islands.pdf,"[{""title"":""Tuft"",""link"":""https://moef.gov.in/uploads/2017/06/89.TUFT_.jpg""}]",27/04/2016,S.O 1498(E),,none
13,Andaman and Nicobar Islands,Turtle Wildlife Sanctuary,Wildlife Sanctuary,Draft,2016-04-26,13. S.O 1498(E) [26.04.2016] Draft Notification declaring Eco sensitive Zone around the Union Territory of Andaman and Nicobar Islands (995.79 KB) (i). Maps of 4 National Parks of the 97 Island PAs of A&N Islands Rani Jhansi NP 2.Buttons NP (ii).Maps of 93 Wildlife Sanctuaries of the 97 Island PAs of A&N Islands Andman Group of Island PAs Nicobar Group of Island PAs (iii).Individual maps of 93 WLS of the 97 Island PAs of A&N Islands 1. Arial 2. Bamboo 3. Barren 4. Batti Malv 5. Belle 6.Bennette 7. Bingham 8. Blister 9. Bluff 10. Bondoville 11. Brush 12. Buchanan 13. Channel 14. Cinque Island 15. Clyde 16. Cone 17. Curlew Bp 18. Curlew 19. Defence 20. Dot 21. Dotrell 22. Duncan 23. East 24. Egg 25. Entrance26. Flat 27. Gander 28. Goose 29. Gurjan 30. Hump 31. Inglis 32. Interview 33. James 34. Jungle 35. Kwang Tung36. Kyd 37. Landfall 38. Latouche 39. Mangrove 40. Mask41. Mayo 42. Megapode 43.Montgomery 44.Narcondam45. North Brother 46.North Reef 47.North 48.Oliver49.Orchid 50.Ox 51.Oyester I 52.Oyester II 53.Paget54.Parkinson 55.Passage 56.Petric 57.Pitman 58.Peacock59.Point 60.Potanma 61.Ranger 62.Reef 63.Roper64.Ross 65.Rowe 66.Sandy 67.Sea Serpent 68.Shark69.Shearme 70.Sir Hugh Rose 71.Sisters 72.Snake Island73. Snake-I 74.South Brother 75.South Reef 76.South Sentinel 77.Spike II 78.Spike-I 79.Stoat 80.Surat81.Swamp 82.Table Dalgarno 83.Table(Excelsior)84.Talabaicha 85.Temple 86.Tillongchong 87.Tree 88.Trilby89.Tuft 90.Turtle 91.West 92.Wharf 93.White Cliff,https://moef.gov.in/uploads/2019/10/Andaman-and-Nicobar-Islands.pdf,"[{""title"":""Turtle"",""link"":""https://moef.gov.in/uploads/2017/06/90.TURTLE.jpg""}]",27/04/2016,S.O 1498(E),,none
13,Andaman and Nicobar Islands,West Wildlife Sanctuary,Wildlife Sanctuary,Draft,2016-04-26,13. S.O 1498(E) [26.04.2016] Draft Notification declaring Eco sensitive Zone around the Union Territory of Andaman and Nicobar Islands (995.79 KB) (i). Maps of 4 National Parks of the 97 Island PAs of A&N Islands Rani Jhansi NP 2.Buttons NP (ii).Maps of 93 Wildlife Sanctuaries of the 97 Island PAs of A&N Islands Andman Group of Island PAs Nicobar Group of Island PAs (iii).Individual maps of 93 WLS of the 97 Island PAs of A&N Islands 1. Arial 2. Bamboo 3. Barren 4. Batti Malv 5. Belle 6.Bennette 7. Bingham 8. Blister 9. Bluff 10. Bondoville 11. Brush 12. Buchanan 13. Channel 14. Cinque Island 15. Clyde 16. Cone 17. Curlew Bp 18. Curlew 19. Defence 20. Dot 21. Dotrell 22. Duncan 23. East 24. Egg 25. Entrance26. Flat 27. Gander 28. Goose 29. Gurjan 30. Hump 31. Inglis 32. Interview 33. James 34. Jungle 35. Kwang Tung36. Kyd 37. Landfall 38. Latouche 39. Mangrove 40. Mask41. Mayo 42. Megapode 43.Montgomery 44.Narcondam45. North Brother 46.North Reef 47.North 48.Oliver49.Orchid 50.Ox 51.Oyester I 52.Oyester II 53.Paget54.Parkinson 55.Passage 56.Petric 57.Pitman 58.Peacock59.Point 60.Potanma 61.Ranger 62.Reef 63.Roper64.Ross 65.Rowe 66.Sandy 67.Sea Serpent 68.Shark69.Shearme 70.Sir Hugh Rose 71.Sisters 72.Snake Island73. Snake-I 74.South Brother 75.South Reef 76.South Sentinel 77.Spike II 78.Spike-I 79.Stoat 80.Surat81.Swamp 82.Table Dalgarno 83.Table(Excelsior)84.Talabaicha 85.Temple 86.Tillongchong 87.Tree 88.Trilby89.Tuft 90.Turtle 91.West 92.Wharf 93.White Cliff,https://moef.gov.in/uploads/2019/10/Andaman-and-Nicobar-Islands.pdf,"[{""title"":""West"",""link"":""https://moef.gov.in/uploads/2017/06/91.WEST_.jpg""}]",27/04/2016,S.O 1498(E),,none
13,Andaman and Nicobar Islands,Wharf Wildlife Sanctuary,Wildlife Sanctuary,Draft,2016-04-26,13. S.O 1498(E) [26.04.2016] Draft Notification declaring Eco sensitive Zone around the Union Territory of Andaman and Nicobar Islands (995.79 KB) (i). Maps of 4 National Parks of the 97 Island PAs of A&N Islands Rani Jhansi NP 2.Buttons NP (ii).Maps of 93 Wildlife Sanctuaries of the 97 Island PAs of A&N Islands Andman Group of Island PAs Nicobar Group of Island PAs (iii).Individual maps of 93 WLS of the 97 Island PAs of A&N Islands 1. Arial 2. Bamboo 3. Barren 4. Batti Malv 5. Belle 6.Bennette 7. Bingham 8. Blister 9. Bluff 10. Bondoville 11. Brush 12. Buchanan 13. Channel 14. Cinque Island 15. Clyde 16. Cone 17. Curlew Bp 18. Curlew 19. Defence 20. Dot 21. Dotrell 22. Duncan 23. East 24. Egg 25. Entrance26. Flat 27. Gander 28. Goose 29. Gurjan 30. Hump 31. Inglis 32. Interview 33. James 34. Jungle 35. Kwang Tung36. Kyd 37. Landfall 38. Latouche 39. Mangrove 40. Mask41. Mayo 42. Megapode 43.Montgomery 44.Narcondam45. North Brother 46.North Reef 47.North 48.Oliver49.Orchid 50.Ox 51.Oyester I 52.Oyester II 53.Paget54.Parkinson 55.Passage 56.Petric 57.Pitman 58.Peacock59.Point 60.Potanma 61.Ranger 62.Reef 63.Roper64.Ross 65.Rowe 66.Sandy 67.Sea Serpent 68.Shark69.Shearme 70.Sir Hugh Rose 71.Sisters 72.Snake Island73. Snake-I 74.South Brother 75.South Reef 76.South Sentinel 77.Spike II 78.Spike-I 79.Stoat 80.Surat81.Swamp 82.Table Dalgarno 83.Table(Excelsior)84.Talabaicha 85.Temple 86.Tillongchong 87.Tree 88.Trilby89.Tuft 90.Turtle 91.West 92.Wharf 93.White Cliff,https://moef.gov.in/uploads/2019/10/Andaman-and-Nicobar-Islands.pdf,"[{""title"":""Wharf"",""link"":""https://moef.gov.in/uploads/2017/06/92.WHARF_.jpg""}]",27/04/2016,S.O 1498(E),,none
13,Andaman and Nicobar Islands,White Cliff Wildlife Sanctuary,Wildlife Sanctuary,Draft,2016-04-26,13. S.O 1498(E) [26.04.2016] Draft Notification declaring Eco sensitive Zone around the Union Territory of Andaman and Nicobar Islands (995.79 KB) (i). Maps of 4 National Parks of the 97 Island PAs of A&N Islands Rani Jhansi NP 2.Buttons NP (ii).Maps of 93 Wildlife Sanctuaries of the 97 Island PAs of A&N Islands Andman Group of Island PAs Nicobar Group of Island PAs (iii).Individual maps of 93 WLS of the 97 Island PAs of A&N Islands 1. Arial 2. Bamboo 3. Barren 4. Batti Malv 5. Belle 6.Bennette 7. Bingham 8. Blister 9. Bluff 10. Bondoville 11. Brush 12. Buchanan 13. Channel 14. Cinque Island 15. Clyde 16. Cone 17. Curlew Bp 18. Curlew 19. Defence 20. Dot 21. Dotrell 22. Duncan 23. East 24. Egg 25. Entrance26. Flat 27. Gander 28. Goose 29. Gurjan 30. Hump 31. Inglis 32. Interview 33. James 34. Jungle 35. Kwang Tung36. Kyd 37. Landfall 38. Latouche 39. Mangrove 40. Mask41. Mayo 42. Megapode 43.Montgomery 44.Narcondam45. North Brother 46.North Reef 47.North 48.Oliver49.Orchid 50.Ox 51.Oyester I 52.Oyester II 53.Paget54.Parkinson 55.Passage 56.Petric 57.Pitman 58.Peacock59.Point 60.Potanma 61.Ranger 62.Reef 63.Roper64.Ross 65.Rowe 66.Sandy 67.Sea Serpent 68.Shark69.Shearme 70.Sir Hugh Rose 71.Sisters 72.Snake Island73. Snake-I 74.South Brother 75.South Reef 76.South Sentinel 77.Spike II 78.Spike-I 79.Stoat 80.Surat81.Swamp 82.Table Dalgarno 83.Table(Excelsior)84.Talabaicha 85.Temple 86.Tillongchong 87.Tree 88.Trilby89.Tuft 90.Turtle 91.West 92.Wharf 93.White Cliff,https://moef.gov.in/uploads/2019/10/Andaman-and-Nicobar-Islands.pdf,"[{""title"":""White Cliff"",""link"":""https://moef.gov.in/uploads/2017/06/93.WHITE%20CLIFF.jpg""}]",27/04/2016,S.O 1498(E),,none
11,Andaman and Nicobar Islands,North Button Island National Park,National Park,Final,2016-09-30,11. S.O. 3099(E) [30.09.2016] Final Notification declaring Eco Sensitive Zone around 97 Protected Areas in the Union Territory of Andaman and Nicobar Island(1.78 MB),https://moef.gov.in/uploads/2019/08/Andaman-and-Nicobar-Islands-Final-notification.pdf,[],05/10/2016,S.O. 3099(E),Q3364468,exact
11,Andaman and Nicobar Islands,Middle Button Island National Park,National Park,Final,2016-09-30,11. S.O. 3099(E) [30.09.2016] Final Notification declaring Eco Sensitive Zone around 97 Protected Areas in the Union Territory of Andaman and Nicobar Island(1.78 MB),https://moef.gov.in/uploads/2019/08/Andaman-and-Nicobar-Islands-Final-notification.pdf,[],05/10/2016,S.O. 3099(E),Q3364465,exact
11,Andaman and Nicobar Islands,South Button Island National Park,National Park,Final,2016-09-30,11. S.O. 3099(E) [30.09.2016] Final Notification declaring Eco Sensitive Zone around 97 Protected Areas in the Union Territory of Andaman and Nicobar Island(1.78 MB),https://moef.gov.in/uploads/2019/08/Andaman-and-Nicobar-Islands-Final-notification.pdf,[],05/10/2016,S.O. 3099(E),Q770855,exact
11,Andaman and Nicobar Islands,Rani Jhansi Marine National Park,National Park,Final,2016-09-30,11. S.O. 3099(E) [30.09.2016] Final Notification declaring Eco Sensitive Zone around 97 Protected Areas in the Union Territory of Andaman and Nicobar Island(1.78 MB),https://moef.gov.in/uploads/2019/08/Andaman-and-Nicobar-Islands-Final-notification.pdf,[],05/10/2016,S.O. 3099(E),Q1544313,exact
11,Andaman and Nicobar Islands,Arial Wildlife Sanctuary,Wildlife Sanctuary,Final,2016-09-30,11. S.O. 3099(E) [30.09.2016] Final Notification declaring Eco Sensitive Zone around 97 Protected Areas in the Union Territory of Andaman and Nicobar Island(1.78 MB),https://moef.gov.in/uploads/2019/08/Andaman-and-Nicobar-Islands-Final-notification.pdf,[],05/10/2016,S.O. 3099(E),,none
11,Andaman and Nicobar Islands,Bamboo Wildlife Sanctuary,Wildlife Sanctuary,Final,2016-09-30,11. S.O. 3099(E) [30.09.2016] Final Notification declaring Eco Sensitive Zone around 97 Protected Areas in the Union Territory of Andaman and Nicobar Island(1.78 MB),https://moef.gov.in/uploads/2019/08/Andaman-and-Nicobar-Islands-Final-notification.pdf,[],05/10/2016,S.O. 3099(E),,none
11,Andaman and Nicobar Islands,Barren Wildlife Sanctuary,Wildlife Sanctuary,Final,2016-09-30,11. S.O. 3099(E) [30.09.2016] Final Notification declaring Eco Sensitive Zone around 97 Protected Areas in the Union Territory of Andaman and Nicobar Island(1.78 MB),https://moef.gov.in/uploads/2019/08/Andaman-and-Nicobar-Islands-Final-notification.pdf,[],05/10/2016,S.O. 3099(E),,none
11,Andaman and Nicobar Islands,Batti Malv Wildlife Sanctuary,Wildlife Sanctuary,Final,2016-09-30,11. S.O. 3099(E) [30.09.2016] Final Notification declaring Eco Sensitive Zone around 97 Protected Areas in the Union Territory of Andaman and Nicobar Island(1.78 MB),https://moef.gov.in/uploads/2019/08/Andaman-and-Nicobar-Islands-Final-notification.pdf,[],05/10/2016,S.O. 3099(E),,none
11,Andaman and Nicobar Islands,Belle Wildlife Sanctuary,Wildlife Sanctuary,Final,2016-09-30,11. S.O. 3099(E) [30.09.2016] Final Notification declaring Eco Sensitive Zone around 97 Protected Areas in the Union Territory of Andaman and Nicobar Island(1.78 MB),https://moef.gov.in/uploads/2019/08/Andaman-and-Nicobar-Islands-Final-notification.pdf,[],05/10/2016,S.O. 3099(E),,none
11,Andaman and Nicobar Islands,Bennette Wildlife Sanctuary,Wildlife Sanctuary,Final,2016-09-30,11. S.O. 3099(E) [30.09.2016] Final Notification declaring Eco Sensitive Zone around 97 Protected Areas in the Union Territory of Andaman and Nicobar Island(1.78 MB),https://moef.gov.in/uploads/2019/08/Andaman-and-Nicobar-Islands-Final-notification.pdf,[],05/10/2016,S.O. 3099(E),,none
11,Andaman and Nicobar Islands,Bingham Wildlife Sanctuary,Wildlife Sanctuary,Final,2016-09-30,11. S.O. 3099(E) [30.09.2016] Final Notification declaring Eco Sensitive Zone around 97 Protected Areas in the Union Territory of Andaman and Nicobar Island(1.78 MB),https://moef.gov.in/uploads/2019/08/Andaman-and-Nicobar-Islands-Final-notification.pdf,[],05/10/2016,S.O. 3099(E),,none
11,Andaman and Nicobar Islands,Blister Wildlife Sanctuary,Wildlife Sanctuary,Final,2016-09-30,11. S.O. 3099(E) [30.09.2016] Final Notification declaring Eco Sensitive Zone around 97 Protected Areas in the Union Territory of Andaman and Nicobar Island(1.78 MB),https://moef.gov.in/uploads/2019/08/Andaman-and-Nicobar-Islands-Final-notification.pdf,[],05/10/2016,S.O. 3099(E),,none
11,Andaman and Nicobar Islands,Bluff Wildlife Sanctuary,Wildlife Sanctuary,Final,2016-09-30,11. S.O. 3099(E) [30.09.2016] Final Notification declaring Eco Sensitive Zone around 97 Protected Areas in the Union Territory of Andaman and Nicobar Island(1.78 MB),https://moef.gov.in/uploads/2019/08/Andaman-and-Nicobar-Islands-Final-notification.pdf,[],05/10/2016,S.O. 3099(E),,none
11,Andaman and Nicobar Islands,Bondoville Wildlife Sanctuary,Wildlife Sanctuary,Final,2016-09-30,11. S.O. 3099(E) [30.09.2016] Final Notification declaring Eco Sensitive Zone around 97 Protected Areas in the Union Territory of Andaman and Nicobar Island(1.78 MB),https://moef.gov.in/uploads/2019/08/Andaman-and-Nicobar-Islands-Final-notification.pdf,[],05/10/2016,S.O. 3099(E),,none
11,Andaman and Nicobar Islands,Brush Wildlife Sanctuary,Wildlife Sanctuary,Final,2016-09-30,11. S.O. 3099(E) [30.09.2016] Final Notification declaring Eco Sensitive Zone around 97 Protected Areas in the Union Territory of Andaman and Nicobar Island(1.78 MB),https://moef.gov.in/uploads/2019/08/Andaman-and-Nicobar-Islands-Final-notification.pdf,[],05/10/2016,S.O. 3099(E),,none
11,Andaman and Nicobar Islands,Buchanan Wildlife Sanctuary,Wildlife Sanctuary,Final,2016-09-30,11. S.O. 3099(E) [30.09.2016] Final Notification declaring Eco Sensitive Zone around 97 Protected Areas in the Union Territory of Andaman and Nicobar Island(1.78 MB),https://moef.gov.in/uploads/2019/08/Andaman-and-Nicobar-Islands-Final-notification.pdf,[],05/10/2016,S.O. 3099(E),,none
11,Andaman and Nicobar Islands,Channel Wildlife Sanctuary,Wildlife Sanctuary,Final,2016-09-30,11. S.O. 3099(E) [30.09.2016] Final Notification declaring Eco Sensitive Zone around 97 Protected Areas in the Union Territory of Andaman and Nicobar Island(1.78 MB),https://moef.gov.in/uploads/2019/08/Andaman-and-Nicobar-Islands-Final-notification.pdf,[],05/10/2016,S.O. 3099(E),,none
11,Andaman and Nicobar Islands,Cinque Island Wildlife Sanctuary,Wildlife Sanctuary,Final,2016-09-30,11. S.O. 3099(E) [30.09.2016] Final Notification declaring Eco Sensitive Zone around 97 Protected Areas in the Union Territory of Andaman and Nicobar Island(1.78 MB),https://moef.gov.in/uploads/2019/08/Andaman-and-Nicobar-Islands-Final-notification.pdf,[],05/10/2016,S.O. 3099(E),,none
11,Andaman and Nicobar Islands,Clyde Wildlife Sanctuary,Wildlife Sanctuary,Final,2016-09-30,11. S.O. 3099(E) [30.09.2016] Final Notification declaring Eco Sensitive Zone around 97 Protected Areas in the Union Territory of Andaman and Nicobar Island(1.78 MB),https://moef.gov.in/uploads/2019/08/Andaman-and-Nicobar-Islands-Final-notification.pdf,[],05/10/2016,S.O. 3099(E),,none
11,Andaman and Nicobar Islands,Cone Wildlife Sanctuary,Wildlife Sanctuary,Final,2016-09-30,11. S.O. 3099(E) [30.09.2016] Final Notification declaring Eco Sensitive Zone around 97 Protected Areas in the Union Territory of Andaman and Nicobar Island(1.78 MB),https://moef.gov.in/uploads/2019/08/Andaman-and-Nicobar-Islands-Final-notification.pdf,[],05/10/2016,S.O. 3099(E),,none
11,Andaman and Nicobar Islands,Curlew Bp Wildlife Sanctuary,Wildlife Sanctuary,Final,2016-09-30,11. S.O. 3099(E) [30.09.2016] Final Notification declaring Eco Sensitive Zone around 97 Protected Areas in the Union Territory of Andaman and Nicobar Island(1.78 MB),https://moef.gov.in/uploads/2019/08/Andaman-and-Nicobar-Islands-Final-notification.pdf,[],05/10/2016,S.O. 3099(E),,none
11,Andaman and Nicobar Islands,Curlew Wildlife Sanctuary,Wildlife Sanctuary,Final,2016-09-30,11. S.O. 3099(E) [30.09.2016] Final Notification declaring Eco Sensitive Zone around 97 Protected Areas in the Union Territory of Andaman and Nicobar Island(1.78 MB),https://moef.gov.in/uploads/2019/08/Andaman-and-Nicobar-Islands-Final-notification.pdf,[],05/10/2016,S.O. 3099(E),,none
11,Andaman and Nicobar Islands,Defence Wildlife Sanctuary,Wildlife Sanctuary,Final,2016-09-30,11. S.O. 3099(E) [30.09.2016] Final Notification declaring Eco Sensitive Zone around 97 Protected Areas in the Union Territory of Andaman and Nicobar Island(1.78 MB),https://moef.gov.in/uploads/2019/08/Andaman-and-Nicobar-Islands-Final-notification.pdf,[],05/10/2016,S.O. 3099(E),,none
11,Andaman and Nicobar Islands,Dot Wildlife Sanctuary,Wildlife Sanctuary,Final,2016-09-30,11. S.O. 3099(E) [30.09.2016] Final Notification declaring Eco Sensitive Zone around 97 Protected Areas in the Union Territory of Andaman and Nicobar Island(1.78 MB),https://moef.gov.in/uploads/2019/08/Andaman-and-Nicobar-Islands-Final-notification.pdf,[],05/10/2016,S.O. 3099(E),,none
11,Andaman and Nicobar Islands,Dotrell Wildlife Sanctuary,Wildlife Sanctuary,Final,2016-09-30,11. S.O. 3099(E) [30.09.2016] Final Notification declaring Eco Sensitive Zone around 97 Protected Areas in the Union Territory of Andaman and Nicobar Island(1.78 MB),https://moef.gov.in/uploads/2019/08/Andaman-and-Nicobar-Islands-Final-notification.pdf,[],05/10/2016,S.O. 3099(E),,none
11,Andaman and Nicobar Islands,Duncan Wildlife Sanctuary,Wildlife Sanctuary,Final,2016-09-30,11. S.O. 3099(E) [30.09.2016] Final Notification declaring Eco Sensitive Zone around 97 Protected Areas in the Union Territory of Andaman and Nicobar Island(1.78 MB),https://moef.gov.in/uploads/2019/08/Andaman-and-Nicobar-Islands-Final-notification.pdf,[],05/10/2016,S.O. 3099(E),,none
11,Andaman and Nicobar Islands,East Wildlife Sanctuary,Wildlife Sanctuary,Final,2016-09-30,11. S.O. 3099(E) [30.09.2016] Final Notification declaring Eco Sensitive Zone around 97 Protected Areas in the Union Territory of Andaman and Nicobar Island(1.78 MB),https://moef.gov.in/uploads/2019/08/Andaman-and-Nicobar-Islands-Final-notification.pdf,[],05/10/2016,S.O. 3099(E),,none
11,Andaman and Nicobar Islands,Egg Wildlife Sanctuary,Wildlife Sanctuary,Final,2016-09-30,11. S.O. 3099(E) [30.09.2016] Final Notification declaring Eco Sensitive Zone around 97 Protected Areas in the Union Territory of Andaman and Nicobar Island(1.78 MB),https://moef.gov.in/uploads/2019/08/Andaman-and-Nicobar-Islands-Final-notification.pdf,[],05/10/2016,S.O. 3099(E),,none
11,Andaman and Nicobar Islands,Entrance Wildlife Sanctuary,Wildlife Sanctuary,Final,2016-09-30,11. S.O. 3099(E) [30.09.2016] Final Notification declaring Eco Sensitive Zone around 97 Protected Areas in the Union Territory of Andaman and Nicobar Island(1.78 MB),https://moef.gov.in/uploads/2019/08/Andaman-and-Nicobar-Islands-Final-notification.pdf,[],05/10/2016,S.O. 3099(E),,none
11,Andaman and Nicobar Islands,Flat Wildlife Sanctuary,Wildlife Sanctuary,Final,2016-09-30,11. S.O. 3099(E) [30.09.2016] Final Notification declaring Eco Sensitive Zone around 97 Protected Areas in the Union Territory of Andaman and Nicobar Island(1.78 MB),https://moef.gov.in/uploads/2019/08/Andaman-and-Nicobar-Islands-Final-notification.pdf,[],05/10/2016,S.O. 3099(E),,none
11,Andaman and Nicobar Islands,Gander Wildlife Sanctuary,Wildlife Sanctuary,Final,2016-09-30,11. S.O. 3099(E) [30.09.2016] Final Notification declaring Eco Sensitive Zone around 97 Protected Areas in the Union Territory of Andaman and Nicobar Island(1.78 MB),https://moef.gov.in/uploads/2019/08/Andaman-and-Nicobar-Islands-Final-notification.pdf,[],05/10/2016,S.O. 3099(E),,none
11,Andaman and Nicobar Islands,Goose Wildlife Sanctuary,Wildlife Sanctuary,Final,2016-09-30,11. S.O. 3099(E) [30.09.2016] Final Notification declaring Eco Sensitive Zone around 97 Protected Areas in the Union Territory of Andaman and Nicobar Island(1.78 MB),https://moef.gov.in/uploads/2019/08/Andaman-and-Nicobar-Islands-Final-notification.pdf,[],05/10/2016,S.O. 3099(E),,none
11,Andaman and Nicobar Islands,Gurjan Wildlife Sanctuary,Wildlife Sanctuary,Final,2016-09-30,11. S.O. 3099(E) [30.09.2016] Final Notification declaring Eco Sensitive Zone around 97 Protected Areas in the Union Territory of Andaman and Nicobar Island(1.78 MB),https://moef.gov.in/uploads/2019/08/Andaman-and-Nicobar-Islands-Final-notification.pdf,[],05/10/2016,S.O. 3099(E),,none
11,Andaman and Nicobar Islands,Hump Wildlife Sanctuary,Wildlife Sanctuary,Final,2016-09-30,11. S.O. 3099(E) [30.09.2016] Final Notification declaring Eco Sensitive Zone around 97 Protected Areas in the Union Territory of Andaman and Nicobar Island(1.78 MB),https://moef.gov.in/uploads/2019/08/Andaman-and-Nicobar-Islands-Final-notification.pdf,[],05/10/2016,S.O. 3099(E),,none
11,Andaman and Nicobar Islands,Inglis Wildlife Sanctuary,Wildlife Sanctuary,Final,2016-09-30,11. S.O. 3099(E) [30.09.2016] Final Notification declaring Eco Sensitive Zone around 97 Protected Areas in the Union Territory of Andaman and Nicobar Island(1.78 MB),https://moef.gov.in/uploads/2019/08/Andaman-and-Nicobar-Islands-Final-notification.pdf,[],05/10/2016,S.O. 3099(E),,none
11,Andaman and Nicobar Islands,Interview Wildlife Sanctuary,Wildlife Sanctuary,Final,2016-09-30,11. S.O. 3099(E) [30.09.2016] Final Notification declaring Eco Sensitive Zone around 97 Protected Areas in the Union Territory of Andaman and Nicobar Island(1.78 MB),https://moef.gov.in/uploads/2019/08/Andaman-and-Nicobar-Islands-Final-notification.pdf,[],05/10/2016,S.O. 3099(E),,none
11,Andaman and Nicobar Islands,James Wildlife Sanctuary,Wildlife Sanctuary,Final,2016-09-30,11. S.O. 3099(E) [30.09.2016] Final Notification declaring Eco Sensitive Zone around 97 Protected Areas in the Union Territory of Andaman and Nicobar Island(1.78 MB),https://moef.gov.in/uploads/2019/08/Andaman-and-Nicobar-Islands-Final-notification.pdf,[],05/10/2016,S.O. 3099(E),,none
11,Andaman and Nicobar Islands,Jungle Wildlife Sanctuary,Wildlife Sanctuary,Final,2016-09-30,11. S.O. 3099(E) [30.09.2016] Final Notification declaring Eco Sensitive Zone around 97 Protected Areas in the Union Territory of Andaman and Nicobar Island(1.78 MB),https://moef.gov.in/uploads/2019/08/Andaman-and-Nicobar-Islands-Final-notification.pdf,[],05/10/2016,S.O. 3099(E),,none
11,Andaman and Nicobar Islands,Kwang Tung Wildlife Sanctuary,Wildlife Sanctuary,Final,2016-09-30,11. S.O. 3099(E) [30.09.2016] Final Notification declaring Eco Sensitive Zone around 97 Protected Areas in the Union Territory of Andaman and Nicobar Island(1.78 MB),https://moef.gov.in/uploads/2019/08/Andaman-and-Nicobar-Islands-Final-notification.pdf,[],05/10/2016,S.O. 3099(E),,none
11,Andaman and Nicobar Islands,Kyd Wildlife Sanctuary,Wildlife Sanctuary,Final,2016-09-30,11. S.O. 3099(E) [30.09.2016] Final Notification declaring Eco Sensitive Zone around 97 Protected Areas in the Union Territory of Andaman and Nicobar Island(1.78 MB),https://moef.gov.in/uploads/2019/08/Andaman-and-Nicobar-Islands-Final-notification.pdf,[],05/10/2016,S.O. 3099(E),,none
11,Andaman and Nicobar Islands,Landfall Wildlife Sanctuary,Wildlife Sanctuary,Final,2016-09-30,11. S.O. 3099(E) [30.09.2016] Final Notification declaring Eco Sensitive Zone around 97 Protected Areas in the Union Territory of Andaman and Nicobar Island(1.78 MB),https://moef.gov.in/uploads/2019/08/Andaman-and-Nicobar-Islands-Final-notification.pdf,[],05/10/2016,S.O. 3099(E),,none
11,Andaman and Nicobar Islands,Latouche Wildlife Sanctuary,Wildlife Sanctuary,Final,2016-09-30,11. S.O. 3099(E) [30.09.2016] Final Notification declaring Eco Sensitive Zone around 97 Protected Areas in the Union Territory of Andaman and Nicobar Island(1.78 MB),https://moef.gov.in/uploads/2019/08/Andaman-and-Nicobar-Islands-Final-notification.pdf,[],05/10/2016,S.O. 3099(E),,none
11,Andaman and Nicobar Islands,Mangrove Wildlife Sanctuary,Wildlife Sanctuary,Final,2016-09-30,11. S.O. 3099(E) [30.09.2016] Final Notification declaring Eco Sensitive Zone around 97 Protected Areas in the Union Territory of Andaman and Nicobar Island(1.78 MB),https://moef.gov.in/uploads/2019/08/Andaman-and-Nicobar-Islands-Final-notification.pdf,[],05/10/2016,S.O. 3099(E),,none
11,Andaman and Nicobar Islands,Mask Wildlife Sanctuary,Wildlife Sanctuary,Final,2016-09-30,11. S.O. 3099(E) [30.09.2016] Final Notification declaring Eco Sensitive Zone around 97 Protected Areas in the Union Territory of Andaman and Nicobar Island(1.78 MB),https://moef.gov.in/uploads/2019/08/Andaman-and-Nicobar-Islands-Final-notification.pdf,[],05/10/2016,S.O. 3099(E),,none
11,Andaman and Nicobar Islands,Mayo Wildlife Sanctuary,Wildlife Sanctuary,Final,2016-09-30,11. S.O. 3099(E) [30.09.2016] Final Notification declaring Eco Sensitive Zone around 97 Protected Areas in the Union Territory of Andaman and Nicobar Island(1.78 MB),https://moef.gov.in/uploads/2019/08/Andaman-and-Nicobar-Islands-Final-notification.pdf,[],05/10/2016,S.O. 3099(E),,none
11,Andaman and Nicobar Islands,Megapode Wildlife Sanctuary,Wildlife Sanctuary,Final,2016-09-30,11. S.O. 3099(E) [30.09.2016] Final Notification declaring Eco Sensitive Zone around 97 Protected Areas in the Union Territory of Andaman and Nicobar Island(1.78 MB),https://moef.gov.in/uploads/2019/08/Andaman-and-Nicobar-Islands-Final-notification.pdf,[],05/10/2016,S.O. 3099(E),,none
11,Andaman and Nicobar Islands,Montgomery Wildlife Sanctuary,Wildlife Sanctuary,Final,2016-09-30,11. S.O. 3099(E) [30.09.2016] Final Notification declaring Eco Sensitive Zone around 97 Protected Areas in the Union Territory of Andaman and Nicobar Island(1.78 MB),https://moef.gov.in/uploads/2019/08/Andaman-and-Nicobar-Islands-Final-notification.pdf,[],05/10/2016,S.O. 3099(E),,none
11,Andaman and Nicobar Islands,Narcondam Wildlife Sanctuary,Wildlife Sanctuary,Final,2016-09-30,11. S.O. 3099(E) [30.09.2016] Final Notification declaring Eco Sensitive Zone around 97 Protected Areas in the Union Territory of Andaman and Nicobar Island(1.78 MB),https://moef.gov.in/uploads/2019/08/Andaman-and-Nicobar-Islands-Final-notification.pdf,[],05/10/2016,S.O. 3099(E),,none
11,Andaman and Nicobar Islands,North Brother Wildlife Sanctuary,Wildlife Sanctuary,Final,2016-09-30,11. S.O. 3099(E) [30.09.2016] Final Notification declaring Eco Sensitive Zone around 97 Protected Areas in the Union Territory of Andaman and Nicobar Island(1.78 MB),https://moef.gov.in/uploads/2019/08/Andaman-and-Nicobar-Islands-Final-notification.pdf,[],05/10/2016,S.O. 3099(E),,none
11,Andaman and Nicobar Islands,North Reef Wildlife Sanctuary,Wildlife Sanctuary,Final,2016-09-30,11. S.O. 3099(E) [30.09.2016] Final Notification declaring Eco Sensitive Zone around 97 Protected Areas in the Union Territory of Andaman and Nicobar Island(1.78 MB),https://moef.gov.in/uploads/2019/08/Andaman-and-Nicobar-Islands-Final-notification.pdf,[],05/10/2016,S.O. 3099(E),,none
11,Andaman and Nicobar Islands,North Wildlife Sanctuary,Wildlife Sanctuary,Final,2016-09-30,11. S.O. 3099(E) [30.09.2016] Final Notification declaring Eco Sensitive Zone around 97 Protected Areas in the Union Territory of Andaman and Nicobar Island(1.78 MB),https://moef.gov.in/uploads/2019/08/Andaman-and-Nicobar-Islands-Final-notification.pdf,[],05/10/2016,S.O. 3099(E),,none
11,Andaman and Nicobar Islands,Oliver Wildlife Sanctuary,Wildlife Sanctuary,Final,2016-09-30,11. S.O. 3099(E) [30.09.2016] Final Notification declaring Eco Sensitive Zone around 97 Protected Areas in the Union Territory of Andaman and Nicobar Island(1.78 MB),https://moef.gov.in/uploads/2019/08/Andaman-and-Nicobar-Islands-Final-notification.pdf,[],05/10/2016,S.O. 3099(E),,none
11,Andaman and Nicobar Islands,Orchid Wildlife Sanctuary,Wildlife Sanctuary,Final,2016-09-30,11. S.O. 3099(E) [30.09.2016] Final Notification declaring Eco Sensitive Zone around 97 Protected Areas in the Union Territory of Andaman and Nicobar Island(1.78 MB),https://moef.gov.in/uploads/2019/08/Andaman-and-Nicobar-Islands-Final-notification.pdf,[],05/10/2016,S.O. 3099(E),,none
11,Andaman and Nicobar Islands,Ox Wildlife Sanctuary,Wildlife Sanctuary,Final,2016-09-30,11. S.O. 3099(E) [30.09.2016] Final Notification declaring Eco Sensitive Zone around 97 Protected Areas in the Union Territory of Andaman and Nicobar Island(1.78 MB),https://moef.gov.in/uploads/2019/08/Andaman-and-Nicobar-Islands-Final-notification.pdf,[],05/10/2016,S.O. 3099(E),,none
11,Andaman and Nicobar Islands,Oyester I Wildlife Sanctuary,Wildlife Sanctuary,Final,2016-09-30,11. S.O. 3099(E) [30.09.2016] Final Notification declaring Eco Sensitive Zone around 97 Protected Areas in the Union Territory of Andaman and Nicobar Island(1.78 MB),https://moef.gov.in/uploads/2019/08/Andaman-and-Nicobar-Islands-Final-notification.pdf,[],05/10/2016,S.O. 3099(E),,none
11,Andaman and Nicobar Islands,Oyester II Wildlife Sanctuary,Wildlife Sanctuary,Final,2016-09-30,11. S.O. 3099(E) [30.09.2016] Final Notification declaring Eco Sensitive Zone around 97 Protected Areas in the Union Territory of Andaman and Nicobar Island(1.78 MB),https://moef.gov.in/uploads/2019/08/Andaman-and-Nicobar-Islands-Final-notification.pdf,[],05/10/2016,S.O. 3099(E),,none
11,Andaman and Nicobar Islands,Paget Wildlife Sanctuary,Wildlife Sanctuary,Final,2016-09-30,11. S.O. 3099(E) [30.09.2016] Final Notification declaring Eco Sensitive Zone around 97 Protected Areas in the Union Territory of Andaman and Nicobar Island(1.78 MB),https://moef.gov.in/uploads/2019/08/Andaman-and-Nicobar-Islands-Final-notification.pdf,[],05/10/2016,S.O. 3099(E),,none
11,Andaman and Nicobar Islands,Parkinson Wildlife Sanctuary,Wildlife Sanctuary,Final,2016-09-30,11. S.O. 3099(E) [30.09.2016] Final Notification declaring Eco Sensitive Zone around 97 Protected Areas in the Union Territory of Andaman and Nicobar Island(1.78 MB),https://moef.gov.in/uploads/2019/08/Andaman-and-Nicobar-Islands-Final-notification.pdf,[],05/10/2016,S.O. 3099(E),,none
11,Andaman and Nicobar Islands,Passage Wildlife Sanctuary,Wildlife Sanctuary,Final,2016-09-30,11. S.O. 3099(E) [30.09.2016] Final Notification declaring Eco Sensitive Zone around 97 Protected Areas in the Union Territory of Andaman and Nicobar Island(1.78 MB),https://moef.gov.in/uploads/2019/08/Andaman-and-Nicobar-Islands-Final-notification.pdf,[],05/10/2016,S.O. 3099(E),,none
11,Andaman and Nicobar Islands,Petric Wildlife Sanctuary,Wildlife Sanctuary,Final,2016-09-30,11. S.O. 3099(E) [30.09.2016] Final Notification declaring Eco Sensitive Zone around 97 Protected Areas in the Union Territory of Andaman and Nicobar Island(1.78 MB),https://moef.gov.in/uploads/2019/08/Andaman-and-Nicobar-Islands-Final-notification.pdf,[],05/10/2016,S.O. 3099(E),,none
11,Andaman and Nicobar Islands,Pitman Wildlife Sanctuary,Wildlife Sanctuary,Final,2016-09-30,11. S.O. 3099(E) [30.09.2016] Final Notification declaring Eco Sensitive Zone around 97 Protected Areas in the Union Territory of Andaman and Nicobar Island(1.78 MB),https://moef.gov.in/uploads/2019/08/Andaman-and-Nicobar-Islands-Final-notification.pdf,[],05/10/2016,S.O. 3099(E),,none
11,Andaman and Nicobar Islands,Peacock Wildlife Sanctuary,Wildlife Sanctuary,Final,2016-09-30,11. S.O. 3099(E) [30.09.2016] Final Notification declaring Eco Sensitive Zone around 97 Protected Areas in the Union Territory of Andaman and Nicobar Island(1.78 MB),https://moef.gov.in/uploads/2019/08/Andaman-and-Nicobar-Islands-Final-notification.pdf,[],05/10/2016,S.O. 3099(E),,none
11,Andaman and Nicobar Islands,Point Wildlife Sanctuary,Wildlife Sanctuary,Final,2016-09-30,11. S.O. 3099(E) [30.09.2016] Final Notification declaring Eco Sensitive Zone around 97 Protected Areas in the Union Territory of Andaman and Nicobar Island(1.78 MB),https://moef.gov.in/uploads/2019/08/Andaman-and-Nicobar-Islands-Final-notification.pdf,[],05/10/2016,S.O. 3099(E),,none
11,Andaman and Nicobar Islands,Potanma Wildlife Sanctuary,Wildlife Sanctuary,Final,2016-09-30,11. S.O. 3099(E) [30.09.2016] Final Notification declaring Eco Sensitive Zone around 97 Protected Areas in the Union Territory of Andaman and Nicobar Island(1.78 MB),https://moef.gov.in/uploads/2019/08/Andaman-and-Nicobar-Islands-Final-notification.pdf,[],05/10/2016,S.O. 3099(E),,none
11,Andaman and Nicobar Islands,Ranger Wildlife Sanctuary,Wildlife Sanctuary,Final,2016-09-30,11. S.O. 3099(E) [30.09.2016] Final Notification declaring Eco Sensitive Zone around 97 Protected Areas in the Union Territory of Andaman and Nicobar Island(1.78 MB),https://moef.gov.in/uploads/2019/08/Andaman-and-Nicobar-Islands-Final-notification.pdf,[],05/10/2016,S.O. 3099(E),,none
11,Andaman and Nicobar Islands,Reef Wildlife Sanctuary,Wildlife Sanctuary,Final,2016-09-30,11. S.O. 3099(E) [30.09.2016] Final Notification declaring Eco Sensitive Zone around 97 Protected Areas in the Union Territory of Andaman and Nicobar Island(1.78 MB),https://moef.gov.in/uploads/2019/08/Andaman-and-Nicobar-Islands-Final-notification.pdf,[],05/10/2016,S.O. 3099(E),,none
11,Andaman and Nicobar Islands,Roper Wildlife Sanctuary,Wildlife Sanctuary,Final,2016-09-30,11. S.O. 3099(E) [30.09.2016] Final Notification declaring Eco Sensitive Zone around 97 Protected Areas in the Union Territory of Andaman and Nicobar Island(1.78 MB),https://moef.gov.in/uploads/2019/08/Andaman-and-Nicobar-Islands-Final-notification.pdf,[],05/10/2016,S.O. 3099(E),,none
11,Andaman and Nicobar Islands,Ross Wildlife Sanctuary,Wildlife Sanctuary,Final,2016-09-30,11. S.O. 3099(E) [30.09.2016] Final Notification declaring Eco Sensitive Zone around 97 Protected Areas in the Union Territory of Andaman and Nicobar Island(1.78 MB),https://moef.gov.in/uploads/2019/08/Andaman-and-Nicobar-Islands-Final-notification.pdf,[],05/10/2016,S.O. 3099(E),,none
11,Andaman and Nicobar Islands,Rowe Wildlife Sanctuary,Wildlife Sanctuary,Final,2016-09-30,11. S.O. 3099(E) [30.09.2016] Final Notification declaring Eco Sensitive Zone around 97 Protected Areas in the Union Territory of Andaman and Nicobar Island(1.78 MB),https://moef.gov.in/uploads/2019/08/Andaman-and-Nicobar-Islands-Final-notification.pdf,[],05/10/2016,S.O. 3099(E),,none
11,Andaman and Nicobar Islands,Sandy Wildlife Sanctuary,Wildlife Sanctuary,Final,2016-09-30,11. S.O. 3099(E) [30.09.2016] Final Notification declaring Eco Sensitive Zone around 97 Protected Areas in the Union Territory of Andaman and Nicobar Island(1.78 MB),https://moef.gov.in/uploads/2019/08/Andaman-and-Nicobar-Islands-Final-notification.pdf,[],05/10/2016,S.O. 3099(E),,none
11,Andaman and Nicobar Islands,Sea Serpent Wildlife Sanctuary,Wildlife Sanctuary,Final,2016-09-30,11. S.O. 3099(E) [30.09.2016] Final Notification declaring Eco Sensitive Zone around 97 Protected Areas in the Union Territory of Andaman and Nicobar Island(1.78 MB),https://moef.gov.in/uploads/2019/08/Andaman-and-Nicobar-Islands-Final-notification.pdf,[],05/10/2016,S.O. 3099(E),,none
11,Andaman and Nicobar Islands,Shark Wildlife Sanctuary,Wildlife Sanctuary,Final,2016-09-30,11. S.O. 3099(E) [30.09.2016] Final Notification declaring Eco Sensitive Zone around 97 Protected Areas in the Union Territory of Andaman and Nicobar Island(1.78 MB),https://moef.gov.in/uploads/2019/08/Andaman-and-Nicobar-Islands-Final-notification.pdf,[],05/10/2016,S.O. 3099(E),,none
11,Andaman and Nicobar Islands,Shearme Wildlife Sanctuary,Wildlife Sanctuary,Final,2016-09-30,11. S.O. 3099(E) [30.09.2016] Final Notification declaring Eco Sensitive Zone around 97 Protected Areas in the Union Territory of Andaman and Nicobar Island(1.78 MB),https://moef.gov.in/uploads/2019/08/Andaman-and-Nicobar-Islands-Final-notification.pdf,[],05/10/2016,S.O. 3099(E),,none
11,Andaman and Nicobar Islands,Sir Hugh Rose Wildlife Sanctuary,Wildlife Sanctuary,Final,2016-09-30,11. S.O. 3099(E) [30.09.2016] Final Notification declaring Eco Sensitive Zone around 97 Protected Areas in the Union Territory of Andaman and Nicobar Island(1.78 MB),https://moef.gov.in/uploads/2019/08/Andaman-and-Nicobar-Islands-Final-notification.pdf,[],05/10/2016,S.O. 3099(E),,none
11,Andaman and Nicobar Islands,Sisters Wildlife Sanctuary,Wildlife Sanctuary,Final,2016-09-30,11. S.O. 3099(E) [30.09.2016] Final Notification declaring Eco Sensitive Zone around 97 Protected Areas in the Union Territory of Andaman and Nicobar Island(1.78 MB),https://moef.gov.in/uploads/2019/08/Andaman-and-Nicobar-Islands-Final-notification.pdf,[],05/10/2016,S.O. 3099(E),,none
11,Andaman and Nicobar Islands,Snake Island Wildlife Sanctuary,Wildlife Sanctuary,Final,2016-09-30,11. S.O. 3099(E) [30.09.2016] Final Notification declaring Eco Sensitive Zone around 97 Protected Areas in the Union Territory of Andaman and Nicobar Island(1.78 MB),https://moef.gov.in/uploads/2019/08/Andaman-and-Nicobar-Islands-Final-notification.pdf,[],05/10/2016,S.O. 3099(E),,none
11,Andaman and Nicobar Islands,Snake-I Wildlife Sanctuary,Wildlife Sanctuary,Final,2016-09-30,11. S.O. 3099(E) [30.09.2016] Final Notification declaring Eco Sensitive Zone around 97 Protected Areas in the Union Territory of Andaman and Nicobar Island(1.78 MB),https://moef.gov.in/uploads/2019/08/Andaman-and-Nicobar-Islands-Final-notification.pdf,[],05/10/2016,S.O. 3099(E),,none
11,Andaman and Nicobar Islands,South Brother Wildlife Sanctuary,Wildlife Sanctuary,Final,2016-09-30,11. S.O. 3099(E) [30.09.2016] Final Notification declaring Eco Sensitive Zone around 97 Protected Areas in the Union Territory of Andaman and Nicobar Island(1.78 MB),https://moef.gov.in/uploads/2019/08/Andaman-and-Nicobar-Islands-Final-notification.pdf,[],05/10/2016,S.O. 3099(E),,none
11,Andaman and Nicobar Islands,South Reef Wildlife Sanctuary,Wildlife Sanctuary,Final,2016-09-30,11. S.O. 3099(E) [30.09.2016] Final Notification declaring Eco Sensitive Zone around 97 Protected Areas in the Union Territory of Andaman and Nicobar Island(1.78 MB),https://moef.gov.in/uploads/2019/08/Andaman-and-Nicobar-Islands-Final-notification.pdf,[],05/10/2016,S.O. 3099(E),,none
11,Andaman and Nicobar Islands,South Sentinel Wildlife Sanctuary,Wildlife Sanctuary,Final,2016-09-30,11. S.O. 3099(E) [30.09.2016] Final Notification declaring Eco Sensitive Zone around 97 Protected Areas in the Union Territory of Andaman and Nicobar Island(1.78 MB),https://moef.gov.in/uploads/2019/08/Andaman-and-Nicobar-Islands-Final-notification.pdf,[],05/10/2016,S.O. 3099(E),,none
11,Andaman and Nicobar Islands,Spike II Wildlife Sanctuary,Wildlife Sanctuary,Final,2016-09-30,11. S.O. 3099(E) [30.09.2016] Final Notification declaring Eco Sensitive Zone around 97 Protected Areas in the Union Territory of Andaman and Nicobar Island(1.78 MB),https://moef.gov.in/uploads/2019/08/Andaman-and-Nicobar-Islands-Final-notification.pdf,[],05/10/2016,S.O. 3099(E),,none
11,Andaman and Nicobar Islands,Spike-I Wildlife Sanctuary,Wildlife Sanctuary,Final,2016-09-30,11. S.O. 3099(E) [30.09.2016] Final Notification declaring Eco Sensitive Zone around 97 Protected Areas in the Union Territory of Andaman and Nicobar Island(1.78 MB),https://moef.gov.in/uploads/2019/08/Andaman-and-Nicobar-Islands-Final-notification.pdf,[],05/10/2016,S.O. 3099(E),,none
11,Andaman and Nicobar Islands,Stoat Wildlife Sanctuary,Wildlife Sanctuary,Final,2016-09-30,11. S.O. 3099(E) [30.09.2016] Final Notification declaring Eco Sensitive Zone around 97 Protected Areas in the Union Territory of Andaman and Nicobar Island(1.78 MB),https://moef.gov.in/uploads/2019/08/Andaman-and-Nicobar-Islands-Final-notification.pdf,[],05/10/2016,S.O. 3099(E),,none
11,Andaman and Nicobar Islands,Surat Wildlife Sanctuary,Wildlife Sanctuary,Final,2016-09-30,11. S.O. 3099(E) [30.09.2016] Final Notification declaring Eco Sensitive Zone around 97 Protected Areas in the Union Territory of Andaman and Nicobar Island(1.78 MB),https://moef.gov.in/uploads/2019/08/Andaman-and-Nicobar-Islands-Final-notification.pdf,[],05/10/2016,S.O. 3099(E),,none
11,Andaman and Nicobar Islands,Swamp Wildlife Sanctuary,Wildlife Sanctuary,Final,2016-09-30,11. S.O. 3099(E) [30.09.2016] Final Notification declaring Eco Sensitive Zone around 97 Protected Areas in the Union Territory of Andaman and Nicobar Island(1.78 MB),https://moef.gov.in/uploads/2019/08/Andaman-and-Nicobar-Islands-Final-notification.pdf,[],05/10/2016,S.O. 3099(E),,none
11,Andaman and Nicobar Islands,Table Dalgarno Wildlife Sanctuary,Wildlife Sanctuary,Final,2016-09-30,11. S.O. 3099(E) [30.09.2016] Final Notification declaring Eco Sensitive Zone around 97 Protected Areas in the Union Territory of Andaman and Nicobar Island(1.78 MB),https://moef.gov.in/uploads/2019/08/Andaman-and-Nicobar-Islands-Final-notification.pdf,[],05/10/2016,S.O. 3099(E),,none
11,Andaman and Nicobar Islands,Table(Excelsior) Wildlife Sanctuary,Wildlife Sanctuary,Final,2016-09-30,11. S.O. 3099(E) [30.09.2016] Final Notification declaring Eco Sensitive Zone around 97 Protected Areas in the Union Territory of Andaman and Nicobar Island(1.78 MB),https://moef.gov.in/uploads/2019/08/Andaman-and-Nicobar-Islands-Final-notification.pdf,[],05/10/2016,S.O. 3099(E),,none
11,Andaman and Nicobar Islands,Talabaicha Wildlife Sanctuary,Wildlife Sanctuary,Final,2016-09-30,11. S.O. 3099(E) [30.09.2016] Final Notification declaring Eco Sensitive Zone around 97 Protected Areas in the Union Territory of Andaman and Nicobar Island(1.78 MB),https://moef.gov.in/uploads/2019/08/Andaman-and-Nicobar-Islands-Final-notification.pdf,[],05/10/2016,S.O. 3099(E),,none
11,Andaman and Nicobar Islands,Temple Wildlife Sanctuary,Wildlife Sanctuary,Final,2016-09-30,11. S.O. 3099(E) [30.09.2016] Final Notification declaring Eco Sensitive Zone around 97 Protected Areas in the Union Territory of Andaman and Nicobar Island(1.78 MB),https://moef.gov.in/uploads/2019/08/Andaman-and-Nicobar-Islands-Final-notification.pdf,[],05/10/2016,S.O. 3099(E),,none
11,Andaman and Nicobar Islands,Tillongchong Wildlife Sanctuary,Wildlife Sanctuary,Final,2016-09-30,11. S.O. 3099(E) [30.09.2016] Final Notification declaring Eco Sensitive Zone around 97 Protected Areas in the Union Territory of Andaman and Nicobar Island(1.78 MB),https://moef.gov.in/uploads/2019/08/Andaman-and-Nicobar-Islands-Final-notification.pdf,[],05/10/2016,S.O. 3099(E),,none
11,Andaman and Nicobar Islands,Tree Wildlife Sanctuary,Wildlife Sanctuary,Final,2016-09-30,11. S.O. 3099(E) [30.09.2016] Final Notification declaring Eco Sensitive Zone around 97 Protected Areas in the Union Territory of Andaman and Nicobar Island(1.78 MB),https://moef.gov.in/uploads/2019/08/Andaman-and-Nicobar-Islands-Final-notification.pdf,[],05/10/2016,S.O. 3099(E),,none
11,Andaman and Nicobar Islands,Trilby Wildlife Sanctuary,Wildlife Sanctuary,Final,2016-09-30,11. S.O. 3099(E) [30.09.2016] Final Notification declaring Eco Sensitive Zone around 97 Protected Areas in the Union Territory of Andaman and Nicobar Island(1.78 MB),https://moef.gov.in/uploads/2019/08/Andaman-and-Nicobar-Islands-Final-notification.pdf,[],05/10/2016,S.O. 3099(E),,none
11,Andaman and Nicobar Islands,Tuft Wildlife Sanctuary,Wildlife Sanctuary,Final,2016-09-30,11. S.O. 3099(E) [30.09.2016] Final Notification declaring Eco Sensitive Zone around 97 Protected Areas in the Union Territory of Andaman and Nicobar Island(1.78 MB),https://moef.gov.in/uploads/2019/08/Andaman-and-Nicobar-Islands-Final-notification.pdf,[],05/10/2016,S.O. 3099(E),,none
11,Andaman and Nicobar Islands,Turtle Wildlife Sanctuary,Wildlife Sanctuary,Final,2016-09-30,11. S.O. 3099(E) [30.09.2016] Final Notification declaring Eco Sensitive Zone around 97 Protected Areas in the Union Territory of Andaman and Nicobar Island(1.78 MB),https://moef.gov.in/uploads/2019/08/Andaman-and-Nicobar-Islands-Final-notification.pdf,[],05/10/2016,S.O. 3099(E),,none
11,Andaman and Nicobar Islands,West Wildlife Sanctuary,Wildlife Sanctuary,Final,2016-09-30,11. S.O. 3099(E) [30.09.2016] Final Notification declaring Eco Sensitive Zone around 97 Protected Areas in the Union Territory of Andaman and Nicobar Island(1.78 MB),https://moef.gov.in/uploads/2019/08/Andaman-and-Nicobar-Islands-Final-notification.pdf,[],05/10/2016,S.O. 3099(E),,none
11,Andaman and Nicobar Islands,Wharf Wildlife Sanctuary,Wildlife Sanctuary,Final,2016-09-30,11. S.O. 3099(E) [30.09.2016] Final Notification declaring Eco Sensitive Zone around 97 Protected Areas in the Union Territory of Andaman and Nicobar Island(1.78 MB),https://moef.gov.in/uploads/2019/08/Andaman-and-Nicobar-Islands-Final-notification.pdf,[],05/10/2016,S.O. 3099(E),,none
11,Andaman and Nicobar Islands,White Cliff Wildlife Sanctuary,Wildlife Sanctuary,Final,2016-09-30,11. S.O. 3099(E) [30.09.2016] Final Notification declaring Eco Sensitive Zone around 97 Protected Areas in the Union Territory of Andaman and Nicobar Island(1.78 MB),https://moef.gov.in/uploads/2019/08/Andaman-and-Nicobar-Islands-Final-notification.pdf,[],05/10/2016,S.O. 3099(E),,none
14,Andaman and Nicobar Islands,Cuthbert Bay Wildlife Sanctuary,Wildlife Sanctuary,Draft,2017-09-06,14. S.O. 2939 (E) [06.09.2017] Draft Notification Declaring Eco Sensitive Zone around Cuthbert Bay Wildlife Sanctuary(1.74 MB) Andaman,https://moef.gov.in/uploads/2019/10/Cuthbert-Bay-Wildlife-Sanctuary-Andamans-Draft-sno-13.pdf,[],12/09/2017,S.O. 2939 (E),Q131632374,exact
12,Andaman and Nicobar Islands,Cuthbert Bay Wildlife Sanctuary,Wildlife Sanctuary,Final,2019-02-27,12. S.O. 1042(E) [27.02.2019] Final Notification declaring Eco Sensitive Zone around Cuthbert Bay Sanctuary(1.78 MB),https://moef.gov.in/uploads/2018/12/cuterbert.pdf,[],05/10/2016,S.O. 1042(E),Q131632374,exact
15,Andaman and Nicobar Islands,Saddle Peak National Park,National Park,Draft,2017-10-13,"15. S.O. 3328 (E) [13.10.2017] Draft Notification declaring Eco Sensitive Zone around Saddle Peak National Park(2.93 MB), Andaman & Nicobar",https://moef.gov.in/uploads/2017/06/saddle%20peak%20NP_1.pdf,[],,S.O. 3328 (E),Q775202,exact
13,Andaman and Nicobar Islands,Saddle Peak National Park,National Park,Final,2018-05-11,"13. S.O. 1874(E) [11.05.2018] Final Notification declaring Eco Sensitive Zone around Saddle Peak National Park,(2.54 MB) Andaman and Nicobar Islands.",https://moef.gov.in/uploads/2019/08/saddle-peak.pdf,[],15/05/2018,S.O. 1874(E),Q775202,exact
16,Andaman and Nicobar Islands,Mount Harriet National Park,National Park,Draft,2018-02-26,"16. S.O. 799(E) [26.02.2018] Draft Notification declaring Eco Sensitive Zone aroundMount harriet National Park(4.72 MB), Andaman & Nicobar",https://moef.gov.in/uploads/2018/05/Mount-harriet.pdf,[],07/03/2016,S.O. 799(E),Q3091762,exact
14,Andaman and Nicobar Islands,Mount Harriet National Park,National Park,Final,2019-02-04,"14. S.O. 652(E) [04.02.2019] Final Notification declaring Eco Sensitive Zone around Mount Harriet National Park,(3.00 MB)",https://moef.gov.in/uploads/2018/12/mount-harriet.pdf,[],05/10/2016,S.O. 652(E),Q3091762,exact
,Andaman and Nicobar Islands,Mount Harriet National Park,National Park,Amendment,2022-12-22,"S.O. No. 6014(E) [22.12.2022] Amendment in the Notification of Eco-sensitive Zone around Mount Harriet National Park, in the UT of Andaman and Nicobar Islands(1,254 KB), Andaman and Nicobar Islands",https://moef.gov.in/uploads/2023/11/SO6014(E)-22122022.pdf,[],22/12/2022,S.O. No. 6014(E),Q3091762,exact
17,Andaman and Nicobar Islands,Campbell Bay National Park,National Park,Draft,2020-10-28,"17. S.O. 3873(E) [28.10.2020] Draft Notification declaring Eco Sensitive Zone around Campbell Bay National Park, Andaman & Nicobar Islands. (23.00 KB)",https://moef.gov.in/uploads/2019/02/champbell.pdf,[],02/11/2020,S.O. 3873(E),Q2979693,exact
15,Andaman and Nicobar Islands,Mount Harriet National Park,National Park,Final,2021-03-12,"15. S.O.1193(E) [12.03.2021] Final Notification declaring Eco Sensitive Zone around Campbell Bay National Park(3.00 MB) , Andaman & Nicobar Islands.",https://moef.gov.in/uploads/2021/03/campbell.pdf,[],15/03/2021,S.O.1193(E),Q3091762,exact
18,Andaman and Nicobar Islands,Galathea Bay National Park,National Park,Draft,2020-10-28,"18. S.O. 3874(E) [28.10.2020] Draft Notification declaring Eco Sensitive Zone around Galathea Bay National Park, Andaman & Nicobar Islands. (58 KB).",https://moef.gov.in/uploads/2019/02/galateea.pdf,[],02/11/2020,S.O. 3874(E),Q2979723,exact
16,Andaman and Nicobar Islands,Galathea Bay National Park,National Park,Final,2021-03-12,"16. S.O.1194(E) [12.03.2021] Final Notification declaring Eco Sensitive Zone around Galathea Bay National Park, Andaman & Nicobar Islands. (86 KB).",https://moef.gov.in/uploads/2021/03/galathea.pdf,[],15/03/2021,S.O.1194(E),Q2979723,exact
19,Andaman and Nicobar Islands,Mahatma Gandhi Marine (Wandoor) National Park,National Park,Draft,2020-12-24,"19. S.O. 4694(E) [24.12.2020] Draft Notification declaring Eco Sensitive Zone around Mahatma Gandhi Marine (Wandoor) National Park, Andaman & Nicobar Islands(95 KB).",https://moef.gov.in/uploads/2020/12/mahatma-gandhi-marine-NP.pdf,[],28/12/2020,S.O. 4694(E),Q3364527,fuzzy
17,Andaman and Nicobar Islands,Mahatma Gandhi Marine National Park,National Park,Final,2022-04-28,"17. S.O. 2020(E) [28.04.2022] Final Notification declaring Eco Sensitive Zone around Mahatma Gandhi Marine National Park, in the state of Andaman and Nicobar Islands(86 KB).",https://moef.gov.in/uploads/2021/08/Final-Notification-S-O-No-2020.pdf,[],28/04/2022,S.O. 2020(E),Q3364527,exact
20,Arunachal Pradesh,Kane Wildlife Sanctuary,Wildlife Sanctuary,Draft,2015-09-03,"20. S.O. 2535 [03.09.2015] Draft ESZ Notification on Kane Wildlife Sanctuary(7.54 MB), Arunachal Pradesh & Map(110.45 KB)",https://moef.gov.in/uploads/2017/06/S.O.%202535%20%20%5B03.09.2015%5D%20Draft%20ESZ%20Notification%20on%20Kane%20Wildlife%20Sanctuary%2C%20Arunachal%20Pradesh.pdf,[],28/09/2015,S.O. 2535,Q130974168,exact
18,Arunachal Pradesh,Kane Wildlife Sanctuary,Wildlife Sanctuary,Final,,"18. S.O. 1718(E) [08.04.2021/30.04.2021] Final Notification declaring Eco Sensitive Zone around Kane Wildlife Sanctuary,(10.55 KB) Arunachal Pradesh",https://moef.gov.in/uploads/2021/05/Kane-Notification.pdf,[],03/05/2021,S.O. 1718(E),Q130974168,exact
20,Arunachal Pradesh,Kane Wildlife Sanctuary,Wildlife Sanctuary,Draft,2020-06-09,"20. S.O. 1877(E) [09.06.2020] Draft Notification declaring Eco Sensitive Zone around Kane Wildlife Sanctuary,p(180.65 KB) Arunachal Pradesh Re-notification New",https://moef.gov.in/uploads/2019/10/kane.pdf,[],15/06/2020,S.O. 1877(E),Q130974168,exact
21,Arunachal Pradesh,Tale Wildlife Sanctuary,Wildlife Sanctuary,Draft,2015-09-17,"21. S.O. 2538 [17.09.2015] Draft ESZ Notification on Tale Wildlife Sanctuary(7.31 MB), Arunachal Pradesh & Map",https://moef.gov.in/uploads/2017/06/S.O.%202538%20%5B17.09.2015%5D%20Draft%20ESZ%20Notification%20on%20Tale%20Wildlife%20Sanctuary%2C%20Arunachal%20Pradesh_0.pdf,"[{""title"":""Map"",""link"":""https://moef.gov.in/uploads/2017/06/Map%20of%20Tale%20WLS_0.jpg""}]",28/10/2015,S.O. 2538,,none
22,Arunachal Pradesh,Daying Ering Wildlife Sanctuary,Wildlife Sanctuary,Draft,2015-11-17,"22. S.O. 3101(E) [17.11.2015] Draft Notification declaring Eco Sensitive Zone around Daying Ering Wildlife Sanctuary(515.78 KB), Arunachal Pradesh",https://moef.gov.in/uploads/2017/06/DayingEring%20Wildlife%20Sanctuary%2C%20Arunachal%20Pradesh.pdf,[],,S.O. 3101(E),,none
23,Arunachal Pradesh,Kamlang Wildlife Sanctuary,Wildlife Sanctuary,Draft,2023-11-10,"23. S.O. 4893(E) [10.11.2023] Re-Draft Notification declaring Eco Sensitive Zone around Kamlang Wildlife Sanctuary, (1,923 KB) in the state of Arunachal PradeshRe-notification New",https://moef.gov.in/uploads/2023/11/SO4893(E)-kamlang-redraft.pdf,[],28/11/2023,S.O. 4893(E),Q22231355,exact
24,Arunachal Pradesh,Kamlang WLS,Wildlife Sanctuary,Draft,2018-05-23,24. S.O. 2050(E) [23.05.2018] Draft Notification declaring Eco Sensitive Zone around Kamlang WLS (746.17 KB)Arunachal Pradesh Re-notification New,https://moef.gov.in/uploads/2018/12/kamalang.pdf,[],25/05/2018,S.O. 2050(E),Q22231355,exact
25,Arunachal Pradesh,Kamlang Tiger Reserve,Tiger Reserve,Draft,2022-05-02,"25. S.O. 2052(E) [02.05.2022] Re-Draft Notification declaring Eco Sensitive Zone around Kamlang Tiger Reserve, (746.17 KB) in the state of Arunachal Pradesh Re-notification New",https://moef.gov.in/uploads/2022/05/Published-Draft-Notification.pdf,[],05/05/2022,S.O. 2052(E),Q22231355,exact
,Arunachal Pradesh,Kamlang Wildlife Sanctuary,Wildlife Sanctuary,Final,2024-08-09,S.O. 3243(E) [09.08.2024] Final Notification declaring Eco Sensitive Zone around Kamlang Wildlife Sanctuary and Namdapha Tiger Reserve(3080 KB).Arunachal Pradesh.,https://moef.gov.in/uploads/pdf/kamlang_final.pdf,[],13/08/2024,S.O. 3243(E),Q22231355,exact
,Arunachal Pradesh,Namdapha Tiger Reserve,Tiger Reserve,Final,2024-08-09,S.O. 3243(E) [09.08.2024] Final Notification declaring Eco Sensitive Zone around Kamlang Wildlife Sanctuary and Namdapha Tiger Reserve(3080 KB).Arunachal Pradesh.,https://moef.gov.in/uploads/pdf/kamlang_final.pdf,[],13/08/2024,S.O. 3243(E),Q1815612,exact
26,Arunachal Pradesh,Namdapa Wildlife Sanctuary,Wildlife Sanctuary,Draft,2015-12-08,26. SO 3331(E)[08.12.2015] Draft notification declaring Eco-sensitive Zone around the Namdapa Wildlife Sanctuary (479.24 KB)in the state of Arunachal Pradesh & Map(288.45 KB),https://moef.gov.in/uploads/2017/06/SO%203331(E)%5B08.12.2015%5D%20Draft%20notification%20declaring%20Eco-sensitive%20Zone%20around%20the%20Namdapa%20%20Wildlife%20Sanctuary%20%20in%20the%20state%20of%20Arunachal%20Pradesh..pdf,[],30/12/2015,SO 3331(E),Q1815612,fuzzy
27,Arunachal Pradesh,Mehao Wildlife Sanctuary,Wildlife Sanctuary,Draft,2015-12-30,27. SO 3546(E)[30.12.2015] Draft notification declaring Eco-sensitive Zone around the Mehao Wildlife Sanctuary(1.22 MB) in the state of Arunachal Pradesh.,https://moef.gov.in/uploads/2017/06/SO%203546(E)%5B30.12.2015%5D%20Draft%20notification%20declaring%20Eco-sensitive%20Zone%20around%20the%20Mehao%20Wildlife%20Sanctuary%20%20in%20the%20state%20of%20Arunachal%20Pradesh..pdf,[],08/01/2015,SO 3546(E),Q16895017,exact
28,Arunachal Pradesh,Mehao WLS,Wildlife Sanctuary,Draft,2018-02-22,"28. S.O. 772(E) [22.02.2018] Draft Notification declaring Eco Sensitive Zone around Mehao WLS(12 KB), Arunachal Pradesh Re-notification New",https://moef.gov.in/uploads/2019/08/mehao.pdf,[],05/03/2018,S.O. 772(E),Q16895017,exact
29,Arunachal Pradesh,Mouling National Park,National Park,Draft,2016-02-23,"29. S.O. 572(E) [23.02.2016] Draft Notification declaring Eco sensitive Zone around Mouling National Park(773.56 KB), Arunachal Pradesh",https://moef.gov.in/uploads/2017/06/S.O.%20572(E)%20%5B23.02.2016%5D%20Draft%20Notification%20declaring%20Eco%20sensitive%20Zone%20around%20Mouling%20National%20Park%2C%20Arunachal%20Pradesh.pdf,[],04/03/2016,S.O. 572(E),Q3143047,exact
19,Arunachal Pradesh,Mouling National Park,National Park,Final,2019-06-03,"19. S.O. 1918(E) [03.06.2019] Final Notification declaring Eco Sensitive Zone around Mouling National Park , (105 KB).Arunachal Pradesh.",https://moef.gov.in/uploads/2019/06/mouling.pdf,[],07/06/2019,S.O. 1918(E),Q3143047,exact
30,Arunachal Pradesh,Mouling National Park,National Park,Draft,2018-05-25,"30. S.O. 2114(E) [25.05.2018] Draft Notification declaring Eco Sensitive Zone around Mouling National Park (7.24 MB)Arunachal Pradesh, Re-notification New",https://moef.gov.in/uploads/2018/05/mouling.pdf,[],30/05/2018,S.O. 2114(E),Q3143047,exact
31,Arunachal Pradesh,Yordi Rabe Supse Wildlife Sanctuary,Wildlife Sanctuary,Draft,2016-02-19,"31. S.O. 568(E) [19.02.2016] Draft Notification declaring Eco sensitive Zone around Yordi Rabe Supse Wildlife Sanctuary(299.2 KB), Arunachal Pradesh",https://moef.gov.in/uploads/2017/06/S.O.%20568(E)%20%5B19.02.2016%5D%20Draft%20Notification%20declaring%20Eco%20sensitive%20Zone%20around%20Yordi%20Rabe%20Supse%20Wildlife%20Sanctuary%2C%20Arunachal%20Pradesh.pdf,[],04/03/2016,S.O. 568(E),Q130974183,exact
32,Arunachal Pradesh,Eagle Nest Wildlife Sanctuary,Wildlife Sanctuary,Draft,2016-08-05,"32. S.O. 2639(E) [05.08.2016] Draft notification declaring Eco Sensitive Zone around Eagle Nest Wildlife Sanctuary(483.01 KB), Arunachal Pradesh",https://moef.gov.in/uploads/2017/06/Eagle%20Nest%20Wildlife%20Sanctuary%2C%20Arunachal%20Pradesh.pdf,[],22/08/2016,S.O. 2639(E),Q3471771,exact
20,Arunachal Pradesh,Eagle Nest Wildlife Sanctuary,Wildlife Sanctuary,Final,2020-08-28,"20. S.O. 2943(E) [ 28.08.2020] Final Notification declaring Eco Sensitive Zone around Eagle Nest Wildlife (98 KB)Sanctuary, Arunachal Pradesh",https://moef.gov.in/uploads/2019/02/Eagle-nest.pdf,[],31/08/2020,S.O. 2943(E),Q3471771,exact
33,Arunachal Pradesh,Eagle Nest Wildlife Sanctuary,Wildlife Sanctuary,Draft,2019-08-23,"33. S.O. 3033(E) [23.08.2019] Draft Notification declaring Eco Sensitive Zone around Eagle Nest Wildlife Sanctuary ,(65 KB) Arunachal Pradesh. Re-notification New",https://moef.gov.in/uploads/2018/12/eagle-nest.pdf,[],28/08/2019,S.O. 3033(E),Q3471771,exact
34,Arunachal Pradesh,Dibang Wildlife Sanctuary,Wildlife Sanctuary,Draft,2020-05-22,"34. S.O. 1614(E) [22.05.2020] Draft Notification declaring Eco Sensitive Zone around Dibang Wildlife Sanctuary(89 KB), Arunachal Pradesh",https://moef.gov.in/uploads/2019/10/dibang.pdf,[],27/05/2020,S.O. 1614(E),Q5272213,exact
21,Arunachal Pradesh,Dibang Wildlife Sanctuary,Wildlife Sanctuary,Final,2020-12-24,"21. S.O.4696(E) [24.12.2020] Final Notification declaring Eco Sensitive Zone around Dibang Wildlife Sanctuary, ,(1.32 MB) Arunachal Pradesh",https://moef.gov.in/uploads/2020/12/dibang.pdf,[],28/12/2020,S.O.4696(E),Q5272213,exact
35,Arunachal Pradesh,Sessa Orchid Wildlife Sanctuary,Wildlife Sanctuary,Draft,2023-08-22,"35. S.O. 3780(E) [22.08.2023] Draft Notification declaring Eco Sensitive Zone around Sessa Orchid(3,721 KB), Arunachal Pradesh",https://moef.gov.in/uploads/2023/11/ESZ-Draft-Sessa-Orchid-Sanctuary-Arunachal-pradesh.pdf,[],05/12/2023,S.O. 3780(E),Q15276427,exact
30,Assam,Rajiv Gandhi Orang National Park,National Park,Draft,2015-09-22,"30. S.O. 2600 [22.09.2015] Draft ESZ Notification on Rajiv Gandhi Orang National Park[PDF],(9.76 MB) Assam & Map[PDF](365.73 KB)",https://moef.gov.in/uploads/2019/10/S.O.-2600-22.09.2015-Draft-ESZ-Notification-on-Rajiv-Gandhi-Orang-National-Park-Assam.pdf,[],6/11/2015,S.O. 2600,,none
36,Assam,Nameri Wildlife Sanctuary,Wildlife Sanctuary,Draft,2015-12-09,36. SO 3335(E)[09.12.2015] Draft notification declaring Eco-sensitive Zone around the Nameri Wildlife Sanctuary(1.58 MB) in the state of Assam& Map(126.08 KB),https://moef.gov.in/uploads/2017/06/SO%203335(E)%5B09.12.2015%5D%20Draft%20notification%20declaring%20Eco-sensitive%20Zone%20around%20the%20Nameri%20%20Wildlife%20Sanctuary%20in%20the%20state%20of%20Assam..pdf,[],30/12/2015,SO 3335(E),Q2989157,exact
22,Assam,Nameri National Park,National Park,Final,2020-10-27,"22. S.O. 3881(E) [ 27.10.2020] Final Notification declaring Eco Sensitive Zone around Nameri National Park and Sonai-Rupai Wildlife (78 KB) Sanctuary , Assam",https://moef.gov.in/uploads/2019/02/nameri.pdf,[],02/11/2020,S.O. 3881(E),Q2989157,exact
22,Assam,Sonai Rupai Wildlife Sanctuary,Wildlife Sanctuary,Final,2020-10-27,"22. S.O. 3881(E) [ 27.10.2020] Final Notification declaring Eco Sensitive Zone around Nameri National Park and Sonai-Rupai Wildlife (78 KB) Sanctuary , Assam",https://moef.gov.in/uploads/2019/02/nameri.pdf,[],02/11/2020,S.O. 3881(E),Q3490050,exact
37,Assam,Nameri National Park,National Park,Draft,2019-02-04,"37. S.O. 653(E) [04.02.2019] Draft notification declaring Eco-sensitive Zone around the Nameri National Park(9.76 MB), AssamRe-notification New",https://moef.gov.in/uploads/2018/12/nameri.pdf,[],08/02/2019,S.O. 653(E),Q2989157,exact
38,Assam,Laokhowa-Burhachapori Wildlife Sanctuary,Wildlife Sanctuary,Draft,2015-11-27,"38. SO 3236(E)[27.11.2015] Draft notification declaring Eco-sensitive Zone around the Laokhowa-Burhachapori Wildlife Sanctuary (2.00 MB), Assam",https://moef.gov.in/uploads/2018/12/SO-3334E09.12.2015-Draft-notification-declaring-Eco-sensitive-Zone-around-the-Laokhowa-Burhachapori-Wildlife-Sanctuary-in-the-State-of-Assam.pdf,[],11/04/2016,SO 3236(E),,none
39,Assam,Bherjan-Borajan Padumoni Wildlife Sanctuary,Wildlife Sanctuary,Draft,2015-12-09,39. SO 3334(E)[09.12.2015] Draft notification declaring Eco-sensitive Zone around the Bherjan-Borajan Padumoni Wildlife Sanctuary(4.1 MB) in the state of Assam,https://moef.gov.in/uploads/2017/06/SO%203334(E)%5B09.12.2015%5D%20Draft%20notification%20declaring%20Eco-sensitive%20Zone%20around%20the%20Bherjan-Borajan%20Padumoni%20Wildlife%20Sanctuary%20in%20the%20state%20of%20Assam.pdf,[],14/01/2016,SO 3334(E),Q14623369,exact
40,Assam,Borajan-Bherjan-Padumoni Wildlife Sanctuary,Wildlife Sanctuary,Draft,2021-06-07,"40. S.O. 2181(E) [07.06.2021] Draft Notification declaring Eco Sensitive Zone around Borajan-Bherjan-Padumoni Wildlife Sanctuary ,Assam(9.76 MB), AssamRe-notification New",https://moef.gov.in/uploads/2021/06/berjan-borajan.pdf,[],14/06/2021,S.O. 2181(E),Q14623369,fuzzy
41,Assam,Amchang Wildlife Sanctuary,Wildlife Sanctuary,Draft,2016-03-21,"41. S.O.1166(E) [21.03.2016] Draft Notification declaring Eco sensitive Zone around Amchang Wildlife Sanctuary(1.06 MB), Assam",https://moef.gov.in/uploads/2017/06/Amchang%20Wildlife%20Sanctuary%2C%20Assam.pdf,[],11/04/2016,S.O.1166(E),Q19361617,exact
23,Assam,Amchang Wildlife Sanctuary,Wildlife Sanctuary,Final,2017-06-07,"23. S.O. 1817 (E) [07.06.2017] Final Notification declaring Eco Sensitive Zone around Amchang Wildlife Sanctuary(3.55 MB), Assam",https://moef.gov.in/uploads/2017/06/Amchang%20Wildlife%20Sanctuary%2C%20Assam_0.pdf,[],12/06/2017,S.O. 1817 (E),Q19361617,exact
42,Assam,Dibru-Saikhowa National Park,National Park,Draft,2016-04-08,"42. S.O. 1363(E) [08.04.2016] Draft Notification declaring Eco sensitive Zone around Dibru-Saikhowa National Park(1.01 MB), Assam",https://moef.gov.in/uploads/2017/06/Dibru-Saikhowa%20National%20Park%2C%20Assam.pdf,[],26/04/2016,S.O. 1363(E),Q1209353,exact
24,Assam,Dibru Saikhowa National,National Park,Final,2020-01-28,"24. S.O. 460(E) [28.01.2020] Final Notification declaring Eco Sensitive Zone around Dibru Saikhowa National (65 KB)Park, Assam",https://moef.gov.in/uploads/2019/10/dibru-saikhowa.pdf,[],11/02/2020,S.O. 460(E),Q1209353,fuzzy
43,Assam,Dibru-Saikhowa National Park,National Park,Draft,2018-05-22,"43. S.O. 2029(E) [22.05.2018] Draft Notification declaring Eco Sensitive Zone around Dibru-Saikhowa National Park(5.08 MB), Assam Re-Notification New",https://moef.gov.in/uploads/2018/05/dibru.pdf,[],24/04/2016,S.O. 2029(E),Q1209353,exact
44,Assam,Barail Wildlife Sanctuary,Wildlife Sanctuary,Draft,2016-04-08,"44. S.O. 1364(E) [08.04.2016] Draft Notification declaring Eco sensitive Zone around Barail Wildlife Sanctuary(1.79 MB), Assam",https://moef.gov.in/uploads/2017/06/Borail%20Wildlife%20Sanctuary%2C%20Assam.pdf,[],26/04/2016,S.O. 1364(E),Q19326278,fuzzy
25,Assam,Barail Wildlife Sanctuary,Wildlife Sanctuary,Final,2022-04-25,"25. S.O. 1924(E) [25.04.2022] Final Notification declaring Eco Sensitive Zone around Barail Wildlife Sanctuary,(245 KB) Assam.",https://moef.gov.in/uploads/2022/04/Final-Notification-S-O-No-1924.pdf,[],25/04/2022,S.O. 1924(E),Q19326278,fuzzy
45,Assam,Panidehing Bird Sanctuary,Bird Sanctuary,Draft,2016-04-19,"45. S.O. 1439 (E) [19.04.2016] Draft Notification declaring Eco Sensitive zone around Panidehing Bird Sanctuary(1.67 MB), Assam",https://moef.gov.in/uploads/2017/06/Panidehing%2C%20Assam.pdf,[],03/05/2016,S.O. 1439 (E),Q14623377,fuzzy
26,Assam,Panidehing Bird Sanctuary,Bird Sanctuary,Final,2022-04-25,"26. S.O. 1923(E) [25.04.2022] Final Notification declaring Eco Sensitive Zone around Panidehing Bird Sanctuary,(125 KB) Assam.",https://moef.gov.in/uploads/2022/04/Final-Notification-S-O-No-1923.pdf,[],25/04/2022,S.O. 1923(E),Q14623377,fuzzy
46,Assam,Panidehing Wildlife Sanctuary,Wildlife Sanctuary,Draft,2021-09-28,"46. S.O. 4021(E) [28.09.2021] Draft Notification declaring Eco Sensitive Zone around Panidehing Wildlife Sanctuary (3.02 MB), Assam Re-Notification New",https://moef.gov.in/uploads/2020/08/PANIDEHING-1.pdf,[],08/10/2021,S.O. 4021(E),Q14623377,fuzzy
47,Assam,Sonai Rupai Wildlife Sanctuary,Wildlife Sanctuary,Draft,2016-09-09,"47. S.O. 2907(E) [09.09.2016] Draft notification declaring Eco Sensitive Zone around Sonai Rupai Wildlife Sanctuary(847.9 KB), Assam",https://moef.gov.in/uploads/2017/06/Sonai%20Rupai%20Wildlife%20Sanctuary%20Assam.pdf,[],15/09/2016,S.O. 2907(E),Q3490050,exact
48,Assam,Hollongapar Gibbon Sanctuary,Wildlife Sanctuary,Draft,2018-05-07,"48. S.O. 1828(E) [07.05.2018] Draft Notification declaring Eco Sensitive Zone around Hollongapar Gibbon Sanctuary(9.29 MB), Assam",https://moef.gov.in/uploads/2018/05/Hollongapar-Gibbon-Sanctuary.pdf,[],14/05/2018,S.O. 1828(E),Q3471776,exact
27,Assam,Hollongapur Gibbon Sanctuary,Wildlife Sanctuary,Final,2019-09-25,"27. S.O. 3462(E) [25.09.2019] Final Notification declaring Eco Sensitive Zone around Hollongapur Gibbon Sanctuary,(56 KB) Assam.",https://moef.gov.in/uploads/2018/12/hollongapar.pdf,[],30/09/2019,S.O. 3462(E),Q3471776,fuzzy
49,Assam,Dehing Patkai Sanctuary,Wildlife Sanctuary,Draft,2019-05-30,"49. S.O. 1915(E) [30.05.2019] Draft Notification declaring Eco Sensitive Zone around Dehing Patkai Sanctuary,(654 KB) Assam",https://moef.gov.in/uploads/2019/06/dehing-patkai.pdf,[],10/06/2019,S.O. 1915(E),Q5252276,exact
50,Assam,Chakrashila Wildlife Sanctuary,Wildlife Sanctuary,Draft,2020-06-04,"50. S.O. 1737(E) [04.06.2020] Draft Notification declaring Eco Sensitive Zone around Chakrashila Wildlife Sanctuary,(2.3 MB) Assam.",https://moef.gov.in/uploads/2019/10/chakrashila.pdf,[],10/06/2020,S.O. 1737(E),Q5068408,exact
28,Assam,Chakrashila Wildlife Sanctuary,Wildlife Sanctuary,Final,,"28. S.O. 1716(E) [08.04.2021/30.04.2021] Final Notification declaring Eco Sensitive Zone around Chakrashila Wildlife Sanctuary,(56 KB). Assam.",https://moef.gov.in/uploads/2021/05/Chakrashila-Notification-1.pdf,[],03/05/2021,S.O. 1716(E),Q5068408,exact
51,Assam,Deepar Beel Wildlife Sanctuary,Wildlife Sanctuary,Draft,2021-08-25,"51. S.O. 3494(E) [25.08.2021] Draft Notification declaring Eco Sensitive Zone around Deepar Beel Wildlife Sanctuary, in the state of Assam. (2.01 MB)",https://moef.gov.in/uploads/2020/08/deepar-bol.pdf,[],26/08/2021,S.O. 3494(E),Q136289030,exact
29,Assam,,,Final,,29.,,[],,,,none
52,Assam,Borail Wildlife Sanctuary,Wildlife Sanctuary,Draft,2021-10-01,"52. S.O. 4064(E) [01.10.2021] Draft Notification declaring Eco Sensitive Zone around Borail Wildlife Sanctuary, in the state of Assam. (2.01 MB)",https://moef.gov.in/uploads/2020/08/borail.pdf,[],05/10/2021,S.O. 4064(E),Q19326278,exact
53,Bihar,Baraila Lake Salim Ali Jubba Sahni Bird Sanctuary,Bird Sanctuary,Draft,2015-08-31,"53. S.O. 2386 [31.08.2015] Draft ESZ Notification onBaraila Lake Salim Ali Jubba Sahni Bird Sanctuary(8.45 MB), Bihar & Map(200.93 KB)",https://moef.gov.in/uploads/2017/06/S.O.%202386%20%5B31.08.2015%5D%20Draft%20ESZ%20Notification%20on%20Baraila%20Lake%20Salim%20Ali%20Jubba%20Sahni%20Bird%20Sanctuary%2C%20Bihar.pdf,[],02/09/2015,S.O. 2386,,none
30,Bihar,Baraila Lake Salim Ali Jubba Sahni Bird Sanctuary,Bird Sanctuary,Final,2016-11-23,"30. S.O. 3517(E) [23.11.2016] Final Notification declaring Eco Sensitive Zone around Baraila Lake Salim Ali Jubba Sahni Bird Sanctuary(1.2 MB), Bihar.",https://moef.gov.in/uploads/2017/06/Baraila%20Lake%20Salim%20Ali%20Jubba%20Sahni%20Bird%20Sanctuary%2C%20Bihar%20Final%20Notification24-11-2016.pdf,[],08/10/2024,S.O. 3517(E),,none
,Bihar,Baraila Lake Salim Ali Jubba Sahni Bird Sanctuary,Bird Sanctuary,Final,2024-10-04,"S .O. No. 4337(E) [04.10.2024] Final Notification declaring Eco Sensitive Zone around Baraila Lake Salim Ali Jubba Sahni Bird Sanctuary(1.71 MB), Bihar.",https://moef.gov.in/uploads/pdf/baraila_lake_amendment.pdf,[],,S .O. No. 4337(E),,none
54,Bihar,Pant Wildlife Sanctuary,Wildlife Sanctuary,Draft,2015-09-17,"54. S.O. 2536 [17.09.2015] Draft ESZ Notification on Pant Wildlife Sanctuary(6.86 MB), Bihar & Map(238.15 KB)",https://moef.gov.in/uploads/2017/06/S.O.%202536%20%5B17.09.2015%5D%20Draft%20ESZ%20Notification%20on%20Pant%20Wildlife%20Sanctuary%2C%20Bihar.pdf,[],06/10/2015,S.O. 2536,Q85846882,exact
31,Bihar,Rajgir Wildlife Sanctuary,Wildlife Sanctuary,Final,2017-01-10,"31. S.O. 71(E) [10.01.2017] Final Notification declaring Eco Sensitive Zone around Rajgir Wildlife Sanctuary,(1.41 MB)Bihar",https://moef.gov.in/uploads/2017/06/Rajgir%20Wildlife%20Sanctuary%2C%20Bihar.pdf,[],16/01/2017,S.O. 71(E),,none
55,Bihar,Kaimur Wildlife Sanctuary,Wildlife Sanctuary,Draft,2015-01-28,"55. S.O. No 274 [28.01.2015] Draft ESZ Notification onKaimur Wildlife Sanctuarry(1.06 MB), Bihar & Map(389.51 KB)",https://moef.gov.in/uploads/2017/06/S.O.%20No%20274%20%5B28.01.2015%5D%20Draft%20ESZ%20Notification%20on%20Kaimur%20Wildlife%20Sanctuary%2C%20Bihar.pdf,[],18/02/2015,S.O. No 274,,none
32,Bihar,Kaimur-Wildlife-Sanctuary,Wildlife Sanctuary,Final,2015-12-30,32. SO 3549(E)[30.12.2015] Notification declaring Eco-sensitive Zone around the Kaimur Wildlife Sanctuary (687 KB) in the state of Bihar & Map (194 KB),https://moef.gov.in/uploads/2020/08/SO-3549E30.12.2015-Notification-declaring-Eco-sensitive-Zone-around-the-Kaimur-Wildlife-Sanctuary-in-the-state-of-Bihar..pdf,[],08/01/2015,SO 3549(E),Q15232550,exact
56,Bihar,Vikramshila Gangetic Dolphin WLS,Wildlife Sanctuary,Draft,2015-11-09,"56. S.O. 3030 [09.11.2015] Vikramshila Gangetic Dolphin WLS(1.05 MB), Bihar & Map(102.67 KB)",https://moef.gov.in/uploads/2017/06/S.O.%203030%20%5B09.11.2015%5D%20Vikramshila%20Gangetic%20Dolphin%20WLS%2C%20Bihar.pdf,[],,S.O. 3030,Q7929607,exact
57,Bihar,Udaipur Wildlife Sanctuary,Wildlife Sanctuary,Draft,2015-12-30,57. SO 3547(E)[30.12.2015] Draft notification declaring Eco-sensitive Zone around the Udaipur Wildlife Sanctuary(231.75 KB) in the state of Bihar & Map(197.68 KB),https://moef.gov.in/uploads/2017/06/SO%203547(E)%5B30.12.2015%5D%20Draft%20notification%20declaring%20Eco-sensitive%20Zone%20around%20the%20Udaipur%20Wildlife%20Sanctuary%20%20in%20the%20state%20of%20Bihar..pdf,[],08/01/2015,SO 3547(E),Q18355976,fuzzy
33,Bihar,Udaipur Wildlife Sanctuary,Wildlife Sanctuary,Final,2017-06-28,"33. S.O. 2030 (E) [28.06.2017] Final Notification declaring Eco Sensitive Zone around Udaipur Wildlife Sanctuary(2.55 MB), Bihar",https://moef.gov.in/uploads/2019/08/Udaipur-Wildlife-Sanctuary-Bihar.pdf,[],31/12/2024,S.O. 2030 (E),Q18355976,fuzzy
,Bihar,Udaipur Wildlife Sanctuary,Wildlife Sanctuary,Amendment,2024-12-20,"S .O. No. 5510(E) [20.12.2024] Amendment in the Final Notification of Eco-sensitive Zone around Udaipur Wildlife Sanctuary(1.75 MB), Bihar",https://moef.gov.in/uploads/pdf-uploads/pdf_6778ff34ee0f33.05116570.pdf,[],,S .O. No. 5510(E),Q18355976,fuzzy
58,Bihar,Bhimbandh Wildlife Sanctuary,Wildlife Sanctuary,Draft,2016-03-11,"58. S.O. 1054(E) [11.03.2016] Draft Notification declaring Eco sensitive Zone around Bhimbandh Wildlife Sanctuary(635.07 KB), Bihar",https://moef.gov.in/uploads/2017/06/Bhimbandh%20Wildlife%20Sanctuary%2C%20Bihar.pdf,[],17/03/2016,S.O. 1054(E),Q15198953,exact
34,Bihar,Bhimbandh Wildlife Sanctuary,Wildlife Sanctuary,Final,2024-09-06,"34. S .O. No. 3831(E) [06.09.2024] Amendment in the Final Notification of Eco-sensitive Zone around Bhimbandh Wildlife Sanctuary, (1.69 MB), Bihar.",https://moef.gov.in/uploads/pdf/bhimband-amendment.pdf,[],16/01/2017,S .O. No. 3831(E),Q15198953,exact
59,Bihar,Gautam Buddha Wildlife Sanctuary,Wildlife Sanctuary,Draft,2016-04-08,"59. S.O. 1361(E) [08.04.2016] Draft Notification declaring Eco sensitive Zone around Gautam Buddha Wildlife Sanctuary(1.72 MB), Bihar",https://moef.gov.in/uploads/2017/06/e%20Gautam%20Buddha%20Wildlife%20Sanctuary%2C%20Bihar.pdf,[],26/04/2016,S.O. 1361(E),Q18343586,fuzzy
35,Bihar,Gautam Buddha Wildlife Sanctuary,Wildlife Sanctuary,Final,2017-07-12,"35. S.O. 2200 (E) [12.07.2017] Final Notification Declaring Eco Sensitive Zone around Gautam Buddha Wildlife Sanctuary,(1.68 MB) Bihar",https://moef.gov.in/uploads/2017/06/Gautam%20Buddha%20Wildlife%20Sanctuary%2C%20Bihar.pdf,[],19/12/2024,S.O. 2200 (E),Q18343586,fuzzy
,Bihar,Gautam Buddha Wildlife Sanctuary,Wildlife Sanctuary,Amendment,2024-12-13,"S .O. No. 5383(E) [13.12.2024] Amendment in the Final Notification of Eco-sensitive Zone around Gautam Buddha Wildlife Sanctuary,(1.73 MB) Bihar",https://moef.gov.in/uploads/pdf-uploads/pdf_6778f99245db86.81274383.pdf,[],,S .O. No. 5383(E),Q18343586,fuzzy
60,Bihar,Kusheshwar Asthan Bird Sanctuary,Bird Sanctuary,Draft,2016-05-19,"60. S.O. 1823(E) [19.05.2016] Draft Notification declaring Eco Sensitive Zone around Kusheshwar Asthan Bird Sanctuary(765.63 KB), Bihar",https://moef.gov.in/uploads/2017/06/Kusheshwar%20Asthan%20Bird%20Sanctuary%2C%20Bihar.pdf,[],26/05/2016,S.O. 1823(E),Q135350403,exact
36,Bihar,Kusheshwar Asthan Bird Sanctuary,Bird Sanctuary,Final,2017-08-22,"36. S.O. 2735 [22.08.2017] Final Notification declaring Eco Sensitive Zone around Kusheshwar Asthan Bird Sanctuary(2.14 MB), Bihar",https://moef.gov.in/uploads/2017/06/Kusheshwar%20Asthan%20Bird%20Sanctuary%20Bihar%20Final.pdf,[],11/09/2017,S.O. 2735,Q135350403,exact
61,Bihar,Valmiki Wildlife Sanctuary,Wildlife Sanctuary,Draft,2016-05-19,"61. S.O. 1824(E) [19.05.2016] Draft Notification declaring Eco Sensitive Zone around Valmiki Wildlife Sanctuary(1017.42 KB), Bihar",https://moef.gov.in/uploads/2017/06/Valmiki%20Wildlife%20Sanctuary%2C%20Bihar.pdf,[],01/06/2016,S.O. 1824(E),Q2428291,exact
37,Bihar,Valmiki Wildlife Sanctuary,Wildlife Sanctuary,Final,2017-09-13,"37. S.O. 3026 (E) [13.09.2017] Final Notification declaring Eco Sensitive Zone around Valmiki Wildlife Sanctuary, Valmiki National Park and Valmiki Tiger Reserve(4.23 MB), Bihar",https://moef.gov.in/uploads/2017/06/Valmiki%20Wildlife%20Sanctuary%2C%20Valmiki%20National%20Park%20and%20Valmiki%2C%20Bihar%20Final.pdf,[],19/09/2017,S.O. 3026 (E),Q2428291,exact
37,Bihar,Valmiki National Park,National Park,Final,2017-09-13,"37. S.O. 3026 (E) [13.09.2017] Final Notification declaring Eco Sensitive Zone around Valmiki Wildlife Sanctuary, Valmiki National Park and Valmiki Tiger Reserve(4.23 MB), Bihar",https://moef.gov.in/uploads/2017/06/Valmiki%20Wildlife%20Sanctuary%2C%20Valmiki%20National%20Park%20and%20Valmiki%2C%20Bihar%20Final.pdf,[],19/09/2017,S.O. 3026 (E),Q2428291,exact
37,Bihar,Valmiki Tiger Reserve,Tiger Reserve,Final,2017-09-13,"37. S.O. 3026 (E) [13.09.2017] Final Notification declaring Eco Sensitive Zone around Valmiki Wildlife Sanctuary, Valmiki National Park and Valmiki Tiger Reserve(4.23 MB), Bihar",https://moef.gov.in/uploads/2017/06/Valmiki%20Wildlife%20Sanctuary%2C%20Valmiki%20National%20Park%20and%20Valmiki%2C%20Bihar%20Final.pdf,[],19/09/2017,S.O. 3026 (E),Q2428291,exact
38,Bihar,Valmiki Wildlife Sanctuary,Wildlife Sanctuary,Final,2021-07-09,"38. S.O. 2765(E) [09.07.2021] Amendment in final Notification declaring Eco Sensitive Zone around Valmiki Wildlife Sanctuary, Valmiki National Park and Valmiki Tiger Reserve, in the State of (4.23 MB), Bihar",https://moef.gov.in/uploads/2021/07/Valmiki-Notification-1.pdf,[],12/07/2021,S.O. 2765(E),Q2428291,exact
38,Bihar,Valmiki National Park,National Park,Final,2021-07-09,"38. S.O. 2765(E) [09.07.2021] Amendment in final Notification declaring Eco Sensitive Zone around Valmiki Wildlife Sanctuary, Valmiki National Park and Valmiki Tiger Reserve, in the State of (4.23 MB), Bihar",https://moef.gov.in/uploads/2021/07/Valmiki-Notification-1.pdf,[],12/07/2021,S.O. 2765(E),Q2428291,exact
38,Bihar,Valmiki Tiger Reserve,Tiger Reserve,Final,2021-07-09,"38. S.O. 2765(E) [09.07.2021] Amendment in final Notification declaring Eco Sensitive Zone around Valmiki Wildlife Sanctuary, Valmiki National Park and Valmiki Tiger Reserve, in the State of (4.23 MB), Bihar",https://moef.gov.in/uploads/2021/07/Valmiki-Notification-1.pdf,[],12/07/2021,S.O. 2765(E),Q2428291,exact
62,Bihar,Nagi Dam Bird Sanctuary,Bird Sanctuary,Draft,2016-06-24,"62. S.O. 2198(E) [24.06.2016] Draft Notification declaring Eco Sensitive Zone around Nagi Dam Bird Sanctuary(796.04 KB), Bihar",https://moef.gov.in/uploads/2017/06/Nagi%20Dam%20Bird%20Sanctuary%2C%20Bihar.pdf,[],21/07/2016,S.O. 2198(E),Q130974254,fuzzy
63,Bihar,Nakti Dam Bird Sanctuary,Bird Sanctuary,Draft,2016-06-24,"63. S.O. 2197(E) [24.06.2016] Draft Notification declaring Eco Sensitive Zone around Nakti Dam Bird Sanctuary(672.22 KB), Bihar",https://moef.gov.in/uploads/2019/10/Nakti-Dam-Bird-Sanctuary-Bihar.pdf,[],21/07/2016,S.O. 2197(E),Q130974254,exact
64,Chandigarh,City Bird Sanctuary,Bird Sanctuary,Draft,2015-07-27,"64. S.O. 2045 [27.07.2015] Draft ESZ Notification on City Bird Sanctuary(13.42 MB), UT Chandigarh & Map(345.05 KB)",https://moef.gov.in/uploads/2017/06/S.O.%202045%20%5B27.07.2015%5D%20Draft%20ESZ%20Notification%20on%20City%20Bird%20Sanctuary%2C%20UT%20Chandigarh.pdf,[],10/09/2015,S.O. 2045,,none
39,Chandigarh,Bird Sanctuary Union Territory,Bird Sanctuary,Final,2017-01-10,"39. S. O. 69 (E) [10.01.2017] Final Notification declaring Eco Sensitive Zone around City Bird Sanctuary, Union Territory(1.39 MB), Chandigarh",https://moef.gov.in/uploads/2017/06/City%20Bird%20Sanctuary%2C%20Chandigarh_1.pdf,[],12/01/2017,S. O. 69 (E),,none
65,Chandigarh,Sukhna Wildlife Sanctuary,Wildlife Sanctuary,Draft,2015-09-17,"65. S.O. 2541 (E) [17.09.2015] Draft ESZ Notification on Sukhna Wildlife Sanctuary(5.67 MB), Chandigarh & Map(308.67 KB)",https://moef.gov.in/uploads/2017/06/S.O.%202541%20(E)%20%5B17.09.2015%5D%20Draft%20ESZ%20Notification%20on%20Sukhna%20Wildlife%20Sanctuary%2C%20Punjab.pdf,[],,S.O. 2541 (E),Q23995986,exact
40,Chandigarh,Sukhna Wildlife Sanctuary,Wildlife Sanctuary,Final,2017-01-19,"40. S.O. 185 (E) [19.01.2017] Final Notification declaring Eco-Sensitive Zone around Sukhna Wildlife Sanctuary,(1.99 MB) Chandigarh.",https://moef.gov.in/uploads/2017/06/Sukhna%20Wildlife%20Sanctuary%2C%20Chandigarh.pdf,[],25/01/2017,S.O. 185 (E),Q23995986,exact
66,Chhattisgarh,Barnawapara Wildlife,Wildlife Sanctuary,Draft,2016-01-14,"66. S.O.251(E) [14.01.2016] Draft Notification declaring Eco sensitive Zone around Barnawapara Wildlife Sanctuary(638.87 KB), Chhattisgarh Map1(118.34 KB)Map2(112.42 KB) Map3(126.47 KB) Map4(115.98 KB)",https://moef.gov.in/uploads/2019/10/S.O.251E-14.01.2016-Draft-Notification-declaring-Eco-sensitive-Zone-around-Barnawapara-Wildlife-Sanctuary-Chhattisgarh-1.pdf,[],24/02/2016,S.O.251(E),Q104879966,exact
41,Chhattisgarh,Barnawapara Wildlife Sanctuary,Wildlife Sanctuary,Final,2017-07-12,"41. S.O. 2201 (E) [12.07.2017] Final Notification Declaring Eco Sensitive Zone around Barnawapara Wildlife Sanctuary,(5.07 MB) Chhattisgarh.",https://moef.gov.in/uploads/2017/06/Barnawapara%20Wildlife%20Sanctuary%2C%20Chhattisgarh.pdf,[],11/10/2024,S.O. 2201 (E),Q104879966,exact
,Chhattisgarh,Barnawapara Wildlife Sanctuary,Wildlife Sanctuary,Final,2024-10-09,"S .O. No. 4386(E) [09.10.2024] Final Notification Declaring Eco Sensitive Zone around Barnawapara Wildlife Sanctuary,(1.74 MB) Chhattisgarh.",https://moef.gov.in/uploads/pdf/Barnawapara_WLS_amendment.pdf,[],,S .O. No. 4386(E),Q104879966,exact
67,Chhattisgarh,Pamed Wildlife Sanctuary,Wildlife Sanctuary,Draft,2016-01-18,"67. S. O. 252(E) [18.01.2016] Draft Notification declaring Eco sensitive Zone around Pamed Wildlife Sanctuary(730.92 KB), Chhattisgarh Map1(118.87 KB) Map2(108.19 KB) Map3(120.77 KB) Map4(111.92 KB)",https://moef.gov.in/uploads/2019/10/S.-O.-252E-18.01.2016-Draft-Notification-declaring-Eco-sensitive-Zone-around-Pamed-Wildlife-Sanctuary-Chhattisgarh.pdf,[],25/02/2016,S. O. 252(E),Q130974386,exact
42,Chhattisgarh,Pamed Wildlife Sanctuary,Wildlife Sanctuary,Final,2017-07-20,"42. S.O. 2273 (E) [20.07.2017] Final Notification declaring Eco Sensitive Zone around Pamed Wildlife Sanctuary,(2.43 MB) Chhattisgarh",https://moef.gov.in/uploads/2017/06/Pamed%20Wildlife%20Sanctuary%2C%20Chhattisgarh%20(1)_1.pdf,[],24/07/2017,S.O. 2273 (E),Q130974386,exact
68,Chhattisgarh,Gomarda Wildlife Sanctuary,Wildlife Sanctuary,Draft,2016-02-19,"68. S.O.570(E) [19.02.2016] Draft Notification declaring Eco sensitive Zone around Gomarda Wildlife Sanctuary(304.92 KB), Chhattisgarh Map1(124.96 KB) Map2(117 KB)Map3(123.04 KB) Map4(119.04 KB)",https://moef.gov.in/uploads/2017/06/Gomarda%20Wildlife%20Sanctuary%2C%20Chhatisgarh.pdf,[],11/03/2016,S.O.570(E),Q130974367,fuzzy
69,Chhattisgarh,Semarsot Wildlife Sanctuary,Wildlife Sanctuary,Draft,2016-03-21,"69. S.O. 1165(E) [21.03.2016] Draft Notification declaring Eco sensitive Zone around Semarsot Wildlife Sanctuary(2.76 MB), Chhatisgarh Map1(120.43 KB) Map2(111.99 KB)Map3(117.32 KB) Map4(115.09 KB)",https://moef.gov.in/uploads/2017/06/Semarsot%20Wildlife%20Sanctuary%2C%20CHHATTISGARH.pdf,[],30/03/2016,S.O. 1165(E),Q130974396,exact
70,Chhattisgarh,Badalkhol Wildlife Sanctuary,Wildlife Sanctuary,Draft,2016-03-29,"70. S.O. 1246(E) [29.03.2016] Draft Notification declaring Eco sensitive Zone around Badalkhol Wildlife Sanctuary(1.85 MB), Chhattisgarh",https://moef.gov.in/uploads/2017/06/Badalkhol%20Wildlife%20Sanctuary%2C%20Chhattisgarh.pdf,[],05/04/2016,S.O. 1246(E),Q130974349,exact
71,Chhattisgarh,Bhoramdeo Wildlife Sanctuary,Wildlife Sanctuary,Draft,2023-10-09,"71. S.O. 4381(E) [09.10.2023] Re-Draft Notification declaring Eco Sensitive Zone around Bhoramdeo Wildlife Sanctuary, (2,741 KB) in the state of ChhattisgarhRe-notification New",https://moef.gov.in/uploads/2023/11/SO4381(E)-bordamdeo.pdf,[],09/10/2023,S.O. 4381(E),Q135350399,fuzzy
72,Chhattisgarh,Udanti Sitanadi Tiger Reserve,Tiger Reserve,Draft,2017-11-22,"72. S.O. 3712(E) [22.11.2017] Draft Notification declaring Eco Sensitive Zone around Udanti Sitanadi Tiger Reserve,(5.15 MB) Chhattisgarh.",https://moef.gov.in/uploads/2017/06/udanti-sitandi(1).pdf,[],29/11/2017,S.O. 3712(E),Q106675711,exact
73,Chhattisgarh,Kanger Valley National Park,National Park,Draft,,"73. Draft Notification declaring Eco Sensitive Zone around Kanger Valley National Park, (5.15 MB) Chhattisgarh.",https://moef.gov.in/uploads/2018/05/kanger-valley.pdf,[],01/05/2018,,,none
43,Chhattisgarh,Kanger Valley Wildlife Sanctuary,Wildlife Sanctuary,Final,2019-10-10,"43. S.O. 3653(E) [10.10.2019] Final Notification declaring Eco Sensitive Zone around Kanger Valley Wildlife Sanctuary, (90 KB)Chhattisgarh.",https://moef.gov.in/uploads/2018/12/kanger.pdf,[],17/10/2019,S.O. 3653(E),,none
74,Chhattisgarh,Achanakmar WLS,Wildlife Sanctuary,Draft,2018-04-16,"74. S.O. 1654(E) [16.04.2018] Draft Notification declaring Eco Sensitive Zone around Achanakmar WLS,(5.15 MB) Chhattisgarh.",https://moef.gov.in/uploads/2018/05/Achanakmar-1.pdf,[],01/05/2018,S.O. 1654(E),Q4673468,exact
44,Chhattisgarh,Achanakmar Wildlife Sanctuary,Wildlife Sanctuary,Final,2019-10-10,"44. S.O. 3654(E) [10.10.2019] Final Notification declaring Eco Sensitive Zone around Achanakmar Wildlife Sanctuary,(68 KB) Chhattisgarh.",https://moef.gov.in/uploads/2018/12/achanakmar.pdf,[],17/10/2019,S.O. 3654(E),Q4673468,exact
75,Dadra and Nagar Haveli and Daman and Diu,Dadra and Nagar Haveli WLS,Wildlife Sanctuary,Draft,2014-11-17,75. S.O. 2927 [17.11.2014] Draft ESZ Notification on Dadra & Nagar Haveli(1 MB),https://moef.gov.in/uploads/2017/06/S.O.%202927%20%5B17.11.2014%5D%20Draft%20ESZ%20Notification%20on%20Dadra%20%26%20Nagar%20Haveli.pdf,[],02/01/2014,S.O. 2927,,none
45,Dadra and Nagar Haveli and Daman and Diu,Dadra and Nagar Haveli WLS,Wildlife Sanctuary,Final,2015-09-04,45. S.O. 2413 [04.09.2015] Final ESZ Notification on Dadra and Nagar Haveli WLS(11.3 MB),https://moef.gov.in/uploads/2017/06/S.O.%202413%20%5B04.09.2015%5D%20Final%20ESZ%20Notification%20on%20Dadra%20and%20Nagar%20Haveli%20WLS.pdf,[],21/09/2015,S.O. 2413,,none
76,Delhi,Asola Bhatti Wildlife Sanctuary,Wildlife Sanctuary,Draft,2016-06-15,"76. S.O. 2114(E) [15.06.2016] Draft Notification declaring Eco Sensitive Zone around Asola Bhatti Wildlife Sanctuary(696.89 KB), NCT, Delhi",https://moef.gov.in/uploads/2017/06/Asola%20Bhatti%20Wildlife%20Sanctuary%2C%20Delhi.pdf,[],22/06/2016,S.O. 2114(E),Q4807575,exact
46,Delhi,Asola Bhatti Wildlife Sanctuary,Wildlife Sanctuary,Final,2017-09-12,"46. S.O. 2996 (E) [12.09.2017] Final Notification declaring Eco Sensitive Zone around Asola Bhatti Wildlife Sanctuary,(1.9 MB) NCT, Delhi",https://moef.gov.in/uploads/2017/06/Asola%20Bhatti%20Wildlife%20Sanctuary%2C%20New%20Delhi%20Final.pdf,[],14/09/2017,S.O. 2996 (E),Q4807575,exact
77,Goa,Dr Salim Ali Wildlife Sanctuary,Wildlife Sanctuary,Draft,2014-03-03,"77. S.O. 542 [03.03.2014] Draft ESZ Notification on Dr Salim Ali Wildlife Sanctuary(384.92 KB), Goa",https://moef.gov.in/uploads/2017/06/S.O.%20542%20%5B03.03.2014%5D%20Draft%20ESZ%20Notification%20on%20Dr%20Salim%20Ali%20Wildlife%20Sanctuary%2C%20Goa.pdf,[],,S.O. 542,Q4806672,fuzzy
47,Goa,Dr. Salim Ali Wildlife Sanctuary,Wildlife Sanctuary,Final,2015-02-23,"47. S.O. No. 607, [23.02.2015] Final ESZ Notification onDr. Salim Ali Wildlife Sanctuary (2.13 MB),Goa",https://moef.gov.in/uploads/2017/06/S.O.%20No.%20607%2C%20%5B23.02.2015%5D%20Final%20ESZ%20Notification%20on%20Dr.%20Salim%20Ali%20Wildlife%20Sanctuary%20Goa_0.pdf,[],04/09/2024,S.O. No. 607,Q4806672,fuzzy
,Goa,Dr. Salim Ali Bird Sanctuary,Bird Sanctuary,Amendment,2023-08-07,"S.O. No. 3514(E) [07.08.2023] Amendment in the Final Notification of Eco-sensitive Zone around Dr. Salim Ali Bird Sanctuary, in the state of Goa (1,107 KB), Goa",https://moef.gov.in/uploads/2023/11/SO3514-07082023-Amendment.pdf,[],,S.O. No. 3514(E),Q4806672,fuzzy
,Goa,Dr. Salim Ali Bird Sanctuary,Bird Sanctuary,Amendment,2024-09-02,"S .O. No. 3740(E) [02.09.2024] Amendment in the Final Notification of Eco-sensitive Zone around Dr. Salim Ali Bird Sanctuary, in the state of Goa (1.76 MB), Goa",https://moef.gov.in/uploads/pdf/salim_ali_amendment.pdf,[],,S .O. No. 3740(E),Q4806672,fuzzy
78,Goa,Cotigao Wildlife Sanctuary,Wildlife Sanctuary,Draft,2014-03-03,"78. S.O. 630 [03.03.2014] Draft ESZ Notifictaion on Cotigao Wildlife Sanctuary(598.25 KB), Goa",https://moef.gov.in/uploads/2017/06/S.O.%20630%20%5B03.03.2014%5D%20Draft%20ESZ%20Notifictaion%20on%20Cotigao%20Wildlife%20Sanctuary%2C%20Goa.pdf,[],,S.O. 630,Q5175367,exact
48,Goa,Cotigao WLS,Wildlife Sanctuary,Final,2015-02-24,"48. S.O. No. 438 [24.02.2015] Final ESZ Notification onCotigao WLS(820.21 KB), Goa “",https://moef.gov.in/uploads/2017/06/S.O.%20No.%20438%20%5B24.02.2015%5D%20Final%20ESZ%20Notification%20on%20Cotigao%20WLS%2C%20Goa.pdf,[],24-12-2022,S.O. No. 438,Q5175367,exact
,Goa,Cotigao WLS,Wildlife Sanctuary,Amendment,2022-12-07,"S.O. No. 5702(E) [07.12.2022] Amendment in the Final Notification of Eco-sensitive Zone around Cotigao Wildlife Sanctuary in the state of Goa(1,199 KB), Goa",https://moef.gov.in/uploads/2017/06/SONo5702(E)%5B07122022%5DAmendment-Eco-sensitiveZone-Cotigao-Wildlife-Sanctuary-Goa.pdf,[],,S.O. No. 5702(E),Q5175367,exact
79,Goa,Netravali Wildlife Sanctuary,Wildlife Sanctuary,Draft,2014-03-03,"79. S.O. 631 [03.03.2014] Draft ESZ Notifictaion onNetravali Wildlife Sanctuary(831.2 KB), Goa",https://moef.gov.in/uploads/2017/06/S.O.%20631%20%5B03.03.2014%5D%20Draft%20ESZ%20Notifictaion%20on%20Netravali%20Wildlife%20Sanctuary%2C%20Goa.pdf,[],24/03/2014,S.O. 631,Q16887542,exact
49,Goa,Netravali WLS,Wildlife Sanctuary,Final,2015-02-17,"49. S.O. No. 555 [17.02.2015] Final ESZ Notification onNetravali WLS (1.56 MB), Goa",https://moef.gov.in/uploads/2017/06/S.O.%20No.%20555%20%5B17.02.2015%5D%20Final%20ESZ%20Notification%20on%20Netravali%20WLS%20%2C%20Goa.pdf,[],,S.O. No. 555,Q16887542,exact
80,Goa,Madei Wildlife Sanctuary,Wildlife Sanctuary,Draft,2014-03-03,"80. S.O. 632 [03.03.2014] Draft ESZ Notification on Madei Wildlife Sanctuary(631.87 KB), Goa",https://moef.gov.in/uploads/2017/06/S.O.%20632%20%5B03.03.2014%5D%20Draft%20ESZ%20Notification%20on%20Madei%20Wildlife%20Sanctuary%2C%20Goa.pdf,[],24/03/2014,S.O. 632,Q6826847,exact
50,Goa,Madei WLS,Wildlife Sanctuary,Final,2015-02-25,"50. S.O. 616 [25.02.2015] Final ESZ Notification on Madei WLS(2.48 MB), Goa",https://moef.gov.in/uploads/2017/06/S.O.%20616%20%5B25.02.2015%5D%20Final%20ESZ%20Notification%20on%20Madei%20WLS%2C%20Goa.pdf,[],04/09/2024,S.O. 616,Q6826847,exact
,Goa,Madei WLS,Wildlife Sanctuary,Amendment,2024-09-03,"S .O. No. 3754(E) [03.09.2024] Amendment in the Final Notification of Eco-sensitive Zone around Madei WLS(1.74 MB), Goa",https://moef.gov.in/uploads/pdf/madei_amendment.pdf,[],,S .O. No. 3754(E),Q6826847,exact
81,Goa,Bhagwan Mahaveer Wildlife Sanctuary,Wildlife Sanctuary,Draft,2014-03-13,"81. S.O. 635 [13.03.2014] Draft Notification on Bhagwan Mahaveer Wildlife Sanctuary and National Park(986.51 KB), Goa",https://moef.gov.in/uploads/2017/06/S.O.%20635%20%5B13.03.2014%5D%20Draft%20Notification%20on%20Bhagwan%20Mahaveer%20Wildlife%20Sanctuary%20and%20National%20Park%2C%20Goa.pdf,[],24/03/2014,S.O. 635,Q2397554,fuzzy
81,Goa,Bhagwan Mahaveer National Park,National Park,Draft,2014-03-13,"81. S.O. 635 [13.03.2014] Draft Notification on Bhagwan Mahaveer Wildlife Sanctuary and National Park(986.51 KB), Goa",https://moef.gov.in/uploads/2017/06/S.O.%20635%20%5B13.03.2014%5D%20Draft%20Notification%20on%20Bhagwan%20Mahaveer%20Wildlife%20Sanctuary%20and%20National%20Park%2C%20Goa.pdf,[],24/03/2014,S.O. 635,Q2397554,fuzzy
51,Goa,Bhagwan Mahaveer WLS,Wildlife Sanctuary,Final,2015-01-23,"51. S.O. No. 221 [23.01.2015] Final ESZ Notification onBhagwan Mahaveer WLS(1.51 MB) ,Goa",https://moef.gov.in/uploads/2017/06/S.O.%20No.%20221%20%5B23.01.2015%5D%20Final%20ESZ%20Notification%20on%20Bhagwan%20Mahaveer%20WLS%20Goa.pdf,[],23/08/2024,S.O. No. 221,Q2397554,fuzzy
,Goa,Bhagwan Mahaveer Wildlife Sanctuary,Wildlife Sanctuary,Amendment,2023-08-07,"S.O. No. 3513(E) [07.08.2023] Amendment in the Final Notification of Eco-sensitive Zone around Bhagwan Mahaveer Wildlife Sanctuary, in the state of Goa (1,106 KB), Goa",https://moef.gov.in/uploads/2023/11/SO3513-07082023-Bhagwan-Mahaveer-Amendment.pdf,[],,S.O. No. 3513(E),Q2397554,fuzzy
,Goa,Bhagwan Mahaveer Wildlife Sanctuary,Wildlife Sanctuary,Amendment,2024-08-21,"S .O. No. 3548 (E) [21.08.2024] Amendment in the Final Notification of Eco-sensitive Zone around Amendment in the Final Notification of Eco-sensitive Zone around Bhagwan Mahaveer Wildlife Sanctuary, in the state of Goa (2.14 MB), Goa",https://moef.gov.in/uploads/pdf/bhagwan_mahavir_amendment.pdf,[],,S .O. No. 3548 (E),Q2397554,fuzzy
82,Goa,Bondla Wildlife Sanctuary,Wildlife Sanctuary,Draft,2014-03-03,"82. S.O. 633(E) [03.03.2014] Draft Notification declaring Eco Sensitive zone around Bondla Wildlife Sanctuary(972.99 KB), Goa",https://moef.gov.in/uploads/2017/06/Bondla%2C%20Goa.pdf,[],03/05/2016,S.O. 633(E),Q4941423,exact
52,Goa,Bondla WLS,Wildlife Sanctuary,Final,2015-01-25,"52. S.O. 615 [25.01.2015] Final ESZ Notification on Bondla WLS(863.6 KB), Goa",https://moef.gov.in/uploads/2017/06/S.O.%20615%20%5B25.01.2015%5D%20Final%20ESZ%20Notification%20on%20Bondla%20WLS%2C%20Goa.pdf,[],,S.O. 615,Q4941423,exact
,Goa,Bondla Wildlife Sanctuary,Wildlife Sanctuary,Amendment,2024-07-29,"S.O. No. 3026(E) [29.07.2024] Amendment in the Final Notification of Eco-sensitive Zone around Bondla Wildlife Sanctuary, in the state of Goa (1,072 KB), Goa",https://moef.gov.in/uploads/pdf/bondla_amendment.pdf,[],,S.O. No. 3026(E),Q4941423,exact
83,Gujarat,Marine National Park,National Park,Draft,2012-02-29,"83. S.O. 353 (E) [29.2.2012] Draft Notification declaring Eco sensitive Zone around Marine National Park and Marine Sanctuary(762.62 KB), Gujarat",https://moef.gov.in/uploads/2017/06/Marine%20national%20park%2C%20Gujarat.pdf,[],04/04/2016,S.O. 353 (E),,none
83,Gujarat,Marine Sanctuary,Wildlife Sanctuary,Draft,2012-02-29,"83. S.O. 353 (E) [29.2.2012] Draft Notification declaring Eco sensitive Zone around Marine National Park and Marine Sanctuary(762.62 KB), Gujarat",https://moef.gov.in/uploads/2017/06/Marine%20national%20park%2C%20Gujarat.pdf,[],04/04/2016,S.O. 353 (E),,none
53,Gujarat,Marine National Park,National Park,Final,2013-08-22,"53. S.O. 2561 [22.08.2013] Final ESZ Notification on Marine National and Marine Sanctuary(2.13 MB), Gujarat",https://moef.gov.in/uploads/2017/06/S.O.%202561%20%5B22.08.2013%5D%20Final%20ESZ%20Notification%20on%20Marine%20National%20and%20Marine%20Sanctuary%2C%20Gujarat.pdf,[],06/09/2013,S.O. 2561,,none
53,Gujarat,Marine Sanctuary,Wildlife Sanctuary,Final,2013-08-22,"53. S.O. 2561 [22.08.2013] Final ESZ Notification on Marine National and Marine Sanctuary(2.13 MB), Gujarat",https://moef.gov.in/uploads/2017/06/S.O.%202561%20%5B22.08.2013%5D%20Final%20ESZ%20Notification%20on%20Marine%20National%20and%20Marine%20Sanctuary%2C%20Gujarat.pdf,[],06/09/2013,S.O. 2561,,none
84,Gujarat,Girnar WL Sanctuary,Wildlife Sanctuary,Draft,2011-06-01,"84. S.O. 1264 [01.06.2011] Draft ESZ Notification on Girnar WL Sanctuary(1.78 MB), Gujarat",https://moef.gov.in/uploads/2017/06/S.O.%201264%20%5B01.06.2011%5D%20Draft%20ESZ%20Notification%20on%20on%20Girnar%20WL%20Sanctuary%2C%20Gujarat.pdf,[],,S.O. 1264,Q131939336,fuzzy
54,Gujarat,Girnar Reserve Forest,Wildlife Sanctuary,Final,2012-05-31,"54. S.O. 1260 [31.05.2012] Final ESZ Notification onGirnar Reserve Forest(1.43 MB), Gujarat",https://moef.gov.in/uploads/2017/06/S.O.%201260%20%5B31.05.2012%5D%20Final%20ESZ%20Notification%20on%20Girnar%20Reserve%20Forest%2C%20Gujarat.pdf,[],26/05/2013 & 16/11/2022,S.O. 1260,Q131939336,exact
,Gujarat,Girnar Reserve Forest,Wildlife Sanctuary,Amendment,2022-11-10,"S.O. No. 5236 (E) [10.11.2022] Amendment in the ESZ Notification around Girnar Wildlife Sanctuary, in the state of Gujarat. (1,054 KB), Gujarat",https://moef.gov.in/uploads/2017/06/SO-No-5236-Girnar-Amendment.pdf,[],,S.O. No. 5236 (E),Q131939336,exact
85,Gujarat,Narayan Sarovar Wildlife Sanctuary,Wildlife Sanctuary,Draft,2011-06-01,"85. S.O. 1265 [01.06.2011] Draft ESZ Notification onNarayan Sarovar Wildlife Sanctuary(1.18 MB), Gujarat",https://moef.gov.in/uploads/2017/06/S.O.%201265%20%5B01.06.2011%5D%20Draft%20ESZ%20Notification%20on%20Narayan%20Sarovar%20Wildlife%20Sanctuary%2C%20Gujarat.pdf,[],,S.O. 1265,Q6965495,exact
55,Gujarat,Narayan Sarovar Wildlife Sanctuary,Wildlife Sanctuary,Final,2012-05-31,"55. S.O. 1257 [31.05.2012] Final ESZ Notification onNarayan Sarovar Wildlife Sanctuary(984.21 KB), Gujarat",https://moef.gov.in/uploads/2017/06/S.O.%201257%20%5B31.05.2012%5D%20Final%20ESZ%20Notification%20on%20Narayan%20Sarovar%20Wildlife%20Sanctuary%2C%20Gujarat.pdf,[],26/05/2013 & 07/08/2023,S.O. 1257,Q6965495,exact
,Gujarat,Narayan Sarovar Wildlife Sanctuary,Wildlife Sanctuary,Amendment,2023-08-07,"S.O. No. 3515(E) [07.08.2023] Amendment in the Final Notification of Eco-sensitive Zone around Narayan Sarovar Wildlife Sanctuary, in the state of Gujarat (1,113 KB), Gujarat",https://moef.gov.in/uploads/2023/11/SO3515-07082023-Narayan-Sarovar-Amendment.pdf,[],,S.O. No. 3515(E),Q6965495,exact
86,Gujarat,Purna WL Sanctuary,Wildlife Sanctuary,Draft,2011-06-01,"86. S.O. 1266 [01.06.2011] Draft ESZ Notification on Purna WL Sanctuary(711.75 KB), Gujarat",https://moef.gov.in/uploads/2017/06/S.O.%201266%20%5B01.06.2011%5D%20Draft%20ESZ%20Notification%20on%20on%20Purna%20WL%20Sanctuary%2C%20Gujarat.pdf,[],,S.O. 1266,Q19895529,fuzzy
56,Gujarat,Purna Wildlife Sanctuary,Wildlife Sanctuary,Final,2012-05-31,"56. S.O. 1259 [31.05.2012] Final ESZ Notification on Purna Wildlife Sanctuary(925.33 KB), Gujarat",https://moef.gov.in/uploads/2017/06/S.O.%201259%20%5B31.05.2012%5D%20Final%20ESZ%20Notification%20on%20Purna%20Wildlife%20Sanctuary%2C%20Gujarat.pdf,[],26/05/2013,S.O. 1259,Q19895529,exact
,Gujarat,Purna Wildlife Sanctuary,Wildlife Sanctuary,Amendment,2023-12-12,"S.O. No. 5313(E) [12.12.2023] Amendment in the Final Notification of Eco-sensitive Zone around Purna Wildlife Sanctuary, in the state of Gujarat(1,362 KB)",https://moef.gov.in/uploads/2023/11/SONo5313(E)-12122023-Amendment-Notification-ESZ-Purna-Wildlife-Sanctuary.pdf,[],,S.O. No. 5313(E),,none
,Gujarat,in the state of Gujarat,Wildlife Sanctuary,Amendment,2023-12-12,"S.O. No. 5313(E) [12.12.2023] Amendment in the Final Notification of Eco-sensitive Zone around Purna Wildlife Sanctuary, in the state of Gujarat(1,362 KB)",https://moef.gov.in/uploads/2023/11/SONo5313(E)-12122023-Amendment-Notification-ESZ-Purna-Wildlife-Sanctuary.pdf,[],,S.O. No. 5313(E),,none
87,Gujarat,Vansda WLS,Wildlife Sanctuary,Draft,2011-06-01,"87. S.O. 1267 [01.06.2011] Draft ESZ Notification onVansda WLS(4.19 MB), Gujarat",https://moef.gov.in/uploads/2017/06/S.O.%201267%20%5B01.06.2011%5D%20Draft%20ESZ%20Notification%20on%20Vansda%20WLS%2C%20Gujarat.pdf,[],,S.O. 1267,Q2669063,exact
57,Gujarat,Vansda NP,National Park,Final,2012-05-31,"57. S.O. No. 1258 [31.05.2012] Final ESZ Notification onVansda NP(3.15 MB), Gujarat",https://moef.gov.in/uploads/2017/06/S.O.%20No.%201258%20%5B31.05.2012%5D%20Final%20ESZ%20Notification%20on%20Vansda%20NP%2C%20Gujarat.pdf,[],26/05/2013 & 12/12/2023,S.O. No. 1258,Q2669063,exact
,Gujarat,Vansda National Park,National Park,Amendment,2023-12-12,"S.O. No. 5316(E) [12.12.2023] Amendment in the Final Notification of Eco-sensitive Zone around Vansda National Park, in the state of Gujarat(750 KB)",https://moef.gov.in/uploads/2023/11/SONo5316(E)-12122023-Amendment-Notification-ESZ-Vansda-National-Park.pdf,[],,S.O. No. 5316(E),,none
,Gujarat,in the state of Gujarat,National Park,Amendment,2023-12-12,"S.O. No. 5316(E) [12.12.2023] Amendment in the Final Notification of Eco-sensitive Zone around Vansda National Park, in the state of Gujarat(750 KB)",https://moef.gov.in/uploads/2023/11/SONo5316(E)-12122023-Amendment-Notification-ESZ-Vansda-National-Park.pdf,[],,S.O. No. 5316(E),,none
88,Gujarat,Barda Wildlife Sanctuary,Wildlife Sanctuary,Draft,2015-11-02,"88. S.O. 2991[02.11.2015] Draft ESZ Notification on Barda Wildlife Sanctuary(827.5 KB), Gujarat",https://moef.gov.in/uploads/2017/06/S.O.%202991%5B02.11.2015%5D%20Draft%20ESZ%20Notification%20on%20Barda%20Wildlife%20Sanctuary%2C%20Gujarat.pdf,[],10/11/2015,S.O. 2991,Q4860066,exact
58,Gujarat,Barda Wildlife Sanctuary,Wildlife Sanctuary,Final,2017-04-28,"58. S.O. 1365(E) [28.04.2017] Final Notification declaring Eco Sensitive Zone around Barda Wildlife Sanctuary(2.25 MB), Gujarat",https://moef.gov.in/uploads/2017/06/Barda%20Wildlife%20Sanctuary%2C%20Gujarat_0.pdf,[],17/05/2017,S.O. 1365(E),Q4860066,exact
89,Gujarat,Thol Wildlife Sanctuary,Wildlife Sanctuary,Draft,2013-10-18,"89. S.O. 3202 [18.10.2013] Draft ESZ Notification on Thol Wildlife Sanctuary(4.14 MB), Gujarat",https://moef.gov.in/uploads/2017/06/S.O.%203202%20%5B18.10.2013%5D%20Draft%20ESZ%20Notification%20on%20Thol%20Wildlife%20Sanctuary%2C%20Gujarat.pdf,[],,S.O. 3202,Q7786671,exact
59,Gujarat,Thol Wildlife Sanctuary,Wildlife Sanctuary,Final,,"59. S.O. 421 [0902.2015] Final ESZ Notification on Thol Bird Sanctuary(1.44 MB), Gujarat",https://moef.gov.in/uploads/2017/06/S.O.%20421%20%5B0902.2015%5D%20Final%20ESZ%20Notification%20on%20Thol%20Bird%20Sanctuary%2C%20Gujarat.pdf,[],,S.O. 421,Q7786671,exact
90,Gujarat,Shoolpaneshwar Wildlife Sanctuary,Wildlife Sanctuary,Draft,2015-07-30,"90. S.O. 2079 E [30.07.2015] Draft ESZ Notification on Shoolpaneshwar Wildlife Sanctuary(18.17 MB), Gujarat & Map(186.17 KB)",https://moef.gov.in/uploads/2019/10/S.O.-2079-E-30.07.2015-Draft-ESZ-Notification-on-Shoolpaneshwar-Wildlife-Sanctuary-Maharashtra.pdf,[],04/08/2015,S.O. 2079,Q7500463,exact
60,Gujarat,Shoolpaneshwar Wildlife Sanctuary,Wildlife Sanctuary,Final,2016-05-05,"60. S.O.1653(E) [05.05.2016] Final Notification declaring Eco Sensitive Zone around Shoolpaneshwar Wildlife Sanctuary(1.11 MB), Gujarat",https://moef.gov.in/uploads/2017/06/Shoolpaneshwar%2C%20Gujarat.pdf,[],10/05/2016,S.O.1653(E),Q7500463,exact
91,Gujarat,Porbander Wildlife Sanctuary,Wildlife Sanctuary,Draft,2015-11-20,"91. S.O. 3129 [20.11.2015] Porbander Wildlife Sanctuary(1.06 MB), Gujarat & Map(162.57 KB)",https://moef.gov.in/uploads/2019/10/S.O.-3129-20.11.2015-Porbander-Wildlife-Sanctuary-Gujarat.pdf,[],,S.O. 3129,Q7229958,fuzzy
61,Gujarat,Porbander Wildlife Sanctuary,Wildlife Sanctuary,Final,2018-05-07,"61. S.O. 1829(E) [07.05.2018] Final Notification declaring Eco Sensitive Zone around Porbandar Wildlife Sanctuary,(3.47 MB) Gujarat.",https://moef.gov.in/uploads/2019/08/porbandar.pdf,[],11/05/2018,S.O. 1829(E),Q7229958,fuzzy
92,Gujarat,Porbander Bird Sanctuary Gujarat,Bird Sanctuary,Draft,2017-09-21,"92. S.O. 3083 (E) [21.09.2017] Draft Notification declaring Eco Sensitive Zone around Porbander Bird Sanctuary, Gujarat(2.49 MB) Re-Notification New",https://moef.gov.in/uploads/2017/06/Porbandar%20Bird%20Sanctuary%2C%20Gujarat%20Renotified%20Draft.pdf,[],25/09/2017,S.O. 3083 (E),Q7229958,fuzzy
93,Gujarat,Gaga Wildlife Sanctuary,Wildlife Sanctuary,Draft,2015-12-09,93. SO 3338(E)[09.12.2015] Draft notification declaring Eco-sensitive Zone around the Gaga Wildlife Sanctuary (2.27 MB)in the state of Gujarat.,https://moef.gov.in/uploads/2017/06/SO%203338(E)%5B09.12.2015%5D%20Draft%20notification%20declaring%20Eco-sensitive%20Zone%20around%20the%20Gaga%20Wildlife%20Sanctuary%20in%20the%20state%20of%20Gujarat..pdf,[],30/12/2015,SO 3338(E),Q2731635,exact
62,Gujarat,Gaga Sanctuary,Wildlife Sanctuary,Final,2017-06-09,"62. S.O. 1865 (E) [09.06.2017] Final Notification Declaring Eco Sensitive Zone around Gaga Sanctuary(2.56 MB), Gujarat",https://moef.gov.in/uploads/2017/06/Gaga%20Sanctuary%2C%20Gujarat.pdf,[],15/06/2017,S.O. 1865 (E),Q2731635,exact
94,Gujarat,Nalsarovar Bird Sanctuary,Bird Sanctuary,Draft,2015-12-07,94. SO 3341(E)[07.12.2015] Draft notification declaring Eco-sensitive Zone around the Nalsarovar Bird Sanctuary(2.5 MB) in the state of Gujarat.,https://moef.gov.in/uploads/2017/06/SO%203341(E)%5B07.12.2015%5D%20Draft%20notification%20declaring%20Eco-sensitive%20Zone%20around%20the%20Nalsarovar%20Bird%20Sanctuary%20in%20the%20state%20of%20Gujarat..pdf,[],30/12/2015,SO 3341(E),Q2723560,exact
63,Gujarat,Nalsarovar Bird Sanctuary,Bird Sanctuary,Final,2017-06-07,"63. S.O. 1812 [07.06.2017] Final Notification declaring Eco Sensitive Zone around Nalsarovar Bird Sanctuary(1.95 MB), Gujarat",https://moef.gov.in/uploads/2017/06/Nalsarovar%20Bird%20Sanctuary%2C%20Gujarat.pdf,[],23/10/2024,S.O. 1812,Q2723560,exact
,Gujarat,Nalsarovar Bird Sanctuary,Bird Sanctuary,Amendment,2024-10-18,"S .O. No. 4572(E) [18.10.2024] Amendment in the Final Notification of Eco-sensitive Zone around Nalsarovar Bird Sanctuary(2.09 MB), Gujarat",https://moef.gov.in/uploads/pdf/nalsarovar_amendment.pdf,[],,S .O. No. 4572(E),Q2723560,exact
95,Gujarat,Hingolgadh Wildlife Sanctuary,Wildlife Sanctuary,Draft,2015-12-18,95. SO 3495(E)[18.12.2015] Draft notification declaring Eco-sensitive Zone around the Hingolgadh Wildlife Sanctuary(824.43 KB) in the state of Gujarat.,https://moef.gov.in/uploads/2017/06/SO%203495(E)%5B18.12.2015%5D%20Draft%20notification%20declaring%20Eco-sensitive%20Zone%20around%20the%20Hingolgadh%20Wildlife%20Sanctuary%20%20in%20the%20state%20of%20Gujarat..pdf,[],13/01/2016,SO 3495(E),Q124973261,exact
64,Gujarat,Hingolgadh Wildlife Sanctuary,Wildlife Sanctuary,Final,2017-06-20,"64. S.O. 1942 (E) [20.06.2017] Final Notification Declaring Eco Sensitive Zone around Hingolgadh Wildlife Sanctuary(2.57 MB), Gujarat",https://moef.gov.in/uploads/2017/06/Hingolgadh%20Wildlife%20Sanctuary%2C%20Gujarat.pdf,[],23/06/2017,S.O. 1942 (E),Q124973261,exact
96,Gujarat,Blackbuck National Park,National Park,Draft,2015-12-21,96. SO 67(E)[21.12.2015] Draft notification declaring Eco-sensitive Zone around the Velvadar Black Buck Wildlife Sanctuary (650.67 KB)in the state of Gujarat,https://moef.gov.in/uploads/2017/06/SO%2067(E)%5B22.11.2015%5D%20Draft%20notification%20declaring%20Eco-sensitive%20Zone%20around%20the%20Velvadar%20Black%20Buck%20Wildlife%20Sanctuary%20in%20the%20state%20of%20Gujarat.pdf,[],18/01/2016,SO 67(E),,none
65,Gujarat,Velavadhar Wild Life Sanctuary,Wildlife Sanctuary,Final,2017-07-06,"65. S.O. 2149 (E) [06.07.2017] Final Notification Declaring Eco Sensitive Zone around Velavadhar Wild Life Sanctuary,(3.16 MB) Gujarat",https://moef.gov.in/uploads/2017/06/Velavedar%20Black%20Buck%20National%20Park%2C%20Gujarat.pdf,[],28/07/2017,S.O. 2149 (E),Q880724,fuzzy
97,Gujarat,Khijadiya Wildlife Sanctuary,Wildlife Sanctuary,Draft,2017-09-06,"97. S.O. 2941 (E) [06.09.2017] Draft Notification declaring Eco Sensitive Zone around Khijadia Wildlife Sanctuary(3.09 MB), Gujarat Re–notification New",https://moef.gov.in/uploads/2017/06/Khijadiya%20Bird%20Sanctuary%20Gujarat%20re%20notified.pdf,[],12/09/2017,S.O. 2941 (E),Q2730580,exact
66,Gujarat,Khijadiya Wildlife Sanctuary,Wildlife Sanctuary,Final,2018-06-19,"66. S.O. 2950(E) [19.06.2018] Final Notification declaring Eco Sensitive Zone around Khijadiya Wildlife Sanctuary,(5.48 MB) Gujarat.",https://moef.gov.in/uploads/2017/06/khijadia.pdf,[],22/06/2018,S.O. 2950(E),Q2730580,exact
98,Gujarat,Gir National Park,National Park,Draft,2016-11-03,"98. S.O. 3370 (E) [03.11.2016]: Draft notification declaring Eco Sensitive Zone around Gir National Park(1.77 MB), the Gir Wildlife Sanctuary, the Paniya Wildlife Sanctuary and the Mitiyala Wildlife Sanctuary, Gujarat.",https://moef.gov.in/uploads/2017/06/Gir%20National%20Park%2C%20Gujarat_2.pdf,[],24/09/2024,S.O. 3370 (E),Q337028,exact
,Gujarat,Gir National Park,National Park,Draft,2024-09-18,"S.O. No. 3997(E) [18.09.2024] Draft Notification of Eco-sensitive Zone around Gir National Park(4.50 MB), the Gir Wildlife Sanctuary, the Paniya Wildlife Sanctuary and the Mitiyala Wildlife Sanctuary, Gujarat.Re-notification New",https://moef.gov.in/uploads/pdf/gir_draft_notification.pdf,[],,S.O. No. 3997(E),Q337028,exact
99,Gujarat,Rampara Wildlife Sanctuary,Wildlife Sanctuary,Draft,2017-01-10,"99. S.O. 72 (E) [10.01.2017] Draft Notification declaring Eco Sensitive Zone around Rampara Wildlife Sanctuary,(1.37 MB) Gujarat.",https://moef.gov.in/uploads/2017/06/Rampara%20Wildlife%20Sanctuary%2C%20Gujarat.pdf,[],23/01/2017,S.O. 72 (E),Q125503789,exact
67,Gujarat,Rampara Wildlife Sanctuary,Wildlife Sanctuary,Final,2017-12-29,"67. S.O. 4108(E) [29.12.2017] Final Notification declaring Eco Sensitive Zone around Rampara Wildlife Sanctuary(3.95 MB), Gujarat.",https://moef.gov.in/uploads/2017/06/rampara.pdf,[],12/01/2018,S.O. 4108(E),Q125503789,exact
100,Gujarat,Jessore WLS,Wildlife Sanctuary,Draft,2017-02-06,"100. S. O. 351 (E) [06.02.2017] Draft Notification declaring Eco Sensitive Zone around Jessore WLS(1.45 MB), Gujarat.",https://moef.gov.in/uploads/2017/06/Jessore%20Wildlife%20Sanctuary%2C%20Gujarat.pdf,[],10/02/2017,S. O. 351 (E),,none
68,Gujarat,Jessore Wildlife Sanctuary,Wildlife Sanctuary,Final,2017-10-16,"68. S.O. 3342(E) [16.10.2017] Final Notification declaring Eco Sensitive Zone around Jessore Wildlife Sanctuary(2.4 MB), Gujarat",https://moef.gov.in/uploads/2017/06/jessore%2C%20gujarat.pdf,[],02/11/2017,S.O. 3342(E),,none
101,Gujarat,Ratanmahal Wildlife Sanctuary,Wildlife Sanctuary,Draft,2017-11-10,"101. S.O. 3574(E) [10.11.2017] Draft Notification declaring Eco Sensitive Zone around Ratanmahal Wildlife Sanctuary(4.06 MB), Gujarat.",https://moef.gov.in/uploads/2017/06/ratan%20mahal.pdf,[],15/11/2017,S.O. 3574(E),Q2769992,exact
69,Gujarat,Ratanmahal Wildlife Sanctuary,Wildlife Sanctuary,Final,2019-01-30,"69. S.O. 549(E) [30.01.2019] Final Notification declaring Eco Sensitive Zone around Ratanmahal Wildlife Sanctuary(2.4 MB), Gujarat",https://moef.gov.in/uploads/2017/06/ratanmahal-1.pdf,[],08/02/2019,S.O. 549(E),Q2769992,exact
102,Gujarat,Jambugodha Wildlife Sanctuary,Wildlife Sanctuary,Draft,2017-12-29,"102. S.O. 4109(E) [29.12.2017] Draft Notification declaring Eco Sensitive Zone around Jambugodha Wildlife Sanctuary(5.08 MB) , Gujarat.",https://moef.gov.in/uploads/2017/06/jambugodha_0.pdf,[],12/01/2018,S.O. 4109(E),Q2757724,fuzzy
70,Gujarat,Jambugodha Wildlife Sanctuary,Wildlife Sanctuary,Final,2019-03-11,"70. S.O. 1316(E) [11.03.2019] Final Notification declaring Eco Sensitive Zone around Jambugodha Wildlife Sanctuary(6.00 MB), Gujarat",https://moef.gov.in/uploads/2018/12/jambugoda.pdf,[],18/03/2019,S.O. 1316(E),,none
103,Gujarat,Kutch Bustard Wildlife Sanctuary,Wildlife Sanctuary,Draft,2018-01-15,"103. S.O. 231(E) [15.01.2018] Draft Notification declaring Eco Sensitive Zone around Kutch Bustard Wildlife Sanctuary(3.78 MB) , Gujarat.",https://moef.gov.in/uploads/2017/06/kutch.pdf,[],25/01/2018,S.O. 231(E),Q2726467,exact
71,Gujarat,Kutch Bustard Sanctuary,Wildlife Sanctuary,Final,2018-12-11,"71. S.O. 6117(E) [11.12.2018] Final Notification declaring Eco Sensitive Zone around Kutch Bustard Sanctuary Wildlife(2.42 MB), Sanctuary, Gujarat.",https://moef.gov.in/uploads/2018/12/kucth-bustard.pdf,[],21/12/2018,S.O. 6117(E),Q2726467,exact
104,Gujarat,Wild Ass Wildlife Sanctuary,Wildlife Sanctuary,Draft,2018-01-16,"104. S.O. 262(E) [16.01.2018] Draft Notification declaring Eco Sensitive Zone around Wild Ass Wildlife Sanctuary(7.8 MB) , Gujarat.",https://moef.gov.in/uploads/2017/06/wild%20ass.pdf,[],25/01/2018,S.O. 262(E),Q1207543,fuzzy
72,Gujarat,Wild Ass Wildlife Sanctuary,Wildlife Sanctuary,Final,2018-10-04,"72. S.O. 5138(E) [04.10.2018] Final Notification declaring Eco Sensitive Zone around Wild Ass Sanctuary(6.3 MB), Gujarat.",https://moef.gov.in/uploads/2018/11/wild-ass_0.pdf,[],12/10/2018,S.O. 5138(E),Q1207543,fuzzy
105,Gujarat,Kutch Desert Sanctuary,Wildlife Sanctuary,Draft,2018-09-11,"105. S.O. 4775(E) [11.09.2018] Draft Notification declaring Eco Sensitive Zone around Kutch Desert Sanctuary(3.63 MB) , Gujarat.",https://moef.gov.in/uploads/2017/06/kutch-desert.pdf,[],25/09/2018,S.O. 4775(E),Q17068229,exact
73,Gujarat,Kutch Desert Sanctuary,Wildlife Sanctuary,Final,2019-08-30,"73. S.O. 3150(E) [30.08.2019] Final Notification declaring Eco Sensitive Zone around Kutch Desert Sanctuary (51 KB), Gujarat.",https://moef.gov.in/uploads/2018/12/kutch-Desert.pdf,[],03/09/2019,S.O. 3150(E),Q17068229,exact
106,Gujarat,Balaram Ambaji Sanctuary,Wildlife Sanctuary,Draft,2021-01-05,"106. S.O. 55(E) [05.01.2021] Draft Notification declaring Eco Sensitive Zone around Balaram Ambaji Sanctuary,(3.63 MB) , Gujarat.",https://moef.gov.in/uploads/2021/01/balaram-1.pdf,[],06/01/2021,S.O. 55(E),Q19833696,fuzzy
74,Gujarat,Balaram Ambaji Sanctuary,Wildlife Sanctuary,Final,2021-11-08,"74. S.O.4618(E) [08.11.2021] Final Notification declaring Eco Sensitive Zone around Balaram Ambaji Sanctuary,(2.83 MB) , Gujarat.",https://moef.gov.in/uploads/2020/08/balaram-ambaji.pdf,[],13/11/2021,S.O.4618(E),Q19833696,fuzzy
107,Haryana,Sultanpur National Park,National Park,Draft,2009-01-29,"107. S.O. 364(E) [29.01.2009] Draft Notification declaring Eco Sensitive Zone around Sultanpur National Park(77 KB), Haryana",https://moef.gov.in/uploads/2017/06/Sultanpur%20Haryana%20so364.pdf,[],03/05/2016,S.O. 364(E),Q2985097,exact
75,Haryana,Sultanpur NP,National Park,Final,2010-01-27,"75. S.O. No 191 [27.01.2010] Final ESZ Notification on Sultanpur NP(1.25 MB), Haryana",https://moef.gov.in/uploads/2017/06/S.O.%20No%20191%20%5B27.01.2010%5D%20Final%20ESZ%20Notification%20on%20Sultanpur%20NP%2C%20Haryana.pdf,[],,S.O. No 191,Q2985097,exact
108,Haryana,Sultanpur National Park,National Park,Final,2021-02-17,"108. S.O. 740(E) [17.02.2021] Amendment in final Notification declaring Eco Sensitive Zone around Sultanpur National Park , (1.39 MB), in the State of Haryana",https://moef.gov.in/uploads/2021/02/Sultanpur-Amendment.pdf,[],18/02/2021,S.O. 740(E),Q2985097,exact
109,Haryana,Khol Hi Raitan Wildlife Sanctuary,Wildlife Sanctuary,Draft,2015-05-25,"109. S.O. 1395 [25.05.2015] Draft ESZ Notification on Khol Hi Raitan Wildlife Sanctuary(8.9 MB), Haryana Map(559.55 KB)",https://moef.gov.in/uploads/2019/10/S.O.-1395-25.05.2015-Draft-ESZ-Notification-on-Khol-Hi-Raitan-Wildlife-Sanctuary-Haryana-1.pdf,[],02/09/2015,S.O. 1395,Q17002860,exact
77,Haryana,Khol Hi Raitan Wildlife Sanctuary,Wildlife Sanctuary,Final,2016-10-26,"77. S. O. 3308 [26.10.2016] Final Notification declaring Eco Sensitive Zone aroundKhol Hi Raitan Wildlife Sanctuary,(1.52 MB) Haryana",https://moef.gov.in/uploads/2017/06/Khol%20Hi%20Raitan%20Wildlife%20Sanctuary%20Final%2C%20Haryana.pdf,[],14/01/2025,S. O. 3308,Q17002860,exact
,Haryana,Khol Hi Raitan Wildlife Sanctuary,Wildlife Sanctuary,Amendment,2025-01-08,"S .O. No. 148(E) [08.01.2025] Amendment in the Final Notification of Eco-sensitive Zone aroundKhol Hi Raitan Wildlife Sanctuary,(1.77 MB) Haryana",https://moef.gov.in/uploads/pdf-uploads/pdf_67860277022121.91858597.pdf,[],,S .O. No. 148(E),Q17002860,exact
110,Haryana,Nahar Wildlife Sanctuary,Wildlife Sanctuary,Draft,2015-06-01,"110. S.O. 1499 [01.06.2015] Draft ESZ Notification on Nahar Wildlife Sanctuary(6.31 MB), Haryana Map(394.09 KB)",https://moef.gov.in/uploads/2019/10/S.O.-1499-01.06.2015-Draft-ESZ-Notification-on-Nahar-Wildlife-Sanctuary-Haryana.pdf,[],,S.O. 1499,Q17002923,exact
78,Haryana,Nahar Wildlife Sanctuary,Wildlife Sanctuary,Final,2021-08-18,"78. S.O. 3371(E) [18.08.2021] Final Notification declaring Eco Sensitive Zone around Nahar Wildlife Sanctuary, (1.39 MB),Haryana",https://moef.gov.in/uploads/2020/08/Final-Notification.pdf,[],19/08/2021,S.O. 3371(E),Q17002923,exact
111,Haryana,Nahar Wildlife Sanctuary,Wildlife Sanctuary,Draft,2020-11-27,"111. S.O. 4272(E) [27.11.2020] Draft Notification declaring Eco Sensitive Zone around Nahar Wildlife Sanctuary, (1.39 MB), Haryana Re-Notification New",https://moef.gov.in/uploads/2020/12/nahar.pdf,[],01/12/2020,S.O. 4272(E),Q17002923,exact
112,Haryana,Bir Shikargarh Wildlife Sanctuar,Wildlife Sanctuary,Draft,2015-05-26,"112. S.O. 1447 [26.05.2015] Bir Shikargarh Wildlife Sanctuar(14.54 MB), Haryana Map(196.95 KB)",https://moef.gov.in/uploads/2019/10/S.O.-1447-26.05.2015-Bir-Shikargarh-Wildlife-Sanctuary-Haryana.pdf,[],,S.O. 1447,,none
79,Haryana,Bir Shikargarh Wildlife Sanctuary,Wildlife Sanctuary,Final,2016-11-23,"79. S.O. 3516(E) [23.11.2016] Final Notification declaring Eco Sensitive Zone around Bir Shikargarh Wildlife Sanctuary(1.31 MB), Haryana.",https://moef.gov.in/uploads/2017/06/Bir%20Shikargarh%20Wildlife%20Sanctuary%2C%20Haryana%20Final%20Notification.pdf,[],24/11/2016,S.O. 3516(E),Q17002798,fuzzy
113,Haryana,Khaparwas Wildlife Sanctuary,Wildlife Sanctuary,Draft,2015-06-17,"113. S.O. 1948 [17.06.2015] Draft ESZ Notification on Khaparwas Wildlife Sanctuary(10.27 MB), Haryana Map(331.11 KB)",https://moef.gov.in/uploads/2019/10/S.O.-1948-17.06.2015-Draft-ESZ-Notification-on-Khaparwas-Wildlife-Sanctuary-Haryana.pdf,[],10/09/2015,S.O. 1948,Q17005614,exact
80,Haryana,Khaparwas Wildlife,Wildlife Sanctuary,Final,2017-01-10,"80. S. O. 68 (E) [10.01.2017] Final Notification declaring Eco Sensitive Zone around Khaparwas Wildlife(2.1 MB) Sanctuary, Haryana",https://moef.gov.in/uploads/2019/10/Khaparwas-Wildlife-Sanctuary-Haryana-sno-61.pdf,[],12/01/2017,S. O. 68 (E),Q17005614,exact
114,Haryana,Kalesar National Park,National Park,Draft,2015-09-17,"114. S.O. 2540 [17.09.2015] Draft ESZ Notification on Kalesar National Park(9.1 MB), U.P.-HP- Uttarkahand-Haryana Map(507.75 KB)",https://moef.gov.in/uploads/2019/10/S.O.-2540-17.09.2015-Draft-ESZ-Notification-on-Kalesar-National-Park-U.P.-HP-Uttarkahand-Haryana.pdf,[],06/10/2015,S.O. 2540,Q2985156,exact
81,Haryana,Kalesar Wildlife Sanctuary,Wildlife Sanctuary,Final,2016-04-22,81. S.O 1485 [22.4.2016] Final Notification of decalring Eco-sensitive Zone around Kalesar National Park(1.08 MB) and Kalesar Wildlife Sanctuary in the State of Haryana Map,https://moef.gov.in/uploads/2019/10/KAlesar-haryana-sno-62.pdf,[],25-04-2016,S.O 1485,Q2985156,exact
1115,Haryana,Bhindawas Wildlife Sanctuary,Wildlife Sanctuary,Draft,2015-06-09,"1115. S.O.1512 [09.06.2015] Draft ESZ Notification on Bhindawas Wildlife Sanctuary(10.57 MB), Haryana Map (401.93 KB)",https://moef.gov.in/uploads/2019/10/S.O.1512-09.06.2015-Draft-ESZ-Notification-on-Bhindawas-Wildlife-Sanctuary-Haryana.pdf,[],10/09/2015,S.O.1512,Q16155392,exact
82,Haryana,Bhindawas Wildlife Sanctuary,Wildlife Sanctuary,Final,2016-09-30,"82. S.O. 3100(E) [30.09.2016] Final Notification declaring Eco Sensitive Zone aroundBhindawas Wildlife Sanctuary(2.2 MB), Haryana",https://moef.gov.in/uploads/2017/06/Bhindawas%20Wildlife%20Sanctuary%2C%20Haryana.pdf,[],14/01/2025,S.O. 3100(E),Q16155392,exact
,Haryana,Bhindawas Wildlife Sanctuary,Wildlife Sanctuary,Amendment,2025-01-10,"S .O. No. 191(E) [10.01.2025] Amendment in the Final Notification of Eco-sensitive Zone aroundBhindawas Wildlife Sanctuary(1.73 MB), Haryana",https://moef.gov.in/uploads/pdf-uploads/pdf_678602a9a89635.27965437.pdf,[],,S .O. No. 191(E),Q16155392,exact
116,Haryana,Chhilchhila Wildlife Sanctuary,Wildlife Sanctuary,Draft,2015-12-30,116. SO 3548(E)[30.12.2015] Draft notification declaring Eco-sensitive Zone around the Chhilchhila Wildlife Sanctuary(993.04 KB) in the state of Haryana Map(108.71 KB),https://moef.gov.in/uploads/2017/06/SO%203548(E)%5B30.12.2015%5D%20Draft%20notification%20declaring%20Eco-sensitive%20Zone%20around%20the%20Chhilchhila%20Wildlife%20Sanctuary%20%20in%20the%20state%20of%20Haryana..pdf,[],08/01/2015,SO 3548(E),Q17003846,exact
83,Haryana,Chhilchhila Wildlife Sanctuary,Wildlife Sanctuary,Final,2017-02-14,"83. S. O. 436 [14.02.2017] Final Notification declaring Eco Sensitive Zone around Chhilchhila Wildlife Sanctuary(1.36 MB), Haryana",https://moef.gov.in/uploads/2017/06/Chhilchhila%20Wildlife%20Sanctuary%20Final%2C%20Haryana.pdf,[],31/12/2024,S. O. 436,Q17003846,exact
,Haryana,Chhilchhila Wildlife Sanctuary,Wildlife Sanctuary,Amendment,2024-12-23,"S .O. No. 5534(E) [23.12.2024] Amendment in the Final Notification of Eco-sensitive Zone around Chhilchhila Wildlife Sanctuary(218 KB), Haryana",https://moef.gov.in/uploads/pdf-uploads/pdf_6778ff5c753412.62446680.pdf,[],,S .O. No. 5534(E),Q17003846,exact
117,Haryana,Asolabhattie Wildlife Sanctuary,Wildlife Sanctuary,Draft,2017-12-29,"117. S.O. 4110(E) [29.12.2017] Draft Notification declaring Eco Sensitive Zone around Asolabhattie Wildlife Sanctuary, (2.29 MB) Haryana.",https://moef.gov.in/uploads/2017/06/asola%20bhati_0.pdf,[],12/01/2018,S.O. 4110(E),,none
84,Haryana,Asola Bhatti Wildlife Sanctuary,Wildlife Sanctuary,Final,2019-05-31,"84. S.O. 1911(E) [31.05.2019] Final Notification declaring Eco Sensitive Zone around Asola Bhatti Wildlife Sanctuary,(20 KB) Haryana.",https://moef.gov.in/uploads/2019/06/asola-bhatti.pdf,[],07/06/2019,S.O. 1911(E),,none
118,Himachal Pradesh,Bandli Wildlife Sanctuary,Wildlife Sanctuary,Draft,2015-07-17,"118. S.O. 1949 [17.07.2015] Draft ESZ Notification on Bandli Wildlife Sanctuary(7.66 MB) , Himachal Pradesh& Map(563.76 KB)",https://moef.gov.in/uploads/2017/06/S.O.%201949%20%5B17.07.2015%5D%20Draft%20ESZ%20Notification%20on%20Bandli%20Wildlife%20Sanctuary%2C%20Himachal%20Pradesh.pdf,[],28/09/2015,S.O. 1949,Q123292405,exact
119,Himachal Pradesh,Bandli Wildlife Sanctuary,Wildlife Sanctuary,Draft,2020-11-27,"119. S.O. 4273(E) [27.11.2020] Draft Notification declaring Eco Sensitive Zone around Bandli Wildlife Sanctuary, (1.39 MB), Himachal Pradesh. Re-Notification New",https://moef.gov.in/uploads/2020/12/bandli.pdf,[],01/12/2020,S.O. 4273(E),Q123292405,exact
120,Himachal Pradesh,Daranghati Wildlife Sanctuary,Wildlife Sanctuary,Draft,2015-09-17,"120. S.O. 2539 [17.09.2015] Draft ESZ Notification on Daranghati Wildlife Sanctuary(9.46 MB), Himachal Pradesh & Map(719.2 KB)",https://moef.gov.in/uploads/2017/06/S.O.%202539%20%5B17.09.2015%5D%20Draft%20ESZ%20Notification%20on%20Daranghati%20Wildlife%20Sanctuary%2C%20Himachal%20Pradesh.pdf,[],06/10/2015,S.O. 2539,Q5222092,exact
85,Himachal Pradesh,Daranghati Wildlife Sanctuary,Wildlife Sanctuary,Final,2017-03-16,"85. S.O. 838 (E) [16.03.2017] Final Notification declaring Eco Sensitive Zone around Daranghati Wildlife Sanctuary(1.52 MB), Himachal Pradesh.",https://moef.gov.in/uploads/2017/06/Daranghati%20Wildlife%20Sanctuary%2C%20Himachal%20Pradesh.pdf,[],23/08/2024,S.O. 838 (E),Q5222092,exact
,Himachal Pradesh,Daranghati Wildlife Sanctuary,Wildlife Sanctuary,Amendment,2024-08-12,"S .O. No. 3249(E) [12.08.2024] Amendment in the Final Notification of Eco-sensitive Zone around Daranghati Wildlife Sanctuary(1.71 MB), Himachal Pradesh.",https://moef.gov.in/uploads/pdf/daranghati_HP_amendment.pdf,[],,S .O. No. 3249(E),Q5222092,exact
121,Himachal Pradesh,Lippa-Asrang Wildlife Sanctuary,Wildlife Sanctuary,Draft,2015-11-26,121. SO 3233(E)[26.11.2015] Draft notification declaring Eco-sensitive Zone around the Lippa-Asrang Wildlife Sanctuary (1.06 MB)in the state of Himachal Pradesh & Map,https://moef.gov.in/uploads/2019/10/SO-3233E26.11.2015-Draft-notification-declaring-Eco-sensitive-Zone-around-the-Lippa-Asrang-Wildlife-Sanctuary-in-the-state-of-Himachal-Pradesh.pdf,"[{""title"":""Map"",""link"":""https://moef.gov.in/uploads/2019/10/Lippa-Asarang-Map.jpg""}]",09/12/2015,SO 3233(E),,none
,Himachal Pradesh,Lippa-Asrang Wildlife Sanctuary,Wildlife Sanctuary,Final,2026-01-08,S.O. No. 119 (E)[08.01.2026] Final Notification of Eco-sensitive Zone around Lippa-Asrang Wildlife Sanctuary (1.06 MB)in the state of Himachal Pradesh & Map,https://moef.gov.in/uploads/2026/02/119_dated_Lippa.pdf,"[{""title"":""Map"",""link"":""https://moef.gov.in/uploads/2019/10/Lippa-Asarang-Map.jpg""}]",13/02/2026,S.O. No. 119 (E),,none
122,Himachal Pradesh,Pong Dam Wildlife Sanctuary,Wildlife Sanctuary,Draft,2015-11-17,"122. S.O. 3099 [17.11.2015] Pong Dam Wildlife Sanctuary(1.17 MB), Himachal Pradesh & Map",https://moef.gov.in/uploads/2019/10/S.O.-3099-17.11.2015-Pong-Dam-Wildlife-Sanctuary-Himachal-Pradesh.pdf,"[{""title"":""Map"",""link"":""https://moef.gov.in/uploads/2019/10/Map-of-ESZ-of-Pong-Dam-WLS-HP.jpg""}]",,S.O. 3099,Q125881279,fuzzy
123,Himachal Pradesh,Pong Dam Wildlife Sanctuary,Wildlife Sanctuary,Draft,2022-04-28,"123. S.O. 2021(E) [28.04.2022] Re-Draft Notification declaring Eco Sensitive Zone around Pong Dam Lake Wildlife Sanctuary, (1.17 MB), in the state of Himachal Pradesh. Re-notification New",https://moef.gov.in/uploads/2021/08/Draft-Notification-S-O-No-2021.pdf,[],28/04/2022,S.O. 2021(E),Q125881279,fuzzy
124,Himachal Pradesh,Chail Wildlife Sanctuary,Wildlife Sanctuary,Draft,2015-11-20,"124. S.O. 3128 [20.11.2015] Chail Wildlife Sanctuary(3.88 MB), Himachal Pradesh & Map",https://moef.gov.in/uploads/2019/10/S.O.-3128-20.11.2015-Chail-Wildlife-Sanctuary-Himachal-Pradesh.pdf,"[{""title"":""Map"",""link"":""https://moef.gov.in/uploads/2019/10/Map-of-ESZ-of-Chail-WLS-HP.jpg""}]",,S.O. 3128,Q5067785,exact
125,Himachal Pradesh,Chail Wildlife Sanctuary,Wildlife Sanctuary,Draft,2020-10-15,"125. S.O. 3631(E) [15.10.2020] Draft Notification declaring Eco Sensitive Zone around Chail Wildlife Sanctuary, (564 KB) Himachal Pradesh Re-notification New",https://moef.gov.in/uploads/2020/10/chail.pdf,[],19/10/2020,S.O. 3631(E),Q5067785,exact
86,Himachal Pradesh,Chail Wildlife Sanctuary,Wildlife Sanctuary,Final,2022-01-05,"86. S.O.39(E) [05.01.2022] Final Notification declaring Eco Sensitive Zone around Chail Wildlife Sanctuary(2.42 MB), Himachal Pradesh",https://moef.gov.in/uploads/2022/01/Chail.pdf,[],05/01/2022,S.O.39(E),Q5067785,exact
126,Himachal Pradesh,Simbalbara Wildlife Sanctuary,Wildlife Sanctuary,Draft,2015-12-09,126. SO 3330(E)[09.12.2015] Draft notification declaring Eco-sensitive Zone around the Simbalbara Wildlife Sanctuary(323.25 KB) in the state of Himachal Pradesh.,https://moef.gov.in/uploads/2017/06/SO%203330(E)%5B09.12.2015%5D%20Draft%20notification%20declaring%20Eco-sensitive%20Zone%20around%20the%20Simbalbara%20Wildlife%20Sanctuary%20in%20the%20state%20of%20Himachal%20Pradesh..pdf,[],30/12/2015,SO 3330(E),Q22080908,exact
127,Himachal Pradesh,Simbalbara National Park,National Park,Draft,2020-12-24,"127. S.O. 4697(E) [24.12.2020] Draft Notification declaring Eco Sensitive Zone around Col. Sher Jun National Park ( Earlier Simbalbara National Park), (56 KB) Himachal PradeshRe-notification New",https://moef.gov.in/uploads/2020/12/col.-sher-jung.pdf,[],28/12/2020,S.O. 4697(E),,none
87,Himachal Pradesh,Simbalbara National Park,National Park,Final,2022-01-13,"87. S.O.172(E) [13.01.2022] Final Notification declaring Eco Sensitive Zone around Col. Sher Jung National Park (also known as Simbalbara National Park)(3.42 MB), Himachal Pradesh",https://moef.gov.in/uploads/2022/01/col-sher-jung.pdf,[],13/01/2022,S.O.172(E),,none
128,Himachal Pradesh,Majathal Wildlife Sanctuary,Wildlife Sanctuary,Draft,2015-12-09,128. SO 3332(E)[09.12.2015] Draft notification declaring Eco-sensitive Zone around the MajathalWildlife Sanctuary(959.48 KB) in the state of Himachal Pradesh.,https://moef.gov.in/uploads/2017/06/SO%203332(E)%5B09.12.2015%5D%20Draft%20notification%20declaring%20Eco-sensitive%20Zone%20around%20the%20MajathalWildlife%20Sanctuary%20in%20the%20state%20of%20Himachal%20Pradesh..pdf,[],30/12/2015,SO 3332(E),,none
88,Himachal Pradesh,Majathal Wildlife Sanctuary,Wildlife Sanctuary,Final,2017-06-07,"88. S.O. 1813 (E) [07.06.2017] Final Notification declaring Eco Sensitive Zone around Majathal Wildlife Sanctuary(2.42 MB), Himachal Pradesh",https://moef.gov.in/uploads/2017/06/Majathal%20Wildlife%20Sanctuary%2C%20HP.pdf,[],12/06/2017,S.O. 1813 (E),Q6738481,fuzzy
129,Himachal Pradesh,Shimla Water Catchment Wildlife Sanctuary,Wildlife Sanctuary,Draft,2015-12-09,129. SO 3339(E)[09.12.2015] Draft notification declaring Eco-sensitive Zone around the Shimla Water Catchment Wildlife Sanctuary(2.62 MB) in the state of Himachal Pradesh.,https://moef.gov.in/uploads/2017/06/SO%203339(E)%5B09.12.2015%5D%20Draft%20notification%20declaring%20Eco-sensitive%20Zone%20around%20the%20Shimla%20Water%20Catchment%20Wildlife%20Sanctuary%20in%20the%20state%20of%20Himachal%20Pradesh..pdf,[],30/12/2015,SO 3339(E),,none
89,Himachal Pradesh,Shimla Water Catchment WLS,Wildlife Sanctuary,Final,2017-06-08,"89. S.O. 1858 [08.06.2017] Final Notification declaring Eco Sensitive Zone around Shimla Water Catchment WLS(2.46 MB), Himachal Pradesh",https://moef.gov.in/uploads/2017/06/(Shimla%20Water%20Catchment%20Wildlife%20Sanctuary%2C%20Himachal%20Pradesh.pdf,[],13/06/2017,S.O. 1858,,none
130,Himachal Pradesh,Dhauladhar Wildlife Sanctuary,Wildlife Sanctuary,Draft,2015-12-18,130. SO 3494(E)[18.12.2015] Draft notification declaring Eco-sensitive Zone around the Dhauladhar Wildlife Sanctuary(2.6 MB) in the state of Himachal Pradesh,https://moef.gov.in/uploads/2017/06/SO%203494(E)%5B18.12.2015%5D%20Draft%20notification%20declaring%20Eco-sensitive%20Zone%20around%20the%20Dhauladhar%20Wildlife%20%20Sanctuary%20%20in%20the%20state%20of%20Himachal%20Pradesh..pdf,[],13/01/2016,SO 3494(E),Q136289107,exact
113,Himachal Pradesh,Dhauladhar Wildlife Sanctuary,Wildlife Sanctuary,Draft,2021-06-07,"113. S.O. 2183(E) [07.06.2021] Draft Notification declaring Eco Sensitive Zone around Dhauladhar Wildlife Sanctuary, (5.6 MB) Himachal PradeshRe-notification New",https://moef.gov.in/uploads/2021/06/dhauladhar.pdf,[],11/06/2021,S.O. 2183(E),Q136289107,exact
90,Himachal Pradesh,Dhauladhar Wildlife Sanctuary,Wildlife Sanctuary,Final,2022-01-05,"90. S.O.65(E) [05.01.2022] Final Notification declaring Eco Sensitive Zone around Dhauladhar Wildlife Sanctuary,(1.01 MB), Himachal Pradesh.",https://moef.gov.in/uploads/2022/01/dhauladhar.pdf,[],05/01/2022,S.O.65(E),Q136289107,exact
114,Himachal Pradesh,Khokhan Wildlife Sanctuary,Wildlife Sanctuary,Draft,2016-02-19,"114. S.O. 573(E) [19.02.2016] Draft Notification declaring Eco sensitive Zone around Khokhan Wildlife Sanctuary(2.01 MB), Himachal Pradesh",https://moef.gov.in/uploads/2017/06/S.O.%20573(E)%20%5B19.02.2016%5D%20Draft%20Notification%20declaring%20Eco%20sensitive%20Zone%20around%20Khokhan%20Wildlife%20Sanctuary%2C%20Himachal%20Pradesh.pdf,[],04/03/2016,S.O. 573(E),,none
114,Himachal Pradesh,Khokhan Wildlife Sanctuary,Wildlife Sanctuary,Draft,2020-12-24,"114. S.O. 4698(E) [24.12.2020] Draft Notification declaring Eco Sensitive Zone around Khokhan Wildlife Sanctuary, Himachal PradeshRe-notification New",https://moef.gov.in/uploads/2020/12/khokhan.pdf,[],28/12/2020,S.O. 4698(E),,none
91,Himachal Pradesh,Khokhan Wildlife Sanctuary,Wildlife Sanctuary,Final,2022-01-12,"91. S.O.152(E) [12.01.2022] Final Notification declaring Eco Sensitive Zone around Khokhan Wildlife Sanctuary,(3.01 MB), Himachal Pradesh.",https://moef.gov.in/uploads/2022/01/khokhan.pdf,[],12/01/2022,S.O.152(E),,none
115,Himachal Pradesh,Manali Wildlife Sanctuary,Wildlife Sanctuary,Draft,2016-02-23,"115. S.O.571 (E) [23.02.2016] Draft Notification declaring Eco sensitive Zone around Manali Wildlife Sanctuary(523.74 KB), Himachal Pradesh",https://moef.gov.in/uploads/2017/06/S.O.571%20(E)%20%5B23.02.2016%5D%20Draft%20Notification%20declaring%20Eco%20sensitive%20Zone%20around%20Manali%20Wildlife%20Sanctuary%2C%20Himachal%20Pradesh.pdf,[],04/03/2016,S.O.571 (E),Q6746838,exact
92,Himachal Pradesh,Manali Bird Sanctuary,Bird Sanctuary,Final,2020-10-12,"92. S.O.3583(E) [ 12.10.2020] Final Notification declaring Eco Sensitive Zone around Manali Bird Sanctuary,(2.01 MB), Himachal Pradesh.",https://moef.gov.in/uploads/2020/10/manali-1.pdf,[],16/10/2020,S.O.3583(E),Q6746838,exact
115,Himachal Pradesh,Manali Bird Sanctuary,Bird Sanctuary,Draft,2020-03-06,"115. S.O. 1016(E) [06.03.2020] Draft Notification declaring Eco Sensitive Zone around Manali Bird Sanctuary ,(5.62KB) Himachal PradeshRe-notification New",https://moef.gov.in/uploads/2019/10/manali.pdf,[],11/03/2020,S.O. 1016(E),Q6746838,exact
116,Himachal Pradesh,Shikari Devi Wildlife Sanctuary,Wildlife Sanctuary,Draft,2016-02-24,"116. S.O. 609(E) [24.02.2016] Draft Notification declaring Eco sensitive Zone around Shikari Devi Wildlife Sanctuary,(846.69 KB) Himachal Pradesh",https://moef.gov.in/uploads/2017/06/S.O.%20609(E)%20%5B24.02.2016%5D%20Draft%20Notification%20declaring%20Eco%20sensitive%20Zone%20around%20Shikari%20Devi%20Wildlife%20Sanctuary%2C%20Himachal%20Pradesh.pdf,[],04/03/2016,S.O. 609(E),,none
116,Himachal Pradesh,Shikari Devi Sanctuary,Wildlife Sanctuary,Draft,2021-01-12,"116. S.O. 123(E) [12.01.2021] Draft Notification declaring Eco Sensitive Zone around Shikari Devi Sanctuary, (3.05 MB),Himachal Pradesh Re-notification New",https://moef.gov.in/uploads/2021/01/shikari-devi.pdf,[],18/01/2021,S.O. 123(E),,none
93,Himachal Pradesh,Shikari Devi Sanctuary,Wildlife Sanctuary,Final,2022-01-05,"93. S.O.41(E) [05.01.2022] Final Notification declaring Eco Sensitive Zone around Shikari Devi Sanctuary,(2.01 MB), Himachal Pradesh.",https://moef.gov.in/uploads/2022/01/shikari.pdf,[],05/01/2022,S.O.41(E),,none
117,Himachal Pradesh,Nargu Wildlife Sanctuary,Wildlife Sanctuary,Draft,2016-02-24,"117. S.O.608(E) [24.02.2016] Draft Notification declaring Eco sensitive Zone around Nargu Wildlife Sanctuary(300.66 KB), Himachal Pradesh",https://moef.gov.in/uploads/2017/06/Nargu%20Wildlife%20Sanctuary%2C%20himachal.pdf,[],08/03/2016,S.O.608(E),Q6965894,exact
117,Himachal Pradesh,Nargu Wildlife Sanctuary,Wildlife Sanctuary,Draft,2020-11-11,"117. S.O. 4048(E) [11.11.2020] Draft Notification declaring Eco Sensitive Zone around Nargu Wildlife Sanctuary(300.66 KB), Himachal Pradesh Re-notification New",https://moef.gov.in/uploads/2020/11/nargu.pdf,[],25/11/2020,S.O. 4048(E),Q6965894,exact
94,Himachal Pradesh,Nargu Wildlife Sanctuary,Wildlife Sanctuary,Final,2022-03-25,"94. S.O. 1331(E) [25.03.2022] Final Notification declaring Eco Sensitive Zone around Nargu Wildlife Sanctuary, Himachal Pradesh(4.52 MB), Himachal Pradesh.",https://moef.gov.in/uploads/2022/03/Final-Notification-Nargu.pdf,[],25/03/2022,S.O. 1331(E),Q6965894,exact
118,Himachal Pradesh,Pin Valley National Park,National Park,Draft,2016-03-11,"118. S.O. 1053(E) [11.03.2016] Draft Notification declaring Eco sensitive Zone around Pin Valley National Park(878.22 KB), Himachal Pradesh",https://moef.gov.in/uploads/2017/06/Pin%20Valley%20National%20Park%2C%20HP.pdf,[],18/03/2016,S.O. 1053(E),Q14229383,exact
119,Himachal Pradesh,Kais Wildlife Sanctuary,Wildlife Sanctuary,Draft,2016-04-19,"119. S.O 1441(E) [19.04.2016] Draft Notification declaring Eco sensitive Zone around Kais Wildlife Sanctuary(1.16 MB), Himachal Pradesh",https://moef.gov.in/uploads/2017/06/Kais%2C%20HP.pdf,[],28/04/2016,S.O 1441(E),,none
119,Himachal Pradesh,Kais Wildlife Sanctuary,Wildlife Sanctuary,Draft,2021-02-05,"119. S.O. 566(E) [05.02.2021] Draft Notification declaring Eco Sensitive Zone around Kais Wildlife Sanctuary (1.39 MB),Himachal Pradesh Re-Notification New",https://moef.gov.in/uploads/2021/02/kais.pdf,[],09/02/2021,S.O. 566(E),,none
95,Himachal Pradesh,Kais Wildlife Sanctuary,Wildlife Sanctuary,Final,2021-11-22,"95. S.O.4793(E) [22.11.2021] Final Notification declaring Eco Sensitive Zone around Kais Wildlife Sanctuary, Himachal Pradesh(1.52 MB), Himachal Pradesh.",https://moef.gov.in/uploads/2021/12/kais-2.pdf,[],10/12/2021,S.O.4793(E),,none
120,Himachal Pradesh,Kanawar Wildlife Sanctuary,Wildlife Sanctuary,Draft,2016-04-19,"120. S.O 1440(E) [19.04.2016] Draft Notification declaring Eco sensitive Zone around Kanawar Wildlife Sanctuary(1.33 MB), Himachal Pradesh",https://moef.gov.in/uploads/2017/06/Kanawar%20WLS%2C%20HP.pdf,[],28/04/2016,S.O 1440(E),Q16948098,fuzzy
96,Himachal Pradesh,Kanawar Wildlife Sanctuary,Wildlife Sanctuary,Final,2021-11-08,"96. S.O.4615(E) [08.11.2021] Final Notification declaring Eco Sensitive Zone around Kanawar Wildlife Sanctuary(2.23 MB), Himachal Pradesh",https://moef.gov.in/uploads/2020/08/kanwar.pdf,[],13/11/2021,S.O.4615(E),Q16948098,fuzzy
120,Himachal Pradesh,Kanawar Wildlife Sanctuary,Wildlife Sanctuary,Draft,2020-11-27,"120. S.O. 4274(E) [27.11.2020] Draft Notification declaring Eco Sensitive Zone around Kanawar Wildlife Sanctuary, (1.39 MB),Himachal Pradesh Re-Notification New",https://moef.gov.in/uploads/2020/12/kanawar.pdf,[],01/12/2020,S.O. 4274(E),Q16948098,fuzzy
121,Himachal Pradesh,Kibber Wild Life Sanctuary,Wildlife Sanctuary,Draft,2016-04-28,"121. S.O. 1566(E) [28.04.2016] Draft Notification declaring Eco Sensitive zone around Kibber Wild Life Sanctuary(5.27 MB), Himachal Pradesh",https://moef.gov.in/uploads/2017/06/Kibber%20Wild%20Life%20Sanctuary%2C%20HP_1.pdf,[],06/05/2016,S.O. 1566(E),Q135404156,exact
97,Himachal Pradesh,Kibber Wildlife Sanctuary,Wildlife Sanctuary,Final,2022-05-06,"97. S.O. 2135(E) [06.05.2022] Final Notification declaring Eco Sensitive Zone around Kibber Wildlife Sanctuary (1.72 MB), in the state of Himachal Pradesh.",https://moef.gov.in/uploads/2021/08/Published-Final-Notification-S-O-No-2135.pdf,[],06/05/2022,S.O. 2135(E),Q135404156,exact
122,Himachal Pradesh,Kugti Wildlife Sanctuary,Wildlife Sanctuary,Draft,2016-05-19,"122. S.O.1822(E) [19.05.2016] Draft Notification declaring Eco Sensitive Zone around Kugti Wildlife Sanctuary(1.72 MB), Himachal Pradesh",https://moef.gov.in/uploads/2017/06/Kugti%20Wildlife%20Sanctuary%2C%20HP.pdf,[],25/05/2016,S.O.1822(E),Q17067959,exact
98,Himachal Pradesh,Kugti Wildlife Sanctuary,Wildlife Sanctuary,Final,2021-07-12,"98. S.O.2775(E) [12.07.2021] Final Notification declaring Eco Sensitive Zone around Kugti Wildlife Sanctuary (1.72 MB), Himachal Pradesh",https://moef.gov.in/uploads/2021/07/kugti.pdf,[],13/07/2021,S.O.2775(E),Q17067959,exact
122,Himachal Pradesh,Kugti Wildlife Sanctuary,Wildlife Sanctuary,Draft,2020-03-06,122. S.O. 1018(E) [06.03.2020] Draft Notification declaring Eco Sensitive Zone around Kugti Wildlife Sanctuary(98 KB). Himachal PradeshRe-notification New,https://moef.gov.in/uploads/2019/10/kugti.pdf,[],13/03/2020,S.O. 1018(E),Q17067959,exact
123,Himachal Pradesh,Kalatop Khajjiar Wildlife Sanctuary,Wildlife Sanctuary,Draft,2016-06-03,"123. S.O. 1967(E) [03.06.2016] Draft Notification declaring Eco Sensitive Zone around Kalatop – Khajjiar Wildlife Sanctuary(658.59 KB), Himachal Pradesh",https://moef.gov.in/uploads/2017/06/Kalatop%20-%20Khajjiar%20Wildlife%20Sanctuary%2C%20Himachal%20Pradesh.pdf,[],09/06/2016,S.O. 1967(E),Q6351618,exact
99,Himachal Pradesh,Kalatop Khajjar Sanctuary Himachal Pradesh,Wildlife Sanctuary,Final,2020-10-27,"99. S.O. 3875(E) [ 27.10.2020] Final Notification declaring Eco Sensitive Zone around Kalatop- Khajjar Sanctuary, Himachal Pradesh. (98 KB) Sanctuary",https://moef.gov.in/uploads/2019/02/kalatop-khajjar.pdf,[],02/11/2020,S.O. 3875(E),Q6351618,fuzzy
123,Himachal Pradesh,Kalatop Khajjar Sanctuary,Wildlife Sanctuary,Draft,2020-03-06,"123. S.O. 1019(E) [06.03.2020] Draft Notification declaring Eco Sensitive Zone around Kalatop-Khajjar Sanctuary(564 KB) , Himachal PradeshRe-notification New",https://moef.gov.in/uploads/2019/10/kalatop-khajjar.pdf,[],13/03/2020,S.O. 1019(E),Q6351618,fuzzy
124,Himachal Pradesh,Sangla Valley Rakchham Chitkul Wildlife Sanctuary,Wildlife Sanctuary,Draft,2016-06-03,"124. S.O.1976(E) [03.06.2016] Draft Notification declaring Eco Sensitive Zone around Sangla Valley (Rakchham-Chitkul) Wildlife Sanctuary(987.4 KB), Himachal Pradesh",https://moef.gov.in/uploads/2017/06/Sangla%20Valley%20(Rakchham-Chitkul)%20Wildlife%20Sanctuary%2C%20HP.pdf,[],09/06/2016,S.O.1976(E),Q137027173,fuzzy
100,Himachal Pradesh,Rakchham Chitkul Wildlife Sanctuary,Wildlife Sanctuary,Final,2017-07-28,"100. S.O. 2404 (E) [28.07.2017] Final Notification Declaring Eco Sensitive Zone around Rakchham-Chitkul Wildlife Sanctuary (previously known as Sangla Valley)(2.01 MB), Himachal Pradesh.",https://moef.gov.in/uploads/2017/06/Rakchham-Chitkul%20Wildlife%20Sanctuary%2C%20Himachal%20Pradesh.pdf,[],03/08/2017,S.O. 2404 (E),,none
101,Himachal Pradesh,Tundah Wildlife Sanctuary,Wildlife Sanctuary,Final,2022-02-01,"101. S.O.409(E) [01.02.2022] Final Notification declaring Eco Sensitive Zone around Tundah Wildlife Sanctuary(3.01 MB), Himachal Pradesh.",https://moef.gov.in/uploads/2022/02/tundah-1.pdf,[],01/02/2022,S.O.409(E),,none
102,Himachal Pradesh,Gamgul Siyabehi Wildlife Sanctuary,Wildlife Sanctuary,Final,2022-02-01,"102. S.O.415(E) [ 01.02.2022] Final Notification declaring Eco Sensitive Zone around Gamgul Siyabehi Wildlife Sanctuary(1.01 MB), Himachal Pradesh.",https://moef.gov.in/uploads/2022/02/gamgul.pdf,[],01/02/2022,S.O.415(E),Q5520164,exact
125,Himachal Pradesh,Chandertal Wildlife Sanctuary,Wildlife Sanctuary,Draft,2016-06-03,"125. S.O. 1978(E) [03.06.2016] Draft Notification declaring Eco Sensitive Zone around Chandertal Wildlife Sanctuary(2.41 MB), Himachal Pradesh",https://moef.gov.in/uploads/2017/06/Chandertal%20Wildlife%20Sanctuary%2C%20HP.pdf,[],13/06/2016,S.O. 1978(E),Q135838331,fuzzy
126,Himachal Pradesh,Churdhar Wildlife Sanctuary,Wildlife Sanctuary,Draft,2016-06-03,"126. S.O. 1975(E) [03.06.2016] Draft Notification declaring Eco Sensitive Zone around Churdhar Wildlife Sanctuary(1.96 MB), Himachal Pradesh",https://moef.gov.in/uploads/2017/06/Churdhar%20Wildlife%20Sanctuary%2C%20HP.pdf,[],13/06/2016,S.O. 1975(E),Q5118284,exact
127,Himachal Pradesh,Talra Wildlife Sanctuary,Wildlife Sanctuary,Draft,2016-06-03,"127. S.O. 1969(E) [03.06.2016] Draft Notification declaring Eco Sensitive Zone around Talra Wildlife Sanctuary(1.84 MB), Himachal Pradesh",https://moef.gov.in/uploads/2017/06/Talra%20Wildlife%20Sanctuary%20%2C%20HP.pdf,[],13/06/2016,S.O. 1969(E),Q111181960,exact
103,Himachal Pradesh,Talra Wildlife Sanctuary,Wildlife Sanctuary,Final,2017-11-22,"103. S.O. 3710(E) [22.11.2017] Final Notification declaring Eco Sensitive Zone around Talra Wildlife Sanctuary(6.7 MB), Himachal Pradesh.",https://moef.gov.in/uploads/2017/06/talra.pdf,[],29/11/2017,S.O. 3710(E),Q111181960,exact
128,Himachal Pradesh,Sechu Tuan Nala Wildlife Sanctuary,Wildlife Sanctuary,Draft,2016-07-01,"128. S.O. 2276(E) [01.07.2016] Draft Notification declaring Eco Sensitive Zone around Sechu Tuan Nala Wildlife Sanctuary(1.37 MB), Himachal Pradesh",https://moef.gov.in/uploads/2017/06/Sechu%20Tuan%20Nala%20Wildlife%20Sanctuary%2C%20HP_0.pdf,[],21/07/2016,S.O. 2276(E),Q137008771,exact
104,Himachal Pradesh,Sechu Tuan Nala Wildlife Sanctuary,Wildlife Sanctuary,Final,2017-09-29,"104. S.O. 3193 (E) [29.09.2017] Final Notification declaring Eco Sensitive Zone around Sechu Tuan Nala Wildlife Sanctuary(2.14 MB), Himachal Pradesh",https://moef.gov.in/uploads/2017/06/Sechu%20Tuan%20Nala%20Wildlife%20Sanctuary%20HP.pdf,[],09/10/2017,S.O. 3193 (E),Q137008771,exact
129,Himachal Pradesh,Inderkila National Park,National Park,Draft,2016-07-21,"129. S.O. 2482(E) [21.07.2016] Draft Notification declaring Eco Sensitive Zone around Inderkila National Park(1.25 MB), Himachal Pradesh",https://moef.gov.in/uploads/2017/06/Inderkila%20National%20Park%20%2C%20HP.pdf,[],28/07/2016,S.O. 2482(E),Q31708488,fuzzy
105,Himachal Pradesh,Inderkila National Park,National Park,Final,2018-01-17,"105. S.O. 277(E) [17.01.2018] Final Notification declaring Eco Sensitive Zone around Inderkila National Park,(4.29 MB) Himachal Pradesh.",https://moef.gov.in/uploads/2017/06/inderkila_0.pdf,[],25/01/2018,S.O. 277(E),Q31708488,fuzzy
130,Himachal Pradesh,Renuka Ji Wildlife Sanctuary,Wildlife Sanctuary,Draft,2016-07-21,"130. S.O. 2481(E) [21.07.2016] Draft notification declaring Eco Sensitive Zone around Renuka Ji Wildlife Sanctuary(2.16 MB), Himachal Pradesh",https://moef.gov.in/uploads/2019/08/Renuka-Ji-Wildlife-Sanctuary-HP_1.pdf,[],29/07/2016,S.O. 2481(E),Q7313588,fuzzy
131,Himachal Pradesh,Renuka Ji Wildlife Sanctuary,Wildlife Sanctuary,Final,2021-09-10,"131. S.O.3682(E) [10.09.2021] Final Notification declaring Eco Sensitive Zone around Shri Renukaji Wildlife Sanctuary, (2.16 MB), Himachal Pradesh",https://moef.gov.in/uploads/2020/08/renuka-ji.pdf,[],15/09/2021,S.O.3682(E),Q7313588,fuzzy
131,Himachal Pradesh,Sri Renukaji Wildlife Sanctuary,Wildlife Sanctuary,Draft,2020-10-13,"131. S.O. 3581(E) [13.10.2020] Draft Notification declaring Eco Sensitive Zone around Sri Renukaji Wildlife Sanctuary(2.16 MB), Himachal Pradesh Re-notification New",https://moef.gov.in/uploads/2019/02/sri-renuka-ji.pdf,[],16/10/2020,S.O. 3581(E),Q7313588,fuzzy
132,Himachal Pradesh,Great Himalayan National Park Conservation Area,National Park,Draft,2016-08-05,"132. S.O. 2628(E) [05.08.2016] Draft notification declaring Eco Sensitive Zone around Great Himalayan National Park Conservation Area(1.32 MB), Himachal Pradesh",https://moef.gov.in/uploads/2017/06/Great%20Himalayan%20National%20Park%2C%20HP.pdf,[],22/08/2016,S.O. 2628(E),,none
133,Himachal Pradesh,Kibber Wildlife Sanctuary,Wildlife Sanctuary,Draft,2020-03-20,"133. S.O. 1194(E) [20.03.2020] Draft Notification declaring Eco Sensitive Zone around Kibber Wildlife Sanctuary(321 KB) , Himachal Pradesh",https://moef.gov.in/uploads/2019/10/kibber.pdf,[],14/04/2020,S.O. 1194(E),Q135404156,exact
134,Himachal Pradesh,Rupi Bhabha Wildlife Sanctuary,Wildlife Sanctuary,Draft,2021-07-12,"134. S.O. 2777(E) [12.07.2021] Draft Notification declaring Eco Sensitive Zone around Rupi Bhabha WLS (394 KB) , Himachal Pradesh",https://moef.gov.in/uploads/2021/07/rupi-bhava.pdf,[],13/07/2021,S.O. 2777(E),Q136289123,fuzzy
135,Jammu and Kashmir,Ramnagar Wildlife Sanctuary,Wildlife Sanctuary,Draft,2016-03-21,"135. S.O. 1167(E) [21.03.2016] Draft Notification declaring Eco sensitive Zone around Ramnagar Wildlife Sanctuary(556 KB), Jammu and Kashmir",https://moef.gov.in/uploads/2017/06/Ramnagar%20Wildlife%20Sanctuary%2C%20J%26amp%3BK.pdf,[],30/03/2016,S.O. 1167(E),,none
106,Jammu and Kashmir,Ramnagar Wildlife Sanctuary,Wildlife Sanctuary,Final,2021-06-01,"106. S.O. 2128(E) [01.06.2021] Final Notification declaring Eco Sensitive Zone around Ramnagar Wildlife Sanctuary(3.40 MB), Jammu and Kashmir",https://moef.gov.in/uploads/2021/06/Ramnagar-Notification.pdf,[],03/06/2021,S.O. 2128(E),,none
135,Jammu and Kashmir,Ramnagar Wildlife Sanctuary,Wildlife Sanctuary,Draft,2020-10-13,"135. S.O. 3582(E) [13.10.2020] Draft Notification declaring Eco Sensitive Zone around Ramnagar Wildlife Sanctuary(3.05 MB), Jammu and Kashmir Re-notification New",https://moef.gov.in/uploads/2019/02/ramnagar.pdf,[],16/10/2020,S.O. 3582(E),,none
136,Jammu and Kashmir,Nandini Wildlife Sanctuary,Wildlife Sanctuary,Draft,2016-04-28,"136. S.O. 1567(E) [28.04.2016] Draft Notification declaring Eco Sensitive zone around Nandini Wildlife Sanctuary(3.05 MB), Jammu and Kashmir",https://moef.gov.in/uploads/2017/06/Nandini%20Wildlife%20Sanctuary%2C%20JK_0.pdf,[],06/05/2016,S.O. 1567(E),,none
136,Jammu and Kashmir,Nandini Wildlife Sanctuary,Wildlife Sanctuary,Draft,2021-07-23,"136. S.O. 2918(E) [23.07.2021] Draft Notification declaring Eco Sensitive Zone around Nandini Wildlife Sanctuary(2.45 MB), Jammu and Kashmir Re-notification New",https://moef.gov.in/uploads/2021/07/nandini.pdf,[],27/07/2021,S.O. 2918(E),,none
137,Jammu and Kashmir,Surinsar Mansar Wildlife Sanctuary,Wildlife Sanctuary,Draft,2017-07-20,"137. S.O. 2274 (E) [20.07.2017] Draft Notification Declaring Eco Sensitive Zone around Surinsar Mansar Wildlife Sanctuary,(225 KB) Jammu & Kashmir",https://moef.gov.in/uploads/2017/06/Surinsar-Mansar%20Wildlife%20Sanctuary%2C%20J%26amp%3BK.pdf,[],26/07/2017,S.O. 2274 (E),,none
137,Jammu and Kashmir,Surinsar Mansar Wildlife,Wildlife Sanctuary,Draft,2021-01-12,"137. S.O. 122(E) [12.01.2021] Draft Notification declaring Eco Sensitive Zone around Surinsar-Mansar Wildlife (3.05 MB),Sanctuary, Jammu & Kashmir Re-notification New",https://moef.gov.in/uploads/2021/01/surinasar.pdf,[],18/01/2021,S.O. 122(E),,none
107,Jammu and Kashmir,Surinsar-Mansar Wildlife Sanctuary,Wildlife Sanctuary,Final,2022-01-17,"107. S.O.210(E) [17.01.2022] Final Notification declaring Eco Sensitive Zone around Surinsar-Mansar Wildlife Sanctuary(547 KB), Jammu and Kashmir",https://moef.gov.in/uploads/2022/01/surinsar.pdf,[],17/01/2022,S.O.210(E),,none
138,Jammu and Kashmir,Jasrota Wildlife Sanctuary,Wildlife Sanctuary,Draft,2017-11-06,"138. S.O. 3530(E) [06.11.2017] Draft Notification declaring Eco Sensitive Zone around Jasrota Wildlife Sanctuary,(3.18 MB) Jammu & Kashmir",https://moef.gov.in/uploads/2017/06/jasrota.pdf,[],13/11/2017,S.O. 3530(E),,none
108,Jammu and Kashmir,Jasrota Wildlife Sanctuary,Wildlife Sanctuary,Final,2019-10-29,"108. S.O. 3871(E) [29.10.2019] Final Notification declaring Eco Sensitive Zone around Jasrota Wildlife Sanctuary(447 KB), Jammu and Kashmir",https://moef.gov.in/uploads/2019/10/jasrota.pdf,[],30/10/2019,S.O. 3871(E),,none
139,Jammu and Kashmir,Rajparian Santuary,Wildlife Sanctuary,Draft,2019-09-25,139. S.O. 3461(E) [25.09.2019] Draft Notification declaring Eco Sensitive Zone around Rajparian Santuary(456 KB)Jammu & Kashmir.,https://moef.gov.in/uploads/2018/12/rajparian.pdf,[],30/09/2019,S.O. 3461(E),Q17138383,exact
109,Jammu and Kashmir,Rajparian Wildlife Sanctuary,Wildlife Sanctuary,Final,2020-06-18,"109. S.O. 1958(E) [ 18.06.2020] Final Notification declaring Eco Sensitive Zone around Rajparian Wildlife Sanctuary(632 KB), Jammu & Kashmir",https://moef.gov.in/uploads/2019/10/rajparian.pdf,[],24/06/2020,S.O. 1958(E),Q17138383,exact
140,Jammu and Kashmir,Hirapora Wildlife Sanctuary,Wildlife Sanctuary,Draft,2020-06-09,"140. S.O. 1874(E) [09.06.2020] Draft Notification declaring Eco Sensitive Zone around Hirapora Wildlife Sanctuary(445 KB), Jammu & Kashmir.",https://moef.gov.in/uploads/2019/10/hirapora.pdf,[],15/06/2020,S.O. 1874(E),Q17055079,fuzzy
110,Jammu and Kashmir,Hirapora Wildlife Sanctuary,Wildlife Sanctuary,Final,2021-06-18,"110. S.O. 2406(E) [ 18.06.2021] Final Notification declaring Eco Sensitive Zone around Hirapora Sanctuary (332 KB), Jammu & Kashmir.",https://moef.gov.in/uploads/2021/06/hirapora.pdf,[],22/06/2021,S.O. 2406(E),Q17055079,fuzzy
141,Jammu and Kashmir,Kishtewar National Park,National Park,Draft,2021-01-12,"141. S.O. 121(E) [12.01.2021] Draft Notification declaring Eco Sensitive Zone around Kishtewar National Park, (3.05 MB)Jammu & Kashmir",https://moef.gov.in/uploads/2021/01/kishtwar.pdf,[],18/01/2021,S.O. 121(E),Q727091,fuzzy
111,Jammu and Kashmir,Kishtewar National Park,National Park,Final,2021-10-13,"111. S.O.4262(E) [13.10.2021] Final Notification declaring Eco Sensitive Zone around Kishtewar National Park, (3.05 MB)Jammu & Kashmir",https://moef.gov.in/uploads/2020/08/kishtewar.pdf,[],21/10/2021,S.O.4262(E),Q727091,fuzzy
142,Jammu and Kashmir,Kishtewar National Park,National Park,Draft,2021-01-28,142. S.O. 436(E) [28.01.2021] Draft Notification declaring Eco Sensitive Zone around Tata Kutti Wildlife Sanctuary (3.05 MB)Jammu & Kashmir,https://moef.gov.in/uploads/2021/02/tata-kutti.pdf,[],01/02/2021,S.O. 436(E),Q727091,fuzzy
143,Jammu and Kashmir,Kazinag National Park,National Park,Draft,2021-06-07,"143. S.O. 2180(E) [07.06.2021] Draft Notification declaring Eco Sensitive Zone around Kazi Nag NP (Kazinag National Park, Limber Sanctuary and Lachipora Sanctuary) (3.05 MB), Jammu & Kashmir",https://moef.gov.in/uploads/2021/06/kazinag.pdf,[],11/06/2021,S.O. 2180(E),Q111181101,exact
143,Jammu and Kashmir,Limber Sanctuary,Wildlife Sanctuary,Draft,2021-06-07,"143. S.O. 2180(E) [07.06.2021] Draft Notification declaring Eco Sensitive Zone around Kazi Nag NP (Kazinag National Park, Limber Sanctuary and Lachipora Sanctuary) (3.05 MB), Jammu & Kashmir",https://moef.gov.in/uploads/2021/06/kazinag.pdf,[],11/06/2021,S.O. 2180(E),Q111181101,exact
143,Jammu and Kashmir,Lachipora Sanctuary,Wildlife Sanctuary,Draft,2021-06-07,"143. S.O. 2180(E) [07.06.2021] Draft Notification declaring Eco Sensitive Zone around Kazi Nag NP (Kazinag National Park, Limber Sanctuary and Lachipora Sanctuary) (3.05 MB), Jammu & Kashmir",https://moef.gov.in/uploads/2021/06/kazinag.pdf,[],11/06/2021,S.O. 2180(E),Q134457402,exact
112,Jammu and Kashmir,Kazinag National Park,National Park,Final,2022-03-25,"112. S.O. 1330(E) [25.03.2022] Final Notification declaring Eco Sensitive Zone around Kazinag National Park Kazinag National Park, (2.05 MB)Jammu & Kashmir",https://moef.gov.in/uploads/2022/03/Final-Notification-Kazinag.pdf,[],25/03/2022,S.O. 1330(E),Q111181101,exact
143,Jammu and Kashmir,Dachigham National Park,National Park,Draft,2021-06-07,"143. S.O. 2184(E) [07.06.2021] Draft Notification declaring Eco Sensitive Zone around Dachigham National Pak , Baltal Thajwas Sanctuary and Overa-Aru Sanctuary(3.05 MB), Jammu & Kashmir",https://moef.gov.in/uploads/2021/06/dachigaon.pdf,[],11/06/2021,S.O. 2184(E),Q1156717,fuzzy
143,Jammu and Kashmir,Baltal Thajwas Sanctuary,Wildlife Sanctuary,Draft,2021-06-07,"143. S.O. 2184(E) [07.06.2021] Draft Notification declaring Eco Sensitive Zone around Dachigham National Pak , Baltal Thajwas Sanctuary and Overa-Aru Sanctuary(3.05 MB), Jammu & Kashmir",https://moef.gov.in/uploads/2021/06/dachigaon.pdf,[],11/06/2021,S.O. 2184(E),Q137254449,exact
143,Jammu and Kashmir,Overa-Aru Sanctuary,Wildlife Sanctuary,Draft,2021-06-07,"143. S.O. 2184(E) [07.06.2021] Draft Notification declaring Eco Sensitive Zone around Dachigham National Pak , Baltal Thajwas Sanctuary and Overa-Aru Sanctuary(3.05 MB), Jammu & Kashmir",https://moef.gov.in/uploads/2021/06/dachigaon.pdf,[],11/06/2021,S.O. 2184(E),Q101471239,exact
,Jammu and Kashmir,Dachigham National Park,National Park,Draft,2023-09-26,"S.O. No. 4227(E) [26.09.2023] Re-Draft Notification declaring Eco Sensitive Zone around Dachigham National Park, (3,397 KB) Jammu and KashmirRe-notification New",https://moef.gov.in/uploads/2023/11/ESZ-ReDraft-Dachigham-National-Park-Jammu-Kashmir.pdf,[],26/09/2023,S.O. No. 4227(E),Q1156717,fuzzy
144,Jammu and Kashmir,Gulmarg Wildlife Sanctuary,Wildlife Sanctuary,Draft,2021-06-07,"144. S.O. 2182(E) [07.06.2021] Draft Notification declaring Eco Sensitive Zone around Gulmarg Wildlife Sanctuary (3.05 MB), Jammu & Kashmir",https://moef.gov.in/uploads/2021/06/gulmarg.pdf,[],11/06/2021,S.O. 2182(E),Q102047437,exact
113,Jammu and Kashmir,Gulmarg Wildlife Sanctuary,Wildlife Sanctuary,Final,2022-05-06,"113. S.O.2141(E) [06.05.2022] Final Notification declaring Eco Sensitive Zone around Gulmarg Wildlife Sanctuary, Jammu & Kashmir.(223 KB)",https://moef.gov.in/uploads/2021/08/Gulmarg.pdf,[],01/09/2022,S.O.2141(E),Q102047437,exact
145,Jammu and Kashmir,Tral Wildlife Sanctuary,Wildlife Sanctuary,Draft,2024-10-03,"145. S.O. No. 4325(E) [03.10.2024] Draft Notification of Eco-sensitive Zone around Tral Wildlife Sanctuary (2.12 MB), Jammu & Kashmir",https://moef.gov.in/uploads/pdf/tral_draft.pdf,[],08/10/2024,S.O. No. 4325(E),Q123532242,exact
145,Jharkhand,Dalma Wildlife Sanctuary,Wildlife Sanctuary,Draft,2012-03-29,"145. S.O. 680 [29.03.2012] Draft ESZ Notifictaion on for Dalma Wildlife Sanctuary(1.46 MB), Jharkand-West Bengal & Map(184.77 KB)",https://moef.gov.in/uploads/2017/06/S.O.%20680%20%5B29.03.2012%5D%20Draft%20ESZ%20Notifictaion%20on%20for%20Dalma%20Wildlife%20Sanctuary%2C%20Jharkand-West%20Bengal.pdf,[],,S.O. 680,Q12433409,exact
114,Jharkhand,Dalma Wildlife Sanctuary,Wildlife Sanctuary,Final,2012-03-29,"114. S.O. 680 [29.03.2012] Final ESZ Notifictaion on for Dalma Wildlife Sanctuary(1.46 MB), Jharkand-West Bengal",https://moef.gov.in/uploads/2017/06/S.O.%20680%20%5B29.03.2012%5D%20Final%20ESZ%20Notifictaion%20on%20for%20Dalma%20Wildlife%20Sanctuary%2C%20Jharkand-West%20Bengal.pdf,[],,S.O. 680,Q12433409,exact
,Jharkhand,Dalma Wildlife Sanctuary,Wildlife Sanctuary,Amendment,2023-07-14,"S.O. No. 3141(E) [14.07.2023] Amendment in the Final Notification of Eco-sensitive Zone around Dalma Wildlife Sanctuary (1,129 KB), in the state of Jharkhand",https://moef.gov.in/uploads/2023/11/ESZ-Amendment-Dalma-Wildlife-Sanctuary-Jharkhand.pdf,[],,S.O. No. 3141(E),Q12433409,exact
146,Jharkhand,Hazaribag Wildlife Sanctuary,Wildlife Sanctuary,Draft,2015-08-18,"146. S.O. 2244 [18.08.2015] Draft ESZ Notification on Hazaribag Wildlife Sanctuary(4.3 MB), Jharkhand & Map(216.39 KB)",https://moef.gov.in/uploads/2019/10/S.O.-2244-18.08.2015-Draft-ESZ-Notification-on-Hazaribag-Wildlife-Sanctuary-Jharkhand.pdf,[],29/10/2015,S.O. 2244,Q3595683,exact
146,Jharkhand,Hazaribagh WLS,Wildlife Sanctuary,Draft,2018-02-16,"146. S.O. 695(E) [16.02.2018] Draft Notification declaring Eco Sensitive Zone around Hazaribagh WLS(3.86 MB), Jharkhand. Re-Notification New.",https://moef.gov.in/uploads/2017/06/hazaribagh.pdf,[],20/02/2018,S.O. 695(E),Q3595683,exact
115,Jharkhand,Hazaribagh Wildlife,Wildlife Sanctuary,Final,2019-08-01,"115. S.O. 2775(E) [01.08.2019] Final Notification declaring Eco Sensitive Zone around Hazaribagh Wildlife Sanctuary(555 KB), Jharkhand",https://moef.gov.in/uploads/2019/08/hazaribhag.pdf,[],06/08/2019,S.O. 2775(E),Q3595683,exact
147,Jharkhand,Betla National Park,National Park,Draft,2015-11-30,"147. SO 3336(E)[30.11.2015] Draft notification declaring Eco-sensitive Zone around the Betla National Park, Palamau Wildlife Sanctuary and Mahuadanr Wolf Sanctuary Sanctuary(991.5 KB) in the state of Jharkhand & Map(133.78 KB)",https://moef.gov.in/uploads/2018/05/Palamau-Wildlife-Sanctuary-and-Mahuadanr.pdf,[],30/12/2015,SO 3336(E),Q2663264,exact
147,Jharkhand,Palamau Wildlife Sanctuary,Wildlife Sanctuary,Draft,2015-11-30,"147. SO 3336(E)[30.11.2015] Draft notification declaring Eco-sensitive Zone around the Betla National Park, Palamau Wildlife Sanctuary and Mahuadanr Wolf Sanctuary Sanctuary(991.5 KB) in the state of Jharkhand & Map(133.78 KB)",https://moef.gov.in/uploads/2018/05/Palamau-Wildlife-Sanctuary-and-Mahuadanr.pdf,[],30/12/2015,SO 3336(E),Q7126657,exact
147,Jharkhand,Mahuadanr Wolf Sanctuary,Wildlife Sanctuary,Draft,2015-11-30,"147. SO 3336(E)[30.11.2015] Draft notification declaring Eco-sensitive Zone around the Betla National Park, Palamau Wildlife Sanctuary and Mahuadanr Wolf Sanctuary Sanctuary(991.5 KB) in the state of Jharkhand & Map(133.78 KB)",https://moef.gov.in/uploads/2018/05/Palamau-Wildlife-Sanctuary-and-Mahuadanr.pdf,[],30/12/2015,SO 3336(E),Q113336061,exact
116,Jharkhand,Palamau Tiger Reserve,Tiger Reserve,Final,2019-08-09,"116. S.O. 2898(E) [09.08.2019] Final Notification declaring Eco Sensitive Zone around Palamau Tiger Reserve , (899 KB)Jharkhand",https://moef.gov.in/uploads/2019/08/palamau.pdf,[],16/08/2019,S.O. 2898(E),Q7126657,exact
147,Jharkhand,Betla National Park,National Park,Draft,2018-02-22,"147. S.O. 779(E) [22.02.2018] Draft Notification declaring Eco Sensitive Zone around Betla National Park, Palamau Wildlife Sanctuary and Mahuadanr Wolf Sanctuary WLS(2.42 MB), Jharkhand.Re-Notification New.",https://moef.gov.in/uploads/2018/05/palamau.pdf,[],03/05/2018,S.O. 779(E),Q2663264,exact
147,Jharkhand,Palamau Wildlife Sanctuary,Wildlife Sanctuary,Draft,2018-02-22,"147. S.O. 779(E) [22.02.2018] Draft Notification declaring Eco Sensitive Zone around Betla National Park, Palamau Wildlife Sanctuary and Mahuadanr Wolf Sanctuary WLS(2.42 MB), Jharkhand.Re-Notification New.",https://moef.gov.in/uploads/2018/05/palamau.pdf,[],03/05/2018,S.O. 779(E),Q7126657,exact
147,Jharkhand,Mahuadanr Wolf Sanctuary,Wildlife Sanctuary,Draft,2018-02-22,"147. S.O. 779(E) [22.02.2018] Draft Notification declaring Eco Sensitive Zone around Betla National Park, Palamau Wildlife Sanctuary and Mahuadanr Wolf Sanctuary WLS(2.42 MB), Jharkhand.Re-Notification New.",https://moef.gov.in/uploads/2018/05/palamau.pdf,[],03/05/2018,S.O. 779(E),Q113336061,exact
148,Jharkhand,Udwa lake Bird Sanctuary,Bird Sanctuary,Draft,2018-02-09,"148. S.O. 624(E) [09.02.2018] Draft Notification declaring Eco Sensitive Zone around Udwa lake Bird Sanctuary,(4.15 MB) Jharkhand.",https://moef.gov.in/uploads/2017/06/udwa%20lake.pdf,[],20/02/2018,S.O. 624(E),,none
117,Jharkhand,Bird Sanctuary Jharkhand,Bird Sanctuary,Final,2019-08-01,"117. .S.O. 2774(E) [01.08.2019] Final Notification declaring Eco Sensitive Zone around Udwa Lake Bird Sanctuary, Jharkhand(223 KB)",https://moef.gov.in/uploads/2018/12/udwa-lake.pdf,[],05/08/2019,S.O. 2774(E),,none
149,Jharkhand,Gauatam Buddha Sanctuary,Wildlife Sanctuary,Draft,2018-02-22,"149. 777(E) [22.02.2018] Draft Notification declaring Eco Sensitive Zone around Gauatam Buddha Sanctuary,(3.29 MB) Jharkhand.",https://moef.gov.in/uploads/2018/05/guatam-buddha.pdf,[],03/05/2018,,,none
118,Jharkhand,Gauatam Buddha Sanctuary,Wildlife Sanctuary,Final,2019-08-05,"118. S.O. 2796(E) [05.08.2019] Final Notification declaring Eco Sensitive Zone around Gauatam Buddha Sanctuary(231 KB), Jharkhand",https://moef.gov.in/uploads/2019/08/gautam-bhudha.pdf,[],13/08/2019,S.O. 2796(E),,none
150,Jharkhand,Palkot WLS,Wildlife Sanctuary,Draft,2018-02-22,"150. S.O. 776(E) [22.02.2018] Draft Notification declaring Eco Sensitive Zone around Palkot WLS,(2.92 MB) Jharkhand.",https://moef.gov.in/uploads/2018/05/palkot.pdf,[],03/05/2018,S.O. 776(E),Q85791919,exact
119,Jharkhand,Palkot Wildlife Sanctuary,Wildlife Sanctuary,Final,2019-08-09,"119. S.O. 2897(E) [09.08.2019]Final Notification declaring Eco Sensitive Zone around Palkot Wildlife Sanctuary(123 KB), Jharkhand.",https://moef.gov.in/uploads/2019/08/palkot.pdf,[],16/08/2019,S.O. 2897(E),Q85791919,exact
151,Jharkhand,Parasnath Sanctuary,Wildlife Sanctuary,Draft,2018-02-26,"151. S.O. 798(E) [26.02.2018] Draft Notification declaring Eco Sensitive Zone around Parasnath and Topchanachi, Sanctuary,(3.83 MB) Jharkhand.",https://moef.gov.in/uploads/2018/05/Parasnath.pdf,[],08/03/2018,S.O. 798(E),,none
151,Jharkhand,Topchanachi Sanctuary,Wildlife Sanctuary,Draft,2018-02-26,"151. S.O. 798(E) [26.02.2018] Draft Notification declaring Eco Sensitive Zone around Parasnath and Topchanachi, Sanctuary,(3.83 MB) Jharkhand.",https://moef.gov.in/uploads/2018/05/Parasnath.pdf,[],08/03/2018,S.O. 798(E),Q116169552,fuzzy
120,Jharkhand,Parasnath Sanctuary,Wildlife Sanctuary,Final,2019-08-05,120. S.O. 2795(E) [05.08.2019] Final Notification declaring Eco Sensitive Zone around Parasnath and Topchanachi Sanctuary(253 KB) Jharkhand,https://moef.gov.in/uploads/2019/08/parasnath.pdf,[],13/08/2019,S.O. 2795(E),,none
120,Jharkhand,Topchanachi Sanctuary,Wildlife Sanctuary,Final,2019-08-05,120. S.O. 2795(E) [05.08.2019] Final Notification declaring Eco Sensitive Zone around Parasnath and Topchanachi Sanctuary(253 KB) Jharkhand,https://moef.gov.in/uploads/2019/08/parasnath.pdf,[],13/08/2019,S.O. 2795(E),Q116169552,fuzzy
152,Jharkhand,Kederma WLS,Wildlife Sanctuary,Draft,2018-02-22,"152. S.O. 774(E) [22.02.2018] Draft Notification declaring Eco Sensitive Zone around Kederma WLS,(3 MB) Jharkhand.",https://moef.gov.in/uploads/2018/05/kederma.pdf,[],05/03/2018,S.O. 774(E),Q104822465,fuzzy
121,Jharkhand,Kederma Wildlife Sanctuary,Wildlife Sanctuary,Final,2019-08-09,"121. S.O. 2895(E) [09.08.2019]Final Notification declaring Eco Sensitive Zone around Kederma Wildlife Sanctuary(456 KB), Jharkhand",https://moef.gov.in/uploads/2019/08/kederma.pdf,[],16/08/2019,S.O. 2895(E),Q104822465,fuzzy
153,Jharkhand,Lawalong WLS,Wildlife Sanctuary,Draft,2018-02-21,"153. S.O. 775(E) [21.02.2018] Draft Notification declaring Eco Sensitive Zone around Lawalong WLS,(4.15 MB) Jharkhand.",https://moef.gov.in/uploads/2018/05/lawalong.pdf,[],20/02/2018,S.O. 775(E),Q105044248,exact
122,Jharkhand,Lawalong Sanctuary,Wildlife Sanctuary,Final,2019-08-09,"122. S.O. 2896(E) [09.08.2019] Final Notification declaring Eco Sensitive Zone around Lawalong Sanctuary(124 KB), Jharkhand",https://moef.gov.in/uploads/2018/12/lawalong.pdf,[],14/08/2019,S.O. 2896(E),Q105044248,exact
154,Karnataka,Bandipur National Park,National Park,Draft,,"154. S.O. 2154 [2109.2011] Draft ESZ Notification on Bandipur National Park(1.27 MB), Karnataka",https://moef.gov.in/uploads/2017/06/S.O.%202154%20%5B2109.2011%5D%20Draft%20ESZ%20Notification%20on%20Bandipur%20National%20Park%2C%20Karnataka.pdf,[],,S.O. 2154,Q665110,exact
123,Karnataka,Bandipur NP,National Park,Final,2012-10-04,"123. S.O. No. 2364 [04.10.2012] Final ESZ Notification on Bandipur NP(2.47 MB), Karnataka",https://moef.gov.in/uploads/2017/06/S.O.%20No.%202364%20%5B04.10.2012%5D%20Final%20ESZ%20Notification%20on%20Bandipur%20NP%2C%20Karnataka.pdf,[],26/05/2013 & 16-11-2022,S.O. No. 2364,Q665110,exact
,Karnataka,Girnar Reserve Forest,Tiger Reserve,Amendment,2022-11-10,"S.O. No. 5237(E) [10.11.2022] Amendment in the Final Notification of Eco-sensitive Zone around Bandipur National Park and Tiger Reserve, in the state of Karnataka. (ESZ) (1,149 KB), Karnataka",https://moef.gov.in/uploads/2017/06/SO-No-5237-Bandipur-Amendment.pdf,[],,S.O. No. 5237(E),,none
155,Karnataka,Daroji Bear Sanctuary,Wildlife Sanctuary,Draft,2015-09-22,"155. S.O. 2609 [22.09.2015] Draft ESZ Notification on Daroji Bear Sanctuary(515.08 KB), Karnataka & Map(109.86 KB)",https://moef.gov.in/uploads/2017/06/S.O.%202609%20%5B22.09.2015%5D%20Draft%20ESZ%20Notification%20on%20Daroji%20Bear%20Sanctuary%2C%20Karnataka.pdf,[],02/11/2015,S.O. 2609,,none
124,Karnataka,Daroji Bear Wildlife,Wildlife Sanctuary,Final,2019-09-27,"124. S.O. 3528(E) [27.09.2019] Final Notification declaring Eco Sensitive Zone around Daroji Bear Wildlife(456 KB) Sanctuary, Karnataka",https://moef.gov.in/uploads/2018/12/daroji.pdf,[],03/10/2019,S.O. 3528(E),,none
155,Karnataka,Daroji Bear WLS,Wildlife Sanctuary,Draft,2018-09-19,"155. S.O. 4893(E) [19.09.2018] Draft Notification declaring Eco Sensitive Zone aroundDaroji Bear WLS(515.08 KB), Karnataka &(109.86 KB) Re-Notification New.",https://moef.gov.in/uploads/2018/12/daoroji.pdf,[],26/09/2018,S.O. 4893(E),,none
156,Karnataka,Mookambika Wildlife Sanctuary,Wildlife Sanctuary,Draft,2015-10-19,"156. S.O. 2869 [19.10.2015] Draft ESZ Notification on Mookambika Wildlife Sanctuary(1.16 MB), Karnataka & Map(364.15 KB)",https://moef.gov.in/uploads/2019/10/S.O.-2869-19.10.2015-Draft-ESZ-Notification-on-Mookambika-Wildlife-Sanctuary-Karnataka.pdf,[],02/11/2015,S.O. 2869,Q60744029,exact
125,Karnataka,Mookambika Wildlife Sanctuary,Wildlife Sanctuary,Final,2017-04-13,"125. S.O. 1176(E) [13.04.2017] Final Notification Declaring Eco Sensitive Zone around Mookambika Wildlife Sanctuary(1.78 MB), Karnataka",https://moef.gov.in/uploads/2017/06/Mookambika%20Wildlife%20Sanctuary%2C%20Karnataka.pdf,[],01/05/2017,S.O. 1176(E),Q60744029,exact
157,Karnataka,brahmagiri Wildlife Sanctuary,Wildlife Sanctuary,Draft,2015-11-23,157. SO 3226(E)[23.11.2015] Draft notification declaring Eco-sensitive Zone around the brahmagiri Wildlife Sanctuary (641.79 KB)in the state of Karnataka,https://moef.gov.in/uploads/2017/06/SO%203226(E)%5B23.11.2015%5D%20Draft%20notification%20declaring%20Eco-sensitive%20Zone%20around%20the%20brahmagiri%20Wildlife%20Sanctuary%20in%20the%20state%20of%20Karnataka.pdf,[],09/11/2015,SO 3226(E),Q4955532,exact
126,Karnataka,Brahmagiri Wildlife Sanctuary,Wildlife Sanctuary,Final,2017-05-26,"126. S.O. 1701 (E) [26.05.2017] Final Notification declaring Eco-sensitive Zone around Brahmagiri Wildlife Sanctuary(1.98 MB), Karnataka.",https://moef.gov.in/uploads/2017/06/Brahmagiri%20Wildlife%20Sanctuary%2C%20Karnataka.pdf,[],01/06/2017,S.O. 1701 (E),Q4955532,exact
158,Karnataka,Arabithittu Wildlife Sanctuary,Wildlife Sanctuary,Draft,2015-12-07,158. SO 3329(E)[07.12.2015] Draft notification declaring Eco-sensitive Zone around the Arabithittu Wildlife Sanctuary(705.72 KB) in the state of Karnataka.,https://moef.gov.in/uploads/2017/06/SO%203329(E)%5B07.12.2015%5D%20Draft%20notification%20declaring%20Eco-sensitive%20Zone%20around%20the%20Arabithittu%20Wildlife%20Sanctuary%20in%20the%20state%20of%20Karnataka..pdf,[],30/12/2015,SO 3329(E),Q110078183,exact
127,Karnataka,Arabithittu Wildlife Sanctuary,Wildlife Sanctuary,Final,2017-06-08,"127. S.O. 1857 (E) [08.06.2017] Final Notification Declaring Eco Sensitive Zone around Arabithittu Wildlife Sanctuary(2.26 MB), Karnataka",https://moef.gov.in/uploads/2017/06/Arabithittu%20Wildlife%20Sanctuary%2C%20Karnataka.pdf,[],15/06/2017,S.O. 1857 (E),Q110078183,exact
159,Karnataka,Attiveri Bird Sanctuary,Bird Sanctuary,Draft,2015-12-09,159. SO 3340(E)[09.12.2015] Draft notification declaring Eco-sensitive Zone around the Attiveri Bird Sanctuary(1.29 MB) in the state of Karnataka.,https://moef.gov.in/uploads/2017/06/SO%203340(E)%5B09.12.2015%5D%20Draft%20notification%20declaring%20Eco-sensitive%20Zone%20around%20the%20Attiveri%20Bird%20Sanctuary%20%20in%20the%20state%20of%20Karnataka..pdf,[],30/12/2015,SO 3340(E),Q4818551,exact
128,Karnataka,Attiveri Bird Sanctuary,Bird Sanctuary,Final,2017-06-07,"128. S.O. 1815 (E) [07.06.2017] Final Notification declaring Eco Sensitive Zone around Attiveri Bird Sanctuary(1.72 MB), Karnataka",https://moef.gov.in/uploads/2017/06/Attiveri%20Bird%20Sanctuary%2C%20Karnataka.pdf,[],12/06/2017,S.O. 1815 (E),Q4818551,exact
160,Karnataka,Ghataprabha Bird Sanctuary,Bird Sanctuary,Draft,2015-12-29,160. SO 3550(E)[29.12.2015] Draft notification declaring Eco-sensitive Zone around the Ghataprabha Bird Sanctuary(916.64 KB) in the state of Karnataka.,https://moef.gov.in/uploads/2017/06/SO%203550(E)%5B29.12.2015%5D%20Draft%20notification%20declaring%20Eco-sensitive%20Zone%20around%20the%20Ghataprabha%20Bird%20Sanctuary%20%20in%20the%20state%20of%20Karnataka._0.pdf,[],08/01/2015,SO 3550(E),Q137252985,exact
129,Karnataka,Ghataprabha Bird Sanctuary,Bird Sanctuary,Final,2017-06-28,"129. S.O. 2029 (E) [28.06.2017] Final Notification declaring Eco Sensitive Zone around Ghataprabha Bird Sanctuary(2.11 MB), Karnataka",https://moef.gov.in/uploads/2017/06/Ghataprabha%20Bird%20Sanctuary%2C%20Karnataka.pdf,[],04/07/2017,S.O. 2029 (E),Q137252985,exact
161,Karnataka,Sharavathi LTM Wildlife Sanctuary,Wildlife Sanctuary,Draft,2023-03-14,"161. S.O. 1197(E) [14.03.2023] Draft Notification declaring Eco Sensitive Zone around Sharavati Valley Lion Tailed Macaque (LTM) Sanctuary, (3,920 KB) in the state of Karnataka",https://moef.gov.in/uploads/2023/11/SO1197-14032013.pdf,[],14/03/2023,S.O. 1197(E),,none
130,Karnataka,Sharavathi Valley Wildlife Sanctuary,Wildlife Sanctuary,Final,2023-11-16,"130. • S.O. 4950(E) [16.11.2023] Final Notification declaring Eco Sensitive Zone around Sharavathi Valley Wildlife Sanctuary Wildlife Sanctuary, Karnataka.",https://moef.gov.in/uploads/2023/11/SO4950(E)-sharavati-final.pdf,[],28/11/2023,S.O. 4950(E),Q85800682,fuzzy
161,Karnataka,Sharavathi Valley WLS,Wildlife Sanctuary,Draft,2018-09-19,161. S.O. 4894(E) [19.09.2018] Draft Notification declaring Eco Sensitive Zone aroundSharavathi Valley WLS(2.79 MB)Re-Notification New.,https://moef.gov.in/uploads/2018/12/sharavati.pdf,[],08/01/2015,S.O. 4894(E),Q85800682,fuzzy
162,Karnataka,Ranebennur Black Buck,Wildlife Sanctuary,Draft,2016-01-07,162. SO 64(E)[07.01.2016] Draft notification declaring Eco-sensitive Zone around the Ranebennur Black Buck Sanctuary(786.84 KB) in the state of Karnataka,https://moef.gov.in/uploads/2017/06/SO%2064(E)%5B07.01.2016%5D%20Draft%20notification%20declaring%20Eco-sensitive%20Zone%20around%20the%20Ranebennur%20Black%20Buck%20%20Sanctuary%20%20in%20the%20state%20of%20Karnataka..pdf,[],13/01/2016,SO 64(E),Q7293023,fuzzy
131,Karnataka,Ranebennur Blackbuck Sanctuary,Wildlife Sanctuary,Final,2017-07-06,"131. S.O. 2147 (E) [06.07.2017] Final Notification Declaring Eco Sensitive Zone around Ranebennur Blackbuck Sanctuary(1.57 MB), Karnataka",https://moef.gov.in/uploads/2017/06/Ranebennur%20Blackbuck%20Sanctuary%2C%20Karnataka.pdf,[],11/08/2017,S.O. 2147 (E),Q7293023,fuzzy
163,Karnataka,Rangayyadurga Four Horned Antelope Wildlife Sanctuary Sanctuary,Wildlife Sanctuary,Draft,2016-01-07,163. SO 71(E)[07.01.2016] Draft notification declaring Eco-sensitive Zone around the Rangayyadurga Four Horned Antelope Wildlife Sanctuary Sanctuary(685.79 KB) in the state of Karnataka,https://moef.gov.in/uploads/2017/06/SO%2071(E)%5B07.01.2016%5D%20Draft%20notification%20declaring%20Eco-sensitive%20Zone%20around%20the%20Rangayyadurga%20Four%20Horned%20Antelope%20Wildlife%20Sanctuary%20Sanctuary%20%20in%20the%20state%20of%20Karnataka..pdf,[],13/01/2016,SO 71(E),Q112252433,fuzzy
132,Karnataka,Rangayyanadurga Four Horned Antelope Wildlife Sanctuary,Wildlife Sanctuary,Final,2017-06-07,"132. S.O. 1811 (E) [07.06.2017] Final Notification declaring Eco Sensitive Zone around Rangayyanadurga Four Horned Antelope Wildlife Sanctuary(2.27 MB), Karnataka",https://moef.gov.in/uploads/2017/06/Rangayyanadurga%20Four%20Horned%20Antelope%20Wildlife%20Sanctuary%2C%20Karnataka.pdf,[],12/06/2017 & 25/11/2023,S.O. 1811 (E),Q112252433,fuzzy
,Karnataka,Rangayyanadurga Four Horned Antelope Wildlife Sanctuary,Wildlife Sanctuary,Amendment,2023-10-11,"S.O. No. 4421(E) [11.10.2023] Amendment in the Final Notification of Eco-sensitive Zone around Rangayyanadurga Four Horned Antelope Wildlife Sanctuary, in the state of Karnataka (1,159 KB), Karnataka",https://moef.gov.in/uploads/2023/11/SO4421(E)-rangayadurga.pdf,[],,S.O. No. 4421(E),Q112252433,fuzzy
164,Karnataka,Kudremukh National Park,National Park,Draft,2016-01-07,164. SO 63(E)[07.01.2016] Draft notification declaring Eco-sensitive Zone around the Kudremukh National Park (735.77 KB)in the state of Karnataka,https://moef.gov.in/uploads/2017/06/SO%2063(E)%5B07.01.2016%5D%20Draft%20notification%20declaring%20Eco-sensitive%20Zone%20around%20the%20Kudremukh%20National%20Park%20in%20the%20state%20of%20Karnataka.pdf,[],30/12/2015,SO 63(E),Q1766106,exact
133,Karnataka,Kudremukh National Park,National Park,Final,2020-07-02,"133. S.O. 2188(E) [ 02.07.2020] Final Notification declaring Eco Sensitive Zone around Kudremukh National Park(223 KB), Karnataka.",https://moef.gov.in/uploads/2019/10/kudermukh.pdf,[],06/07/2020,S.O. 2188(E),Q1766106,exact
164,Karnataka,Kudermukh National Park,National Park,Draft,2019-10-25,"164. S.O. 3859(E) [25.10.2019] Draft Notification declaring Eco Sensitive Zone around Kudermukh National Park(365 KB), Karnataka Re-Notification New.",https://moef.gov.in/uploads/2019/10/kudernukh.pdf,[],30/10/2019,S.O. 3859(E),Q1766106,fuzzy
165,Karnataka,Bhimgad Wildlife Sanctuary,Wildlife Sanctuary,Draft,2023-08-09,"165. SO 3565(E)[09.08.2023] Draft notification declaring Eco-sensitive Zone around the Bhimgad Wildlife Sanctuary(2,268 KB) in the state of Karnataka",https://moef.gov.in/uploads/2023/11/SO3565-09082023-Notification.pdf,[],09/08/2023,SO 3565(E),,none
166,Karnataka,Gudekote Sloth Bear Sanctuary,Wildlife Sanctuary,Draft,2023-03-14,"166. S.O. 1226(E) [14.03.2023] Draft Notification declaring Eco sensitive Zone around Gudekote Sloth Bear Sanctuary(5,809 KB), Karnataka",https://moef.gov.in/uploads/2023/11/SO1226-14032023.pdf,[],14/03/2023,S.O. 1226(E),,none
134,Karnataka,Gudekote Sloth Bear Sanctuary,Wildlife Sanctuary,Final,2017-10-27,"134. S.O. 4747 (E) [27.10.2017] Final Notification declaring Eco Sensitive Zone around Gudekote Sloth Bear Sanctuary,(4.04 MB) Karnataka",https://moef.gov.in/uploads/2023/11/SO4747(E)-gudekote-final.pdf,[],25/11/2023,S.O. 4747 (E),,none
167,Karnataka,Gudavi Bird Sanctuary,Bird Sanctuary,Draft,2015-01-07,"167. S.O. 68(E) [07.01.2015] Draft Notification declaring Eco sensitive Zone around Gudavi Bird Sanctuary(690.78 KB), Karnataka",https://moef.gov.in/uploads/2017/06/S.O.%2068(E)%20%5B07.01.2015%5D%20Draft%20Notification%20declaring%20Eco%20sensitive%20Zone%20around%20Gudavi%20Bird%20Sanctuary%2C%20Karnataka.pdf,[],24/02/2016,S.O. 68(E),Q5614543,exact
135,Karnataka,Gudavi Bird Sanctuary,Bird Sanctuary,Final,2017-07-06,"135. S.O. 2148 (E) [06.07.2017] Final Notification Declaring Eco Sensitive Zone around Gudavi Bird Sanctuary(2.04 MB), Karnataka",https://moef.gov.in/uploads/2017/06/Gudavi%20Bird%20Sanctuary%2C%20Karnataka.pdf,[],11/08/2017,S.O. 2148 (E),Q5614543,exact
,Karnataka,Gudavi Bird Sanctuary,Bird Sanctuary,Amendment,2024-12-19,"S .O. No. 5494(E) [19.12.2024] Amendment in the Final Notification of Eco-sensitive Zone around Gudavi Bird Sanctuary(11.76 MB), Karnataka",https://moef.gov.in/uploads/pdf-uploads/pdf_6778fbffe2f199.83107336.pdf,[],,S .O. No. 5494(E),Q5614543,exact
168,Karnataka,Pushpagiri Wildlife Sanctuary,Wildlife Sanctuary,Draft,2016-01-13,"168. S.O. 139(E) [13.01.2016] Draft Notification declaring Eco sensitive Zone around Pushpagiri Wildlife Sanctuary(533.3 KB), Karnataka",https://moef.gov.in/uploads/2017/06/S.O.%20139(E)%20%5B13.01.2016%5D%20Draft%20Notification%20declaring%20Eco%20sensitive%20Zone%20around%20Pushpagiri%20Wildlife%20Sanctuary%2C%20Karnataka.pdf,[],25/02/2016,S.O. 139(E),Q7261843,exact
136,Karnataka,Pushpagiri Wildlife Sanctuary,Wildlife Sanctuary,Final,2017-06-28,"136. S.O. 2020 (E) [28.06.2017] Final Notification declaring Eco Sensitive Zone around Pushpagiri Wildlife Sanctuary(2.04 MB), Karnataka",https://moef.gov.in/uploads/2017/06/Pushpagiri%20Wildlife%20Sanctuary%2C%20Karnataka.pdf,[],03/07/2017,S.O. 2020 (E),Q7261843,exact
169,Karnataka,Someshwara Wildlife Sanctuary,Wildlife Sanctuary,Draft,2016-01-13,"169. S.O. 140(E) [13.01.2016] Draft Notification declaring Eco sensitive Zone around Someshwara Wildlife Sanctuary(939.39 KB), Karnataka",https://moef.gov.in/uploads/2017/06/S.O.%20140(E)%20%5B13.01.2016%5D%20Draft%20Notification%20declaring%20Eco%20sensitive%20Zone%20around%20Someshwara%20Wildlife%20Sanctuary%2C%20Karnataka.pdf,[],25/02/2016,S.O. 140(E),Q7559997,exact
137,Karnataka,Someshwara Wildlife,Wildlife Sanctuary,Final,2020-08-28,"137. S.O. 2942 (E) [ 28.08.2020] Final Notification declaring Eco Sensitive Zone around Someshwara Wildlife Sanctuary(235 KB), Karnataka",https://moef.gov.in/uploads/2019/02/someshwara.pdf,[],31/08/2020,S.O. 2942 (E),Q7559997,exact
169,Karnataka,Someshwara Wildlife,Wildlife Sanctuary,Draft,2019-10-25,"169. S.O. 3858(E) [25.10.2019] Draft Notification declaring Eco Sensitive Zone around Someshwara Wildlife Sanctuary (222 KB), Karnataka. Re-Notification New.",https://moef.gov.in/uploads/2019/10/someshwara.pdf,[],01/11/2019,S.O. 3858(E),Q7559997,exact
170,Karnataka,Cauvery Wildlife Sanctuary,Wildlife Sanctuary,Draft,2016-03-03,"170. S.O.656(E) [03.03.2016] Draft Notification declaring Eco sensitive Zone around Cauvery Wildlife Sanctuary(5.21 MB), Karnataka",https://moef.gov.in/uploads/2017/06/Cauvery%20Wildlife%20Sanctuary%2C%20Karnataka.pdf,[],14/03/2016,S.O.656(E),Q5054715,exact
138,Karnataka,Cauvery Wildlife Sanctuary,Wildlife Sanctuary,Final,2017-08-22,"138. S.O. 2733 [22.08.2017] Final Notification declaring Eco Sensitive Zone around Cauvery Wildlife Sanctuary(2.65 MB), Karnataka",https://moef.gov.in/uploads/2017/06/Cauvery%20Wildlife%20Sanctuary%20Karnataka%20Final.pdf,[],11/09/2017,S.O. 2733,Q5054715,exact
171,Karnataka,Malai Mahadeshwara Wildlife Sanctuary,Wildlife Sanctuary,Draft,2016-03-31,"171. S.O.1274(E) [31.03.2016] Draft Notification declaring Eco sensitive Zone around Malai Mahadeshwara Wildlife Sanctuary(5 MB), Karnataka",https://moef.gov.in/uploads/2017/06/Malai%20Mahadeshwara%20Wildlife%20Sanctuary%2C%20Karnataka.pdf,[],11/04/2016,S.O.1274(E),Q24948250,exact
139,Karnataka,Malai Mahadeshwara Wildlife,Wildlife Sanctuary,Final,2017-09-14,"139. S.O. 3031 (E) [14.09.2017] Final Notification declaring Eco Sensitive Zone around Malai Mahadeshwara Wildlife(2.53 MB) Sanctuary, Karnataka",https://moef.gov.in/uploads/2017/06/Malai%20Mahadeshwara%20Wildlife%20Sanctuary%2C%20Karnataka%20Final.pdf,[],19/09/2017,S.O. 3031 (E),Q24948250,exact
172,Karnataka,Melukote Wildlife Sanctuary,Wildlife Sanctuary,Draft,2016-03-31,"172. S.O. 1275(E) [31.03.2016] Draft Notification declaring Eco sensitive Zone around Melukote Wildlife Sanctuary(579.58 KB), Karnataka",https://moef.gov.in/uploads/2017/06/Melukote%20Wildlife%20Sanctuary%20%2C%20Karnataka.pdf,[],11/04/2016,S.O. 1275(E),,none
140,Karnataka,Melukote Wildlife Sanctuary,Wildlife Sanctuary,Final,2017-09-21,"140. S.O. 3084 (E) [21.09.2017] Final Notification declaring Eco Sensitive Zone around Melukote Wildlife Sanctuary(2.23 MB), Karnataka",https://moef.gov.in/uploads/2017/06/Melukote%20Wildlife%20Sanctuary%2C%20Karnataka%20Final.pdf,[],14/01/2025,S.O. 3084 (E),,none
,Karnataka,Melukote Wildlife Sanctuary,Wildlife Sanctuary,Amendment,2025-01-07,"S .O. No. 115(E) [07.01.2025] Amendment in the Final Notification of Eco-sensitive Zone around Melukote Wildlife Sanctuary(1.74 MB), Karnataka",https://moef.gov.in/uploads/pdf-uploads/pdf_6786025c2254f6.33102943.pdf,[],,S .O. No. 115(E),,none
173,Karnataka,Talacauvery Wildlife Sanctuary,Wildlife Sanctuary,Draft,2016-01-15,"173. S.O.142(E) [15.01.2016] Draft Notification declaring Eco Sensitive Zone around Talacauvery Wildlife Sanctuary(594.25 KB), Karnataka",https://moef.gov.in/uploads/2017/06/Talacauvery%20WLS%2C%20Karnataka.pdf,[],25/02/2016,S.O.142(E),Q7678819,fuzzy
141,Karnataka,Talacauvery Wildlife Sanctuary,Wildlife Sanctuary,Final,2017-05-15,"141. S.O. 1564 (E) [15.05.2017] Final Notification declaring Eco Sensitive Zone around Talacauvery Wildlife Sanctuary(1.93 MB), Karnataka.",https://moef.gov.in/uploads/2017/06/talacauvery%20wildlife%20sanctuary%2C%20Karnataka.pdf,[],11/10/2024,S.O. 1564 (E),Q7678819,fuzzy
,Karnataka,Talacauvery Wildlife Sanctuary,Wildlife Sanctuary,Amendment,2024-10-07,"S .O. No. 4343(E) [07.10.2024] Amendment in the Final Notification of Eco-sensitive Zone around Talacauvery Wildlife Sanctuary(1.78 MB), Karnataka.",https://moef.gov.in/uploads/pdf/talacauvery_amendment.pdf,[],,S .O. No. 4343(E),Q7678819,fuzzy
174,Karnataka,Ranganathittu Bird Sanctuary,Bird Sanctuary,Draft,2016-06-03,"174. S.O. 1971(E) [03.06.2016] Draft Notification declaring Eco Sensitive Zone around Ranganathittu Bird Sanctuary(637.32 KB), Karnataka",https://moef.gov.in/uploads/2017/06/Ranganathittu%20Bird%20Sanctuary%20%2C%20Karnataka.pdf,[],13/06/2016,S.O. 1971(E),Q3846171,fuzzy
142,Karnataka,Ranganthittu Bird Sanctuary,Bird Sanctuary,Final,2017-11-10,"142. S.O. 3577(E) [10.11.2017] Final Notification declaring Eco Sensitive Zone around Ranganthittu Bird Sanctuary(2.36 MB), Karnataka.",https://moef.gov.in/uploads/2019/08/ranganittu.pdf,[],14/11/2017,S.O. 3577(E),Q3846171,exact
175,Karnataka,Sree Ramadevarabetta Vulture Sanctuary,Wildlife Sanctuary,Draft,2016-06-03,"175. S.O. 1970(E) [03.06.2016] Draft Notification declaring Eco Sensitive Zone around Sree Ramadevarabetta Vulture Sanctuary(1.17 MB), Karnataka",https://moef.gov.in/uploads/2019/10/Sree-Ramadevarabetta-Vulture-Sanctuary-Karnataka.pdf,[],13/06/2016,S.O. 1970(E),Q112252443,fuzzy
143,Karnataka,Ramadevarabetta Vulture Sanctuary,Wildlife Sanctuary,Final,2017-09-12,"143. S.O. 2993 (E) [12.09.2017] Final Notification declaring Eco Sensitive Zone around Ramadevarabetta Vulture Sanctuary,(2.92 MB) Karnataka",https://moef.gov.in/uploads/2017/06/Ramadevarabetta%20Vulture%20Sanctuary%2C%20Karnataka%20Final.pdf,[],14/09/2017,S.O. 2993 (E),Q112252443,exact
176,Karnataka,Bannerghatta National Park,National Park,Draft,2016-06-15,"176. S.O. 2116(E) [15.06.2016] Draft Notification declaring Eco Sensitive Zone around Bannerghatta National Park(1.87 MB), Karnataka",https://moef.gov.in/uploads/2017/06/Bannerghatta%20National%20Park%2C%20Karnataka.pdf,[],17/06/2016,S.O. 2116(E),Q2588520,exact
144,Karnataka,Bannerghatta National Park,National Park,Final,2020-03-11,"144. S.O. 1036(E) [11.03.2020] Final Notification declaring Eco Sensitive Zone around Bannerghatta National Park (225 KB), Karnataka",https://moef.gov.in/uploads/2019/10/bannerghata.pdf,[],13/03/2020,S.O. 1036(E),Q2588520,exact
176,Karnataka,Bannerghatta National Park,National Park,Draft,2018-11-02,"176. S.O. 5639(E) [02.11.2018] Draft Notification declaring Eco Sensitive Zone around Banerghatta National Park(2.00 MB), Karnataka Re-notification New",https://moef.gov.in/uploads/2018/12/bannerghatta.pdf,[],05/11/2018,S.O. 5639(E),Q2588520,exact
177,Karnataka,Bhadra Wildlife Sanctuary,Wildlife Sanctuary,Draft,2016-08-05,"177. S.O. 2635(E) [05.08.2016] Draft notification declaring Eco Sensitive Zone around Bhadra Wildlife Sanctuary(1016.96 KB), Karnataka",https://moef.gov.in/uploads/2017/06/Bhadra%20Wildlife%20Sanctuary%2C%20Karnataka.pdf,[],22/08/2016,S.O. 2635(E),Q4900541,exact
177,Karnataka,Bhadra Tiger Reserve,Tiger Reserve,Draft,2020-06-15,"177. S.O. 1961(E) [15.06.2020] Draft Notification declaring Eco Sensitive Zone around Bhadra Tiger Reserve, Karnataka Re-Notification New.",https://moef.gov.in/uploads/2019/10/bhadra.pdf,[],24/06/2020,S.O. 1961(E),Q4900541,exact
178,Karnataka,Biligirirangaswamy Temple Wildlife Sanctuary,Wildlife Sanctuary,Draft,2016-08-05,"178. S.O. 2631(E) [05.08.2016] Draft notification declaring Eco Sensitive Zone around Biligirirangaswamy Temple Wildlife Sanctuary(1.02 MB), Karnataka",https://moef.gov.in/uploads/2017/06/Biligirirangaswamy%20Temple%20Wildlife%20Sanctuary%2C%20Karnataka.pdf,[],22/08/2016,S.O. 2631(E),Q106684744,exact
145,Karnataka,Billigirangana Swamy Tiger Reserve,Tiger Reserve,Final,2019-11-19,"145. S.O. 4152(E) [19.11.2019] Final Notification declaring Eco Sensitive Zone around Billigirangana Swamy Tiger Reserve(124 KB), Karnataka",https://moef.gov.in/uploads/2019/10/billingirangana.pdf,[],25/11/2019,S.O. 4152(E),,none
178,Karnataka,Biligiriranganaswamy Tiger Reserve,Tiger Reserve,Draft,2018-09-19,"178. 4889(E) [19.09.2018] Draft Notification declaring Eco Sensitive Zone aroundBiligiriranganaswamy Tiger Reserve(1.00 MB), Karnataka Re-notification New",https://moef.gov.in/uploads/2019/10/biligiriswami.pdf,[],26/09/2018,,,none
179,Karnataka,Chinchioli Wildlife Sanctuary,Wildlife Sanctuary,Draft,2016-08-05,"179. S.O. 2636(E) [05.08.2016] Draft notification declaring Eco Sensitive Zone around Chinchioli Wildlife Sanctuary(372.98 KB), Karnataka",https://moef.gov.in/uploads/2017/06/Chinchioli%20Wildlife%20Sanctuary%2C%20Karnataka.pdf,[],22/08/2016,S.O. 2636(E),Q109974015,fuzzy
146,Karnataka,Chinchioli Wildlife,Wildlife Sanctuary,Final,2019-08-09,"146. S.O. 2893(E) [09.08.2019]Final Notification declaring Eco Sensitive Zone around Chinchioli Wildlife Sanctuary(124 KB), Karnataka.",https://moef.gov.in/uploads/2019/08/chincholi-1.pdf,[],16/08/2019,S.O. 2893(E),Q109974015,fuzzy
179,Karnataka,Chinchioli Sanctuary,Wildlife Sanctuary,Draft,2018-10-04,"179. 5137(E) [04.10.2018] Draft Notification declaring Eco Sensitive Zone around Chinchioli Sanctuary,(3.00 MB), KarnatakaRe-notification New",https://moef.gov.in/uploads/2018/12/chincholi.pdf,[],12/10/2018,,Q109974015,fuzzy
147,Karnataka,Chincholi Wildlife Santuary,Wildlife Sanctuary,Final,2020-06-04,147. S.O. 1738(E) [04.06.2020] Final Amendment declaring Eco Sensitive Zone around Chincholi Wildlife Santuary(222 KB) Karnataka.,https://moef.gov.in/uploads/2019/10/chincholi-amendment.pdf,[],19/06/2020,S.O. 1738(E),Q109974015,exact
180,Karnataka,Nugu Wildlife Sanctuary,Wildlife Sanctuary,Draft,2016-08-05,"180. S.O. 2627(E) [05.08.2016] Draft notification declaring Eco Sensitive Zone around Nugu Wildlife Sanctuary(1.82 MB), Karnataka",https://moef.gov.in/uploads/2017/06/Nugu%20Wildlife%20Sanctuary%2C%20Karnataka.pdf,[],22/08/2016,S.O. 2627(E),Q110078279,exact
148,Karnataka,Nugu Wildlife Sanctuary,Wildlife Sanctuary,Final,2017-09-27,"148. S.O. 3132 (E) [27.09.2017] Final Notification declaring Eco Sensitive Zone around Nugu Wildlife Sanctuary, (2.66 MB)Karnataka",https://moef.gov.in/uploads/2017/06/Nugu%20Wildlife%20Sanctuary%2C%20Karnataka%2C%20Final.pdf,[],28/09/2017,S.O. 3132 (E),Q110078279,exact
,Karnataka,Nugu Wildlife Sanctuary,Wildlife Sanctuary,Amendment,2024-07-30,"S.O. No. 3039(E) [30.07.2024] Amendment in the Final Notification of Eco-sensitive Zone around Nugu Wildlife Sanctuary, in the state of Karnataka (1,070 KB), Karnataka",https://moef.gov.in/uploads/pdf/nugu_amendment.pdf,[],,S.O. No. 3039(E),Q110078279,exact
181,Karnataka,Dandeli Wildlife Sanctuary,Wildlife Sanctuary,Draft,2016-11-03,"181. S.O. 3369 (E) [03.11.2016]: Draft notification declaring Eco Sensitive Zone around Dandeli Wildlife Sanctuary and Anshi National Park(2.33 MB), Karnataka",https://moef.gov.in/uploads/2017/06/Dandeli%20Wildlife%20Sanctuary%20and%20Anshi%20NP%2C%20Karnataka_0.pdf,[],8/11/2016,S.O. 3369 (E),Q5215675,exact
181,Karnataka,Anshi National Park,National Park,Draft,2016-11-03,"181. S.O. 3369 (E) [03.11.2016]: Draft notification declaring Eco Sensitive Zone around Dandeli Wildlife Sanctuary and Anshi National Park(2.33 MB), Karnataka",https://moef.gov.in/uploads/2017/06/Dandeli%20Wildlife%20Sanctuary%20and%20Anshi%20NP%2C%20Karnataka_0.pdf,[],8/11/2016,S.O. 3369 (E),,none
182,Karnataka,Nagarahole Tiger Reseve,Tiger Reserve,Draft,2017-07-25,"182. S.O. 2323 (E) [25.07.2017] Draft Notification Declaring Eco Sensitive Zone around Nagarahole Tiger Reseve(3.13 MB), Karnataka",https://moef.gov.in/uploads/2017/06/Nagarahole%20Tiger%20Reserve%2C%20Karnataka.pdf,[],31/07/2017,S.O. 2323 (E),,none
183,Karnataka,Adichunchanagiri Peacock Sanctuary,Wildlife Sanctuary,Draft,2017-09-06,183. S.O. 2940 (E) [06.09.2017] Draft Notification Declaring Eco Sensitive Zone around Adichunchanagiri Peacock Sanctuary(1.98 MB) Karnataka,https://moef.gov.in/uploads/2019/10/Adichunchanagiri-Peacock-Sanctuary-Karnataka-Draft.pdf,[],12/09/2017,S.O. 2940 (E),Q135455927,exact
149,Karnataka,Adichunchanagri Peacock Sanctuary,Wildlife Sanctuary,Final,2020-09-07,149. S.O. 3032(E) [ 07.09.2020] Final Notification declaring Eco Sensitive Zone around Adichunchanagri Peacock Sanctuary(1.98 MB) Karnataka,https://moef.gov.in/uploads/2020/09/adinachunchunagiri.pdf,[],15/09/2020,S.O. 3032(E),Q135455927,fuzzy
183,Karnataka,Adichunchanagri Peacock Sanctuary,Wildlife Sanctuary,Draft,2019-12-11,"183. S.O. 4441(E) [11.12.2019] Draft Notification declaring Eco Sensitive Zone around Adichunchangari Peacock Sanctuary (456 KB), Karnataka l Re-Notification New.",https://moef.gov.in/uploads/2019/10/adichunchangri-peacock-2.pdf,[],20/12/2019,S.O. 4441(E),Q135455927,fuzzy
184,Karnataka,Thimlapura Wildlife Santuary,Wildlife Sanctuary,Draft,2020-04-23,"184. S.O. 1322(E) [23.04.2020] Draft Notification declaring Eco Sensitive Zone around Thimlapura Wildlife Santuary(123 KB), Karnataka.",https://moef.gov.in/uploads/2019/10/thimlapura.pdf,[],27/04/2020,S.O. 1322(E),Q111913930,exact
150,Karnataka,Thimlapura Wildlife Santuary,Wildlife Sanctuary,Final,2020-10-08,150. S.O. 3497(E) [ 08.10.2020] Final Notification declaring Eco Sensitive Zone around Thimlapura Wildlife Sanctuary(2.98 MB) Karnataka,https://moef.gov.in/uploads/2020/10/thimlapura.pdf,[],12/10/2020,S.O. 3497(E),Q111913930,exact
185,Karnataka,Yadagalli Chinkara Wildlife,Wildlife Sanctuary,Draft,2020-06-15,"185. S.O. 1959(E) [15.06.2020] Draft Notification declaring Eco Sensitive Zone around Yadagalli Chinkara Wildlife Sanctuary(785 KB), Karnataka",https://moef.gov.in/uploads/2019/10/yadahilli-chinkara.pdf,[],24/06/2020,S.O. 1959(E),Q112252408,fuzzy
151,Karnataka,Yadagalli Chinkara Wildlife,Wildlife Sanctuary,Final,2021-02-19,"151. S.O.787(E) [19.02.2021] Final Notification declaring Eco Sensitive Zone around Yadagali Chinkara Wildlife Sanctuary(124 KB) , Karnataka",https://moef.gov.in/uploads/2021/02/yadahili-chinkara.pdf,[],22/02/2021,S.O.787(E),Q112252408,fuzzy
186,Karnataka,Jogimatti Wildlife Sanctuary,Wildlife Sanctuary,Draft,2021-06-07,"186. S.O. 2185(E) [07.06.2021] Draft Notification declaring Eco Sensitive Zone around Jogimatti Wildlife Sanctuary (231 KB), Karnataka",https://moef.gov.in/uploads/2021/06/jogimatti.pdf,[],11/06/2021,S.O. 2185(E),Q124115645,exact
152,Karnataka,Jogimatti Wildlife Sanctuary,Wildlife Sanctuary,Final,2021-12-17,"152. S.O.5251(E) [17.12.2021] Final Notification declaring Eco Sensitive Zone around Jogimatti Wildlife Sanctuary(224 KB) , Karnataka",https://moef.gov.in/uploads/2021/12/jogimatti.pdf,[],17/12/2021,S.O.5251(E),Q124115645,exact
187,Karnataka,Kappathagudda Wildlife Sanctuary,Wildlife Sanctuary,Draft,2024-09-30,"187. S.O. No. 4262(E) [30.09.2024] Draft Notification of Eco-sensitive Zone around Kappathagudda Wildlife Sanctuary (9.24 MB), Karnataka",https://moef.gov.in/uploads/pdf/kappathaguda_draft.pdf,[],08/10/2024,S.O. No. 4262(E),Q135419116,fuzzy
187,Kerala,Chulannur Peafowl Sanctuary,Wildlife Sanctuary,Draft,2015-12-07,187. SO 3327(E)[07.12.2015] Draft notification declaring Eco-sensitive Zone around the Chulannur Peafowl Sanctuary(1009.74 KB) in the state of Kerala,https://moef.gov.in/uploads/2017/06/SO%203327(E)%5B07.12.2015%5D%20Draft%20notification%20declaring%20Eco-sensitive%20Zone%20around%20the%20Chulannur%20Peafowl%20Sanctuary%20in%20the%20state%20of%20Kerala..pdf,[],30/12/2015,SO 3327(E),Q13111992,exact
188,Kerala,Eravikulam National Park,National Park,Draft,2016-01-07,"188. SO 66(E)[07.01.2016] Draft notification declaring Eco-sensitive Zone around the Eravikulam National Park, Chinnar Wildlife Sanctuary, Anamudi Shola National Park, Pampadum Shola National Park and Kurinjimala Sanctuary(1.5 MB) in the state of Kerala",https://moef.gov.in/uploads/2017/06/SO%2066(E)%5B07.01.2016%5D%20Draft%20notification%20declaring%20Eco-sensitive%20Zone%20around%20the%20Eravikulam%20National%20Park%2C%20%20Chinnar%20Wildlife%20Sanctuary%2C%20Pampadum%20Shola%20Natio%20in%20the%20state%20of%20Kerala.pdf,[],13/01/2016,SO 66(E),Q1194252,exact
188,Kerala,Chinnar Wildlife Sanctuary,Wildlife Sanctuary,Draft,2016-01-07,"188. SO 66(E)[07.01.2016] Draft notification declaring Eco-sensitive Zone around the Eravikulam National Park, Chinnar Wildlife Sanctuary, Anamudi Shola National Park, Pampadum Shola National Park and Kurinjimala Sanctuary(1.5 MB) in the state of Kerala",https://moef.gov.in/uploads/2017/06/SO%2066(E)%5B07.01.2016%5D%20Draft%20notification%20declaring%20Eco-sensitive%20Zone%20around%20the%20Eravikulam%20National%20Park%2C%20%20Chinnar%20Wildlife%20Sanctuary%2C%20Pampadum%20Shola%20Natio%20in%20the%20state%20of%20Kerala.pdf,[],13/01/2016,SO 66(E),Q3522009,exact
188,Kerala,Anamudi Shola National Park,National Park,Draft,2016-01-07,"188. SO 66(E)[07.01.2016] Draft notification declaring Eco-sensitive Zone around the Eravikulam National Park, Chinnar Wildlife Sanctuary, Anamudi Shola National Park, Pampadum Shola National Park and Kurinjimala Sanctuary(1.5 MB) in the state of Kerala",https://moef.gov.in/uploads/2017/06/SO%2066(E)%5B07.01.2016%5D%20Draft%20notification%20declaring%20Eco-sensitive%20Zone%20around%20the%20Eravikulam%20National%20Park%2C%20%20Chinnar%20Wildlife%20Sanctuary%2C%20Pampadum%20Shola%20Natio%20in%20the%20state%20of%20Kerala.pdf,[],13/01/2016,SO 66(E),Q3333420,exact
188,Kerala,Pampadum Shola National Park,National Park,Draft,2016-01-07,"188. SO 66(E)[07.01.2016] Draft notification declaring Eco-sensitive Zone around the Eravikulam National Park, Chinnar Wildlife Sanctuary, Anamudi Shola National Park, Pampadum Shola National Park and Kurinjimala Sanctuary(1.5 MB) in the state of Kerala",https://moef.gov.in/uploads/2017/06/SO%2066(E)%5B07.01.2016%5D%20Draft%20notification%20declaring%20Eco-sensitive%20Zone%20around%20the%20Eravikulam%20National%20Park%2C%20%20Chinnar%20Wildlife%20Sanctuary%2C%20Pampadum%20Shola%20Natio%20in%20the%20state%20of%20Kerala.pdf,[],13/01/2016,SO 66(E),Q3330156,exact
188,Kerala,Kurinjimala Sanctuary,Wildlife Sanctuary,Draft,2016-01-07,"188. SO 66(E)[07.01.2016] Draft notification declaring Eco-sensitive Zone around the Eravikulam National Park, Chinnar Wildlife Sanctuary, Anamudi Shola National Park, Pampadum Shola National Park and Kurinjimala Sanctuary(1.5 MB) in the state of Kerala",https://moef.gov.in/uploads/2017/06/SO%2066(E)%5B07.01.2016%5D%20Draft%20notification%20declaring%20Eco-sensitive%20Zone%20around%20the%20Eravikulam%20National%20Park%2C%20%20Chinnar%20Wildlife%20Sanctuary%2C%20Pampadum%20Shola%20Natio%20in%20the%20state%20of%20Kerala.pdf,[],13/01/2016,SO 66(E),Q6446058,exact
188,Kerala,Eravikulam National Park,National Park,Draft,2021-01-12,"188. S.O. 124(E) [12.01.2021] Draft Notification declaring Eco Sensitive Zone around Eravikulam National Park + 4 PAs , (3.05 MB),Kerala Re-notification New",https://moef.gov.in/uploads/2021/01/eravikulam.pdf,[],18/01/2021,S.O. 124(E),Q1194252,exact
188,Kerala,Chinnar Wildlife Sanctuary,Wildlife Sanctuary,Draft,2021-01-12,"188. S.O. 124(E) [12.01.2021] Draft Notification declaring Eco Sensitive Zone around Eravikulam National Park + 4 PAs , (3.05 MB),Kerala Re-notification New",https://moef.gov.in/uploads/2021/01/eravikulam.pdf,[],18/01/2021,S.O. 124(E),Q3522009,exact
188,Kerala,Anamudi Shola National Park,National Park,Draft,2021-01-12,"188. S.O. 124(E) [12.01.2021] Draft Notification declaring Eco Sensitive Zone around Eravikulam National Park + 4 PAs , (3.05 MB),Kerala Re-notification New",https://moef.gov.in/uploads/2021/01/eravikulam.pdf,[],18/01/2021,S.O. 124(E),Q3333420,exact
188,Kerala,Pampadum Shola National Park,National Park,Draft,2021-01-12,"188. S.O. 124(E) [12.01.2021] Draft Notification declaring Eco Sensitive Zone around Eravikulam National Park + 4 PAs , (3.05 MB),Kerala Re-notification New",https://moef.gov.in/uploads/2021/01/eravikulam.pdf,[],18/01/2021,S.O. 124(E),Q3330156,exact
188,Kerala,Kurinjimala Sanctuary,Wildlife Sanctuary,Draft,2021-01-12,"188. S.O. 124(E) [12.01.2021] Draft Notification declaring Eco Sensitive Zone around Eravikulam National Park + 4 PAs , (3.05 MB),Kerala Re-notification New",https://moef.gov.in/uploads/2021/01/eravikulam.pdf,[],18/01/2021,S.O. 124(E),Q6446058,exact
189,Kerala,Shendurney Wildlife Sanctuary,Wildlife Sanctuary,Draft,2016-01-07,189. SO 65(E)[07.01.2016] Draft notification declaring Eco-sensitive Zone around the Shendurney Wildlife Sanctuary(2.73 MB) in the state of Kerala,https://moef.gov.in/uploads/2017/06/SO%2065(E)%5B07.01.2016%5D%20Draft%20notification%20declaring%20Eco-sensitive%20Zone%20around%20the%20Shendurney%20Wildlife%20Sanctuary%20in%20the%20state%20of%20Kerala.pdf,[],18/01/2016,SO 65(E),Q7494223,exact
189,Kerala,Shendurney WLS,Wildlife Sanctuary,Draft,2020-08-24,"189. S.O. 2939(E) [24.08.2020] Draft Notification declaring Eco Sensitive Zone around Shendurney WLS, Kerala (125 KB), Re-Notification New.",https://moef.gov.in/uploads/2019/02/shendurney.pdf,[],31/08/2020,S.O. 2939(E),Q7494223,exact
190,Kerala,Malabar Wildlife Sanctuary,Wildlife Sanctuary,Draft,2015-12-31,190. SO 69(E)[31.12.2015] Draft notification declaring Eco-sensitive Zone around the Malabar Wildlife Sanctuary(323.07 KB) in the state of Kerala,https://moef.gov.in/uploads/2017/06/SO%2069(E)%5B31.12.2015%5D%20Draft%20notification%20declaring%20Eco-sensitive%20Zone%20around%20the%20Malabar%20Wildlife%20Sanctuary%20in%20the%20state%20of%20Kerala.pdf,[],18/01/2016,SO 69(E),Q48727189,exact
190,Kerala,Malabar WLS,Wildlife Sanctuary,Draft,2020-08-05,"190. S.O. 2634(E) [05.08.2020] Draft Notification declaring Eco Sensitive Zone around Malabar WLS, Kerala(124 KB) Re-Notification New Malayalam version",https://moef.gov.in/uploads/2019/10/malabar.pdf,[],11/08/2020,S.O. 2634(E),Q48727189,exact
191,Kerala,Malabar Wildlife Sanctuary,Wildlife Sanctuary,Draft,2020-08-05,"191. S.O. 2634(E) [05.08.2020] Draft Notification declaring Eco Sensitive Zone around Malabar Wildlife Sanctuary, Kerala (Malayalam version) (Disclaimer: The contents of this publication are purely on the basis of submission made by the State Government of Kerala vide its letter No. D2/85/2021/FWLD, dated 04/02/2022. In case there are any discrepancy in this Malayalam version, the English version of the draft ESZ Notification published vide S.O.No.2634(E) dated 05.08.2020 (ESZ around Malabar Wildlife Sanctuary) shall prevail.)(224 KB) Re-Notification (Malayalam version).",https://moef.gov.in/uploads/2022/02/Malayalam-version-malabar-Wildlife-Sanctuary.pdf,[],11/08/2020,S.O. 2634(E),Q48727189,exact
191,Kerala,Silent Valley National Park,National Park,Draft,2016-01-06,"191. S.O. 118(E) [06.01.2016] Draft Notification declaring Eco sensitive Zone around Silent Valley National Park(542.09 KB), Kerala Malayalam version",https://moef.gov.in/uploads/2019/10/S.O.-118E-06.01.2016-Draft-Notification-declaring-Eco-sensitive-Zone-around-Silent-Valley-National-Park-Kerala_1.pdf,[],25/02/2016,S.O. 118(E),Q176792,exact
191,Kerala,Silent Valley National Park Kerala,National Park,Draft,2020-10-27,"191. S.O. 3880(E) [27.10.2020] Draft Notification declaring Eco Sensitive Zone around Silent Valley National Park, Kerala.(225 KB) Re-Notification New.",https://moef.gov.in/uploads/2019/02/silent-valley.pdf,[],02/11/2020,S.O. 3880(E),Q176792,exact
192,Kerala,Silent Valley National Park,National Park,Draft,2020-10-27,"192. S.O. 3880(E) [27.10.2020] Draft Notification declaring Eco Sensitive Zone around Silent Valley National Park, Kerala (Malayalam version) (Disclaimer: The contents of this publication are purely on the basis of submission made by the State Government of Kerala vide its letter No. D2/85/2021/FWLD, dated 04/02/2022. In case there are any discrepancy in this Malayalam version, the English version of the draft ESZ Notification published vide S.O. No.3880(E) dated 27.10.2020 (ESZ around Silent Valley National Park) shall prevail.)(325 KB) Re-Notification (Malayalam version).",https://moef.gov.in/uploads/2022/02/Malayalam-version-silent-valley-national-park-2.pdf,[],02/11/2020,S.O. 3880(E),Q176792,exact
192,Kerala,Thattekkad Bird Sanctuary,Bird Sanctuary,Draft,2016-01-27,"192. S.O. 247(E) [27.01.2016] Draft Notification declaring Eco sensitive Zone around Thattekkad Bird Sanctuary(1.39 MB), Kerala",https://moef.gov.in/uploads/2019/10/S.O.-118E-06.01.2016-Draft-Notification-declaring-Eco-sensitive-Zone-around-Silent-Valley-National-Park-Kerala_1.pdf,[],25/02/2016,S.O. 247(E),Q6772512,fuzzy
192,Kerala,Thattekkad Bird Sanctuary,Bird Sanctuary,Draft,2020-09-25,"192. S.O.3454(E) [25.09.2020] Draft Notification declaring Eco Sensitive Zone around Thattekkada Bird Sanctuary(1.39 MB), Kerala Re-Notification New",https://moef.gov.in/uploads/2020/10/thattekad.pdf,[],07/10/2020,S.O.3454(E),Q6772512,fuzzy
193,Kerala,Peechi-Vazhani Wildlife Sanctuary,Wildlife Sanctuary,Draft,2016-03-03,"193. S.O.657(E) [03.03.2016] Draft Notification declaring Eco sensitive Zone around Peechi-Vazhani Wildlife Sanctuary(1.66 MB), Kerala",https://moef.gov.in/uploads/2017/06/Peechi-Vazhani%20Wildlife%20Sanctuary%2C%20Kerala.pdf,[],14/03/2016,S.O.657(E),Q7160147,exact
193,Kerala,Peechi Wildlife Sanctuary,Wildlife Sanctuary,Draft,2020-11-25,"193. S.O. 4271(E) [25.11.2020] Draft Notification declaring Eco Sensitive Zone around Peechi Wildlife Sanctuary, (1.39 MB), Kerala Re-Notification New",https://moef.gov.in/uploads/2020/12/peechi.pdf,[],01/12/2020,S.O. 4271(E),,none
194,Kerala,Mathikettan Shola National Park,National Park,Draft,2016-03-29,"194. S.O. 1248(E) [29.03.2016] Draft Notification declaring Eco sensitive Zone around Mathikettan Shola National Park(551.16 KB), Kerala",https://moef.gov.in/uploads/2017/06/Mathikettan%20Shola%20National%20Park%2C%20Kerala.pdf,[],05/04/2016,S.O. 1248(E),Q3091867,exact
153,Kerala,Mathikettan Wildlife Sanctuary,Wildlife Sanctuary,Final,2020-12-28,"153. S.O.4729(E) [28.12.2020] Final Notification declaring Eco Sensitive Zone around Mathikettan Wildlife Sanctuary,(551.16 KB), Kerala",https://moef.gov.in/uploads/2020/12/mathik.pdf,[],30/12/2020,S.O.4729(E),Q3091867,fuzzy
194,Kerala,Mathikettan Shola WLS,Wildlife Sanctuary,Draft,2020-08-13,"194. S.O. 2771(E) [13.08.2020] Draft Notification declaring Eco Sensitive Zone around Mathikettan Shola WLS(144 KB), in the State of Kerala Re-Notification New.",https://moef.gov.in/uploads/2020/08/mathiketan.pdf,[],20/08/2020,S.O. 2771(E),Q3091867,exact
195,Kerala,Aralam Wildlife Sanctuary,Wildlife Sanctuary,Draft,2016-03-29,"195. S.O. 1249(E) [29.03.2016] Draft Notification declaring Eco sensitive Zone around Aralam Wildlife Sanctuary(383.16 KB), Kerala",https://moef.gov.in/uploads/2017/06/Aralam%20Wildlife%20Sanctuary%2C%20Kerala.pdf,[],05/04/2016,S.O. 1249(E),Q4783879,exact
195,Kerala,Aralam Wildlife Sanctuary,Wildlife Sanctuary,Draft,2020-07-20,195. S.O. 2393 (E) [20.07.2020] Draft Notification declaring Eco Sensitive Zone around Aralam Wildlife Sanctuary (222 KB)Kerala Re-Notification New,https://moef.gov.in/uploads/2019/10/aralam.pdf,[],22/07/2020,S.O. 2393 (E),Q4783879,exact
196,Kerala,Periyar Tiger Reserve,Tiger Reserve,Draft,2016-03-31,"196. S.O. 1276(E) [31.03.2016] Draft Notification declaring Eco sensitive Zone around Periyar Tiger Reserve(2.86 MB), Kerala",https://moef.gov.in/uploads/2017/06/Periyar%20Tiger%20Reserve%2C%20Kerala.pdf,[],11/04/2016,S.O. 1276(E),Q548153,exact
197,Kerala,Chimmony Wildlife Sanctuary,Wildlife Sanctuary,Draft,2016-08-05,"197. S.O. 2632(E) [05.08.2016] Draft notification declaring Eco Sensitive Zone around Chimmony Wildlife Sanctuary(1.26 MB), Kerala",https://moef.gov.in/uploads/2017/06/Chimmony%20Wildlife%20Sanctuary%2C%20Kerala.pdf,[],22/08/2016,S.O. 2632(E),Q6806784,fuzzy
198,Kerala,Idukki Wildlife Sanctuary,Wildlife Sanctuary,Draft,2016-08-05,"198. S.O. 2634(E) [05.08.2016] Draft notification declaring Eco Sensitive Zone around Idukki Wildlife Sanctuary(1.82 MB), Kerala",https://moef.gov.in/uploads/2017/06/Idukki%20Wildlife%20Sanctuary%2C%20Kerala.pdf,[],22/08/2016,S.O. 2634(E),Q6808944,exact
198,Kerala,Idukki WLS,Wildlife Sanctuary,Draft,2020-08-13,"198. S.O. 2772(E) [13.08.2020] Draft Notification declaring Eco Sensitive Zone around Idukki WLS(256 KB), in the State of Kerala. Re-Notification New.",https://moef.gov.in/uploads/2020/08/idukki.pdf,[],20/08/2020,S.O. 2772(E),Q6808944,exact
199,Kerala,Neyyar Sanctuaries,Wildlife Sanctuary,Draft,2016-08-05,"199. S.O. 2633(E) [05.08.2016] Draft notification declaring Eco Sensitive Zone around Neyyar and Peppara Wildlife Sanctuaries(845.46 KB), Kerala Malayalam version",https://moef.gov.in/uploads/2017/06/Neyyar%20and%20Peppara%20Wildlife%20Sanctuaries%20Kerala.pdf,[],22/08/2016,S.O. 2633(E),,none
199,Kerala,Peppara Wildlife Sanctuaries,Wildlife Sanctuary,Draft,2016-08-05,"199. S.O. 2633(E) [05.08.2016] Draft notification declaring Eco Sensitive Zone around Neyyar and Peppara Wildlife Sanctuaries(845.46 KB), Kerala Malayalam version",https://moef.gov.in/uploads/2017/06/Neyyar%20and%20Peppara%20Wildlife%20Sanctuaries%20Kerala.pdf,[],22/08/2016,S.O. 2633(E),,none
200,Kerala,Neyyar Wildlife Sanctuary,Wildlife Sanctuary,Draft,2022-03-25,"200. S.O. 1361(E) [25.03.2022] Re-Draft Notification declaring Eco Sensitive Zone around Neyyar and Peppara Wildlife Sanctuary(245.42 KB), Kerala. Re-Notification New",https://moef.gov.in/uploads/2022/03/Draft-Notification-Neyyar.pdf,[],25/03/2022,S.O. 1361(E),Q6807544,exact
200,Kerala,Peppara Wildlife Sanctuary,Wildlife Sanctuary,Draft,2022-03-25,"200. S.O. 1361(E) [25.03.2022] Re-Draft Notification declaring Eco Sensitive Zone around Neyyar and Peppara Wildlife Sanctuary(245.42 KB), Kerala. Re-Notification New",https://moef.gov.in/uploads/2022/03/Draft-Notification-Neyyar.pdf,[],25/03/2022,S.O. 1361(E),Q6809163,exact
200,Kerala,Parambikulam Tiger Reserve,Tiger Reserve,Draft,2016-08-05,"200. S.O. 2637(E) [05.08.2016] Draft notification declaring Eco Sensitive Zone around Parambikulam Tiger Reserve(819.88 KB), Kerala",https://moef.gov.in/uploads/2017/06/Parambikulam%20Tiger%20Reserve%2C%20Kerala.pdf,[],22/08/2016,S.O. 2637(E),Q3635169,exact
200,Kerala,Nahargarh Wildlife Sanctuary,Wildlife Sanctuary,Draft,2021-01-28,"200. S.O. 440(E) [28.01.2021] Draft Notification declaring Eco Sensitive Zone around Parambikulam Tiger Reserve (4.19 MB), Kerala Re-notification New",https://moef.gov.in/uploads/2021/02/prambikulam.pdf,[],01/02/2021,S.O. 440(E),,none
201,Kerala,Kottiyoor Wildlife Sanctuary,Wildlife Sanctuary,Draft,2016-09-09,"201. S.O. 2905(E) [09.09.2016] Draft notification declaring Eco Sensitive Zone around Kottiyoor Wildlife Sanctuary(493.17 KB), Kerela",https://moef.gov.in/uploads/2017/06/Kottiyoor%20Wildlife%20Sanctuary%20Kerala.pdf,[],15/09/2016,S.O. 2905(E),Q31708100,exact
201,Kerala,Kottiyoor WLS Kerala,Wildlife Sanctuary,Draft,2020-08-24,"201. S.O. 2940(E) [24.08.2020] Draft Notification declaring Eco Sensitive Zone around Kottiyoor WLS, Kerala (111 KB), Re-Notification New.",https://moef.gov.in/uploads/2019/02/kottiyoor.pdf,[],31/08/2020,S.O. 2940(E),Q31708100,exact
202,Kerala,Manglavanam Bird Sanctuary,Bird Sanctuary,Draft,2017-08-29,202. S.O. 2810 (E) [29.08.2017] Draft Notification Declaring Eco Sensitive Zone around Manglavanam Bird Sanctuary (2.41 MB)Kerala,https://moef.gov.in/uploads/2017/06/Manglavanam%20Bird%20Sanctuary%20Kerala%20Draft.pdf,[],12/09/2017,S.O. 2810 (E),Q6748692,fuzzy
202,Kerala,Manglavanam Bird Sanctuary,Bird Sanctuary,Draft,2020-09-07,202. S.O. 3033(E) [07.09.2020] Draft Notification declaring Eco Sensitive Zone around Manglavanam Bird Sanctuary (2.41 MB)Kerala Re-Notification New.,https://moef.gov.in/uploads/2020/09/mangalavanam.pdf,[],15/09/2020,S.O. 3033(E),Q6748692,fuzzy
203,Kerala,Choolannur Pea Fowl Sanctuary,Wildlife Sanctuary,Draft,2020-11-25,"203. S.O. 4270(E) [25.11.2020] Draft Notification declaring Eco Sensitive Zone around Choolannur Pea Fowl Sanctuary, (2.41 MB)Kerala",https://moef.gov.in/uploads/2020/12/chulnnar.pdf,[],01/12/2020,S.O. 4270(E),Q13111992,fuzzy
204,Kerala,Chimmony Wildlife Sanctuary,Wildlife Sanctuary,Draft,2020-11-25,"204. S.O. 4269(E) [25.11.2020] Draft Notification declaring Eco Sensitive Zone around Chimmony Wildlife Sanctuary, (2.41 MB)Kerala",https://moef.gov.in/uploads/2020/12/chimmony.pdf,[],01/12/2020,S.O. 4269(E),Q6806784,fuzzy
205,Kerala,Chimmony Wildlife Sanctuary,Wildlife Sanctuary,Draft,2021-01-28,"205. S.O. 438(E) [28.01.2021] Draft Notification declaring Eco Sensitive Zone around Wayanad Wildlife Sanctuary (2.41 MB), Kerala",https://moef.gov.in/uploads/2021/02/wayanad.pdf,[],01/02/2021,S.O. 438(E),Q6806784,fuzzy
206,Madhya Pradesh,Map,Wildlife Sanctuary,Draft,2015-06-30,"206. S.O. 1780 [30.06.2015] Draft ESZ Notification on Son Ghariyal Wildlife Sanctuary , Madhya Pradesh& Map(71.15 KB)",https://moef.gov.in/uploads/2019/10/Son-Gharial-Sanctuary.pdf,[],29/07/2015,S.O. 1780,,none
154,Madhya Pradesh,Son Gharial Wildlife Sanctuary,Wildlife Sanctuary,Final,2016-12-14,"154. S.O. 4030 (E) [14.12.2016] Final Notification declaring Eco Sensitive Zone around Son Gharial Wildlife Sanctuary(1.26 MB), Madhya Pradesh",https://moef.gov.in/uploads/2017/06/Son%20Gharial%20WLS%2C%20Madhya%20Pradesh.pdf,[],31/08/2024,S.O. 4030 (E),Q132126728,exact
,Madhya Pradesh,Son Gharial Wildlife Sanctuary,Wildlife Sanctuary,Amendment,2024-08-22,"S .O. No. 3584(E) [22.08.2024] Amendment in the Final Notification of Eco-sensitive Zone around Son Gharial Wildlife Sanctuary(1.71 MB), Madhya Pradesh",https://moef.gov.in/uploads/pdf/son_gariyal%20_MP_amendment.pdf,[],,S .O. No. 3584(E),Q132126728,exact
207,Madhya Pradesh,Gandhi Sagar Wildlife Sanctuary,Wildlife Sanctuary,Draft,2015-09-15,"207. S.O. 2543 [15.09.2015] Draft Notification on Gandhi Sagar Wildlife Sanctuary(8.44 MB), Madhya Pradesh",https://moef.gov.in/uploads/2019/10/S.O.-2543-15.09.2015-Draft-Notification-on-Gandhi-Sagar-Wildlife-Sanctuary-Madhya-Pradesh.pdf,[],06/10/2015,S.O. 2543,Q5520717,exact
155,Madhya Pradesh,Gandhi Sagar WLS,Wildlife Sanctuary,Final,2016-12-14,"155. S. O. 4029 (E) [14.12.2016] Final Notification declaring Eco Sensitive Zone around Gandhi Sagar WLS(1.28 MB), Madhya Pradesh.",https://moef.gov.in/uploads/2017/06/Gandhi%20Sagar%20Wildlife%20Sanctuary%20%2C%20Madhya%20Pradesh.pdf,[],20/12/2016,S. O. 4029 (E),Q5520717,exact
,Madhya Pradesh,Gandhi Sagar Wildlife Sanctuary,Wildlife Sanctuary,Amendment,2024-09-13,"S .O. No. 3943(E) [13.09.2024] Amendment in the Final Notification of Eco-sensitive Zone around Gandhi Sagar Wildlife Sanctuary (1.76 MB), Madhya Pradesh.",https://moef.gov.in/uploads/pdf/gandhi-sagar-amendment.pdf,[],,S .O. No. 3943(E),Q5520717,exact
208,Madhya Pradesh,Ghatigoan Hukna Wildlife Sanctuary,Wildlife Sanctuary,Draft,2015-10-05,"208. S.O. 2700 [05.10.2015] Draft ESZ Notification on Ghatigoan Hukna Wildlife Sanctuary(1.96 MB), Madhya Pradesh & Map(313.59 KB)",https://moef.gov.in/uploads/2019/10/S.O.-2700-05.10.2015-Draft-ESZ-Notification-on-Ghatigoan-Hukna-Wildlife-Sanctuary-Madhya-Pradesh.pdf,[],02/11/2015,S.O. 2700,,none
156,Madhya Pradesh,Ghatigaon Hukna Wildlife Sanctuary,Wildlife Sanctuary,Final,2016-12-14,"156. S.O. 4031 (E) [ 14.12.2016] Final Notification declaring Eco Sensitive Zone around Ghatigaon Hukna Wildlife Sanctuary(2.26 MB), Madhya Pradesh",https://moef.gov.in/uploads/2017/06/Ghatigaon%20Hukna%20Wildlife%20Sanctuary%2C%20Madhya%20Pradesh(1).pdf,[],20/12/2016,S.O. 4031 (E),Q5555916,fuzzy
209,Madhya Pradesh,Satpura Tiger Reserve,Tiger Reserve,Draft,2016-03-02,"209. S.O. 655(E) [02.03.2016] Draft Notification declaring Eco sensitive Zone around Satpura Tiger Reserve(4.8 MB), Madhya Pradesh",https://moef.gov.in/uploads/2017/06/Satpura%20Tiger%20Reserve%2C%20MP.pdf,[],11/03/2015,S.O. 655(E),Q733659,exact
157,Madhya Pradesh,Satpura Tiger Reserve,Tiger Reserve,Final,2017-08-09,"157. S.O. 2538 (E) [09.08.2017] Final Notification Declaring Eco Sensitive Zone around Satpura Tiger Reserve(3.5 MB), Madhya Pradesh",https://moef.gov.in/uploads/2017/06/Satpura%20Tiger%20Reserve%2C%20Madhya%20Pradesh.pdf,[],16/08/2017,S.O. 2538 (E),Q733659,exact
158,Madhya Pradesh,Satpura Tiger Reserve,Tiger Reserve,Final,2021-03-12,"158. S.O. 1192 (E) [12.03.2021] Amendment in final Notification declaring Eco Sensitive Zone around Satpura Tiger Reserve, Panchamri and Bori WLS, in the State of Madhya Pradesh(2.04 MB)",https://moef.gov.in/uploads/2021/03/satpura-amendment.pdf,[],15/03/2021,S.O. 1192 (E),Q733659,exact
210,Madhya Pradesh,Dinosaur National Park,National Park,Draft,2016-03-02,"210. S.O.658 (E) [02.03.2016] Draft Notification declaring Eco sensitive Zone around Dinosaur National Park(2.18 MB), Madhya Pradesh",https://moef.gov.in/uploads/2017/06/Dinosaur%20National%20Park%20%2C%20MP.pdf,[],11/03/2015,S.O.658 (E),Q135111713,fuzzy
159,Madhya Pradesh,Dinosaur National Park,National Park,Final,2017-08-17,"159. S.O. 2669 [17.08.2017] Final Notification declaring Eco Sensitive Zone around Dinosaur National Park(2.4 MB), Madhya Pradesh",https://moef.gov.in/uploads/2017/06/Dinosaur%20National%20Park%2C%20Madhya%20Pradesh.pdf,[],23/08/2017,S.O. 2669,Q135111713,fuzzy
211,Madhya Pradesh,Sailana Wildlife Sanctuary,Wildlife Sanctuary,Draft,2016-03-29,"211. S.O. 1245(E) [29.03.2016] Draft Notification declaring Eco sensitive Zone around Sailana Wildlife Sanctuary(562.03 KB), Madhya Pradesh",https://moef.gov.in/uploads/2017/06/Sailana%20Wildlife%20Sanctuary%2C%20MP.pdf,[],05/04/2016,S.O. 1245(E),,none
160,Madhya Pradesh,Sailana Wildlife Sanctuary,Wildlife Sanctuary,Final,2020-10-08,"160. S.O. 3496(E) [ 08.10.2020] Final Notification declaring Eco Sensitive Zone around Sailana Wildlife Sanctuary (2.4 MB), Madhya Pradesh",https://moef.gov.in/uploads/2020/10/sailana.pdf,[],12/10/2020,S.O. 3496(E),,none
212,Madhya Pradesh,Bandhavgarh National Park,National Park,Draft,2016-03-29,"212. S.O. 1244(E) [29.03.2016] Draft Notification declaring Eco sensitive Zone around Bandhavgarh National Park and Panpatha Wildlife Sanctuary(1.19 MB), Madhya Pradesh",https://moef.gov.in/uploads/2017/06/Bandhavgarh%20National%20Park%20and%20Panpatha%20Wildlife%20Sanctuary%2C%20MP.pdf,[],05/04/2016,S.O. 1244(E),Q806310,exact
212,Madhya Pradesh,Panpatha Wildlife Sanctuary,Wildlife Sanctuary,Draft,2016-03-29,"212. S.O. 1244(E) [29.03.2016] Draft Notification declaring Eco sensitive Zone around Bandhavgarh National Park and Panpatha Wildlife Sanctuary(1.19 MB), Madhya Pradesh",https://moef.gov.in/uploads/2017/06/Bandhavgarh%20National%20Park%20and%20Panpatha%20Wildlife%20Sanctuary%2C%20MP.pdf,[],05/04/2016,S.O. 1244(E),Q135483626,exact
161,Madhya Pradesh,Bandhavgarh National Park,National Park,Final,2016-12-14,"161. S.O. 4027 (E) [ 14.12.2016] Final Notification declaring Eco Sensitive Zone around Bandhavgarh National Park and Panpatha Wildlife Sanctuary(1.66 MB), Madhya Pradesh",https://moef.gov.in/uploads/2017/06/Bandhavgarh%20National%20Park%2C%20Madhya%20Pradesh_0.pdf,[],20/12/2016,S.O. 4027 (E),Q806310,exact
161,Madhya Pradesh,Panpatha Wildlife Sanctuary,Wildlife Sanctuary,Final,2016-12-14,"161. S.O. 4027 (E) [ 14.12.2016] Final Notification declaring Eco Sensitive Zone around Bandhavgarh National Park and Panpatha Wildlife Sanctuary(1.66 MB), Madhya Pradesh",https://moef.gov.in/uploads/2017/06/Bandhavgarh%20National%20Park%2C%20Madhya%20Pradesh_0.pdf,[],20/12/2016,S.O. 4027 (E),Q135483626,exact
213,Madhya Pradesh,Bagdara Wildlife Sanctuary,Wildlife Sanctuary,Draft,2016-03-31,"213. S.O.1272(E) [31.03.2016] Draft Notification declaring Eco sensitive Zone around Bagdara Wildlife Sanctuary(1.03 MB), Madhya Pradesh",https://moef.gov.in/uploads/2017/06/Bagdara.pdf,[],11/04/2016,S.O.1272(E),Q131995100,exact
162,Madhya Pradesh,Bagdara Wildlife Sanctuary,Wildlife Sanctuary,Final,2017-09-13,"162. S.O. 3028 (E) [13.09.2017] Final Notification declaring Eco Sensitive Zone around Bagdara Wildlife Sanctuary,(2.59 MB) Madhya Pradesh",https://moef.gov.in/uploads/2017/06/Bagdara%20Wildlife%20Sanctuary%2C%20MP%20Final.pdf,[],19/09/2017,S.O. 3028 (E),Q131995100,exact
214,Madhya Pradesh,Ghughua Fossil National Park,National Park,Draft,2016-03-31,"214. S.O.1271(E) [31.03.2016] Draft Notification declaring Eco sensitive Zone around Ghughua Fossil National Park(272.19 KB), Madhya Pradesh",https://moef.gov.in/uploads/2017/06/Ghughua%20Fossil%20National%20Park%2C%20MP.pdf,[],11/04/2016,S.O.1271(E),Q5557523,fuzzy
163,Madhya Pradesh,Ghughua Fossil National Park,National Park,Final,2017-09-18,"163. S.O. 3064 (E) [18.09.2017] Final Notification declaring Eco Sensitive Zone around Ghughua Fossil National Park(1.63 MB), Madhya Pradesh",https://moef.gov.in/uploads/2017/06/Ghughua%20Fossil%20National%20Park%2C%20MP%20Final.pdf,[],23/08/2024,S.O. 3064 (E),Q5557523,fuzzy
,Madhya Pradesh,Ghugua Fossil National Park,National Park,Amendment,2024-08-21,"S .O. No. 3549(E) [21.08.2024] Amendment in the Final Notification of Eco-sensitive Zone around Ghugua Fossil National Park(1.73 MB), Madhya Pradesh",https://moef.gov.in/uploads/pdf/ghugua_amendment.pdf,[],,S .O. No. 3549(E),,none
164,Madhya Pradesh,Ghuga Fossil National Park,National Park,Draft,2020-07-24,"164. S.O. 2436(E) [24.07.2020] Final Amendment declaring Eco Sensitive Zone around Ghuga Fossil National Park (2.59 MB),Madhya Pradesh",https://moef.gov.in/uploads/2019/10/amendment-ghuga.pdf,[],28/07/2020,S.O. 2436(E),,none
215,Madhya Pradesh,Ken Garial Wildlife Sanctuary,Wildlife Sanctuary,Draft,2016-03-31,"215. S.O.1273(E) [31.03.2016] Draft Notification declaring Eco sensitive Zone around Ken Garial Wildlife Sanctuary(1.14 MB), Madhya Pradesh",https://moef.gov.in/uploads/2017/06/Ken%20Garial%20Wildlife%20Sanctuary%2C%20MP.pdf,[],11/04/2016,S.O.1273(E),Q65090978,fuzzy
165,Madhya Pradesh,Ken Garial Wildlife Sanctuary,Wildlife Sanctuary,Final,2017-09-21,"165. S.O. 3082 (E) [21.09.2017] Final Notification declaring Eco Sensitive Zone around Ken Garial Wildlife Sanctuary,(2.89 MB) Madhya Pradesh",https://moef.gov.in/uploads/2017/06/Ken%20Garial%20Wildlife%20Sanctuary%2C%20Madhya%20Pradesh%20Final%20(1).pdf,[],29/09/2017,S.O. 3082 (E),Q65090978,fuzzy
216,Madhya Pradesh,Madhav National Park,National Park,Draft,2016-03-31,"216. S.O. 1270(E) [31.03.2016] Draft Notification declaring Eco sensitive Zone around Madhav National Park(608.42 KB), Madhya Pradesh",https://moef.gov.in/uploads/2017/06/Madhav%20National%20Park%2C%20MP.pdf,[],11/04/2016,S.O. 1270(E),Q2604975,exact
166,Madhya Pradesh,Madhav National Park,National Park,Final,2017-09-13,"166. S.O. 3027 (E) [13.09.2017] Final Notification declaring Eco Sensitive Zone around Madhav National Park(3.18 MB), Madhya Pradesh",https://moef.gov.in/uploads/2017/06/Madhav%20National%20Park%20MP%20Final.pdf,[],19/09/2017,S.O. 3027 (E),Q2604975,exact
217,Madhya Pradesh,Sanjay National Park,National Park,Draft,2016-03-31,"217. S.O. 1277(E) [31.03.2016] Draft Notification declaring Eco sensitive Zone around Sanjay National Park and Sanjay Dubari Wildlife Sanctuary(3.23 MB), Madhya Pradesh",https://moef.gov.in/uploads/2017/06/Sanjay%20National%20Park%20and%20Sanjay%20Dubari%20Wildlife%20Sanctuary%2C%20MP.pdf,[],11/04/2016,S.O. 1277(E),Q3092341,exact
217,Madhya Pradesh,Sanjay Dubari Wildlife Sanctuary,Wildlife Sanctuary,Draft,2016-03-31,"217. S.O. 1277(E) [31.03.2016] Draft Notification declaring Eco sensitive Zone around Sanjay National Park and Sanjay Dubari Wildlife Sanctuary(3.23 MB), Madhya Pradesh",https://moef.gov.in/uploads/2017/06/Sanjay%20National%20Park%20and%20Sanjay%20Dubari%20Wildlife%20Sanctuary%2C%20MP.pdf,[],11/04/2016,S.O. 1277(E),,none
167,Madhya Pradesh,Sanjay National Park,National Park,Final,2017-08-29,"167. S.O. 2811 [29.08.2017] Final Notification declaring Eco Sensitive Zone around Sanjay National Park and Sanjay Dubri Wildlife Sanctuary,(2.7 MB) Madhya Pradesh",https://moef.gov.in/uploads/2017/06/Sanjay%20Dubri%20Tiger%20Reserve%20MP%20Final.pdf,[],24/12/2024,S.O. 2811,Q3092341,exact
167,Madhya Pradesh,Sanjay Dubari Wildlife Sanctuary,Wildlife Sanctuary,Final,2017-08-29,"167. S.O. 2811 [29.08.2017] Final Notification declaring Eco Sensitive Zone around Sanjay National Park and Sanjay Dubri Wildlife Sanctuary,(2.7 MB) Madhya Pradesh",https://moef.gov.in/uploads/2017/06/Sanjay%20Dubri%20Tiger%20Reserve%20MP%20Final.pdf,[],24/12/2024,S.O. 2811,,none
,Madhya Pradesh,Sanjay National Park,National Park,Amendment,2024-12-18,"S .O. No. 5468(E) [18.12.2024] Amendment in the Final Notification of Eco-sensitive Zone around Sanjay National Park and Sanjay Dubri Wildlife Sanctuary,(1.7 MB) Madhya Pradesh",https://moef.gov.in/uploads/pdf-uploads/pdf_6778fbc16e9074.75995299.pdf,[],,S .O. No. 5468(E),Q3092341,exact
,Madhya Pradesh,Sanjay Dubari Wildlife Sanctuary,Wildlife Sanctuary,Amendment,2024-12-18,"S .O. No. 5468(E) [18.12.2024] Amendment in the Final Notification of Eco-sensitive Zone around Sanjay National Park and Sanjay Dubri Wildlife Sanctuary,(1.7 MB) Madhya Pradesh",https://moef.gov.in/uploads/pdf-uploads/pdf_6778fbc16e9074.75995299.pdf,[],,S .O. No. 5468(E),,none
218,Madhya Pradesh,Karera Wildlife Sanctuary Madhya Pradesh,Wildlife Sanctuary,Draft,2016-05-19,"218. S.O. 1825(E) [19.05.2016] Draft Notification declaring Eco Sensitive Zone around Karera Wildlife Sanctuary, Madhya Pradesh(1.3 MB)",https://moef.gov.in/uploads/2017/06/Karera%20Wildlife%20Sanctuary%2C%20MP.pdf,[],01/06/2016,S.O. 1825(E),Q17064063,exact
168,Madhya Pradesh,Karera Wildlife Sanctuary,Wildlife Sanctuary,Final,2017-09-18,"168. S.O. 3063 (E) [18.09.2017] Final Notification declaring Eco Sensitive Zone around Karera Wildlife Sanctuary, (1.67 MB)Madhya Pradesh",https://moef.gov.in/uploads/2017/06/Karera%20Wildlife%20Sanctuary%2C%20MP%20Final.pdf,[],20/09/2017,S.O. 3063 (E),Q17064063,exact
219,Madhya Pradesh,Nauradehi Wildlife Sanctuary,Wildlife Sanctuary,Draft,2016-06-03,"219. S.O. 1972(E) [03.06.2016] Draft Notification declaring Eco Sensitive Zone around Nauradehi Wildlife Sanctuary(1.6 MB), Madhya Pradesh",https://moef.gov.in/uploads/2017/06/Nauradehi%20Wildlife%20Sanctuary%2C%20Madhya%20Pradesh.pdf,[],09/06/2016,S.O. 1972(E),Q7050184,exact
169,Madhya Pradesh,Nauradehi Wildlife Sanctuary,Wildlife Sanctuary,Final,2017-09-27,"169. S.O. 3133 (E) [27.09.2017] Final Notification declaring Eco Sensitive Zone around Nauradehi Wildlife Sanctuary,(4.61 MB) Madhya Pradesh",https://moef.gov.in/uploads/2017/06/Nauradehi%20Wildlife%20Sanctuary%2C%20Madhya%20Pradesh_0.pdf,[],05/10/2017,S.O. 3133 (E),Q7050184,exact
220,Madhya Pradesh,Ratapani Wildlife Sanctuary,Wildlife Sanctuary,Draft,2016-12-21,"220. S.O. 4109 (E) [21.12.2016] Draft Notification declaring Eco Sensitive Zone around Ratapani and Singhori Wildlife Sanctuary(1008.42 KB), Madhya Pradesh",https://moef.gov.in/uploads/2017/06/Ratapani%20and%20Singhori%20Wildlife%20Sanctuary%2C%20Madhya%20Pradesh.pdf,[],22/12/2016,S.O. 4109 (E),Q7295480,exact
220,Madhya Pradesh,Singhori Wildlife Sanctuary,Wildlife Sanctuary,Draft,2016-12-21,"220. S.O. 4109 (E) [21.12.2016] Draft Notification declaring Eco Sensitive Zone around Ratapani and Singhori Wildlife Sanctuary(1008.42 KB), Madhya Pradesh",https://moef.gov.in/uploads/2017/06/Ratapani%20and%20Singhori%20Wildlife%20Sanctuary%2C%20Madhya%20Pradesh.pdf,[],22/12/2016,S.O. 4109 (E),Q136994694,exact
170,Madhya Pradesh,Ratapani WLS,Wildlife Sanctuary,Final,2017-08-11,"170. S.O. 2605 (E) [11.08.2017] Final Notification declaring Eco Sensitive Zone around Ratapani and Singhori WLS(1.98 MB), Madhya Pradesh",https://moef.gov.in/uploads/2017/06/Ratapani%20and%20Singhori%20WLS%20Final%2C%20Madhya%20Pradesh.pdf,[],21/8/2017,S.O. 2605 (E),Q7295480,exact
170,Madhya Pradesh,Singhori WLS,Wildlife Sanctuary,Final,2017-08-11,"170. S.O. 2605 (E) [11.08.2017] Final Notification declaring Eco Sensitive Zone around Ratapani and Singhori WLS(1.98 MB), Madhya Pradesh",https://moef.gov.in/uploads/2017/06/Ratapani%20and%20Singhori%20WLS%20Final%2C%20Madhya%20Pradesh.pdf,[],21/8/2017,S.O. 2605 (E),Q136994694,exact
221,Madhya Pradesh,Van Vihar National Park,National Park,Draft,2017-01-19,"221. S.O. 184 (E) [19.01.2017] Draft Notification declaring Eco Sensitive Zone around Van Vihar National Park, (1.63 MB)Madhya Pradesh",https://moef.gov.in/uploads/2017/06/Van%20Vihar%20National%20Park%2C%20Madhya%20Pradesh.pdf,[],25/01/2017,S.O. 184 (E),Q3092357,exact
171,Madhya Pradesh,Van Vihar National Park,National Park,Final,2017-11-29,"171. S.O. 3777(E) [29.11.2017] Final Notification declaring Eco Sensitive Zone around Van Vihar National Park,(3.67 MB) Madhya Pradesh.",https://moef.gov.in/uploads/2017/06/van%20vihar%20(2).pdf,[],13/12/2017,S.O. 3777(E),Q3092357,exact
,Madhya Pradesh,Van Vihar Wildlife Sanctuary,Wildlife Sanctuary,Amendment,2023-07-14,"S.O. No. 3142(E) [14.07.2023] Amendment in the Final Notification of Eco-sensitive Zone around Van Vihar Wildlife Sanctuary (1,156 KB), in the state of Rajasthan",https://moef.gov.in/uploads/2023/11/ESZ-Amendment-Van-Vihar-Wildlife-Sanctuary-Rajasthan.pdf,[],05/12/2023,S.O. No. 3142(E),Q3092357,exact
222,Madhya Pradesh,Veerangana Durgawati WLS,Wildlife Sanctuary,Draft,2017-02-14,"222. S. O. 437 [14.02.2017] Draft Notification declaring Eco Sensitive Zone around Veerangana Durgawati WLS(2.04 MB), Madhya Pradesh",https://moef.gov.in/uploads/2017/06/Veerangana%20Durgawati%20Wildlife%20Sanctuary%2C%20MP_0.pdf,[],20/02/2017,S. O. 437,Q48731965,fuzzy
223,Madhya Pradesh,Veerangana Durgawati WLS,Wildlife Sanctuary,Draft,2021-03-12,"223. S.O. 1197(E) [12.03.2021] Draft Notification declaring Eco Sensitive Zone around Veerangana Durgawati WLS, (3.5 MB), Madhya Pradesh",https://moef.gov.in/uploads/2021/03/veerangana-durgawati.pdf,[],15/03/2021,S.O. 1197(E),Q48731965,fuzzy
172,Madhya Pradesh,Veerangana Durgawati WLS,Wildlife Sanctuary,Final,2021-11-08,"172. S.O.4617(E) [08.11.2021] Final Notification declaring Eco Sensitive Zone around Veerangana Durgawati WLS, (2.04 MB), Madhya Pradesh",https://moef.gov.in/uploads/2020/08/veerangana-durgawati-1.pdf,[],13/11/2021,S.O.4617(E),Q48731965,fuzzy
224,Madhya Pradesh,Narsinghgarh Wildlife Sanctuary,Wildlife Sanctuary,Draft,2017-04-26,"224. S.O. 1308 (E) [26.04.2017] Draft Notification declaring Eco sensitive Zone around Narsinghgarh Wildlife Sanctuary,(911.04 KB) Madhya Pradesh",https://moef.gov.in/uploads/2017/06/Narsinghgarh%20Wildlife%20Sanctuary%2C%20Madhya%20Pradesh.pdf,[],05/05/2017,S.O. 1308 (E),Q135404149,exact
173,Madhya Pradesh,Narsinghgarh Wildlife Sanctuary,Wildlife Sanctuary,Final,2018-07-27,"173. S.O. 3689(E) [27.07.2018] Final Notification declaring Eco Sensitive Zone around Narsinghgarh Wildlife Sanctuary,(2.92 MB) Madhya Pradesh.",https://moef.gov.in/uploads/2017/06/Narsinghgarh.pdf,[],06/08/2018,S.O. 3689(E),Q135404149,exact
225,Madhya Pradesh,Orchha Wildlife Sanctuary,Wildlife Sanctuary,Draft,2017-05-26,"225. S.O. 1700 (E) [26.05.2017] Draft Notification declaring Eco-sensitive Zone around Orchha Wildlife Sanctuary,(1.61 MB) Madhya Pradesh.",https://moef.gov.in/uploads/2017/06/Orchha%20Wildlife%20Sanctuary%2C%20MP%2C%20Draft%20Notification_0.pdf,[],01/06/2017,S.O. 1700 (E),Q132068974,exact
174,Madhya Pradesh,Orchha Wildlife Sanctuary,Wildlife Sanctuary,Final,2018-01-03,"174. S.O. 35(E) [03.01.2018] Final Notification declaring Eco Sensitive Zone around Orchha Wildlife Sanctuary(2.98 MB), Madhya Pradesh.",https://moef.gov.in/uploads/2017/06/orchha.pdf,[],15/01/2018,S.O. 35(E),Q132068974,exact
226,Madhya Pradesh,Kheoni Wildlife Sanctuary,Wildlife Sanctuary,Draft,2017-10-16,"226. S.O. 3345(E) [16.10.2017] Draft Notification declaring Eco Sensitive Zone around Kheoni Wildlife Sanctuary(2.57 MB), Madhya Pradesh",https://moef.gov.in/uploads/2017/06/kheoni%20WLS_0.pdf,[],,S.O. 3345(E),Q55615923,exact
175,Madhya Pradesh,Kheoni Wildlife Sanctuary,Wildlife Sanctuary,Final,2018-05-14,"175. S.O. 1902(E) [14.05.2018] Final Notification declaring Eco Sensitive Zone around Kheoni Wildlife Sanctuary(2.6 MB), Madhya Pradesh",https://moef.gov.in/uploads/2018/05/kheoni.pdf,[],16/05/2018,S.O. 1902(E),Q55615923,exact
227,Madhya Pradesh,Kunopalpur Wildlife Sanctuary,Wildlife Sanctuary,Draft,2017-11-10,"227. S.O. 3576(E) [10.11.2017] Draft Notification declaring Eco Sensitive Zone around Kunopalpur Wildlife Sanctuary(3 MB), Madhya Pradesh.",https://moef.gov.in/uploads/2017/06/kulopalpur.pdf,[],15/11/2017,S.O. 3576(E),,none
227,Madhya Pradesh,Kuno National Park,National Park,Draft,2022-05-04,"227. S.O. 2078(E) [04.05.2022] Re-Draft Notification declaring Eco Sensitive Zone aroundKuno National Park, (3 MB), in the state of Madhya Pradesh.Re-Notification New",https://moef.gov.in/uploads/2021/08/Published-Draft-Notification-S-O-2078.pdf,[],04/05/2022,S.O. 2078(E),Q1143016,exact
228,Madhya Pradesh,Pench NP Pench Mougali Sanctuary,National Park,Draft,2018-05-22,"228. .S.O. 2030(E) [22.05.2018] Draft Notification declaring Eco Sensitive Zone around Pench NP & Pench Mougali Sanctuary(3.06 MB), Madhya Pradesh.",https://moef.gov.in/uploads/2018/05/pench.pdf,[],24/05/2018,S.O. 2030(E),,none
176,Madhya Pradesh,National Park Pench Mougali Sanctuary,National Park,Final,2019-11-06,"176. S.O. 4009(E) [06.11.2019] Final Notification declaring Eco Sensitive Zone around Pench National Park & Pench Mougali Sanctuary(2.06 MB) (Pench Tiger Reserve), Madhya Pradesh.",https://moef.gov.in/uploads/2019/10/pench.pdf,[],13/11/2019,S.O. 4009(E),,none
229,Madhya Pradesh,Kanha National Park Phen Sanctuary,National Park,Draft,2018-11-05,"229. .S.O. 5647(E) [05.11.2018] Draft Notification declaring Eco Sensitive Zone around Kanha National Park & Phen Sanctuary,(1.96 MB) Madhya Pradesh.",https://moef.gov.in/uploads/2018/11/kanha.pdf,[],13/11/2018,S.O. 5647(E),Q1480481,fuzzy
177,Madhya Pradesh,Kanha National Park Phen Sanctuary,National Park,Final,2021-03-12,177. S.O.1198(E) [12.03.2021] Final Notification declaring Eco Sensitive Zone around Kanha NP and Phen Sanctuary(1.96 MB) Madhya Pradesh.,https://moef.gov.in/uploads/2021/03/kanha.pdf,[],15/03/2021,S.O.1198(E),Q1480481,fuzzy
229,Madhya Pradesh,Kanha National Park,National Park,Draft,2020-07-24,"229. S.O. 2438(E) [24.07.2020] Draft Notification declaring Eco Sensitive Zone around Kanha National Park and Phen Sanctuary(3.96 MB),Madhya Pradesh Re-Notification New.",https://moef.gov.in/uploads/2019/10/kanha.pdf,[],28/07/2020,S.O. 2438(E),Q1480481,exact
229,Madhya Pradesh,Phen Sanctuary,Wildlife Sanctuary,Draft,2020-07-24,"229. S.O. 2438(E) [24.07.2020] Draft Notification declaring Eco Sensitive Zone around Kanha National Park and Phen Sanctuary(3.96 MB),Madhya Pradesh Re-Notification New.",https://moef.gov.in/uploads/2019/10/kanha.pdf,[],28/07/2020,S.O. 2438(E),Q137691018,exact
178,Madhya Pradesh,Kanha NP & Phen Sanctuary,National Park,Final,2021-09-09,"178. S.O. 3653(E) [09.09.2021] Amendment in Notification declaring Eco Sensitive Zone around Kanha NP & Phen Sanctuary, in the State of Madhya Pradesh.(1.96 MB) Madhya Pradesh.",https://moef.gov.in/uploads/2020/08/document64.pdf,[],10/09/2021,S.O. 3653(E),,none
230,Madhya Pradesh,National Chambal Santuary,National Park,Draft,2019-06-11,"230. .S.O. 1944(E) [11.06.2019] Draft Notification declaring Eco Sensitive Zone around National Chambal Santuary(1.22 MB), Madhya Pradesh",https://moef.gov.in/uploads/2019/06/national-chambal.pdf,[],18/06/2019,S.O. 1944(E),Q6971439,exact
179,Madhya Pradesh,Chambal Sanctuary,Wildlife Sanctuary,Final,2020-02-21,"179. S.O. 796(E) [21.02.2020] Final Notification declaring Eco Sensitive Zone around National Chambal Sanctuary(1.92 MB), Madhya Pradesh.",https://moef.gov.in/uploads/2019/10/national-chambal.pdf,[],02/03/2020,S.O. 796(E),,none
231,Madhya Pradesh,Kharmor (Sardarpur) Santuary,Wildlife Sanctuary,Draft,2019-10-10,"231. S.O. 3648(E) [10.10.2019] Draft Notification declaring Eco Sensitive Zone around Kharmor (Sardarpur) Santuary(1.36 MB), Madhya Pradesh.",https://moef.gov.in/uploads/2018/12/kharmor.pdf,[],16/10/2019,S.O. 3648(E),Q136994418,fuzzy
180,Madhya Pradesh,Kharmor (Sardarpur) Santuary,Wildlife Sanctuary,Final,2020-08-28,"180. S.O. 2935(E) [ 28.08.2020] Final Notification declaring Eco Sensitive Zone around Kharmor (Sardarpur) Sanctuary(5.96 MB), Madhya Pradesh",,[],31/08/2020,S.O. 2935(E),Q136994418,fuzzy
232,Madhya Pradesh,Sailana Wildlife Sanctuary,Wildlife Sanctuary,Draft,2020-03-20,"232. S.O. 1193(E) [20.03.2020] Draft Notification declaring Eco Sensitive Zone around Ralamandal Wildlife Sanctuary (1.55 MB), Madhya Pradesh",https://moef.gov.in/uploads/2020/08/ralamandal.pdf,[],13/11/2021,S.O. 1193(E),,none
181,Madhya Pradesh,Ralamandal Wildlife Sanctuary,Wildlife Sanctuary,Final,2023-11-02,"181. S.O. 4799(E) [02.11.2023] Final Notification declaring Eco Sensitive Zone around Ralamandal Wildlife Sanctuary(2.12 MB), Madhya Pradesh",https://moef.gov.in/uploads/2023/11/SO4799(E)-ESZ-Notification-ralamandal.pdf,[],02/11/2023,S.O. 4799(E),Q65041648,exact
233,Madhya Pradesh,Sailana Wildlife Sanctuary,Wildlife Sanctuary,Draft,2021-11-08,"233. S.O. 4616(E) [08.11.2021] Draft Notification declaring Eco Sensitive Zone around Sailana Wildlife Sanctuary (1.55 MB), Madhya Pradesh",,[],14/04/2020,S.O. 4616(E),,none
233,Madhya Pradesh,Panna National Park & Gangau Sanctuary,National Park,Draft,2023-09-13,"233. S.O. 4036(E) [13.09.2023] Re-Draft Notification declaring Eco Sensitive Zone around Panna National Park & Gangau Sanctuary, (1,824 KB) in the state of Madhya PradeshRe-notification New",https://moef.gov.in/uploads/2023/11/ESZ-ReDraft-Panna-National-Park-Gangau-Sanctuary-Madhya-Pradesh.pdf,[],13/09/2023,S.O. 4036(E),,none
234,Maharashtra,Nagazira Wildlife Sanctuary,Wildlife Sanctuary,Draft,2015-02-20,"234. S.O. 590 [20.02.2015] Draft ESZ Notification on Nagazira Wildlife Sanctuary(2.61 MB), Navegaon WLS and Navegaon National Park, Maharashtra & Map(327.76 KB)",https://moef.gov.in/uploads/2019/10/S.O.-590-20.02.2015-Draft-ESZ-Notification-on-Nagazira-Wildlife-Sanctuary-Navegaon-WLS-and-Navegaon-National-Park-Maharashtra.pdf,[],11/04/2015,S.O. 590,Q6959133,fuzzy
182,Maharashtra,Nagzira Wildlife Sanctuary,Wildlife Sanctuary,Final,2023-09-20,"182. S.O. 4132(E) [20.09.2023] Final Notification declaring Eco sensitive Zone around Nagzira WildlifeSanctuary, New Nagzira Wildlife Sanctuary, Koka Wildlife Sanctuary, Navegaon Wildlife Sanctuary and Navegaon National Park(2.67 MB), Maharashtra",https://moef.gov.in/uploads/2023/11/SO4132(E)-Final-notification-nagzira.pdf,[],25/11/2023,S.O. 4132(E),Q6959133,exact
182,Maharashtra,New Nagzira Wildlife Sanctuary,Wildlife Sanctuary,Final,2023-09-20,"182. S.O. 4132(E) [20.09.2023] Final Notification declaring Eco sensitive Zone around Nagzira WildlifeSanctuary, New Nagzira Wildlife Sanctuary, Koka Wildlife Sanctuary, Navegaon Wildlife Sanctuary and Navegaon National Park(2.67 MB), Maharashtra",https://moef.gov.in/uploads/2023/11/SO4132(E)-Final-notification-nagzira.pdf,[],25/11/2023,S.O. 4132(E),Q6959133,fuzzy
182,Maharashtra,Koka Wildlife Sanctuary,Wildlife Sanctuary,Final,2023-09-20,"182. S.O. 4132(E) [20.09.2023] Final Notification declaring Eco sensitive Zone around Nagzira WildlifeSanctuary, New Nagzira Wildlife Sanctuary, Koka Wildlife Sanctuary, Navegaon Wildlife Sanctuary and Navegaon National Park(2.67 MB), Maharashtra",https://moef.gov.in/uploads/2023/11/SO4132(E)-Final-notification-nagzira.pdf,[],25/11/2023,S.O. 4132(E),Q107283783,exact
182,Maharashtra,Navegaon Wildlife Sanctuary,Wildlife Sanctuary,Final,2023-09-20,"182. S.O. 4132(E) [20.09.2023] Final Notification declaring Eco sensitive Zone around Nagzira WildlifeSanctuary, New Nagzira Wildlife Sanctuary, Koka Wildlife Sanctuary, Navegaon Wildlife Sanctuary and Navegaon National Park(2.67 MB), Maharashtra",https://moef.gov.in/uploads/2023/11/SO4132(E)-Final-notification-nagzira.pdf,[],25/11/2023,S.O. 4132(E),Q763034,exact
182,Maharashtra,Navegaon National Park,National Park,Final,2023-09-20,"182. S.O. 4132(E) [20.09.2023] Final Notification declaring Eco sensitive Zone around Nagzira WildlifeSanctuary, New Nagzira Wildlife Sanctuary, Koka Wildlife Sanctuary, Navegaon Wildlife Sanctuary and Navegaon National Park(2.67 MB), Maharashtra",https://moef.gov.in/uploads/2023/11/SO4132(E)-Final-notification-nagzira.pdf,[],25/11/2023,S.O. 4132(E),Q763034,exact
235,Maharashtra,Map,Wildlife Sanctuary,Draft,2015-06-01,"235. .S.O. 1448 [01.06.2015] Draft ESZ Notification on Painganga Wildlife Sanctuary(12.95 MB), Maharashtra & Map(205.72 KB)",https://moef.gov.in/uploads/2017/06/S.O.%201448%20%5B01.06.2015%5D%20Draft%20ESZ%20Notification%20on%20Painganga%20Wildlife%20Sanctuary%2C%20Maharashtra.pdf,[],11/09/2015,S.O. 1448,,none
183,Maharashtra,Painganga Wildlife Sanctuary,Wildlife Sanctuary,Final,2016-11-30,"183. S.O. 3595(E) [30.11.2016] Final Notification declaring Eco Sensitive Zone around Painganga Wildlife Sanctuary(1.95 MB), Maharashtra.",https://moef.gov.in/uploads/2017/06/Painganga%20Wildlife%20Sanctuary%2C%20Maharashtra%20Final05-12-2016.pdf,[],23/08/2024,S.O. 3595(E),Q113396038,exact
,Maharashtra,Painganga Wildlife Sanctuary,Wildlife Sanctuary,Amendment,2024-08-13,"S .O. No. 3456(E) [13.08.2024] Amendment in the Final Notification of Eco-sensitive Zone around Painganga Wildlife Sanctuary(1.95 MB), Maharashtra.",https://moef.gov.in/uploads/pdf/painganga_amendment.pdf,[],,S .O. No. 3456(E),Q113396038,exact
236,Maharashtra,Gautala Wildlife Sanctuary,Wildlife Sanctuary,Draft,2015-06-12,"236. .S.O. 1558 [12.06.2015] Draft ESZ Notification on Gautala Wildlife Sanctuary(6.9 MB), Maharashtra & Map(327.07 KB)",https://moef.gov.in/uploads/2019/10/S.O.-1558-12.06.2015-Draft-ESZ-Notification-on-Gautala-Wildlife-Sanctuary-Maharashtra-1.pdf,[],21/09/2015,S.O. 1558,,none
184,Maharashtra,Gautala Autramghat Wildlife Sanctuary,Wildlife Sanctuary,Final,2016-12-09,"184. S.O. 3996 [09.12.2016] Final Notification declaring Eco Sensitive Zone around Gautala Autramghat Wildlife Sanctuary(1.56 MB), Maharashtra.",https://moef.gov.in/uploads/2017/06/Gautala%20Autramghat%20Wildlife%20Sanctuary%2C%20Maharashtra.pdf,[],13/12/2016,S.O. 3996,Q5527862,exact
,Maharashtra,Gautala Autramghat Wildlife Sanctuary,Wildlife Sanctuary,Amendment,2024-09-05,"S .O. No. 3819(E) [05.09.2024] Amendment in the Final Notification of Eco-sensitive Zone around Gautala Autramghat Wildlife Sanctuary (1.74 MB), Maharashtra.",https://moef.gov.in/uploads/pdf/gautala-amendment.pdf,[],,S .O. No. 3819(E),Q5527862,exact
237,Maharashtra,Karnala Bird Sanctuary,Bird Sanctuary,Draft,2015-06-17,"237. S.O. 1658 (E) [17.06.2015] Draft ESZ Notification on Karnala Bird Sanctuary(11.66 MB), Maharashtra & Map(305.59 KB)",https://moef.gov.in/uploads/2017/06/S.O.%201658%20(E)%20%5B17.06.2015%5D%20Draft%20ESZ%20Notification%20on%20Karnala%20Bird%20Sanctuary%2C%20Maharashtra.pdf,[],19/08/2015,S.O. 1658 (E),Q6372818,exact
185,Maharashtra,KARNALA Wildlife Sanctuary,Wildlife Sanctuary,Final,2016-01-22,185. S.O 230(E)[22.01.2016] Notification declaring Eco-sensitive Zone around the KARNALA Wildlife Sanctuary (771.37 KB) in the state of Maharashtra,https://moef.gov.in/uploads/2017/06/SO%20230(E)%5B22.01.2016%5D%20Notification%20declaring%20Eco-sensitive%20Zone%20around%20the%20KARNALA%20Wildlife%20Sanctuary%20%20in%20the%20state%20of%20Maharashtra.pdf,[],24/12/2024,S.O 230(E),Q6372818,exact
,Maharashtra,KARNALA Wildlife Sanctuary,Wildlife Sanctuary,Amendment,2024-12-18,S.O. No. 5471(E) [18.12.2024] Amendment in the Final Notification of Eco-sensitive Zone around the KARNALA Wildlife Sanctuary (1.6 MB) in the state of Maharashtra,https://moef.gov.in/uploads/pdf-uploads/pdf_6778fbdfee56c7.36872714.pdf,[],,S.O. No. 5471(E),Q6372818,exact
238,Maharashtra,Umrer Karhandala Wildlife Sanctuary,Wildlife Sanctuary,Draft,2015-09-17,"238. .S.O. 2544 [17.09.2015] Draft Notification on Umrer Karhandala Wildlife Sanctuary(9.83 MB), Maharashtra & Map(153.91 KB)",https://moef.gov.in/uploads/2017/06/S.O.%202544%20%5B17.09.2015%5D%20Draft%20Notification%20on%20Umrer%20Karhandala%20Wildlife%20Sanctuary%2C%20Maharashtra.pdf,[],06/10/2015,S.O. 2544,Q16902313,fuzzy
186,Maharashtra,Umred Karhandla Wildlife,Wildlife Sanctuary,Final,2017-03-16,"186. S.O. 837 (E) [16.03.2017] Final Notification declaring Eco Sensitive Zone around Umred Karhandla Wildlife(1.57 MB) Sanctuary, Maharashtra.",https://moef.gov.in/uploads/2019/08/Umred-Karhandla-Wildlife-Sanctuary-Maharashtra.pdf,[],21/03/2017,S.O. 837 (E),Q16902313,exact
239,Maharashtra,Gangewadi New Great Indian Bustard Wildlife Sanctuary,Wildlife Sanctuary,Draft,2015-11-05,"239. .S.O. 3014 [05.11.2015] Draft ESZ Notifictaion on Gangewadi New Great Indian Bustard Wildlife Sanctuary(2.94 MB), Maharashtra & Map(142.78 KB)",https://moef.gov.in/uploads/2017/06/S.O.%203014%20%5B05.11.2015%5D%20Draft%20ESZ%20Notifictaion%20on%20Gangewadi%20New%20Great%20Indian%20Bustard%20Wildlife%20Sanctuary%2C%20Maharashtra.pdf,[],,S.O. 3014,Q5599356,fuzzy
187,Maharashtra,Gangewadi New Great Indian Bustard Sanctuary,Wildlife Sanctuary,Final,2017-05-31,"187. S.O. 1752 (E) [31.05.2017] Final Notification declaring Eco Sensitive Zone around Gangewadi New Great Indian Bustard Sanctuary(5.29 MB), Maharashtra",https://moef.gov.in/uploads/2017/06/Gangewadi%20New%20Great%20Indian%20Bustard%20WLS%2C%20Maharashtra(1).pdf,[],08/10/2024,S.O. 1752 (E),Q5599356,fuzzy
,Maharashtra,Gangewadi New Great Indian Bustard Sanctuary,Wildlife Sanctuary,Final,2024-10-03,"S .O. No. 4331(E) [03.10.2024] Final Notification declaring Eco Sensitive Zone around Gangewadi New Great Indian Bustard Sanctuary(1.29 MB), Maharashtra",https://moef.gov.in/uploads/pdf/great_indian_bustard_amendment.pdf,[],,S .O. No. 4331(E),Q5599356,fuzzy
240,Maharashtra,Phansad Wildlife Sanctuary,Wildlife Sanctuary,Draft,2015-11-30,240. .SO 3222(E)[30.11.2015] Draft notification declaring Eco-sensitive Zone around the Phansad Wildlife Sanctuary (1.59 MB)in the state of Maharashtra,https://moef.gov.in/uploads/2017/06/SO%203222(E)%5B30.11.2015%5D%20Draft%20notification%20declaring%20Eco-sensitive%20Zone%20around%20the%20Phansad%20Wildlife%20Sanctuary%20%20in%20the%20state%20of%20Maharashtra.pdf,[],09/12/2015,SO 3222(E),Q7180496,exact
188,Maharashtra,Phansad Wildlife Sanctuary,Wildlife Sanctuary,Final,2017-05-17,"188. S.O. 1603 (E) [17.05.2017] Final Notification Declaring Eco Sensitive Zone around Phansad Wildlife Sanctuary(822.05 KB), Maharashtra",https://moef.gov.in/uploads/2017/06/Phansad%20Wildlife%20Sanctuary%2C%20Maharashtra_0.pdf,[],23/05/2017,S.O. 1603 (E),Q7180496,exact
241,Maharashtra,Bhamragarh Wildlife Sanctuary,Wildlife Sanctuary,Draft,2015-11-23,241. SO 3224(E)[23.11.2015] Draft notification declaring Eco-sensitive Zone around the Bhamragarh Wildlife Sanctuary (1.74 MB)in the state of Maharashtra,https://moef.gov.in/uploads/2017/06/SO%203224(E)%5B23.11.2015%5D%20Draft%20notification%20declaring%20Eco-sensitive%20Zone%20around%20the%20Bhamragarh%20Wildlife%20Sanctuary%20in%20the%20state%20of%20Maharashtra.pdf,[],09/12/2015,SO 3224(E),,none
189,Maharashtra,Bhamragarh Wildlife Sanctuary,Wildlife Sanctuary,Final,2017-04-13,"189. S.O. 1175(E) [13.04.2017] Final Notification Declaring Eco Sensitive Zone around Bhamragarh Wildlife Sanctuary(1.48 MB), Maharashtra",https://moef.gov.in/uploads/2017/06/Bhamragarh%20Wildlife%20Sanctuary%2C%20Maharashtra.pdf,[],01/05/2017,S.O. 1175(E),,none
242,Maharashtra,Yedsi Ramling Wildlife Sanctuary,Wildlife Sanctuary,Draft,2015-11-23,242. SO 3227(E)[23.11.2015] Draft notification declaring Eco-sensitive Zone around the Yedsi Ramling Wildlife Sanctuary (1005.45 KB)in the state of Maharashtra,https://moef.gov.in/uploads/2017/06/SO%203227(E)%5B23.11.2015%5D%20Draft%20notification%20declaring%20Eco-sensitive%20Zone%20around%20the%20Yedsi%20Ramling%20Wildlife%20Sanctuary%20%20in%20the%20state%20of%20Maharashtra.pdf,[],09/12/2015,SO 3227(E),Q107410544,fuzzy
190,Maharashtra,Yedshi Ramling Ghat WLS,Wildlife Sanctuary,Final,2017-05-31,"190. S.O. 1751 (E) [31.05.2017] Final Notification declaring Eco Sensitive Zone around Yedshi Ramling Ghat WLS(2.03 MB), Maharashtra",https://moef.gov.in/uploads/2017/06/Yedshi%20Ramling%20Ghat%20Wildlife%20Sanctuary%2C%20Maharashtra.pdf,[],05/06/2017,S.O. 1751 (E),Q107410544,fuzzy
243,Maharashtra,Aner Dam Wildlife Sanctuary,Wildlife Sanctuary,Draft,2015-11-23,243. SO 3228(E)[23.11.2015] Draft notification declaring Eco-sensitive Zone around the Aner Dam Wildlife Sanctuary (1.8 MB)in the state of Maharashtra,https://moef.gov.in/uploads/2017/06/SO%203228(E)%5B23.11.2015%5D%20Draft%20notification%20declaring%20Eco-sensitive%20Zone%20around%20the%20Aner%20Dam%20Wildlife%20Sanctuary%20in%20the%20state%20of%20Maharashtra.pdf,[],09/12/2015,SO 3228(E),Q107404544,exact
243,Maharashtra,Anerdam WLS,Wildlife Sanctuary,Draft,2018-02-22,"243. S.O. 778(E) [22.02.2018] Draft Notification declaring Eco Sensitive Zone around Anerdam WLS, Maharashtra.(4.96 MB) Re-notification New",https://moef.gov.in/uploads/2019/05/Anerdam.pdf,[],08/03/2018,S.O. 778(E),Q107404544,exact
191,Maharashtra,Anerdam Wildlife Sanctuary,Wildlife Sanctuary,Final,2019-01-03,"191. S.O. 27(E) [03.01.2019] Final Notification declaring Eco Sensitive Zone around Anerdam Wildlife Sanctuary, Maharashtra.(1.55 MB)",https://moef.gov.in/uploads/2019/05/anerdam-1.pdf,[],23/10/2024,S.O. 27(E),Q107404544,exact
,Maharashtra,Anerdam Wildlife Sanctuary,Wildlife Sanctuary,Amendment,2024-10-17,"S .O. No. 4554(E) [17.10.2024] Amendment in the Final Notification of Eco-sensitive Zone around Anerdam Wildlife Sanctuary, Maharashtra.(1.71 MB)",https://moef.gov.in/uploads/pdf/anerdam_amendment.pdf,[],,S .O. No. 4554(E),Q107404544,exact
244,Maharashtra,Dyanganga Wildlife,Wildlife Sanctuary,Draft,2015-11-20,"244. S.O. 3121(E) [20.11.2015] Draft Notification declaring Eco Sensitive Zone around Dyanganga Wildlife Sanctuary(884.89 KB), Maharashtra & Map(167.85 KB)",https://moef.gov.in/uploads/2019/10/Dyanganga-Wildlife-Sanctuary-Maharashtra.pdf,[],05/06/2017,S.O. 3121(E),Q137670177,fuzzy
192,Maharashtra,Dyanganga Wildlife Sanctuary,Wildlife Sanctuary,Final,2017-05-17,"192. S.O. 1604 (E) [17.05.2017] Final Notification declaring Eco-Sensitive Zone around Dyanganga Wildlife Sanctuary(2.19 MB), Maharashtra",https://moef.gov.in/uploads/2017/06/Dyanganga%20Wildlife%20Sanctuary%2C%20Maharashtra.pdf,[],25/05/2017,S.O. 1604 (E),Q137670177,fuzzy
245,Maharashtra,Tadoba-Andhari Tiger Reserve,Tiger Reserve,Draft,2015-04-10,"245. S.O. No 997 [10.04.2015] Tadoba Tiger Reserve and Andheri WLS ESZ Notification(15.55 MB), Maharashtra",https://moef.gov.in/uploads/2017/06/S.O.%20No%20997%20%5B10.04.2015%5D%20Tadoba%20Tiger%20Reserve%20and%20Andheri%20WLS%20ESZ%20Notification%2C%20Maharashtra.pdf,[],,S.O. No 997,Q2639563,exact
193,Maharashtra,Tadoba Tiger National Park Andhari,Tiger Reserve,Final,2019-09-11,"193. S.O. 3249(E) [11.09.2019] Final Notification declaring Eco Sensitive Zone around Tadoba Tiger National Park & Andhari Wildlife Sanctuary(5.96 MB) , Maharashtra",https://moef.gov.in/uploads/2018/12/tadoba-andheri.pdf,[],19/12/2024,S.O. 3249(E),Q2639563,fuzzy
,Maharashtra,Tadoba Tiger National Park Andhari,Tiger Reserve,Amendment,2024-12-16,"S .O. No. 5441(E) [16.12.2024] Amendment in the Final Notification of Eco-sensitive Zone around Tadoba Tiger National Park & Andhari Wildlife Sanctuary(1.77 MB) , Maharashtra",https://moef.gov.in/uploads/pdf-uploads/pdf_6778fa3206c755.61556862.pdf,[],,S .O. No. 5441(E),Q2639563,fuzzy
245,Maharashtra,Tadoba-Andhari Tiger Reserve,Tiger Reserve,Draft,2018-07-13,"245. S.O. 3441(E) [13.07.2018] Draft Notification declaring Eco Sensitive Zone aroundTadoba and Andhari Wildlife Sanctuary, Maharashtra (5.00 MB), Maharashtra.Re-notification New",https://moef.gov.in/uploads/2018/12/Tadoba-and-Andhari.pdf,[],,S.O. 3441(E),Q2639563,exact
246,Maharashtra,Sagareshwar WLS,Wildlife Sanctuary,Draft,2015-11-17,"246. S.O. No. 3105 [17.11.2015] Sagareshwar WLS ESZ Notification(379.17 KB), Maharashtra & Map(128.15 KB)",https://moef.gov.in/uploads/2017/06/S.O.%20No.%203105%20%5B17.11.2015%5D%20Sagareshwar%20WLS%20ESZ%20Notification%2C%20Maharashtra.pdf,[],,S.O. No. 3105,Q7399055,exact
194,Maharashtra,Sagareshwar WLS,Wildlife Sanctuary,Final,2017-05-15,"194. S.O. 1565 (E) [15.05.2017] Final Notification declaring Eco Sensitive Zone around Sagareshwar WLS(1.75 MB), Maharashtra.",https://moef.gov.in/uploads/2017/06/Sagareshwar%20Wildlife%20Sanctuary%2C%20Maharashtra.pdf,[],26/05/2017,S.O. 1565 (E),Q7399055,exact
247,Maharashtra,Kalsubai Harishchandragad WLS,Wildlife Sanctuary,Draft,2015-11-10,"247. S.O. No.3028 [10.11.2015] Kalsubai Harishchandragad WLS ESZ Notification(571.48 KB), Maharashtra & Map(122.02 KB)",https://moef.gov.in/uploads/2017/06/S.O.%20No.3028%20%5B10.11.2015%5D%20Kalsubai%20Harishchandragad%20WLS%20ESZ%20Notification%2C%20Maharashtra.pdf,[],,S.O. No.3028,Q137008662,exact
195,Maharashtra,Kalsubai Harishchandragad Wildlife Sanctuary,Wildlife Sanctuary,Final,2017-04-28,"195. S.O. 1367 (E) [28.04.2017] Final Notification declaring Eco Sensitive Zone around Kalsubai Harishchandragad Wildlife Sanctuary(723.65 KB), Maharashtra",https://moef.gov.in/uploads/2017/06/Kalsubai%20Harishchandragad%20Wildlife%20Sanctuary%2C%20Maharashtra.pdf,[],04/05/2017,S.O. 1367 (E),Q137008662,exact
248,Maharashtra,Melghat Tiger Reserve,Tiger Reserve,Draft,2015-06-30,"248. S.O.1777[30.06.2015] Draft ESZ Notification of Melghat Tiger Reserve(17.43 MB),Maharashtra & Map(283.51 KB)",https://moef.gov.in/uploads/2017/06/S.O.1777%5B30.06.2015%5D%20Draft%20ESZ%20Notification%20of%20Melghat%20Tiger%20Reserve%2CMaharashtra.pdf,[],,S.O.1777,Q2429161,exact
196,Maharashtra,Melghat Tiger Reserve,Tiger Reserve,Final,2016-12-28,"196. S.O. 4205(E) [28.12.2016] Final Notification declaring Eco Sensitive Zone around Melghat Tiger Reserve(1.27 MB), Maharashtra.",https://moef.gov.in/uploads/2017/06/Melghat%20Wildlife%20Sanctuary%2C%20Maharashtra.pdf,[],04/09/2024,S.O. 4205(E),Q2429161,exact
,Maharashtra,Melghat Tiger Reserve,Tiger Reserve,Amendment,2024-09-02,"S .O. No. 3739(E) [02.09.2024] Amendment in the Final Notification of Eco-sensitive Zone around Melghat Tiger Reserve(1.77 MB), Maharashtra",https://moef.gov.in/uploads/pdf/melghat_amendment.pdf,[],,S .O. No. 3739(E),Q2429161,exact
249,Maharashtra,Tipeswar Wildlife Sanctuary,Wildlife Sanctuary,Draft,2016-01-07,249. S.O. 72(E)[07.01.2016] Draft notification declaring Eco-sensitive Zone around the Tipeswar Wildlife Sanctuary(730.01 KB) in the state of Maharashtra,https://moef.gov.in/uploads/2017/06/SO%2072(E)%5B07.01.2016%5D%20Draft%20notification%20declaring%20Eco-sensitive%20Zone%20around%20the%20Tipeswar%20Wildlife%20Sanctuary%20in%20the%20state%20of%20Maharashtra.pdf,[],18/01/2016,S.O. 72(E),Q106673573,fuzzy
197,Maharashtra,Tipeshwar Wildlife Sanctuary,Wildlife Sanctuary,Final,2018-09-19,"197. S.O. 4892(E) [19.09.2018] Final Notification declaring Eco Sensitive Zone around Tipeshwar Wildlife Sanctuary,(5.43 MB), Maharashtra.",https://moef.gov.in/uploads/2018/11/tipeshwar_0.pdf,[],24/09/2024,S.O. 4892(E),Q106673573,exact
,Maharashtra,Tipeshwar Wildlife Sanctuary,Wildlife Sanctuary,Amendment,2024-09-06,"S .O. No. 3956(E) [06.09.2024] Amendment in the Final Notification of Eco-sensitive Zone around Tipeshwar Wildlife Sanctuary,(1.73 MB), Maharashtra.",https://moef.gov.in/uploads/pdf/tipeshwar_amendment.pdf,[],,S .O. No. 3956(E),Q106673573,exact
249,Maharashtra,Tipeshwar WLS,Wildlife Sanctuary,Draft,2018-01-17,"249. S.O. 278(E) [17.01.2018] Draft Notification declaring Eco Sensitive Zone around Tipeshwar WLS,(2.91 MB) Maharashtra. Re-Notification New",https://moef.gov.in/uploads/2017/06/tipeshwar.pdf,[],05/02/2018,S.O. 278(E),Q106673573,exact
250,Maharashtra,Sanjay Gandhi National Park,National Park,Draft,2016-01-22,"250. SO 229(E)[22.01.2016] Draft notification declaring Eco-sensitive Zone around the Sanjay Gandhi National Park(2.61 MB) in the state of Maharashtra & Map(173.71 KB), Revised ESZ Map of SGNP (1)(160.71 KB), Revised ESZ Map of SGNP (2)(125.5 KB)",https://moef.gov.in/uploads/2017/06/SO%20229(E)%5B22.01.2016%5D%20Draft%20notification%20declaring%20Eco-sensitive%20Zone%20around%20the%20Sanjay%20Gandhi%20%20in%20the%20state%20of%20Maharashtra.pdf,[],25/01/2016,SO 229(E),Q648907,exact
198,Maharashtra,Sanjay Gandhi National Park,National Park,Final,2016-12-05,"198. S.O. 3645 (E) [05.12.2016] Final Notification declaring Eco Sensitive Zone around Sanjay Gandhi National Park(1.49 MB), Maharashtra",https://moef.gov.in/uploads/2017/06/Sanjay%20Gandhi%20NP%2C%20Maharashtra%20FINAL%20(1).pdf06-12-2016a.pdf,[],06/12/2016,S.O. 3645 (E),Q648907,exact
199,Maharashtra,sanjay gandhi national park,National Park,Final,,"199. S.O. 4004(E) (05.11.2020] Amendment in final Notification declaring Eco Sensitive Zone around sanjay gandhi national park (4.96 MB), Maharashtra.",https://moef.gov.in/uploads/2020/11/Sanjay-Gandhi-1.pdf,[],06/11/2020,S.O. 4004(E),Q648907,exact
251,Maharashtra,Jaikawadi Bird Sanctuary,Bird Sanctuary,Draft,2015-01-06,"251. S.O. 119(E) [06.01.2015] Draft Notification declaring Eco sensitive Zone around Jaikawadi Bird Sanctuary(1.54 MB), Maharashtra",https://moef.gov.in/uploads/2017/06/S.O.%20119(E)%20%5B06.01.2015%5D%20Draft%20Notification%20declaring%20Eco%20sensitive%20Zone%20around%20Jaikawadi%20Bird%20Sanctuary%2C%20Maharashtra.pdf,[],24/02/2016,S.O. 119(E),,none
200,Maharashtra,Jaikawadi Bird Sanctuary,Bird Sanctuary,Final,2017-07-12,"200. S.O. 2202 (E) [12.07.2017] Final Notification Declaring Eco Sensitive Zone around Jaikawadi Bird Sanctuary(2.62 MB), Maharashtra",https://moef.gov.in/uploads/2017/06/Jaikawadi%20Bird%20Sanctuary%2C%20Maharashtra.pdf,[],23/08/2024,S.O. 2202 (E),,none
,Maharashtra,Jaikawadi Bird Sanctuary,Bird Sanctuary,Amendment,2024-08-13,"S .O. No. 3445(E) [13.08.2024] Amendment in the Final Notification of Eco-sensitive Zone around Jaikawadi Bird Sanctuary(1.72 MB), Maharashtra",https://moef.gov.in/uploads/pdf/Jaikawadi_amendment.pdf,[],,S .O. No. 3445(E),,none
252,Maharashtra,Pench National Park,National Park,Draft,2016-03-17,"252. S.O. 1150(E) [17.03.2016] Draft Notification declaring Eco sensitive Zone around Pench National Park and the Mansingdeo(1.89 MB) Wildlife Sanctuary, Maharashtra",https://moef.gov.in/uploads/2017/06/Pench%20National%20Park%2C%20Maharashtra.pdf,[],28/03/2016,S.O. 1150(E),,none
252,Maharashtra,Mansinghdeo Wildlife Sanctuary,Wildlife Sanctuary,Draft,2016-03-17,"252. S.O. 1150(E) [17.03.2016] Draft Notification declaring Eco sensitive Zone around Pench National Park and the Mansingdeo(1.89 MB) Wildlife Sanctuary, Maharashtra",https://moef.gov.in/uploads/2017/06/Pench%20National%20Park%2C%20Maharashtra.pdf,[],28/03/2016,S.O. 1150(E),,none
201,Maharashtra,Pench National Park,National Park,Final,2017-09-13,"201. S.O. 3029 (E) [13.09.2017] Final Notification declaring Eco Sensitive Zone around Pench National Park and the Mansinghdeo Wildlife Sanctuary(2.25 MB), Maharashtra",https://moef.gov.in/uploads/2017/06/Pench%20NP%20Maharashtra%20Final.pdf,[],19/09/2017,S.O. 3029 (E),,none
201,Maharashtra,Mansinghdeo Wildlife Sanctuary,Wildlife Sanctuary,Final,2017-09-13,"201. S.O. 3029 (E) [13.09.2017] Final Notification declaring Eco Sensitive Zone around Pench National Park and the Mansinghdeo Wildlife Sanctuary(2.25 MB), Maharashtra",https://moef.gov.in/uploads/2017/06/Pench%20NP%20Maharashtra%20Final.pdf,[],19/09/2017,S.O. 3029 (E),,none
253,Maharashtra,Lonar Wildlife Sanctuary,Wildlife Sanctuary,Draft,2015-11-20,"253. S.O. 3126(E) [20.11.2015] Draft Notification declaring Eco Sensitive Zone around Lonar Wildlife Sanctuary(544.13 KB), Maharashtra",https://moef.gov.in/uploads/2017/06/Lonar%20Wildlife%20Sanctuary%2C%20Maharashtra.pdf,[],18/12/2015,S.O. 3126(E),Q107224583,exact
202,Maharashtra,Lonar WLS,Wildlife Sanctuary,Final,2017-02-28,"202. S. O. 668(E) [28.02.2017] Final Notification declaring Eco Sensitive Zone around Lonar WLS(1.43 MB), Maharashtra.",https://moef.gov.in/uploads/2017/06/Lonar%20Wildlife%20Sanctuary%2C%20Maharashtra_0.pdf,[],07/03/2017,S. O. 668(E),Q107224583,exact
254,Maharashtra,Mayureshwar Supe Wildlife Sanctuary,Wildlife Sanctuary,Draft,2016-08-05,"254. S.O. 2630(E) [05.08.2016] Draft notification declaring Eco Sensitive Zone around Mayureshwar Supe Wildlife Sanctuary(1.09 MB), Maharashtra",https://moef.gov.in/uploads/2017/06/Mayureshwar%20Supe%20Wildlife%20Sanctuary%2C%20Maharashtra.pdf,[],22/08/2016,S.O. 2630(E),Q17072649,exact
203,Maharashtra,Mayureshwar Supe Wildlife Sanctuary,Wildlife Sanctuary,Final,2020-08-28,"203. S.O. 2938(E) [ 28.08.2020] Final Notification declaring Eco Sensitive Zone around Mayureshwar Supe Wildlife Sanctuary, Maharashtra(428 KB)",,[],31/08/2020,S.O. 2938(E),Q17072649,exact
254,Maharashtra,Mayureshwar Supe Wildlife Sanctuary,Wildlife Sanctuary,Draft,2019-12-11,"254. S.O. 4443(E) [11.12.2019] Draft Notification declaring Eco Sensitive Zone around Mayureshwar Supe Wildlife Sanctuary(5.96 MB), Maharashtra. Re-Notification New.",https://moef.gov.in/uploads/2019/12/mayureshwar-supe.pdf,[],20/12/2019,S.O. 4443(E),Q17072649,exact
255,Maharashtra,Tamhini WLS,Wildlife Sanctuary,Draft,2017-08-10,"255. S.O. 2567 [10.08.2017] Draft Notification declaring Eco Sensitive Zone around Tamhini WLS(2.9 MB), Maharashtra",https://moef.gov.in/uploads/2017/06/Tamhini%20Wildlife%20Sanctuary%20Draft%2C%20Maharashtra.pdf,[],16/08/2017,S.O. 2567,,none
204,Maharashtra,Tamhini WLS,Wildlife Sanctuary,Final,2021-02-25,"204. S.O.918(E) [25.02.2021] Final Notification declaring Eco Sensitive Zone around Tamhini Wildlife Sanctuary(2.9 MB), Maharashtra",https://moef.gov.in/uploads/2021/03/tamhini.pdf,[],1/03/2021,S.O.918(E),,none
255,Maharashtra,Tamhini WLS,Wildlife Sanctuary,Draft,2020-01-30,"255. S.O. 461(E) [30.01.2020] Draft Notification declaring Eco Sensitive Zone around Tamhini Wildlife Sanctuary(1.96 MB), Maharashtra. Re-Notification New",https://moef.gov.in/uploads/2019/10/thamini.pdf,[],11/02/2020,S.O. 461(E),,none
256,Maharashtra,Tansa WLS,Wildlife Sanctuary,Draft,2017-08-10,"256. S.O. 2566 [10.08.2017] Draft Notification declaring Eco Sensitive Zone around Tansa WLS(2.49 MB), Maharashtra",https://moef.gov.in/uploads/2017/06/Tansa%20Wildlife%20Sanctuary%20Draft%2C%20Maharashtra.pdf,[],16/08/2017,S.O. 2566,Q105847575,exact
257,Maharashtra,Yawal Wildlife Sanctuary,Wildlife Sanctuary,Draft,2017-09-29,"257. S.O. 3194 (E) [29.09.2017] Draft Notification declaring Eco Sensitive Zone around Yawal Wildlife Sanctuary(1.84 MB), Maharashtra",https://moef.gov.in/uploads/2017/06/Yawal%20Wildlife%20Sanctuary%2C%20Maharashtra%20Draft.pdf,[],,S.O. 3194 (E),Q8050448,exact
205,Maharashtra,Yawal Wildlife Sanctuary,Wildlife Sanctuary,Final,2019-03-08,"205. S.O. 1221(E) [08.03.2019] Final Notification declaring Eco Sensitive Zone around Yawal Wildlife Sanctuary, Maharashtra.(1.43 MB), Maharashtra.",https://moef.gov.in/uploads/2019/05/yawal.pdf,[],15/03/2019,S.O. 1221(E),Q8050448,exact
258,Maharashtra,Tungareshwar Sanctuary,Wildlife Sanctuary,Draft,2018-12-24,"258. 6310(E) [24.12.2018] Draft Notification declaring Eco Sensitive Zone around Tungareshwar Sanctuary,(3.36 MB), Maharashtra",https://moef.gov.in/uploads/2018/12/tugreshwar.pdf,[],31/12/2018,,Q60753866,exact
206,Maharashtra,Tungareshwar Sanctuary,Wildlife Sanctuary,Final,2019-09-11,"206. S.O. 3250(E) [11.09.2019] Final Notification declaring Eco Sensitive Zone around Tungareshwar Wildlife Sanctuary(3.96 MB), Maharashtra",https://moef.gov.in/uploads/2018/12/tungareshwar.pdf,[],16/09/2019,S.O. 3250(E),Q60753866,exact
259,Maharashtra,Maharashtra,Wildlife Sanctuary,Draft,2019-01-14,"259. S.O. 300(E) [14.01.2019] Draft Notification declaring Eco Sensitive Zone around Great Indian Bustard Sanctuary,(3.36 MB), Maharashtra",https://moef.gov.in/uploads/2020/01/great-indian-bustard.pdf,[],21/01/2018,S.O. 300(E),,none
207,Maharashtra,Great Indian Bustard Sanctuar,Wildlife Sanctuary,Final,2020-02-11,"207. S.O. 654(E) [11.02.2020] Final Notification declaring Eco Sensitive Zone around Great Indian Bustard Sanctuary, Maharashtra",https://moef.gov.in/uploads/2019/10/GIB.pdf,[],13/02/2020,S.O. 654(E),Q5599356,fuzzy
260,Maharashtra,Radhanagari Wildlife,Wildlife Sanctuary,Draft,2019-07-10,"260. S.O. 2455(E) [10.07.2019] Draft Notification declaring Eco Sensitive Zone around Radhanagari Wildlife Santuary(3.96 MB), Maharashtra",https://moef.gov.in/uploads/2018/12/radhanagari.pdf,[],15/07/2019,S.O. 2455(E),Q2125633,exact
208,Maharashtra,Radhanagari Wildlife,Wildlife Sanctuary,Final,2020-10-15,208. S.O.3630(E) [ 15.10.2020] Final Notification declaring Eco Sensitive Zone around Radhanagari Wildlife Sanctuary Maharashtra,https://moef.gov.in/uploads/2020/10/radhanagari.pdf,[],19/10/2020,S.O.3630(E),Q2125633,exact
261,Maharashtra,Bhimashankar Wildlife,Wildlife Sanctuary,Draft,2019-07-25,"261. S.O. 2662(E) [25.07.2019] Draft Notification declaring Eco Sensitive Zone around Bhimashankar Wildlife Santuary , Maharashtra.",https://moef.gov.in/uploads/2018/12/bhimashankar.pdf,[],01/08/2019,S.O. 2662(E),Q854971,exact
262,Maharashtra,Bhimashankar Wildlife,Wildlife Sanctuary,Final,2020-08-05,262. S.O. 2633(E) [05.08.2020] Final Notification declaring Eco Sensitive Zone around Bhimashankar Wildlife Santuary SantuaryMaharashtra,https://moef.gov.in/uploads/2019/10/bhimashankar.pdf,[],18/10/2024,S.O. 2633(E),Q854971,exact
,Maharashtra,Bhimashankar Wildlife,Wildlife Sanctuary,Amendment,2024-10-08,S .O. No. 4366(E) [08.10.2024] Amendment in the Final Notification of Eco-sensitive Zone around Bhimashankar Wildlife Santuary SantuaryMaharashtra,https://moef.gov.in/uploads/pdf/bhimashankar_amendment.pdf,[],,S .O. No. 4366(E),Q854971,exact
263,Maharashtra,Thane Creek Flamingo Santuary,Wildlife Sanctuary,Draft,2019-11-07,"263. S.O. 4025(E) [07.11.2019] Draft Notification declaring Eco Sensitive Zone around Thane Creek Flamingo Santuary, Maharashtra",https://moef.gov.in/uploads/2019/11/thane-creek-flamingo.pdf,[],15/11/2019,S.O. 4025(E),,none
209,Maharashtra,Thane Creek Flamingo Santuary,Wildlife Sanctuary,Final,2021-10-14,"209. S.O.4293(E) [14.10.2021] Final Notification declaring Eco Sensitive Zone around Thane Creek Flamingo Santuary,(6.96 MB) Maharashtra",https://moef.gov.in/uploads/2020/08/thane-creek.pdf,[],21/10/2021,S.O.4293(E),,none
263,Maharashtra,Thane Creek Flamingo Santuary,Wildlife Sanctuary,Draft,,"263. S.O. 1719(E) [08.04.2021/30.04.2021] Draft Notification declaring Eco Sensitive Zone around Thane Creek Flamingo Sanctuary, Maharashtra Re-notification New",https://moef.gov.in/uploads/2021/05/Thane-Creek-Notification.pdf,[],03/05/2021,S.O. 1719(E),,none
264,Maharashtra,Naigaon Mayur Santuary,Wildlife Sanctuary,Draft,2019-11-19,"264. S.O. 4153(E) [19.11.2019] Draft Notification declaring Eco Sensitive Zone around Naigaon Mayur Santuary, Maharashtra.",https://moef.gov.in/uploads/2019/10/naigaon.pdf,[],25/11/2019,S.O. 4153(E),,none
210,Maharashtra,Naigaon Mayur Santuary,Wildlife Sanctuary,Final,2020-09-07,"210. S.O. 3034(E) [ 07.09.2020] Final Notification declaring Eco Sensitive Zone around Naigaon Mayur Santuary, Maharashtra.",https://moef.gov.in/uploads/2020/09/naigoun.pdf,[],15/09/2020,S.O. 3034(E),,none
265,Maharashtra,Chaparala Wildlife Santuary,Wildlife Sanctuary,Draft,2020-01-15,"265. S.O. 207(E) [15.01.2020] Draft Notification declaring Eco Sensitive Zone around Chaparala Wildlife Santuary, Maharashtra.",https://moef.gov.in/uploads/2019/10/chaparala.pdf,[],21/01/2020,S.O. 207(E),Q99342657,fuzzy
211,Maharashtra,Chaparala Wildlife Santuary,Wildlife Sanctuary,Final,2020-10-27,211. S.O. 3877(E) [ 27.10.2020] Final Notification declaring Eco Sensitive Zone around Chaparala Sanctuary Maharashtra.,https://moef.gov.in/uploads/2019/02/chaprala.pdf,[],11/10/2024,S.O. 3877(E),Q99342657,fuzzy
,Maharashtra,Chaparala Wildlife Santuary,Wildlife Sanctuary,Amendment,2024-10-09,S .O. No. 4382(E) [09.10.2024] Amendment in the Final Notification of Eco-sensitive Zone around Chaparala Sanctuary Maharashtra,https://moef.gov.in/uploads/pdf/chaprala_amendment.pdf,[],,S .O. No. 4382(E),Q99342657,fuzzy
266,Maharashtra,Pranhita Wildlife Santuary,Wildlife Sanctuary,Draft,2020-02-10,"266. S.O. 637(E) [10.02.2020] Draft Notification declaring Eco Sensitive Zone around Pranhita Wildlife Santuary, Maharashtra",https://moef.gov.in/uploads/2019/10/pranhita.pdf,[],17/02/2020,S.O. 637(E),Q137801052,exact
,Maharashtra,Pranhita Wildlife Santuary,Wildlife Sanctuary,Final,2020-09-07,"212). S.O. 3030(E) [ 07.09.2020] Final Notification declaring Eco Sensitive Zone around Pranhita Sanctuary, Maharashtra",https://moef.gov.in/uploads/2020/09/pranhita.pdf,[],19/12/2024,S.O. 3030(E),Q137801052,exact
,Maharashtra,Pranhita Wildlife Santuary,Wildlife Sanctuary,Amendment,2024-12-13,"S.O. No. 5397(E) [13.12.2024] Amendment in the Final Notification of Eco-sensitive Zone around Pranhita Sanctuary, Maharashtra",https://moef.gov.in/uploads/pdf-uploads/pdf_6778eb321cc238.64066847.pdf,[],,S.O. No. 5397(E),Q137801052,exact
267,Maharashtra,Katepurna Wildlife Santuary,Wildlife Sanctuary,Draft,2020-03-06,"267. S.O. 1017(E) [06.03.2020] Draft Notification declaring Eco Sensitive Zone around Katepurna Wildlife Santuary, Maharashtra",https://moef.gov.in/uploads/2019/10/katepurna.pdf,[],13/03/2020,S.O. 1017(E),,none
213,Maharashtra,Katepurna Wildlife Santuary,Wildlife Sanctuary,Final,2021-03-12,"213. S.O.1196(E) [12.03.2021] Final Notification declaring Eco Sensitive Zone around Katepurna Wildlife Sanctuary, Maharashtra",https://moef.gov.in/uploads/2021/03/katepurna.pdf,[],15/03/2021,S.O.1196(E),,none
268,Maharashtra,Karanja Soho,Wildlife Sanctuary,Draft,2020-06-09,"268. S.O. 1875(E) [09.06.2020] Draft Notification declaring Eco Sensitive Zone around Karanja Sohol Wildlife Sanctuary , Maharashtra.",https://moef.gov.in/uploads/2019/10/karanja-shool.pdf,[],15/06/2020,S.O. 1875(E),Q85773598,fuzzy
214,Maharashtra,Karanja Sohol,Wildlife Sanctuary,Final,2021-06-18,"214. S.O. 2407(E) [18.06.2021] Final Notification declaring Eco Sensitive Zone around Karanja Sohol Sanctuary, Maharashtra",https://moef.gov.in/uploads/2021/06/karanja-shool.pdf,[],22/06/2021,S.O. 2407(E),Q85773598,exact
269,Maharashtra,Bor,Wildlife Sanctuary,Draft,2021-02-05,"269. S.O. 565(E) [05.02.2021] Draft Notification declaring Eco Sensitive Zone around Bor Wildlife Sanctuary, Maharashtra.",https://moef.gov.in/uploads/2021/02/bor.pdf,[],09/02/2021,S.O. 565(E),Q4944241,exact
215,Maharashtra,Bor Tiger Reserve,Tiger Reserve,Final,2022-01-17,"215. S.O.213(E) [17.01.2022] Final Notification declaring Eco Sensitive Zone around Bor Tiger Reserve(1.31 MB), Maharashtra",https://moef.gov.in/uploads/2022/01/bor.pdf,[],17/01/2022,S.O.213(E),Q4944241,exact
270,Manipur,Kailam Wildlife Sanctuary,Wildlife Sanctuary,Draft,2015-08-31,"270. S.O. 2385 (E) [31.08.2015] Draft ESZ Notification on Kailam Wildlife Sanctuary(9.9 MB), Manipur & Map(504.68 KB)",https://moef.gov.in/uploads/2019/10/S.O.-2385-E-31.08.2015-Draft-ESZ-Notification-on-Kailam-Wildlife-Sanctuary-Manipur_0.pdf,[],06/10/2015,S.O. 2385 (E),,none
216,Manipur,Kailam WLS,Wildlife Sanctuary,Final,2016-10-26,"216. 90.S. O. 3307 (E) [26.10.2016] Final Notification declaring Eco Sensitive Zone around Kailam WLS(1.23 MB), Manipur",https://moef.gov.in/uploads/2017/06/Kailam%20Wildlife%20Sanctuary%2C%20Manipur.pdf,[],02/11/2016,S. O. 3307 (E),,none
271,Manipur,Yangoupokpi Lokchao Wildlife Sanctuary,Wildlife Sanctuary,Draft,2015-09-17,"271. S.O. 2537 [17.09.2015] Draft ESZ Notification on Yangoupokpi Lokchao Wildlife Sanctuary(7.84 MB), Manipur & Map(130.29 KB)",https://moef.gov.in/uploads/2017/06/S.O.%202537%20%5B17.09.2015%5D%20Draft%20ESZ%20Notification%20on%20Yangoupokpi%20Lokchao%20Wildlife%20Sanctuary%2C%20Manipur.pdf,[],06/10/2015,S.O. 2537,Q110460281,exact
217,Manipur,Yangoupokpi Lokchao Wildlife Sanctuary,Wildlife Sanctuary,Final,2016-10-26,"217. S. O. 3310 [26.10.2016] Final Notification declaring Eco Sensitive Zone around Yangoupokpi Lokchao Wildlife Sanctuary(1.31 MB), Manipur",https://moef.gov.in/uploads/2017/06/Yangoupokpi%20Lokchao%20WLS%20Final%2C%20Manipur.pdf,[],02/11/2016,S. O. 3310,Q110460281,exact
272,Manipur,Zeilad Wildlife Sanctuary,Wildlife Sanctuary,Draft,2015-09-22,"272. S.O. 2599 [22.09.2015] Draft ESZ Notification on Zeilad Wildlife Sanctuary(5.96 MB), Manipur & Map(259.7 KB)",https://moef.gov.in/uploads/2017/06/S.O.%202599%20%5B22.09.2015%5D%20Draft%20ESZ%20Notification%20on%20Zeilad%20Wildlife%20Sanctuary%2C%20Manipur.pdf,[],06/10/2015,S.O. 2599,,none
218,Manipur,Zeilad WLS,Wildlife Sanctuary,Final,2016-10-26,"218. S. O. 3309 [26.10.2016] Final Notification declaring Eco Sensitive Zone around Zeilad WLS,(1.31 MB),Manipur.",https://moef.gov.in/uploads/2017/06/Zeilad%20Wildlife%20Sanctuary%2C%20Manipur.pdf,[],02/11/2016,S. O. 3309,,none
,Manipur,Zeilad Wildlife Sanctuary,Wildlife Sanctuary,Amendment,2024-09-10,"S .O. No. 3880(E) [10.09.2024] Amendment in the Final Notification of Eco-sensitive Zone around Zeilad Wildlife Sanctuary (1.69 MB), Manipur.",https://moef.gov.in/uploads/pdf/Zeilad-Wildlife-Sanctuary-Manipur-amendment.pdf,[],,S .O. No. 3880(E),,none
273,Manipur,Bunning Wildlife Sanctuary,Wildlife Sanctuary,Draft,2015-11-30,273. SO 3237(E)[30.11.2015] Draft notification declaring Eco-sensitive Zone around the Bunning Wildlife Sanctuary (1.31 MB)in the state of Manipur & Map(154.17 KB),https://moef.gov.in/uploads/2019/10/SO-3237E30.11.2015-Draft-notification-declaring-Eco-sensitive-Zone-around-the-Bunning-Wildlife-Sanctuary-in-the-state-of-Manipur.pdf,[],09/12/2015,SO 3237(E),,none
219,Manipur,Bunning Wildlife Sanctuary,Wildlife Sanctuary,Final,2016-12-14,"219. S.O. 4028 (E) [14.12.2016] Final Notification declaring Eco Sensitive Zone around Bunning Wildlife Sanctuary(1.99 MB), Manipur",https://moef.gov.in/uploads/2017/06/Bunning%20Wildlife%20Sanctuary%2C%20Manipur.pdf,[],08/10/2024,S.O. 4028 (E),,none
,Manipur,Bunning Wildlife Sanctuary,Wildlife Sanctuary,Final,2024-10-01,"S .O. No. 4274(E) [01.10.2024] Final Notification declaring Eco Sensitive Zone around Bunning Wildlife Sanctuary(0.98 MB), Manipur",https://moef.gov.in/uploads/pdf/bunning_manipur_amendment.pdf,[],,S .O. No. 4274(E),,none
274,Manipur,keibul Lamjao National Park,National Park,Draft,2015-12-09,274. SO 3337(E)[09.12.2015] Draft notification declaring Eco-sensitive Zone around the keibul Lamjao National Park(407.21 KB) in the state of Manipur & Map(115.74 KB),https://moef.gov.in/uploads/2017/06/SO%203337(E)%5B09.12.2015%5D%20Draft%20notification%20declaring%20Eco-sensitive%20Zone%20around%20the%20keibul%20Lamjao%20National%20Park%20in%20the%20state%20of%20Manipur..pdf,[],30/12/2015,SO 3337(E),Q1737898,exact
220,Manipur,Keibul Lamjao National Par,National Park,Final,2017-04-26,"220. S.O. 1311 (E) [26.04.2017] Final Notification declaring Eco Sensitive Zone around Keibul Lamjao National Park(1.65 MB), Manipur",https://moef.gov.in/uploads/2017/06/Keibul%20Lamjao%20National%20Park%2C%20Manipur.pdf,[],04/05/2017,S.O. 1311 (E),Q1737898,fuzzy
275,Manipur,Jiri - Makru Wildlife Sanctuary,Wildlife Sanctuary,Draft,2016-03-11,"275. S.O. 1056 (E) [11.03.2016] Draft Notification declaring Eco sensitive Zone around Jiri – Makru Wildlife Sanctuary(654.23 KB), Manipur",https://moef.gov.in/uploads/2017/06/Jiri-Makru%20Wildlife%2C%20Manipur.pdf,[],17/03/2016,S.O. 1056 (E),Q137223329,exact
221,Manipur,Jiri - Makru Wildlife Sanctuary,Wildlife Sanctuary,Final,2017-07-06,"221. S.O. 2146 (E) [06.07.2017] Final Notification declaring Eco Sensitive Zone around Jiri – Makru Wildlife Sanctuary(2.26 MB), Manipur",https://moef.gov.in/uploads/2017/06/Jiri%20-%20Makru%20Wildlife%20Sanctuary%2C%20Manipur.pdf,[],17/07/2017,S.O. 2146 (E),Q137223329,exact
276,Meghalaya,Nokrek NP,National Park,Draft,2015-11-17,"276. S.O. No. 3100 [17.11.2015] Nokrek NP ESZ Notification(254.48 KB), Meghalaya & Map(116.43 KB)",https://moef.gov.in/uploads/2019/10/S.O.-No.-3100-17.11.2015-Nokrek-NP-ESZ-Notification-Meghalaya.pdf,[],,S.O. No. 3100,Q3174875,exact
222,Meghalaya,Nokrek National Park,National Park,Final,2023-03-03,"222. S.O. 2877(E) [03.03.2023] Final Notification declaring Eco Sensitive Zone around Nokrek National Park(1.38 MB), Meghalaya",https://moef.gov.in/uploads/2023/11/SO2877(E)-Nokrek-Final-notificaiton.pdf,[],25/11/2023,S.O. 2877(E),Q3174875,exact
276,Meghalaya,Nokrek National Park,National Park,Draft,2018-05-07,"276. S.O. 1827(E) [07.05.2018] Draft Notification declaring Eco Sensitive Zone around Nokrek National Park,(2.6 MB) , Meghayala. Re-Notification New.",https://moef.gov.in/uploads/2018/05/nokrek.pdf,[],11/05/2018,S.O. 1827(E),Q3174875,exact
277,Meghalaya,Narpuh,Wildlife Sanctuary,Draft,2015-11-20,"277. S.O. No. 3124 [20.11.2015] Narpuh ESZ Notification(540.77 KB), Meghalaya & Map(870.06 KB)",https://moef.gov.in/uploads/2019/10/S.O.-No.-3124-20.11.2015-Narpuh-ESZ-Notification-Meghalaya-sno-256.pdf,[],,S.O. No. 3124,Q137223381,exact
223,Meghalaya,Narpuh Wildlife Sanctuary,Wildlife Sanctuary,Final,2017-09-06,"223. S.O. 2942 [06.09.2017] Final Notification declaring Eco Sensitive Zone around Narpuh Wildlife Sanctuary,(2.97 MB) Meghalaya",https://moef.gov.in/uploads/2017/06/Narpuh%20Wildlife%20Sanctuary%20Meghalaya%20Final.pdf,[],11/09/2017,S.O. 2942,Q137223381,exact
278,Meghalaya,Nongkhylleum Wildlife Sanctuary,Wildlife Sanctuary,Draft,2015-12-18,278. SO 3497(E)[18.12.2015] Draft notification declaring Eco-sensitive Zone around the Nongkhylleum Wildlife Sanctuary(861.63 KB) in the state of Meghalaya & Map(116.41 KB),https://moef.gov.in/uploads/2017/06/SO%203497(E)%5B18.12.2015%5D%20Draft%20notification%20declaring%20Eco-sensitive%20Zone%20around%20the%20Nongkhylleum%20Wildlife%20Sanctuary%20%20in%20the%20state%20of%20Meghalaya..pdf,[],31/12/2015,SO 3497(E),Q61363881,fuzzy
224,Meghalaya,Nongkhyllem Reserved Forest Sanctuary,Wildlife Sanctuary,Final,2017-06-07,"224. S.O. 1816 (E) [07.06.2017] Final Notification declaring Eco Sensitive Zone around Nongkhyllem Reserved Forest Sanctuary(1.5 MB), Meghalaya",https://moef.gov.in/uploads/2017/06/Nongkhyllem%20Reserved%20Forest%2C%20Meghalaya.pdf,[],12/06/2017,S.O. 1816 (E),Q61363881,fuzzy
279,Meghalaya,Baghmara Pitcher Plant Sanctuary,Wildlife Sanctuary,Draft,2021-06-18,"279. S.O. 2408(E) [18.06.2021] Draft Notification declaring Eco Sensitive Zone around Baghmara Pitcher Plant Sanctuary, Meghalaya(1.96 MB)",https://moef.gov.in/uploads/2021/06/bagmara.pdf,[],22/06/2021,S.O. 2408(E),Q116044246,exact
279,Meghalaya,Nokrek National Park,National Park,Draft,2021-07-12,"279. S.O. 2776 (E) [12.07.2021] Draft Notification declaring Eco Sensitive Zone around Nokrek National Park, Meghalaya(4.96 MB) Re-Notification New.",https://moef.gov.in/uploads/2021/07/nokrek.pdf,[],13/07/2021,S.O. 2776 (E),Q3174875,exact
280,Mizoram,Khawnglung Wildlife Sanctuary,Wildlife Sanctuary,Draft,2017-12-14,"280. S.O. 3881(E) [14.12.2017] Draft Notification declaring Eco Sensitive Zone around Khawnglung Wildlife Sanctuary(3.6 MB), Mizoram",https://moef.gov.in/uploads/2017/06/khawnglung.pdf,[],18/12/2017,S.O. 3881(E),Q137223750,exact
225,Mizoram,Khawanglung Sanctuary,Wildlife Sanctuary,Final,2019-12-06,"225. S.O. 4372(E) [06.12.2019] Final Notification declaring Eco Sensitive Zone around Khawanglung Sanctuary, Mizoram.",https://moef.gov.in/uploads/2019/10/khawanglung.pdf,[],09/12/2019,S.O. 4372(E),Q137223750,fuzzy
281,Mizoram,Tawi Wildlife Sanctuary,Wildlife Sanctuary,Draft,2017-12-29,"281. S.O. 4107(E) [29.12.2017] Draft Notification declaring Eco Sensitive Zone around Tawi Wildlife Sanctuary(2.49 MB) , Mizoram.",https://moef.gov.in/uploads/2017/06/tawi.pdf,[],12/01/2018,S.O. 4107(E),Q137049306,exact
226,Mizoram,Tawi Wildlife Sanctuary,Wildlife Sanctuary,Final,2019-06-12,226. S.O. 1967(E) [12.06.2019] Final Notification declaring Eco Sensitive Zone around Tawi Wildlife Sanctuary Mizoram.,https://moef.gov.in/uploads/2019/06/tawi.pdf,[],18/06/2019,S.O. 1967(E),Q137049306,exact
282,Mizoram,Pualreng Wildlife Sanctuary,Wildlife Sanctuary,Draft,2017-12-29,"282. S.O. 4106(E) [29.12.2017] Draft Notification declaring Eco Sensitive Zone around Pualreng Wildlife Sanctuary (2.63 MB), Mizoram.",https://moef.gov.in/uploads/2017/06/pualreng.pdf,[],12/01/2018,S.O. 4106(E),Q135412386,exact
227,Mizoram,Pualreng Wildlife Sanctuary,Wildlife Sanctuary,Final,2019-06-12,227. S.O. 1966(E) [12.06.2019] Final Notification declaring Eco Sensitive Zone around Pualreng Wildlife Sanctuary Mizoram.,https://moef.gov.in/uploads/2019/06/pualreng.pdf,[],18/06/2019,S.O. 1966(E),Q135412386,exact
283,Mizoram,Murlen National Park,National Park,Draft,2018-01-15,"283. S.O. 228(E) [15.01.2018] Draft Notification declaring Eco Sensitive Zone around Murlen National Park,(2.93 MB) Mizoram.",https://moef.gov.in/uploads/2017/06/murlen.pdf,[],25/01/2018,S.O. 228(E),Q3334361,exact
228,Mizoram,Murlen National Park,National Park,Final,2019-07-02,228. S.O. 2358(E) [02.07.2019]Final Notification declaring Eco Sensitive Zone around Murlen Wildlife Sanctuary Mizoram,https://moef.gov.in/uploads/2018/12/murlen.pdf,[],08/07/2019,S.O. 2358(E),Q3334361,exact
284,Mizoram,Thorangtlang Wildlife Sanctuary,Wildlife Sanctuary,Draft,2018-01-15,"284. S.O. 229(E) [15.01.2018] Draft Notification declaring Eco Sensitive Zone around Thorangtlang Wildlife Sanctuary(2.1 MB) , Mizoram.",https://moef.gov.in/uploads/2017/06/thorangtlang.pdf,[],25/01/2018,S.O. 229(E),Q137049264,exact
229,Mizoram,Thorangtlang Wildlife Sanctuary,Wildlife Sanctuary,Final,2019-06-25,229. S.O. 2165(E) [25.06.2019] Final Notification declaring Eco Sensitive Zone around Thorangtlang Wildlife Sanctuary Mizoram,https://moef.gov.in/uploads/2019/07/thorangtlang.pdf,[],01/07/2019,S.O. 2165(E),Q137049264,exact
285,Mizoram,Lengteng Wildlife Sanctuary,Wildlife Sanctuary,Draft,2018-01-15,"285. S.O. 227(E) [15.01.2018] Draft Notification declaring Eco Sensitive Zone around Lengteng Wildlife Sanctuary (4.2 MB), Mizoram.",https://moef.gov.in/uploads/2017/06/lengteng.pdf,[],25/01/2018,S.O. 227(E),Q16894124,exact
230,Mizoram,Lengteng Wildlife Sanctuary,Wildlife Sanctuary,Final,2019-07-02,230. S.O. 2359(E) [02.07.2019] Final Notification declaring Eco Sensitive Zone around Lengteng Wildlife Sanctuary Mizoram.,https://moef.gov.in/uploads/2018/12/lengteng.pdf,[],08/07/2019,S.O. 2359(E),Q16894124,exact
286,Mizoram,Dampa Tiger Reserve,Tiger Reserve,Draft,2018-02-02,"286. S.O. 506(E) [02.02.2018] Draft Notification declaring Eco Sensitive Zone around Dampa Tiger Reserve(2.16 MB), Mizoram",https://moef.gov.in/uploads/2017/06/Dampa.pdf,[],12/02/2018,S.O. 506(E),Q3457187,exact
231,Mizoram,Dampa Tiger Reserve,Tiger Reserve,Final,2019-07-15,231. S.O. 2519(E) [15.07.2019] Final Notification declaring Eco Sensitive Zone around Dampa Tiger Reserve Mizoram.,https://moef.gov.in/uploads/2018/12/dampa.pdf,[],17/07/2019,S.O. 2519(E),Q3457187,exact
287,Mizoram,Tokalo Wildlife Sanctuary,Wildlife Sanctuary,Draft,2021-01-28,"287. S.O. 439(E) [28.01.2021] Draft Notification declaring Eco Sensitive Zone around Tokalo Wildlife Sanctuary (4.19 MB), Mizoram",https://moef.gov.in/uploads/2021/02/tokalo.pdf,[],01/02/2021,S.O. 439(E),Q137144512,exact
288,Odisha,Chandaka Dampara Wildlife Sanctuary,Wildlife Sanctuary,Draft,2015-05-01,"288. S.O. 1161 [01.05.2015] Draft ESZ Notification for Chandaka Dampara Wildlife Sanctuary(7.66 MB), Odisha & Map(555.78 KB)",https://moef.gov.in/uploads/2019/10/S.O.-1161-01.05.2015-Draft-ESZ-Notification-for-Chandaka-Dampara-Wildlife-Sanctuary-Odisha.pdf,[],12/06/2015,S.O. 1161,,none
232,Odisha,Chandaka Dampara Wildlife Sanctuary,Wildlife Sanctuary,Final,2016-09-09,"232. S.O. 2906(E) [09.09.2016] Final notification declaring Eco Sensitive Zone around Chandaka Dampara Wildlife Sanctuary(962.99 KB), Odisha",https://moef.gov.in/uploads/2017/06/Chandaka%20Dampara%20Final%20Odisha.pdf,[],31/08/2024,S.O. 2906(E),,none
,Odisha,Chandaka Dampara Wildlife Sanctuary,Wildlife Sanctuary,Amendment,2024-08-23,"S .O. No. 3591(E) [23.08.2024] Amendment in the Final Notification of Eco-sensitive Zone around Chandaka Dampara Wildlife Sanctuary(1.70 MB), Odisha",https://moef.gov.in/uploads/pdf/chandaka_dampara_amendment.pdf,[],,S .O. No. 3591(E),,none
289,Odisha,Kapilash Wildlife Sanctuary,Wildlife Sanctuary,Draft,2014-07-04,"289. S.O.1690 [04.07.2014] Draft ESZ Notification on Kapilash Wildlife Sanctuary(2.97 MB), Odisha & Map(209.48 KB)",https://moef.gov.in/uploads/2017/06/S.O.1690%20%5B04.07.2014%5D%20Draft%20ESZ%20Notification%20on%20Kapilash%20Wildlife%20Sanctuary%2C%20Odisha.pdf,[],01/08/2014,S.O.1690,Q28174315,fuzzy
233,Odisha,Kapilash Wildlife Sanctuary,Wildlife Sanctuary,Final,2015-06-17,"233. S.O. 1659 [17.06.2015] Final ESZ Notification on Kapilash Wildlife Sanctuary(10.56 MB), Odisha",https://moef.gov.in/uploads/2017/06/S.O.%201659%20%5B17.06.2015%5D%20Final%20ESZ%20Notification%20on%20Kapilash%20Wildlife%20Sanctuary%2C%20Odisha.pdf,[],,S.O. 1659,Q28174315,fuzzy
289,Odisha,Kotagarh Wildlife Sanctuary,Wildlife Sanctuary,Draft,2017-10-27,"289. S.O. 3433(E) [27.10.2017] Draft Notification declaring Eco Sensitive Zone around Kotagarh Wildlife Sanctuary(7.34 MB), Odisha Re-Notification New",https://moef.gov.in/uploads/2017/06/kotagarh.pdf,[],,S.O. 3433(E),Q51137829,exact
290,Odisha,Balukhanda-Konark WLS,Wildlife Sanctuary,Draft,2015-11-20,"290. S.O. No. 3123 [20.11.2015] Balukhanda-Konark WLS ESZ Notification(1.41 MB), Odisha & Map(174.79 KB)",https://moef.gov.in/uploads/2017/06/S.O.%20No.%203123%20%5B20.11.2015%5D%20Balukhanda-Konark%20WLS%20ESZ%20Notification%2C%20Odisha_0.pdf,[],,S.O. No. 3123,Q18110145,fuzzy
234,Odisha,Balukhand-Konark WLS,Wildlife Sanctuary,Final,2017-05-19,"234. S.O. 1654 (E) [19.05.2017] Final Notification declaring Eco-Sensitive Zone around Balukhand-Konark WLS(2.34 MB), Odisha",https://moef.gov.in/uploads/2017/06/Balukhanda-Konark%20Wildlife%20Sanctuary%2C%20Odisha.pdf,[],23/08/2024,S.O. 1654 (E),Q18110145,exact
,Odisha,Balukhand-Konark WLS,Wildlife Sanctuary,Amendment,2024-08-13,"S .O. No. 3452(E) [13.08.2024] Amendment in the Final Notification of Eco-sensitive Zone around Balukhand-Konark WLS(1.71 MB), Odisha",https://moef.gov.in/uploads/pdf/balukhanda_konark_amendment.pdf,[],,S .O. No. 3452(E),Q18110145,exact
291,Odisha,Sunabeda Wildlife Sanctuary,Wildlife Sanctuary,Draft,2015-11-27,291. SO 3234(E)[27.11.2015] Draft notification declaring Eco-sensitive Zone around the Sunabeda Wildlife Sanctuary (807.91 KB)in the state of Odisha & Map(232.48 KB),https://moef.gov.in/uploads/2017/06/SO%203234(E)%5B27.11.2015%5D%20Draft%20notification%20declaring%20Eco-sensitive%20Zone%20around%20the%20Sunabeda%20%20Wildlife%20Sanctuary%20in%20the%20state%20of%20Odisha.pdf,[],09/12/2015,SO 3234(E),,none
235,Odisha,Sunabeda Wildlife Sanctuar,Wildlife Sanctuary,Final,2019-03-08,"235. S.O. 1222(E) [08.03.2019] Final Notification declaring Eco Sensitive Zone around Sunabeda Wildlife Sanctuary(2.34 MB), Odisha",https://moef.gov.in/uploads/2018/12/sunabeda.pdf,[],15/03/2019,S.O. 1222(E),,none
291,Odisha,Sunabeda Wildlife Sanctuar,Wildlife Sanctuary,Draft,2017-10-13,"291. S.O. 3327 (E) [13.10.2017] Draft Notification declaring Eco Sensitive Zone around Sunabeda Wildlife Sanctuary(3.39 MB), Odisha Re-Notification New",https://moef.gov.in/uploads/2017/06/Sunabeda%20Wildlife%20Sanctuary%20Renotified%20Draft.pdf,[],,S.O. 3327 (E),,none
291,Odisha,Bhitarkanika National Park,National Park,Draft,2023-09-06,"291. S.O. No. 3974(E) [06.09.2023] Re-Draft Notification declaring Eco Sensitive Zone around Bhitarkanika National Park, (2,372 KB) OdishaRe-notification New",https://moef.gov.in/uploads/2023/11/ESZ-ReDraft-Bhitarkanika-National-Park-Odisha.pdf,[],05/12/2023,S.O. No. 3974(E),Q2580141,exact
236,Odisha,Bhitarkanika Wildlife Sanctuary,Wildlife Sanctuary,Final,2015-06-16,"236. S.O. 1601[16.06.2015] (E) Final ESZ Notification on Bhitarkanika Wildlife Sanctuary and Gahirmatha (Marine) Wildlife Sanctuary(12.93 MB), Odisha",https://moef.gov.in/uploads/2017/06/S.O.%201601%5B16.06.2015%5D%20(E)%20Final%20ESZ%20Notification%20on%20Bhitarkanika%20Wildlife%20Sanctuary%20and%20Gahirmatha%20(Marine)%20Wildlife%20Sanctuary%2C%20Odisha.pdf,[],09/07/2015,S.O. 1601,Q2580141,exact
236,Odisha,Gahirmatha (Marine) Wildlife Sanctuary,Wildlife Sanctuary,Final,2015-06-16,"236. S.O. 1601[16.06.2015] (E) Final ESZ Notification on Bhitarkanika Wildlife Sanctuary and Gahirmatha (Marine) Wildlife Sanctuary(12.93 MB), Odisha",https://moef.gov.in/uploads/2017/06/S.O.%201601%5B16.06.2015%5D%20(E)%20Final%20ESZ%20Notification%20on%20Bhitarkanika%20Wildlife%20Sanctuary%20and%20Gahirmatha%20(Marine)%20Wildlife%20Sanctuary%2C%20Odisha.pdf,[],09/07/2015,S.O. 1601,Q22031428,exact
294,Odisha,Bhitarkanika National Park,National Park,Draft,2022-02-23,294. S.O. 821(E) [23.02.2022] Draft Notification declaring Eco Sensitive Zone around Bhitarkanika National Park (3.08 MB)Odisha Re-Notification New,https://moef.gov.in/uploads/2022/04/233691.pdf,[],23/02/2022,S.O. 821(E),Q2580141,exact
292,Odisha,Debrigarh Wildlife Sanctuary,Wildlife Sanctuary,Draft,2015-12-10,292. SO 3333(E)[10.12.2015] Draft notification declaring Eco-sensitive Zone around the Debrigarh Wildlife Sanctuary(811.39 KB) in the state of Odisha.,https://moef.gov.in/uploads/2017/06/SO%203333(E)%5B10.12.2015%5D%20Draft%20notification%20declaring%20Eco-sensitive%20Zone%20around%20the%20Debrigarh%20Wildlife%20Sanctuary%20in%20the%20state%20of%20Odisha..pdf,[],30/12/2015,SO 3333(E),Q18111621,exact
237,Odisha,Debrigarh Wildlife Sanctuary,Wildlife Sanctuary,Final,2017-06-07,"237. S.O. 1814 [07.06.2017] Final Notification declaring Eco Sensitive Zone around Debrigarh Wildlife Sanctuary(2.63 MB), Odisha",https://moef.gov.in/uploads/2017/06/Debrigarh%20Wildlife%20Sanctuary%2C%20Odisha.pdf,[],13/06/2017,S.O. 1814,Q18111621,exact
293,Odisha,Kuldiha Wildlife Sanctuary,Wildlife Sanctuary,Draft,2016-02-19,"293. S.O. 569(E) [19.02.2016] Draft Notification declaring Eco sensitive Zone around Kuldiha Wildlife Sanctuary(1.82 MB), Odisha Map(4.96 MB)",https://moef.gov.in/uploads/2019/10/Kuldiha-Wildlife-Sanctuary-Odhisha.pdf,"[{""title"":""Odisha Map"",""link"":""https://moef.gov.in/uploads/2019/10/Kuldiha-Map.jpg""}]",11/03/2016,S.O. 569(E),Q15723901,exact
238,Odisha,Kuldiha Wildlife Sanctuary,Wildlife Sanctuary,Final,2017-08-09,"238. S.O. 2539 (E) [09.08.2017] Final Notification Declaring Eco Sensitive Zone around Kuldiha Wildlife Sanctuary(3.73 MB), Odisha",https://moef.gov.in/uploads/2017/06/Kuldiha%20Wildlife%20Sanctuary%2C%20Odisha.pdf,[],16/08/2017,S.O. 2539 (E),Q15723901,exact
294,Odisha,Chilika,Wildlife Sanctuary,Draft,2017-07-28,"294. S.O. 2403 (E) [28.07.2017] Draft Notification Declaring Eco Sensitive Zone around Chilika (Nalaban) Sanctuary(1.91 MB), Odisha",https://moef.gov.in/uploads/2019/05/Chilika-Sanctuary-Odisha.pdf,[],03/08/2017,S.O. 2403 (E),,none
295,Odisha,Badrama Wildlife Sanctuary,Wildlife Sanctuary,Draft,2018-05-11,"295. S.O. 1875(E) [11.05.2018] Draft Notification declaring Eco Sensitive Zone around Badrama and Khalasuni Sanctuary(4.77 MB),Odisha",https://moef.gov.in/uploads/2019/05/badarma.pdf,[],21/05/2018,S.O. 1875(E),,none
295,Odisha,Khalasuni Wildlife Sanctuary,Wildlife Sanctuary,Draft,2018-05-11,"295. S.O. 1875(E) [11.05.2018] Draft Notification declaring Eco Sensitive Zone around Badrama and Khalasuni Sanctuary(4.77 MB),Odisha",https://moef.gov.in/uploads/2019/05/badarma.pdf,[],21/05/2018,S.O. 1875(E),Q129677593,exact
239,Odisha,Badrama Khalasuni,Wildlife Sanctuary,Final,2019-08-30,"239. S.O. 3149(E) [30.08.2019] Final Notification declaring Eco Sensitive Zone around Badrama Khalasuni Sanctuary(2.47 MB) , Odisha.",https://moef.gov.in/uploads/2018/12/badarma.pdf,[],06/09/2019,S.O. 3149(E),Q129677593,fuzzy
296,Odisha,Nandankanan WLS,Wildlife Sanctuary,Draft,2018-07-05,"296. S.O. 3263(E) [05.07.2018] Draft Notification declaring Eco Sensitive Zone around Nandankanan WLS(5 MB), Odisha",https://moef.gov.in/uploads/2017/06/nandkaran.pdf,[],10/07/2018,S.O. 3263(E),Q106240301,exact
240,Odisha,Nandankanan WLS,Wildlife Sanctuary,Final,2019-12-11,"240. S.O. 4444(E) [11.12.2019] Final Notification declaring Eco Sensitive Zone around Nandankanan Sanctuary(1.55 MB), Odisha.",https://moef.gov.in/uploads/2019/12/nandankanan.pdf,[],20/12/2019,S.O. 4444(E),Q106240301,exact
297,Odisha,Simlipal Tiger Reserve,Tiger Reserve,Draft,2019-01-29,"297. S.O. 505(E) [29.01.2019] Draft Notification declaring Eco Sensitive Zone around Simlipal Tiger Reserve and Hadagarh Sanctuary(5 MB), Odisha",https://moef.gov.in/uploads/2019/01/simlipal.pdf,[],06/02/2019,S.O. 505(E),Q61529,exact
297,Odisha,Hadagarh Sanctuary,Wildlife Sanctuary,Draft,2019-01-29,"297. S.O. 505(E) [29.01.2019] Draft Notification declaring Eco Sensitive Zone around Simlipal Tiger Reserve and Hadagarh Sanctuary(5 MB), Odisha",https://moef.gov.in/uploads/2019/01/simlipal.pdf,[],06/02/2019,S.O. 505(E),Q18125400,fuzzy
298,Odisha,Lakhary Wildlife Santuary,Wildlife Sanctuary,Draft,2019-07-25,"298. S.O. 2681(E) [25.07.2019] Draft Notification declaring Eco Sensitive Zone around Lakhary Wildlife Santuary(1.22 MB) , Odisha.",https://moef.gov.in/uploads/2018/12/lakhary.pdf,[],01/08/2019,S.O. 2681(E),,none
241,Odisha,Lakhary Sanctuary,Wildlife Sanctuary,Final,2020-09-07,"241. S.O.3029 (E) [ 07.09.2020] Final Notification declaring Eco Sensitive Zone around Lakhary Sanctuary (2.96 MB), Odisha.",https://moef.gov.in/uploads/2020/09/lakhery.pdf,[],15/09/2020,S.O.3029 (E),,none
299,Odisha,Karlapat Santuary,Wildlife Sanctuary,Draft,2019-08-09,"299. S.O. 2894(E) [09.08.2019] Draft Notification declaring Eco Sensitive Zone around Karlapat Santuary(4.96 MB), Odisha.",https://moef.gov.in/uploads/2019/08/karlapat.pdf,[],16/08/2019,S.O. 2894(E),Q6372473,exact
299,Odisha,Bhitarkanika National Park,National Park,Draft,2023-09-06,"299. S.O. 3974(E) [06.09.2023] Re-Draft Notification declaring Eco Sensitive Zone around Bhitarkanika National Park, (2,372 KB) in the state of OdishaRe-notification New",https://moef.gov.in/uploads/2023/11/SO3974(E)-bhitarkanika.pdf,[],06/09/2023,S.O. 3974(E),Q2580141,exact
300,Punjab,Bir Dosanjh Wildlife Sanctuary,Wildlife Sanctuary,Draft,2015-05-12,"300. S.O. 1261 [12.05.2015] Draft ESZ Notification on Bir Dosanjh Wildlife Sanctuary(5.36 MB), Punjab & Map(389.9 KB)",https://moef.gov.in/uploads/2017/06/S.O.%201261%20%5B12.05.2015%5D%20Draft%20ESZ%20Notification%20on%20Bir%20Dosanjh%20Wildlife%20Sanctuary%2C%20Punjab.pdf,[],28/09/2015,S.O. 1261,,none
242,Punjab,Bir Dosanjh Wildlife Sanctuary,Wildlife Sanctuary,Final,2016-07-21,"242. S.O. 2480(E) [21.07.2016] Final Notification declaring Eco Sensitive Zone around Bir Dosanjh Wildlife Sanctuary(1.1 MB), Punjab",https://moef.gov.in/uploads/2017/06/Bir%20Dosanjh%20Wildlife%20Sanctuary%2C%20Punjab.pdf,[],14/01/2025,S.O. 2480(E),,none
,Punjab,Bir Dosanjh Wildlife Sanctuary,Wildlife Sanctuary,Amendment,2025-01-09,"S .O. No. 150(E) [09.01.2025] Amendment in the Final Notification of Eco-sensitive Zone around Bir Dosanjh Wildlife Sanctuary(1.78 MB), Punjab",https://moef.gov.in/uploads/pdf-uploads/pdf_6786028f732d47.91868116.pdf,[],,S .O. No. 150(E),,none
301,Punjab,Abohar Wildlife Sanctuary,Wildlife Sanctuary,Draft,2015-05-22,"301. S.O. 1382 [22.05.2015] Draft ESZ Notification on Abohar Wildlife Sanctuary(7.95 MB), Punjab & Map(295.13 KB)",https://moef.gov.in/uploads/2017/06/S.O.%201382%20%5B22.05.2015%5D%20Draft%20ESZ%20Notification%20on%20Abohar%20Wildlife%20Sanctuary%2C%20Punjab.pdf,[],28/09/2015,S.O. 1382,Q110078182,exact
243,Punjab,Abohar Wildlife Sanctuary,Wildlife Sanctuary,Final,2016-08-05,"243. S.O. 2638(E) [05.08.2016] Final notification declaring Eco Sensitive Zone around Abohar Wildlife Sanctuary(592.02 KB), Punjab",https://moef.gov.in/uploads/2017/06/Abohar%20Wildlife%20Sanctuary%2C%20Punjab.pdf,[],22/08/2016,S.O. 2638(E),Q110078182,exact
302,Punjab,Bir Moti Bagh Wildlife Sanctuary,Wildlife Sanctuary,Draft,2015-06-02,"302. S.O. 1454 (E) [02.06.2015] Draft ESZ Notification on Bir Moti Bagh Wildlife Sanctuary(8.26 MB), Punjab & Map(360.34 KB)",https://moef.gov.in/uploads/2017/06/S.O.%201454%20(E)%20%5B02.06.2015%5D%20Draft%20ESZ%20Notification%20on%20Bir%20Moti%20Bagh%20Wildlife%20Sanctuary%2C%20Punjab.pdf,[],09/07/2015,S.O. 1454 (E),,none
244,Punjab,Bir Moti Bagh Wildlife Sanctuary,Wildlife Sanctuary,Final,2016-03-11,"244. S.O. 1055(E) [11.03.2016] Final Notification declaring Eco sensitive Zone around Bir Moti Bagh Wildlife Sanctuary(459.33 KB), Punjab",https://moef.gov.in/uploads/2017/06/Bir%20Moti%20Bagh%20Wildlife%20Sanctuary%2C%20Punjab.pdf,[],17/03/2016,S.O. 1055(E),,none
,Punjab,Bir Motibagh Wildlife Sanctuary,Wildlife Sanctuary,Amendment,2023-07-14,"S.O. No. 3144(E) [14.07.2023] Amendment in the Final Notification of Eco-sensitive Zone around Bir Motibagh Wildlife Sanctuary, (1,123 KB), in the state of Punjab",https://moef.gov.in/uploads/2023/11/ESZ-Amendment-Bir-Motibagh-Wildlife-Sanctuary-Punjab.pdf,[],05/12/2023,S.O. No. 3144(E),,none
303,Punjab,Harika Lake WLS,Wildlife Sanctuary,Draft,2015-11-17,"303. S.O. 3103 [17.11.2015] Harika Lake WLS ESZ Notification(1.14 MB), Punjab & Map(165.82 KB)",https://moef.gov.in/uploads/2017/06/S.O.%203103%20%5B17.11.2015%5D%20Harika%20Lake%20%20WLS%20ESZ%20Notification%2C%20Punjab.pdf,[],09/07/2015,S.O. 3103,,none
245,Punjab,Harika Wildlife Sanctuary,Wildlife Sanctuary,Final,2017-05-15,"245. S.O. 1568 (E) [15.05.2017] Final Notification Declaring Eco Sensitive Zone around Harike Wildlife Sanctuary(1.58 MB), Punjab",https://moef.gov.in/uploads/2017/06/Harike%20Wildlife%20Sanctuary%2C%20Punjab_0.pdf,[],23/05/2017,S.O. 1568 (E),,none
304,Punjab,Jhajjar bachauali WLS,Wildlife Sanctuary,Draft,2015-11-17,"304. S.O. 3104 [17.11.2015] Jhajjar bachauali WLS ESZ Notification(1.31 MB), Punjab & Map(112.59 KB)",https://moef.gov.in/uploads/2017/06/S.O.%203104%20%5B17.11.2015%5D%20Jhajjar%20bachauali%20%20WLS%20ESZ%20Notification%2C%20Punjab.pdf,[],09/07/2015,S.O. 3104,,none
246,Punjab,Jhajjar bachauali WLS,Wildlife Sanctuary,Final,2017-03-16,"246. S.O. 839 (E) [16.03.2017] Final Notification declaring Eco Sensitive Zone around Jhajjar- Bachauli Wildlife (1.82 MB)Sanctuary, Punjab",https://moef.gov.in/uploads/2017/06/Jhajjar-%20Bachauli%20Wildlife%20Sanctuary%2C%20Punjab.pdf,[],21/03/2017,S.O. 839 (E),,none
305,Punjab,Bir Aishwan Wildlife Sanctuary,Wildlife Sanctuary,Draft,,"305. S.O. 1602 16.06.2015] Draft ESZ Notification on Bir Aishwan Wildlife Sanctuary(4.13 MB), Punjab & Map(322.5 KB)",https://moef.gov.in/uploads/2017/06/S.O.%201602%2016.06.2015%5D%20Draft%20ESZ%20Notification%20on%20Bir%20Aishwan%20Wildlife%20Sanctuary%2C%20Punjab.pdf,[],28/09/2015,S.O. 1602,Q135798492,fuzzy
247,Punjab,Bir Aishwan WLS,Wildlife Sanctuary,Final,2016-10-26,"247. S. O. 3313 [26.10.2016] Final Notification declaring Eco Sensitive Zone around Bir Aishwan WLS(1.29 MB), Punjab",https://moef.gov.in/uploads/2017/06/Bir%20Aishwan%20Wildlife%20Sanctuary%20Final%2C%20Punjab.pdf,[],18/10/2024,S. O. 3313,Q135798492,fuzzy
,Punjab,Bir Aishwan WLS,Wildlife Sanctuary,Amendment,2024-10-16,"S .O. No. 4546(E) [16.10.2024] Amendment in the Final Notification of Eco-sensitive Zone around Bir Aishwan WLS(1.69 MB), Punjab",https://moef.gov.in/uploads/pdf/bir_aishwan_amendment.pdf,[],,S .O. No. 4546(E),Q135798492,fuzzy
306,Punjab,Bir Gurdialpur Wildlife Sanctuary,Wildlife Sanctuary,Draft,2015-06-22,"306. S.O. 1657 [22.06.2015] Draft ESZ Notificatin on Bir Gurdialpur Wildlife Sanctuary(10.8 MB), Punjab & Map(346.98 KB)",https://moef.gov.in/uploads/2019/10/S.O.-1657-22.06.2015-Draft-ESZ-Notificatin-on-Bir-Gurdialpur-Wildlife-Sanctuary-Punjab.pdf,[],29/07/2015,S.O. 1657,,none
248,Punjab,Bir Gurdialpur Wildlife Sanctuary,Wildlife Sanctuary,Final,2016-07-01,"248. S.O. 2275(E) [01.07.2016] Final Notification declaring Eco Sensitive Zone around Bir Gurdialpura Wildlife Sanctuary(976.21 KB), Punjab",https://moef.gov.in/uploads/2017/06/Bir%20Gurdialpura%20Wildlife%20Sanctuary%2C%20Punjab.pdf,[],21/07/2016 & 25/11/2023,S.O. 2275(E),,none
,Punjab,Bir Gurdialpur Wildlife Sanctuary,Wildlife Sanctuary,Amendment,2023-10-12,"S.O. No. 4446(E) [12.10.2023] Amendment in the Final Notification of Eco-sensitive Zone around Bir Gurdialpur Wildlife Sanctuary, in the state of Punjab (1,096 KB), Punjab",https://moef.gov.in/uploads/2023/11/SO4446(E)-gurdialpur-punjab.pdf,[],,S.O. No. 4446(E),,none
307,Punjab,Kathlaur-Kushalia Wildlife Sanctuary,Wildlife Sanctuary,Draft,2015-06-30,"307. S.O. 1778 [30.06.2015] Draft ESZ Notification on Kathlaur-Kushalia Wildlife Sanctuary(6.35 MB), Punjab & Map(378.29 KB)",https://moef.gov.in/uploads/2019/10/S.O.-1778-30.06.2015-Draft-ESZ-Notification-on-Kathlaur-Kushalia-Wildlife-Sanctuary-Punjab.pdf,[],21/09/2015,S.O. 1778,Q136955738,fuzzy
249,Punjab,Kathlaur-Kushalia Wildlife Sanctuary,Wildlife Sanctuary,Final,2016-12-28,"249. S.O. 4204(E) [28.12.2016] Final Notification declaring Eco Sensitive Zone around Kathlaur-Kushalia Wildlife (558.22 KB)Sanctuary, Punjab",https://moef.gov.in/uploads/2017/06/Kathlaur-Kushalia%20Wildlife%20Sanctuary.pdf,[],02/01/2016,S.O. 4204(E),Q136955738,fuzzy
308,Punjab,Bir Bhunerheri Wildlife Sanctuary,Wildlife Sanctuary,Draft,2015-06-30,"308. S.O. 1779 [30.06.2015] Draft ESZ Notification on Bir Bhunerheri Wildlife Sanctuary(10.54 MB), Punjab & Map(272.4 KB)",https://moef.gov.in/uploads/2017/06/S.O.%201779%20%5B30.06.2015%5D%20Draft%20ESZ%20Notification%20on%20Bir%20Bhunerheri%20Wildlife%20Sanctuary%2C%20Punjab.pdf,[],29/07/2015,S.O. 1779,Q136707825,fuzzy
250,Punjab,Bir Bhunerheri Wildlife Sanctuary,Wildlife Sanctuary,Final,2016-07-01,"250. S.O. 2277(E) [01.07.2016] Final Notification declaring Eco Sensitive Zone around Bir Bhunerheri Wildlife Sanctuary(913.51 KB), Punjab",https://moef.gov.in/uploads/2017/06/Bir%20Bhunerheri%20Wildlife%20Sanctuary%2C%20Punjab.pdf,[],21/07/2016,S.O. 2277(E),Q136707825,fuzzy
309,Punjab,Takhni-Rahmapur Wildlife Sanctuary,Wildlife Sanctuary,Draft,2015-07-30,"309. S.O. 2080 (E) [30.07.2015] Draft ESZ Notification on Takhni-Rahmapur Wildlife Sanctuary(5.68 MB), Punjab & Map(184.06 KB)",https://moef.gov.in/uploads/2019/10/S.O.-2080-E-30.07.2015-Draft-ESZ-Notification-on-Takhni-Rahmapur-Wildlife-Sanctuary-Punjab.pdf,[],14/10/2015,S.O. 2080 (E),,none
251,Punjab,Takhni-Rahmapur Wildlife Sanctuary,Wildlife Sanctuary,Final,2016-11-30,"251. S.O. 3597(E) [30.11.2016] Final Notification declaring Eco Sensitive Zone around Takhni – Rehmapur Wildlife Sanctuary,(1.44 MB) Punjab",https://moef.gov.in/uploads/2017/06/Takhni%20-%20Rehmapur%20Wildlife%20Sanctuary%20Punjab%2C%20FINAL05-12-2016.pdf,[],05/12/2016,S.O. 3597(E),,none
310,Punjab,Bir Mehas Wildlife Sanctuary,Wildlife Sanctuary,Draft,2015-08-31,"310. S.O. 2384 [31.08.2015] Draft ESZ Notification on Bir Mehas Wildlife Sanctuary(6.44 MB), Punjab & Map(325.73 KB)",https://moef.gov.in/uploads/2019/10/S.O.-2384-31.08.2015-Draft-ESZ-Notification-on-Bir-Mehas-Wildlife-Sanctuary-Punjab.pdf,[],21/09/2015,S.O. 2384,,none
252,Punjab,Bir Mehas WLS,Wildlife Sanctuary,Final,2017-02-06,"252. S. O. 350 (E) [06.02.2017] Final Notificationdeclaring Eco Sensitive Zone around Bir Mehas WLS(1.33 MB), Punjab.",https://moef.gov.in/uploads/2017/06/Bir%20Mehas%20Wildlife%20Sanctuary%2C%20Punjab.pdf,[],10/02/2016,S. O. 350 (E),,none
311,Punjab,Bir Bhadson WLS,Wildlife Sanctuary,Draft,2014-05-30,"311. S.O.1394 [30.05.2014] Draft Notification on Bir Bhadson WLS(6.45 MB), Punjab & Map(108.72 KB)",https://moef.gov.in/uploads/2017/06/S.O.1394%20%5B30.05.2014%5D%20Draft%20Notification%20on%20Bir%20Bhadson%20WLS%2C%20Punjab.pdf,[],17/06/2015,S.O.1394,,none
253,Punjab,Bir Bhadson Wildlife Sanctuary,Wildlife Sanctuary,Final,2016-07-21,"253. S.O. 2483(E) [21.07.2016] Final Notification declaring Eco Sensitive Zone around Bir Bhadson Wildlife Sanctuary(515.84 KB), Punjab",https://moef.gov.in/uploads/2017/06/Bir%20Bhadson%20Wildlife%20Sanctuary%2C%20Punjab.pdf,[],28/07/2016 & 25/11/2023,S.O. 2483(E),,none
,Punjab,Bir Bhadson Wildlife Sanctuary,Wildlife Sanctuary,Amendment,2023-10-11,"S.O. No. 4422(E) [11.10.2023] Amendment in the Final Notification of Eco-sensitive Zone around Bir Bhadson Wildlife Sanctuary, in the state of Punjab (1,140 KB), Punjab",https://moef.gov.in/uploads/2023/11/SO4422(E)-bir-bhadson-punjab.pdf,[],,S.O. No. 4422(E),,none
312,Punjab,Nangal Wildlife Sanctuary,Wildlife Sanctuary,Draft,2015-11-16,312. SO 3102(E)[16.11.2015] Draft notification declaring Eco-sensitive Zone around the Nangal Wildlife Sanctuary(1.08 MB) in the state of Punjab,https://moef.gov.in/uploads/2017/06/SO%203102(E)%5B16.11.2015%5D%20Draft%20notification%20declaring%20Eco-sensitive%20Zone%20around%20the%20Nangal%20Wildlife%20Sanctuary%20%20in%20the%20state%20of%20Punjab.pdf,[],15/01/2015,SO 3102(E),Q109905245,exact
254,Punjab,Nangal WLS,Wildlife Sanctuary,Final,2017-03-16,"254. S.O. 840 (E) [16.03.2017] Final Notification declaring Eco Sensitive Zone around Nangal WLS,(1.92 MB)Punjab.",https://moef.gov.in/uploads/2017/06/Nangal%20Wildlife%20Sanctuary%2C%20Punjab%2C%20Final%20Notification.pdf,[],20/03/2017,S.O. 840 (E),Q109905245,exact
313,Rajasthan,Bandh Baretha Wildlife Sanctuary,Wildlife Sanctuary,Draft,2015-08-31,"313. S.O. 2382 [31.08.2015] Draft ESZ Notificationon onBandh Baretha Wildlife Sanctuary(8.81 MB), Rajasthan & Map(306.58 KB)",https://moef.gov.in/uploads/2019/10/S.O.-2382-31.08.2015-Draft-ESZ-Notificationon-on-Bandh-Baretha-Wildlife-Sanctuary-Rajasthan.pdf,[],21/09/2015,S.O. 2382,Q123399066,exact
313,Rajasthan,Bandh Baretha Wildlife,Wildlife Sanctuary,Draft,2018-05-31,"313. S.O. 2202(E) [31.05.2018] Draft Notification declaring Eco Sensitive Zone aroundBandh Baretha Wildlife Sanctuary(5.45 MB), Rajasthan Re-Notification New.",https://moef.gov.in/uploads/2018/06/band-bareta.pdf,[],07/06/2018,S.O. 2202(E),Q123399066,exact
255,Rajasthan,Bandh Baretha Wildlife,Wildlife Sanctuary,Final,2018-12-26,"255. S.O. 6319(E) [26.12.2018] Final Notification declaring Eco Sensitive Zone around Bondh Baretha Wildlife Sanctuary(1.86 MB), Rajasthan",https://moef.gov.in/uploads/2018/12/ban-baretha.pdf,[],02/01/2018,S.O. 6319(E),Q123399066,exact
256,Rajasthan,Bandh Baretha Wildlife Sanctuary,Wildlife Sanctuary,Final,2021-05-18,256. S.O. 1929 (E) [18.05.2021] Amendment in final Notification declaring Eco Sensitive Zone around Bandh Baretha Wildlife Sanctuary (8.96 MB) in the State of Rajasthan.,https://moef.gov.in/uploads/2021/05/Amendment-Notification.pdf,[],19/05/2021,S.O. 1929 (E),Q123399066,exact
313,Rajasthan,Phulwari ki Nal Wildlife Sanctuary,Wildlife Sanctuary,Draft,2105-08-31,"313. S.O. 2383 [31.08.2105] Draft ESZ Notification on Phulwari ki Nal Wildlife Sanctuary(15.1 MB), Rajasthan & Map(41.32 KB)",https://moef.gov.in/uploads/2019/10/S.O.-2383-31.08.2105-Draft-ESZ-Notification-on-Phulwari-ki-Nal-Wildlife-Sanctuary-Rajasthan.pdf,[],21/09/2015,S.O. 2383,Q30593531,exact
,Rajasthan,Phulwari Ki Nal Wildlife Sanctuary,Wildlife Sanctuary,Draft,2023-09-22,"S.O. No. 4217(E) [22.09.2023] Re-Draft Notification declaring Eco Sensitive Zone around Phulwari Ki Nal Wildlife Sanctuary, (3,212 KB) RajasthanRe-notification New",https://moef.gov.in/uploads/2023/11/ESZ-ReDraft-Phulwari-Ki-Nal-Wildlife-Sanctuary-Rajasthan.pdf,[],22/09/2023,S.O. No. 4217(E),Q30593531,exact
314,Rajasthan,Bhaindrogarh WL Sanctuary,Wildlife Sanctuary,Draft,2015-11-20,"314. S.O. No. 3125 [20.11.2015] Bhaindrogarh WL Sanctuary ESZ Notification(375.55 KB), Rajasthan",https://moef.gov.in/uploads/2019/10/S.O.-No.-3125-20.11.2015-Bhaindrogarh-WL-Sanctuary-ESZ-Notification-Rajasthan.pdf,[],21/09/2015,S.O. No. 3125,,none
257,Rajasthan,Bhaindrogarh WL Sanctuary,Wildlife Sanctuary,Final,2021-09-10,"257. S.O.3683(E) [10.09.2021] Final Notification declaring Eco Sensitive Zone around Bhainsrodgarh Wildlife Sanctuary (375.55 KB), Rajasthan",https://moef.gov.in/uploads/2020/08/bhainsorgarh-1.pdf,[],15/09/2021,S.O.3683(E),,none
314,Rajasthan,Nahargarh Wildlife Sanctuary,Wildlife Sanctuary,Draft,2021-01-28,"314. S.O. 437(E) [28.01.2021] Draft Notification declaring Eco Sensitive Zone around Bhainsrodgarh Wildlife Sanctuary(4.19 MB), Rajasthan Re-notification New",https://moef.gov.in/uploads/2021/02/bhainsorgarh.pdf,[],01/02/2021,S.O. 437(E),Q134581467,exact
315,Rajasthan,Todgarh Raoli Wildlife Sanctuary,Wildlife Sanctuary,Draft,2015-09-17,"315. S.O. 2542 [17.09.2015] Draft ESZ Notification onTodgarh Raoli Wildlife Sanctuary(11.21 MB), Rajasthan & Map(168.99 KB)",https://moef.gov.in/uploads/2017/06/S.O.%202542%20%5B17.09.2015%5D%20Draft%20ESZ%20Notification%20on%20Todgarh%20Raoli%20Wildlife%20Sanctuary%2C%20Rajasthan.pdf,[],06/10/2015,S.O. 2542,Q24945625,exact
258,Rajasthan,Todgarh Raoli Wildlife Sanctuary,Wildlife Sanctuary,Final,2017-04-13,"258. S.O. 1173(E) [13.04.2017] Final Notification Declaring Eco Sensitive Zone around Todgarh Raoli Wildlife Sanctuary(1.86 MB), Rajasthan",https://moef.gov.in/uploads/2017/06/Todgarh%20Raoli%20Wildlife%20Sanctuary%2C%20Rajasthan.pdf,[],01/05/2017,S.O. 1173(E),Q24945625,exact
316,Rajasthan,Van Vihar Wildlife Sanctuary,Wildlife Sanctuary,Draft,2015-09-22,"316. S.O. 2598 [22.09.2015] Draft ESZ Notification on Van Vihar Wildlife Sanctuary(8.93 MB), Rajasthan & Map(176.85 KB)",https://moef.gov.in/uploads/2017/06/S.O.%202598%20%5B22.09.2015%5D%20Draft%20ESZ%20Notification%20on%20Van%20Vihar%20Wildlife%20Sanctuary%2C%20Rajasthan.pdf,[],06/11/2015,S.O. 2598,Q134721122,exact
259,Rajasthan,Van Vihar Wildlife Sanctuary,Wildlife Sanctuary,Final,2017-03-23,"259. S.O. 938(E) [23.03.2017] Final Notification Declaring Eco Sensitive Zone around Van Vihar WLS(4.44 MB), Rajasthan.",https://moef.gov.in/uploads/2017/06/Van%20Vihar%20Wildlife%20Sanctuary%2C%20Rajasthan.pdf,[],30/03/2017,S.O. 938(E),Q134721122,exact
317,Rajasthan,Nahargarh Wildlife Sanctuary,Wildlife Sanctuary,Draft,2015-09-23,"317. S.O. 2608 [23.09.2015] Draft ESZ Notification on Nahargarh Wildlife Sanctuary(1.27 MB), Rajasthan & Map(177.37 KB)",https://moef.gov.in/uploads/2017/06/S.O.%202608%20%5B23.09.2015%5D%20Draft%20ESZ%20Notification%20on%20Nahargarh%20Wildlife%20Sanctuary%2C%20Rajasthan.pdf,[],04/11/2015,S.O. 2608,Q134581467,exact
260,Rajasthan,Nahargarh Wildlife Sanctuary,Wildlife Sanctuary,Final,2019-03-08,"260. S.O. 1220(E) [08.03.2019] Final Notification declaring Eco Sensitive Zone around Nahargarh Wildlife Sanctuary,(1.68 MB), Rajasthan.",https://moef.gov.in/uploads/2018/12/nahargarh.pdf,[],11/03/2019,S.O. 1220(E),Q134581467,exact
317,Rajasthan,Nahargarh Wildlife Sanctuary,Wildlife Sanctuary,Draft,2017-09-12,"317. S.O. 2995 (E) [12.09.2017] Draft Notification declaring Eco Sensitive Zone around Nahargarh Wildlife Sanctuary(4.19 MB), Rajasthan Re-notification New",https://moef.gov.in/uploads/2017/06/Nahargarh%20Wildlife%20Sanctuary%20Rajasthan%20Re%20notify_0.pdf,[],15/09/2017,S.O. 2995 (E),Q134581467,exact
318,Rajasthan,Jaisamund Wildlife Sanctuary,Wildlife Sanctuary,Draft,2015-10-05,"318. S.O. 2699 [05.10.2015] Draft ESZ Notification on Jaisamund Wildlife Sanctuary(1.1 MB), Rajasthan & Map(563.63 KB)",https://moef.gov.in/uploads/2017/06/S.O.%202699%20%5B05.10.2015%5D%20Draft%20ESZ%20Notification%20on%20Jaisamand%20Wildlife%20Sanctuary%2C%20Rajasthan.pdf,[],,S.O. 2699,Q11927133,fuzzy
261,Rajasthan,Jaisamund Wildlife Sanctuary,Wildlife Sanctuary,Final,2020-08-06,"261. S.O. 2631(E) [06.08.2020] Final Notification declaring Eco Sensitive Zone around Jaisamund Wildlife Santuary(9.96 MB), Rajasthan",https://moef.gov.in/uploads/2019/10/jaismund.pdf,[],11/08/2020,S.O. 2631(E),Q11927133,fuzzy
318,Rajasthan,Jaisamund Wildlife Sanctuary,Wildlife Sanctuary,Draft,2019-06-03,"318. S.O. 1914(E) [03.06.2019] Draft Notification declaring Eco Sensitive Zone around Jaismund Wildlife Sanctuary (4.96 MB), Rajasthan. Re-notification New",https://moef.gov.in/uploads/2019/06/jaismund.pdf,[],10/06/2019,S.O. 1914(E),Q11927133,fuzzy
319,Rajasthan,Sajjangarh Wildlife Sanctuary,Wildlife Sanctuary,Draft,2015-10-13,"319. S.O. 2807 [13.10.2015] Draft ESZ Notification on Sajjangarh Wildlife Sanctuary(1.6 MB), Rajasthan & Map(191.18 KB)",https://moef.gov.in/uploads/2019/10/S.O.-2807-13.10.2015-Draft-ESZ-Notification-on-Sajjangarh-Wildlife-Sanctuary-Rajasthan.pdf,[],02/11/2015,S.O. 2807,Q65068086,exact
262,Rajasthan,Sajjangarh Wildlife Sanctuary,Wildlife Sanctuary,Final,2017-02-14,"262. S. O. 435 [14.02.2017] Final Notification declaring Eco Sensitive Zone around Sajjangarh Wildlife Sanctuary(1.72 MB), Rajasthan and",https://moef.gov.in/uploads/2017/06/Sajjangarh%20Wildlife%20Sanctuary%2C%20Rajasthan.pdf,[],20/02/2017 & 28/11/2023,S. O. 435,Q65068086,exact
,Rajasthan,Sajjangarh Wildlife Santuary,Wildlife Sanctuary,Amendment,2020-01-07,"S.O. 107(E) [07.01.2020] Final Amendment declaring Eco Sensitive Zone around Sajjangarh Wildlife Santuary(4.96 MB), Rajasthan",https://moef.gov.in/uploads/2019/10/sajjangarh-amendment.pdf,[],,S.O. 107(E),Q65068086,exact
,Rajasthan,Sajjangarh Wildlife Sanctuary,Wildlife Sanctuary,Amendment,2023-11-08,"S.O. No. 4843(E) [08.11.2023] Amendment in the Final Notification of Eco-sensitive Zone around Sajjangarh Wildlife Sanctuary, (718 KB), in the state of Rajasthan",https://moef.gov.in/uploads/2023/11/SO4843(E)-Sajjangarh-amendment.pdf,[],,S.O. No. 4843(E),Q65068086,exact
320,Rajasthan,Bassi Wildlife Sanctuary,Wildlife Sanctuary,Draft,2015-10-13,"320. S.O. 2808 [13.10.2015] Draft ESZ Notification on Bassi Wildlife Sanctuary(4.08 MB), Rajasthan & Map(590.59 KB)",https://moef.gov.in/uploads/2019/10/S.O.-2808-13.10.2015-Draft-ESZ-Notification-on-Bassi-Wildlife-Sanctuary-Rajasthan.pdf,[],02/11/2015,S.O. 2808,Q4868136,exact
263,Rajasthan,Bassi Wildlife Sanctuary,Wildlife Sanctuary,Final,,"263. S.O. 1717(E) [08.04.2021/30.04.2021] Final Notification declaring Eco Sensitive Zone around Bassi Wildlife Sanctuary(4.08 MB), Rajasthan",https://moef.gov.in/uploads/2021/05/Bassi-Notification.pdf,[],03/05/2021,S.O. 1717(E),Q4868136,exact
320,Rajasthan,Bassi Wildlife Sanctuary,Wildlife Sanctuary,Draft,2019-11-06,"320. S.O. 4008(E) [06.11.2019] Draft Notification declaring Eco Sensitive Zone around Bassi Wildlife Sanctuary(1.96 MB), Rajasthan Re-notification New",https://moef.gov.in/uploads/2019/10/bassi.pdf,[],13/11/2019,S.O. 4008(E),Q4868136,exact
321,Rajasthan,Keoladeo National Park,National Park,Draft,2015-10-13,"321. S.O. 2809 [13.10.2015] Draft ESZ Notification onKeoladeo National Park(547.82 KB), Rajasthan & Map(207.94 KB)",https://moef.gov.in/uploads/2019/10/S.O.-2809-13.10.2015-Draft-ESZ-Notification-on-Keoladeo-National-Park-Rajasthan.pdf,[],02/11/2015,S.O. 2809,Q235878,fuzzy
264,Rajasthan,Keoladeo WLS Sanctuary,Wildlife Sanctuary,Final,2020-02-21,264. S.O. 814(E) [21.02.2020] Final Notification amendment declaring Eco Sensitive Zone around Keoladeo WLS Sanctuary(1.96 MB)Rajasthan,https://moef.gov.in/uploads/2020/02/keoladeo-amendment-1.pdf,[],24/02/2020,S.O. 814(E),Q235878,fuzzy
321,Rajasthan,Keoladeo WLS Sanctuary,Wildlife Sanctuary,Draft,2018-11-28,"321. S.O. 5844(E) [28.11.2018] Draft Notification declaring Eco Sensitive Zone around Keoladeo Wildlife Sanctuary(4.06 MB), Rajasthan. Re-notification New",https://moef.gov.in/uploads/2017/06/keoladao.pdf,[],29/11/2018,S.O. 5844(E),Q235878,fuzzy
265,Rajasthan,Keoladeo Wildlife,Wildlife Sanctuary,Final,2019-07-19,"265. S.O. 2608(E) [19.07.2019] Final Notification declaring Eco Sensitive Zone around Keoladeo Wildlife Sanctuary (1.96 MB), Rajasthan.",https://moef.gov.in/uploads/2018/12/keoladeo.pdf,[],26/07/2019,S.O. 2608(E),Q235878,fuzzy
322,Rajasthan,Keoladeo Wildlife,Wildlife Sanctuary,Draft,2019-11-19,"322. S.O. 4150(E) [19.11.2019] Draft Amendment declaring Eco Sensitive Zone around Keoldaeo Wildlife Santuary, Rajasthan(2.96 MB)",https://moef.gov.in/uploads/2019/10/keoladeo-amendment.pdf,[],20/11/2019,S.O. 4150(E),Q235878,fuzzy
323,Rajasthan,Shergarh Wildlife Sanctuary,Wildlife Sanctuary,Draft,2015-10-19,"323. S.O. 2868 [19.10.2015] Draft ESZ Notification on Shergarh Wildlife Sanctuary(1.45 MB), Rjasthan & Map(595.84 KB)",https://moef.gov.in/uploads/2019/10/S.O.-2868-19.10.2015-Draft-ESZ-Notification-on-Shergarh-Wildlife-Sanctuary-Rjasthan.pdf,[],02/11/2015,S.O. 2868,Q134610688,exact
323,Rajasthan,Shergarh Wildlife Sanctuary,Wildlife Sanctuary,Draft,2018-07-09,"323. S.O. 3361(E) [09.07.2018] Draft Notification declaring Eco Sensitive Zone around Shergarh Wildlife Sanctuary, Rajasthan (6.96 MB) Re-notification New",https://moef.gov.in/uploads/2019/10/shergarh-1.pdf,[],16/07/2018,S.O. 3361(E),Q134610688,exact
324,Rajasthan,Ramsagar Wildlife Sanctuary,Wildlife Sanctuary,Draft,2015-10-19,"324. S.O. 2870 [19.10.2015] Draft ESZ Notification onRamsagar Wildlife Sanctuary(622.87 KB), Rajasthan & Map(127.25 KB)",https://moef.gov.in/uploads/2017/06/S.O.%202870%20%5B19.10.2015%5D%20Draft%20ESZ%20Notification%20on%20Ramsagar%20Wildlife%20Sanctuary%2C%20Rajasthan.pdf,[],16/11/2015,S.O. 2870,Q135741931,exact
266,Rajasthan,Ramsagar Wildlife Sanctuary,Wildlife Sanctuary,Final,2020-10-15,"266. S.O. 3632(E) [15.10.2020] Final Notification declaring Eco Sensitive Zone around Ramsagar Wildlife Sanctuary(1.55 MB), Rajasthan.",https://moef.gov.in/uploads/2020/10/ramsagar.pdf,[],19/10/2020,S.O. 3632(E),Q135741931,exact
324,Rajasthan,Ramsagar Wildlife Sanctuary,Wildlife Sanctuary,Draft,2019-12-24,"324. S.O. 4612(E) [24.12.2019] Draft Notification declaring Eco Sensitive Zone around Ramsagar Wildlife Sanctuary(1.96 MB), Rajasthan. Re-notification New",https://moef.gov.in/uploads/2019/10/ramsagar.pdf,[],30/12/2019,S.O. 4612(E),Q135741931,exact
325,Rajasthan,Sitamata Wildlife Sanctuary,Wildlife Sanctuary,Draft,2015-10-19,"325. S.O. 2871 [19.10.2015] Draft ESZ Notification onSitamata Wildlife Sanctuary(569.34 KB), Rajasthan & Map(116.36 KB)",https://moef.gov.in/uploads/2017/06/S.O.%202871%20%5B19.10.2015%5D%20Draft%20ESZ%20Notification%20on%20Sitamata%20Wildlife%20Sanctuary%2C%20Rajasthan.pdf,[],02/11/2015,S.O. 2871,Q7531584,exact
267,Rajasthan,Sitamata Wildlife Sanctuary,Wildlife Sanctuary,Final,2017-04-17,"267. S.O. 1191(E) [17.04.2017] Final Notification Declaring Eco Sensitive Zone around Sitamata Wildlife Sanctuary(496.58 KB), Rajasthan",https://moef.gov.in/uploads/2017/06/Sitamata%20Wildlife%20Sanctuary%2C%20Rajasthan.pdf,[],01/05/2017,S.O. 1191(E),Q7531584,exact
326,Rajasthan,,,Draft,,326.,,[],,,,none
268,Rajasthan,Sitamata Wildlife Sanctuary,Wildlife Sanctuary,Final,2021-10-03,"268. S.O. 4668(E) [03.10.2021] Amendment in Notification declaring Eco Sensitive Zone around Sitamata Wildlife Sanctuary, (496.58 KB)in the State of Rajasthan.",https://moef.gov.in/uploads/2021/08/Final-Publish-Sitamata-Amendment.pdf,[],07/10/2022,S.O. 4668(E),Q7531584,exact
327,Rajasthan,Kesarbagh Wildlife Sanctuary,Wildlife Sanctuary,Draft,2016-01-13,"327. S.O.138(E) [13.01.2016] Draft Notification declaring Eco sensitive Zone around Kesarbagh Wildlife Sanctuary(937.51 KB), Rajasthan",https://moef.gov.in/uploads/2017/06/S.O.138(E)%20%5B13.01.2016%5D%20Draft%20Notification%20declaring%20Eco%20sensitive%20Zone%20around%20Kesarbagh%20Wildlife%20Sanctuary%2C%20Rajasthan.pdf,[],24/02/2016,S.O.138(E),Q135933288,exact
269,Rajasthan,Kesarbagh,Wildlife Sanctuary,Final,2020-08-28,"269. S.O. 2641(E) [ 28.08.2020] Final Notification declaring Eco Sensitive Zone around Kesarbagh Wildlife Sanctuary, Rajasthan",https://moef.gov.in/uploads/2019/02/kesarbagh.pdf,[],31/08/2020,S.O. 2641(E),Q135933288,exact
327,Rajasthan,KesarbaghWildlife Sanctuary,Wildlife Sanctuary,Draft,2019-11-19,"327. S.O. 4151(E) [19.11.2019] Draft Notification declaring Eco Sensitive Zone around KesarbaghWildlife Sanctuary , Rajasthan. Re-notification New",https://moef.gov.in/uploads/2019/10/Kesarbagh.pdf,[],25/11/2019,S.O. 4151(E),Q135933288,fuzzy
328,Rajasthan,Mt. Abu Wildlife Sanctuary,Wildlife Sanctuary,Draft,2015-11-20,"328. S.O.3122(E) [20.11.2015] Draft Notification declaring Eco sensitive Zone around Mt. Abu Wildlife Sanctuary(502.11 KB), Rajasthan",https://moef.gov.in/uploads/2017/06/mt%20Abu%20ESZ%20WLS%20Rajasthan.pdf,[],19/04/2016,S.O.3122(E),,none
270,Rajasthan,Mt. Abu Wildlife Sanctuary,Wildlife Sanctuary,Final,2020-11-11,"270. S.O.4047(E) [ 11.11.2020] Final Notification declaring Eco Sensitive Zone around Mount Abu Wildlife Sanctuary(502.11 KB), Rajasthan",https://moef.gov.in/uploads/2020/11/mount-abu.pdf,[],25/11/2020,S.O.4047(E),,none
328,Rajasthan,Mt. Abu Wildlife Sanctuary,Wildlife Sanctuary,Draft,2019-06-03,"328. S.O. 1917(E) [03.06.2019] Draft Notification declaring Eco Sensitive Zone around Mount Abu Wildlife Sanctuary , Rajasthan. Re-notification New",https://moef.gov.in/uploads/2019/06/mount-abu.pdf,[],10/06/2019,S.O. 1917(E),,none
329,Rajasthan,Jamwaramgarh Wildlife Sanctuary,Wildlife Sanctuary,Draft,2018-02-02,"329. S.O. 507(E) [02.02.2018] Draft Notification declaring Eco Sensitive Zone around Jamwaramgarh Wildlife Sanctuary(8.65 MB), Rajasthan.",https://moef.gov.in/uploads/2017/06/Jamwaramgarh%20Sanctuary%2C%20Rajasthan.pdf,[],05/02/2018,S.O. 507(E),Q134581460,exact
271,Rajasthan,Jamwaramgarh Wildlife Sanctuary,Wildlife Sanctuary,Final,2018-12-18,"271. S.O. 6212(E) [18.12.2018] Final Notification declaring Eco Sensitive Zone around Jamwaramgarh Wildlife Sanctuary, Rajasthan(55 KB)",https://moef.gov.in/uploads/2019/05/jamwa-ramgarh-Final-ESZ.pdf,[],,S.O. 6212(E),Q134581460,exact
330,Rajasthan,Mukundra Hills Tiger Reserve,Tiger Reserve,Draft,2020-01-10,"330. S.O. 174(E) [10.01.2020] Draft Notification declaring Eco Sensitive Zone around Mukundra hills tiger reserve Sanctuary(22.3 KB), Rajasthan",https://moef.gov.in/uploads/2019/10/mukundra.pdf,[],13/01/2020,S.O. 174(E),,none
272,Rajasthan,Mukundra Hills Tiger Reserve,Tiger Reserve,Final,2020-11-25,"272. S.O.4268(E) [ 25.11.2020] Final Notification declaring Eco Sensitive Zone around Mukundra hills Tiger Reserve Sanctuary (33.22 KB), Rajasthan",https://moef.gov.in/uploads/2020/12/mukundra-1.pdf,[],01/12/2020,S.O.4268(E),,none
331,Rajasthan,Kumbhalgarh Wildlife Sanctuary,Wildlife Sanctuary,Draft,2020-06-18,"331. S.O. 1960(E) [18.06.2020] Draft Notification declaring Eco Sensitive Zone around Kumbhalgarh Wildlife Sanctuary(55.55 KB), Rajasthan",https://moef.gov.in/uploads/2019/10/kumbhalgarh.pdf,[],24/06/2020,S.O. 1960(E),Q6443733,exact
,Rajasthan,Kumbhalgarh Wildlife Sanctuary,Wildlife Sanctuary,Final,2026-01-16,"S.O. No. 238 (E)[16.01.2026] Final Notification of Eco-sensitive Zone aroundKumbhalgarh Wildlife Sanctuary(55.55 KB), Rajasthan",https://moef.gov.in/uploads/2026/02/238_Kumbhalgarh_Final.pdf,[],13/02/2026,S.O. No. 238 (E),Q6443733,exact
332,Rajasthan,Ramgarh Vishdhari Sanctuary,Wildlife Sanctuary,Draft,2020-12-30,"332. S.O. 4777(E) [30.12.2020] Draft Notification declaring Eco Sensitive Zone around Ramgarh Vishdhari Sanctuary(123 KB), Rajasthan",https://moef.gov.in/uploads/2019/08/Ramgarh.pdf,[],06/01/2021,S.O. 4777(E),Q121754153,exact
332,Rajasthan,Sariska Tiger Reserve,Tiger Reserve,Draft,2023-11-02,"332. S.O. 4766(E) [02.11.2023] Re-Draft Notification declaring Eco Sensitive Zone around Sariska Tiger Reserve(Sariska National Park and Sariska Sanctuary, (3,130 KB) in the state of RajasthanRe-notification New",https://moef.gov.in/uploads/2023/11/SO4766(E)sariska-draft.pdf,[],02/11/2021,S.O. 4766(E),Q2572177,exact
332,Rajasthan,Tal Chapar Wildlife Sanctuary,Wildlife Sanctuary,Draft,2023-05-02,"332. S.O. No. 2000(E) [02.05.2023] Re-Draft Notification declaring Eco Sensitive Zone around Tal Chapar Wildlife Sanctuary, (3,001 KB) RajasthanRe-notification New",https://moef.gov.in/uploads/2023/11/ESZ-ReDraft-Tal-chappar-Rajasthan.pdf,[],05/12/2023,S.O. No. 2000(E),Q7678698,fuzzy
,Rajasthan,Tal Chhapar Wildlife Sanctuary,Wildlife Sanctuary,Final,2024-09-27,"S.O. No. 4242(E) [27.09.2024] Final Notification declaring Eco Sensitive Zone around Tal Chhapar Wildlife Sanctuary, Rajasthan (2,082 KB), Rajasthan",https://moef.gov.in/uploads/pdf/Tal_chappar_final_notification.pdf,[],01/10/2024,S.O. No. 4242(E),Q7678698,exact
333,Sikkim,Fambonglho Wildlife Sanctuary,Wildlife Sanctuary,Draft,2014-02-04,"333. S.O. 309 [04.02.2014] Draft ESZ Notification on Fambonglho Wildlife Sanctuary(696.36 KB), Sikkim & Map(117.9 KB)",https://moef.gov.in/uploads/2019/10/S.O.-309-04.02.2014-Draft-ESZ-Notification-on-Fambonglho-Wildlife-Sanctuary-Sikkim.pdf,[],,S.O. 309,Q3471769,exact
273,Sikkim,Fambonglho Wildlife Sanctuary,Wildlife Sanctuary,Final,2014-08-27,273. S.O.2171 [27.08.2014] Final ESZ NotificationFambonglho Wildlife Sanctuary(518.54 KB) Sikkim,https://moef.gov.in/uploads/2017/06/S.O.2171%20%5B27.08.2014%5D%20Final%20ESZ%20Notification%20Fambonglho%20Wildlife%20Sanctuary%2C%20Sikkim.pdf,[],24/12/2022,S.O.2171,Q3471769,exact
334,Sikkim,Khangchendzonga National Park,National Park,Draft,,"334. S.O. 304 [03.022015] Draft ESZ Notification on Khangchendzonga National Park(563 KB), Sikkim",https://moef.gov.in/uploads/2017/06/S.O.%20304%20%5B03.022015%5D%20Draft%20ESZ%20Notification%20on%20Khangchendzonga%20National%20Park%2C%20Sikkim.pdf,[],21/02/2015,S.O. 304,Q2605019,exact
274,Sikkim,Khangchendzonga National Park,National Park,Final,2014-08-27,"274. S.O. 2166 [27.08.2014] Final ESZ Notification on Khangchendzonga NP(669 KB), Sikkim",https://moef.gov.in/uploads/2017/06/S.O.%202166%20%5B27.08.2014%5D%20Final%20ESZ%20Notification%20on%20Khangchendzonga%20NP%2C%20Sikkim.pdf,[],14/10/2014 & 28/11/2023,S.O. 2166,Q2605019,exact
,Sikkim,Khangchendzenga National Park,National Park,Amendment,2023-11-16,"S.O. No. 4949(E) [16.11.2023] Amendment in the Final Notification of Eco-sensitive Zone around Khangchendzenga National Park, in the state of Sikkim (1,201 KB), Sikkim",https://moef.gov.in/uploads/2023/11/SO4949(E)-Khangchendzonga-amendment.pdf,[],,S.O. No. 4949(E),Q2605019,fuzzy
335,Sikkim,Kyongnosla Alpine Sanctuary,Wildlife Sanctuary,Draft,2014-02-04,"335. S.O. 310 [04.02.2014] Draft ESZ Notification on Kyongnosla Alpine Sanctuary770.57 KB), Sikkim & Map(146.79 KB)",https://moef.gov.in/uploads/2019/10/S.O.-310-04.02.2014-Draft-ESZ-Notification-on-Kyongnosla-Alpine-Sanctuary-Sikkim-1.pdf,[],21/02/2014,S.O. 310,Q6452052,exact
275,Sikkim,Kyongnosla Wildlife Sanctuary,Wildlife Sanctuary,Final,2014-08-27,"275. S.O. 2168 [27.08.2014] Final ESZ Notifcation onKyongnosla Wildlife Sanctuary(728.08 KB), Sikkim",https://moef.gov.in/uploads/2017/06/S.O.%202168%20%5B27.08.2014%5D%20Final%20ESZ%20Notifcation%20on%20Kyongnosla%20Wildlife%20Sanctuary%2C%20Sikkim.pdf,[],14/10/2014 & 27/10/2023,S.O. 2168,Q6452052,fuzzy
,Sikkim,Kyongnosla Alpine Wildlife Sanctuary,Wildlife Sanctuary,Amendment,2023-10-27,"S.O. No. 4748(E) [27.10.2023] Amendment in the Final Notification of Eco-sensitive Zone around Kyongnosla Alpine Wildlife Sanctuary, in the state of Sikkim (1,107 KB), Sikkim",https://moef.gov.in/uploads/2023/11/SO4748(E)-Kyongnosla.pdf,[],,S.O. No. 4748(E),Q6452052,exact
336,Sikkim,Pangolakha Wildlife Sanctuary,Wildlife Sanctuary,Draft,2014-02-06,"336. S.O. 358 [06.02.2014]Draft ESZ Notification on Pangolakha Wildlife Sanctuary(666.85 KB), Sikkim & Map(154.26 KB)",https://moef.gov.in/uploads/2019/10/S.O.-358-06.02.2014Draft-ESZ-Notification-on-Pangolakha-Wildlife-Sanctuary-Sikkim.pdf,[],21/02/2014,S.O. 358,Q16896392,exact
276,Sikkim,Pangolakha Wildlife Sanctuary,Wildlife Sanctuary,Final,2014-08-27,"276. S.O. 2173 [27.08.2014] Final ESZ NotificationPangolakha Widllife Sanctuary(834.33 KB), Sikkim",https://moef.gov.in/uploads/2017/06/S.O.%202173%20%5B27.08.2014%5D%20Final%20ESZ%20Notification%20Pangolakha%20Widllife%20Sanctuary%2C%20Sikkim.pdf,[],14/01/2025,S.O. 2173,Q16896392,exact
,Sikkim,Pangolakha Wildlife Sanctuary,Wildlife Sanctuary,Amendment,2023-08-07,"S.O. No. 3516(E) [07.08.2023] Amendment in the Final Notification of Eco-sensitive Zone around Pangolakha Wildlife Sanctuary, in the state of Sikkim (1,105 KB), Sikkim",https://moef.gov.in/uploads/2023/11/SO3516-07082023-Pangolakha-Amendment.pdf,[],,S.O. No. 3516(E),Q16896392,exact
,Sikkim,Pangolakha Wildlife Sanctuary,Wildlife Sanctuary,Amendment,2025-01-06,"S .O. No. 100(E) [06.01.2025] Amendment in the Final Notification of Eco-sensitive Zone around Amendment in the Final Notification of Eco-sensitive Zone around Pangolakha Wildlife Sanctuary, in the state of Sikkim (711 KB), Sikkim",https://moef.gov.in/uploads/pdf-uploads/pdf_6786023ac31a55.70575935.pdf,[],,S .O. No. 100(E),Q16896392,exact
337,Sikkim,Maenam Wildlife Sanctuary,Wildlife Sanctuary,Draft,2014-02-25,"337. S.O. 552 [25.02.2014] Draft ESZ Notification onMaenam Wildlife Sanctuary(704.34 KB), Sikkim & Map(151.82 KB)",https://moef.gov.in/uploads/2017/06/S.O.%20552%20%5B25.02.2014%5D%20Draft%20ESZ%20Notification%20on%20Maenam%20Wildlife%20Sanctuary%2C%20Sikkim.pdf,[],21/02/2014,S.O. 552,Q17051622,exact
277,Sikkim,Maenam Wildlife Sanctuary,Wildlife Sanctuary,Final,2014-08-27,"277. S.O. 2170 [27.08.2014] Final ESZ Notification onMaenam Wildlife Sanctuary(833.24 KB), Sikkim",https://moef.gov.in/uploads/2017/06/S.O.%202170%20%5B27.08.2014%5D%20Final%20ESZ%20Notification%20on%20Maenam%20Wildlife%20Sanctuary%2C%20Sikkim.pdf,[],14/10/2014,S.O. 2170,Q17051622,exact
,Sikkim,Maenam Wildlife Sanctuary,Wildlife Sanctuary,Amendment,2023-09-26,"S.O. No. 4246(E) [26.09.2023] Amendment in the Final Notification of Eco-sensitive Zone around Maenam Wildlife Sanctuary (599 KB), in the state of Sikkim",https://moef.gov.in/uploads/2023/11/ESZ-Amendment-Maenam-Wildlife-Sanctuary-Sikkim.pdf,[],,S.O. No. 4246(E),Q17051622,exact
338,Sikkim,Shingba Rhododendron Sanctuary,Wildlife Sanctuary,Draft,2014-02-06,"338. S.O. No. 359 [06.02.2014] Draft ESZ Notification onShingba Rhododendron Sanctuary(705.02 KB), Sikkim & Map(157.38 KB)",https://moef.gov.in/uploads/2017/06/S.O.%20No.%20359%20%5B06.02.2014%5D%20Draft%20ESZ%20Notification%20on%20Shingba%20Rhododendron%20Sanctuary%2C%20Sikkim.pdf,[],21/02/2014,S.O. No. 359,Q7497442,exact
278,Sikkim,Shingba Rhododendron Sanctuary,Wildlife Sanctuary,Final,2014-08-27,"278. S.O. 2169 [27.08.2014] Final ESZ Shingba Rhododendron Sanctuary(870.79 KB), Sikkim",https://moef.gov.in/uploads/2017/06/S.O.%202169%20%5B27.08.2014%5D%20Final%20ESZ%20Shingba%20Rhododendron%20Sanctuary%2C%20Sikkim.pdf,[],14/10/2014 & 25/11/2023,S.O. 2169,Q7497442,exact
,Sikkim,Shingaba Wildlife Sanctuary,Wildlife Sanctuary,Amendment,2023-10-27,"S.O. No. 4749(E) [27.10.2023] Amendment in the Final Notification of Eco-sensitive Zone around Shingaba Wildlife Sanctuary, in the state of Sikkim (1,106 KB), Sikkim",https://moef.gov.in/uploads/2023/11/SO4749(E)-Singba.pdf,[],,S.O. No. 4749(E),,none
339,Sikkim,Barsey Rhododendron Sanctuary,Wildlife Sanctuary,Draft,2014-02-25,"339. S.O. 550 [25.02.2014] Draft ESZ Notification on Barsey Rhododendron Sanctuary(823.04 KB), Sikkim & Map(118.85 KB)",https://moef.gov.in/uploads/2017/06/S.O.%20550%20%5B25.02.2014%5D%20Draft%20ESZ%20Notification%20on%20Barsey%20Rhododendron%20Sanctuary%2C%20Sikkim.pdf,[],,S.O. 550,Q16902550,exact
279,Sikkim,Barsey Rhododendron Sanctuary,Wildlife Sanctuary,Final,2014-08-27,"279. S.O. 2172 [27.08.2014] Final ESZ Notification onBarsey Rhododendron Sanctuary(612.3 KB), Sikkim",https://moef.gov.in/uploads/2017/06/S.O.%202172%20%5B27.08.2014%5D%20Final%20ESZ%20Notification%20on%20Barsey%20Rhododendron%20Sanctuary%2C%20Sikkim.pdf,[],14/10/2014,S.O. 2172,Q16902550,exact
,Sikkim,Barsey Wildlife Sanctuary,Wildlife Sanctuary,Amendment,2023-09-26,"S.O. No. 4245(E) [26.09.2023] Amendment in the Final Notification of Eco-sensitive Zone around Barsey Wildlife Sanctuary (917 KB), in the state of Sikkim",https://moef.gov.in/uploads/2023/11/ESZ-Amendment-Barsey-Wildlife-Sanctuary-Sikkim.pdf,[],,S.O. No. 4245(E),,none
340,Sikkim,Kitam Bird Sanctuary,Bird Sanctuary,Draft,2014-02-25,"340. S.O. 551 [25.02.2014] Draft ESZ Notification on Kitam Bird Sanctuary(669.77 KB), Sikkim &Map(135.25 KB)",https://moef.gov.in/uploads/2017/06/S.O.%20551%20%5B25.02.2014%5D%20Draft%20ESZ%20Notification%20on%20Kitam%20Bird%20Sanctuary%2C%20Sikkim.pdf,[],,S.O. 551,Q106257541,exact
280,Sikkim,Kitam Bird Sanctuary,Bird Sanctuary,Final,2014-08-27,"280. S.O. 2167 [27.08.2014] Final ESZ Notification onKitam Bird Sanctuary(735.27 KB), Sikkim “",https://moef.gov.in/uploads/2017/06/S.O.%202167%20%5B27.08.2014%5D%20Final%20ESZ%20Notification%20on%20Kitam%20Bird%20Sanctuary%2C%20Sikkim.pdf,[],18/10/2024,S.O. 2167,Q106257541,exact
,Sikkim,Kitam Bird Sanctuary,Bird Sanctuary,Amendment,2022-12-07,"S.O. No. 5694(E) [07.12.2022] Amendment in the Final Notification of Eco-sensitive Zone around Kitam Bird Sanctuary(797 KB), in the state of Sikkim “",https://moef.gov.in/uploads/2017/06/SONo5694(E)%5B07.12.2022%5D-Amendment-Eco-sensitiveZone-Kitam-Bird-Sanctuary-Sikkim.pdf,[],,S.O. No. 5694(E),Q106257541,exact
,Sikkim,Kitam Bird Sanctuary,Bird Sanctuary,Amendment,2024-10-15,"S .O. No. 4530(E) [15.10.2024] Amendment in the Final Notification of Eco-sensitive Zone around Kitam Bird Sanctuary(797 KB), in the state of Sikkim",https://moef.gov.in/uploads/pdf/kitam_amendment.pdf,[],,S .O. No. 4530(E),Q106257541,exact
341,Tamil Nadu,Chitrangudi Bird Sanctuary,Bird Sanctuary,Draft,2018-05-25,"341. S.O. 2143(E) [25.05.2018] Draft Notification declaring Eco Sensitive Zone around Chitrangudi Bird Sanctuary(7.24 MB), Tamil Nadu",https://moef.gov.in/uploads/2018/05/chitrangudi.pdf,[],31/05/2018,S.O. 2143(E),Q5102342,exact
281,Tamil Nadu,Chitrangudi Bird Sanctuary,Bird Sanctuary,Final,2019-06-07,"281. S.O. 1929(E) [07.06.2019] Final Notification declaring Eco Sensitive Zone around Chitrangudi Bird Sanctuary (1.96 MB),Tamil Nadu",https://moef.gov.in/uploads/2019/06/chitrangudi.pdf,[],18/06/2019,S.O. 1929(E),Q5102342,exact
342,Tamil Nadu,KaraivetiWildlife Sanctuary,Wildlife Sanctuary,Draft,2018-05-25,"342. S.O. 2144(E) [25.05.2018] Draft Notification declaring Eco Sensitive Zone around KaraivetiWildlife Sanctuary(7.3 MB), Tamil Nadu",https://moef.gov.in/uploads/2018/05/karaiveti_0.pdf,[],31/05/2018,S.O. 2144(E),,none
282,Tamil Nadu,Karaiveti Bird Sanctuary,Bird Sanctuary,Final,2019-05-31,"282. S.O. 1909(E) [31.05.2019] Final Notification declaring Eco Sensitive Zone around Karaivetti Bird Sanctuary(1.96 MB), Tamil Nadu.",https://moef.gov.in/uploads/2018/12/karaivetti.pdf,[],07/06/2019,S.O. 1909(E),Q13111039,fuzzy
343,Tamil Nadu,Koonthankulam Bird Sanctuary,Bird Sanctuary,Draft,2018-06-19,"343. S.O. 2949(E) [19.06.2018] Draft Notification declaring Eco Sensitive Zone around Koonthankulam Bird Sanctuary(7.38 MB), Tamil Nadu.",https://moef.gov.in/uploads/2017/06/Koonthankulam.pdf,[],22/06/2018,S.O. 2949(E),Q2253195,fuzzy
283,Tamil Nadu,Koonthankulam Bird Sanctuary,Bird Sanctuary,Final,2019-06-07,"283. S.O. 1930(E) [07.06.2019] Final Notification declaring Eco Sensitive Zone around Koonthankulam Bird Sanctuary (1.44 MB),Tamil Nadu",https://moef.gov.in/uploads/2019/06/koonthankulam.pdf,[],18/06/2019,S.O. 1930(E),Q2253195,fuzzy
344,Tamil Nadu,Udayamarthandapuram Bird Sanctuary,Bird Sanctuary,Draft,2018-06-19,"344. S.O. 2948(E) [19.06.2018] Draft Notification declaring Eco Sensitive Zone around Udayamarthandapuram Bird Sanctuary(4.58 MB), Tamil Nadu.",https://moef.gov.in/uploads/2017/06/Udayamarthandapuram_Bird.pdf,[],22/06/2018,S.O. 2948(E),Q7877004,exact
284,Tamil Nadu,Udayamarthandapuram Bird Sanctuary,Bird Sanctuary,Final,2019-06-07,"284. S.O. 1928(E) [07.06.2019] Final Notification declaring Eco Sensitive Zone around Udayamarthandapuram Bird Sanctuary (6.96 MB),Tamil Nadu..",https://moef.gov.in/uploads/2019/06/udayamarthandapuram.pdf,[],12/06/2019,S.O. 1928(E),Q7877004,exact
345,Tamil Nadu,Mudumalai Tiger Reserve,Tiger Reserve,Draft,2018-06-29,"345. S.O. 3169(E) [29.06.2018] Draft Notification declaring Eco Sensitive Zone around Mudumalai Tiger Reserve(6.49 MB), Tamil Nadu.",https://moef.gov.in/uploads/2018/08/mudumalai.pdf,[],05/07/2018,S.O. 3169(E),Q2372700,exact
285,Tamil Nadu,Mudumalai Tiger Reserve,Tiger Reserve,Final,2019-12-17,"285. S.O. 4498(E) [17.12.2019] Final Notification declaring Eco Sensitive Zone around Mudumalai Tiger Reserve(4.96 MB), Tamil Nadu",https://moef.gov.in/uploads/2019/10/mudumalai.pdf,[],23/12/2019,S.O. 4498(E),Q2372700,exact
346,Tamil Nadu,Therthnagal Bird Sanctuary,Bird Sanctuary,Draft,2018-07-05,"346. S.O. 3262(E) [05.07.2018] Draft Notification declaring Eco Sensitive Zone around Therthnagal Bird Sanctuary(6.7 MB), Tamil Nadu.",https://moef.gov.in/uploads/2017/06/Therthnagal.pdf,[],16/07/2018,S.O. 3262(E),Q135622710,fuzzy
286,Tamil Nadu,Therthnagal Bird Sanctuary,Bird Sanctuary,Final,2019-12-17,"286. S.O. 4499(E) [17.12.2019] Final Notification declaring Eco Sensitive Zone around Therthnagal Bird Sanctuary(1.96 MB), Tamil Nadu.",https://moef.gov.in/uploads/2019/10/therthnagal-bird.pdf,[],23/12/2019,S.O. 4499(E),Q135622710,fuzzy
347,Tamil Nadu,Sakkarakottai Bird Sanctuary,Bird Sanctuary,Draft,2018-07-09,"347. S.O. 3362(E) [09.07.2018] Draft Notification declaring Eco Sensitive Zone around Sakkarakottai Bird Sanctuary(4.2 MB), Tamil Nadu.",https://moef.gov.in/uploads/2017/06/Sakkarakottai-Bird.pdf,[],16/07/2018,S.O. 3362(E),Q135622961,exact
287,Tamil Nadu,Sakkarakottai Bird Sanctuary,Bird Sanctuary,Final,2019-12-11,"287. S.O. 4440(E) [11.12.2019] Final Notification declaring Eco Sensitive Zone around Sakkarakottai Bird Sanctuary(9.96 MB), Tamil Nadu",https://moef.gov.in/uploads/2019/12/sakkarakottai-bird.pdf,[],20/12/2019,S.O. 4440(E),Q135622961,exact
348,Tamil Nadu,Srivilliputhur Grizzled Squirrel,Wildlife Sanctuary,Draft,2018-07-09,"348. S.O. 3363(E) [09.07.2018] Draft Notification declaring Eco Sensitive Zone around Srivilliputhur Grizzled Squirrel (7 MB), Tamil Nadu.",https://moef.gov.in/uploads/2017/06/Srivilliputhur-Grizzled-Squirrel.pdf,[],19/07/2018,S.O. 3363(E),Q5609778,fuzzy
288,Tamil Nadu,Srivilliputhur Grizzled Squirrel Sanctuar,Wildlife Sanctuary,Final,2019-11-01,"288. S.O. 3974(E) [01.11.2019] Final Notification declaring Eco Sensitive Zone around Srivilliputhur Grizzled Squirrel Sanctuary(1.96 MB), Tamil Nadu",https://moef.gov.in/uploads/2019/10/srivilliputhur-grizzled.pdf,[],08/11/2019,S.O. 3974(E),,none
349,Tamil Nadu,Kanjirankulam Bird Sanctuary,Bird Sanctuary,Draft,2018-07-13,"349. S.O. 3438(E) [13.07.2018] Draft Notification declaring Eco Sensitive Zone around Kanjirankulam Bird Sanctuary, (6.46 MB), Tamil Nadu.",https://moef.gov.in/uploads/2017/06/Kanjirankulam-Bird.pdf,[],19/07/2018,S.O. 3438(E),Q15233552,exact
289,Tamil Nadu,Kanjirankulam Bird Sanctuary,Bird Sanctuary,Final,2019-11-06,"289. S.O. 4007(E) [06.11.2019] Final Notification declaring Eco Sensitive Zone around Kanjirankulam Bird Sanctuary(1.96 MB), Tamil Nadu",https://moef.gov.in/uploads/2019/10/kanjirankulam.pdf,[],08/11/2019,S.O. 4007(E),Q15233552,exact
350,Tamil Nadu,Vallanadu Black Buck Sanctuary,Wildlife Sanctuary,Draft,2018-07-13,"350. S.O. 3440(E) [13.07.2018] Draft Notification declaring Eco Sensitive Zone around Vallanadu Black Buck Sanctuary,(3.92 MB), Tamil Nadu.",https://moef.gov.in/uploads/2017/06/Vallanadu-Blackbuck.pdf,[],19/07/2018,S.O. 3440(E),,none
290,Tamil Nadu,Vallanadu Black Buck Sanctuary,Wildlife Sanctuary,Final,2019-11-11,"290. .S.O. 4075(E) [11.11.2019] Final Notification declaring Eco Sensitive Zone around Vallanadu Black Buck Sanctuary(1.88 MB), Tamil Nadu",https://moef.gov.in/uploads/2019/11/vallanadu-black-buck.pdf,[],15/11/2019,S.O. 4075(E),,none
351,Tamil Nadu,Vettangudi Bird Sanctuary,Bird Sanctuary,Draft,2018-07-13,"351. S.O. 3439(E) [13.07.2018] Draft Notification declaring Eco Sensitive Zone around Vettangudi Bird Sanctuary,(4.88 MB), Tamil Nadu.",https://moef.gov.in/uploads/2017/06/Vettangudi-Bird.pdf,[],19/07/2018,S.O. 3439(E),Q7923801,exact
291,Tamil Nadu,Vettangudi Bird Sanctuary,Bird Sanctuary,Final,2019-12-17,"291. S.O. 4500(E) [17.12.2019] Final Notification declaring Eco Sensitive Zone around Vettangudi Bird Sanctuary (1.89 MB), Tamil Nadu.",https://moef.gov.in/uploads/2019/12/vettangudi.pdf,[],20/12/2019,S.O. 4500(E),Q7923801,exact
352,Tamil Nadu,Melaselvanur-Kelaselvanoor Bird Sanctuary,Bird Sanctuary,Draft,2018-07-20,"352. S.O. 3544(E) [20.07.2018] Draft Notification declaring Eco Sensitive Zone around Melaselvanur-Kelaselvanoor Bird Sanctuary,(3.52 MB) Tamil Nadu",https://moef.gov.in/uploads/2018/08/Melaselvanur-Kelaselvanoor.pdf,[],31/07/2018,S.O. 3544(E),Q122363291,fuzzy
292,Tamil Nadu,Melaselvanur-Kelaselvanoor Bird Sanctuary,Bird Sanctuary,Final,2019-10-10,"292. S.O. 3650(E) [10.10.2019] Final Notification declaring Eco Sensitive Zone around Melaselvanur-Kelaselvanoor Bird Sanctuary(1.74 MB), Tamil Nadu",https://moef.gov.in/uploads/2018/12/melaselvanur.pdf,[],17/10/2019,S.O. 3650(E),Q122363291,fuzzy
353,Tamil Nadu,Kanyakumari Sanctuary,Wildlife Sanctuary,Draft,2018-07-20,"353. S.O. 3545(E) [20.07.2018] Draft Notification declaring Eco Sensitive Zone around Kanyakumari Sanctuary,(4.51 MB), Tamil Nadu.",https://moef.gov.in/uploads/2017/06/Kanyakumari.pdf,[],02/08/2018,S.O. 3545(E),Q16979364,exact
293,Tamil Nadu,Kanyakumari Wildlife Sanctuary,Wildlife Sanctuary,Final,2020-09-22,"293. S.O. 3236(E) [ 22.09.2020] Final Notification declaring Eco Sensitive Zone around Kanniyakumari Wildlife Sanctuary (1.96 MB), Tamil Nadu",https://moef.gov.in/uploads/2020/09/kanyakumari.pdf,[],23/09/2020,S.O. 3236(E),Q16979364,exact
353,Tamil Nadu,Kanyakumari Wildlife Sanctuary,Wildlife Sanctuary,Draft,2020-02-21,"353. S.O. 795(E) [21.02.2020] Draft Notification declaring Eco Sensitive Zone around Kanyakumari Wildlife Sanctuary (1.35 MB),Tamil Nadu. Re-notification New",https://moef.gov.in/uploads/2020/02/kanyakumari-1.pdf,[],24/02/2020,S.O. 795(E),Q16979364,exact
354,Tamil Nadu,Gulf of Mannar National Park,National Park,Draft,2018-07-27,"354. S.O. 3688(E) [27.07.2018] Draft Notification declaring Eco Sensitive Zone around Gullf of Mannar National Park,(4.55 MB), Tamil Nadu.",https://moef.gov.in/uploads/2017/06/gulf-of-mannar.pdf,[],06/08/2018,S.O. 3688(E),Q5617576,fuzzy
294,Tamil Nadu,Gulf of Mannar National Park,National Park,Final,2020-01-01,"294. S.O. 08(E) [01.01.2020] Final Notification declaring Eco Sensitive Zone around Gulf of Mannar National Park (1.22 MB),Tamil Nadu.",https://moef.gov.in/uploads/2019/10/gulf-of-mannar.pdf,[],09/01/2019,S.O. 08(E),Q5617576,fuzzy
355,Tamil Nadu,Megamalai Sanctuary,Wildlife Sanctuary,Draft,2018-09-11,"355. S.O. 4774(E) [11.09.2018] Draft Notification declaring Eco Sensitive Zone around Megamalai Wildlife Sanctuary,(6.59 MB) Tamil Nadu.",https://moef.gov.in/uploads/2017/06/meghamalai.pdf,[],25/09/2018,S.O. 4774(E),,none
295,Tamil Nadu,Megamalai Sanctuary,Wildlife Sanctuary,Final,2019-10-10,"295. S.O. 3651(E) [10.10.2019] Final Notification declaring Eco Sensitive Zone around Megamalai Sanctuary(55.96 KB), Tamil Nadu.",https://moef.gov.in/uploads/2018/12/megamalai.pdf,[],17/10/2019,S.O. 3651(E),,none
356,Tamil Nadu,Gangaikondan Spotted Deer Sanctuary,Wildlife Sanctuary,Draft,2018-11-05,"356. S.O. 5645(E) [05.11.2018] Draft Notification declaring Eco Sensitive Zone around Gangaikondan Spotted Deer Sanctuary,(4.94 MB), Tamil Nadu.",https://moef.gov.in/uploads/2018/11/gngaikodan.pdf,[],13/11/2018,S.O. 5645(E),Q122363292,exact
296,Tamil Nadu,Gangaikondan Spotted Deer Sanctuary,Wildlife Sanctuary,Final,2019-08-01,"296. S.O. 2773(E) [01.08.2019] Final Notification declaring Eco Sensitive Zone around Gangaikondan Spotted Deer Sanctuary(1.05 MB), Tamil Nadu.",https://moef.gov.in/uploads/2019/08/gangaikondan.pdf,[],06/08/2019,S.O. 2773(E),Q122363292,exact
357,Tamil Nadu,Point Calimere Sanctuary,Wildlife Sanctuary,Draft,2018-11-05,"357. S.O. 5644(E) [05.11.2018] Draft Notification declaring Eco Sensitive Zone around Point Calimere Sanctuary, (3.06 MB) (including block B), Tamil Nadu",https://moef.gov.in/uploads/2018/11/point-calimere.pdf,[],14/11/2018,S.O. 5644(E),Q5614058,fuzzy
297,Tamil Nadu,Point Calimere Wildlife Bird Sanctuary,Bird Sanctuary,Final,2020-01-28,"297. S.O. 410(E) [28.01.2020] Final Notification declaring Eco Sensitive Zone around Point Calimere Sanctuary (including block B)(1.77 MB), Tamil Nadu",https://moef.gov.in/uploads/2019/10/point-calimere-block-B.pdf,[],11/02/2020,S.O. 410(E),,none
297,Tamil Nadu,Point Calimere Wildlife Bird Sanctuary,Bird Sanctuary,Final,2020-01-28,"297. S.O. 410(E) [28.01.2020] Final Notification declaring Eco Sensitive Zone around Point Calimere Sanctuary (including block B)(1.77 MB), Tamil Nadu",https://moef.gov.in/uploads/2019/10/point-calimere-block-B.pdf,[],11/02/2020,S.O. 410(E),,none
358,Tamil Nadu,Nellai Wildlife Sanctuary,Wildlife Sanctuary,Draft,2018-11-26,"358. S.O. 5835(E) [26.11.2018] Draft Notification declaring Eco Sensitive Zone around Nellai Wildlife Sanctuary, (2.75 MB)Tamil Nadu",https://moef.gov.in/uploads/2017/06/nellai.pdf,[],29/11/2018,S.O. 5835(E),Q111181635,exact
298,Tamil Nadu,Nellai Wildlife,Wildlife Sanctuary,Final,2019-08-05,"298. S.O. 2794(E) [05.08.2019] Final Notification declaring Eco Sensitive Zone around Nellai Wildlife Sanctuary(1.22 MB), Tamil Nadu",https://moef.gov.in/uploads/2019/08/nellai-1.pdf,[],13/08/2019,S.O. 2794(E),Q111181635,exact
359,Tamil Nadu,Kodaikanal Sanctuary,Wildlife Sanctuary,Draft,2018-11-26,"359. S.O. 5834(E) [26.11.2018] Draft Notification declaring Eco Sensitive Zone around Kodaikanal Wildlife Sanctuary, (4.29 MB)Tamil Nadu",https://moef.gov.in/uploads/2017/06/kodaikanal.pdf,[],03/12/2018,S.O. 5834(E),Q3696260,exact
299,Tamil Nadu,Kodaikanal Sanctuary,Wildlife Sanctuary,Final,2020-01-28,"299. S.O. 412(E) [28.01.2020] Final Notification declaring Eco Sensitive Zone around Kodaikanal Sanctuary(1.66 MB), Tamil Nadu.",https://moef.gov.in/uploads/2019/10/kodaikanal.pdf,[],11/02/2020,S.O. 412(E),Q3696260,exact
360,Tamil Nadu,Vaduvoor Bird Sanctuary,Bird Sanctuary,Draft,2019-03-08,360. S.O. 1224(E) [08.03.2019] Draft Notification declaring Eco Sensitive Zone around Vaduvoor Bird Sanctuary (4.00 MB)Tamil Nadu,https://moef.gov.in/uploads/2018/12/vaduvoor.pdf,[],03/12/2018,S.O. 1224(E),Q7908370,exact
300,Tamil Nadu,Vaduvoor Bird Sanctuary,Bird Sanctuary,Final,2019-09-16,"300. S.O. 3306(E) [16.09.2019] Final Notification declaring Eco Sensitive Zone around Vaduvoor Bird Sanctuary(1.96 MB), Tamil Nadu.",https://moef.gov.in/uploads/2018/12/vaduvoor-1.pdf,[],23/09/2019,S.O. 3306(E),Q7908370,exact
361,Tamil Nadu,Oussudu Sanctuary,Wildlife Sanctuary,Draft,2019-03-08,361. S.O. 1223(E) [08.03.2019] Draft Notification declaring Eco Sensitive Zone around Oussudu Sanctuary (3.00 MB)Tamil Nadu,https://moef.gov.in/uploads/2018/12/oussudu.pdf,[],03/12/2018,S.O. 1223(E),,none
301,Tamil Nadu,Oussudu Sanctuary,Wildlife Sanctuary,Final,2020-02-21,"301. S.O. 794(E) [21.02.2020] Final Notification declaring Eco Sensitive Zone around Oussudu Sanctuary(4.96 MB), Tamil Nadu",https://moef.gov.in/uploads/2019/10/ossudu.pdf,[],02/03/2020,S.O. 794(E),,none
362,Tamil Nadu,Satyamangalam Tiger Reserve,Tiger Reserve,Draft,2019-05-31,"362. S.O. 1910(E) [31.05.2019] Draft Notification declaring Eco Sensitive Zone around Satyamangalam Tiger Reserve (1.24 MB),Tamil Nadu.",https://moef.gov.in/uploads/2019/06/satyamangalam.pdf,[],07/06/2019,S.O. 1910(E),Q2226064,fuzzy
302,Tamil Nadu,Satyamangalam Tiger Reserve,Tiger Reserve,Final,2021-02-19,"302. S.O.788(E) [19.02.2021] Final Notification declaring Eco Sensitive Zone around Satyamangalam Tiger Reserve (5.96 MB),Tamil Nadu.",https://moef.gov.in/uploads/2021/02/satyamangalam.pdf,[],22/02/2021,S.O.788(E),Q2226064,fuzzy
363,Tamil Nadu,Cuvery North Sanctuary,Wildlife Sanctuary,Draft,2019-06-11,"363. S.O. 1943(E) [11.06.2019] Draft Notification declaring Eco Sensitive Zone around Cuvery North Santuary(1.32 MB), Tamil Nadu",https://moef.gov.in/uploads/2019/06/cuvery-north.pdf,[],18/06/2019,S.O. 1943(E),Q48724282,fuzzy
303,Tamil Nadu,Cuvery North Sanctuary,Wildlife Sanctuary,Final,2020-01-01,"303. S.O. 7(E) [01.01.2020] Final Notification declaring Eco Sensitive Zone around Cuvery North Sanctuary(1.24 MB), Tamil Nadu",https://moef.gov.in/uploads/2019/10/cauvery-north.pdf,[],13/01/2020,S.O. 7(E),Q48724282,fuzzy
364,Tamil Nadu,Point Calimere Sanctuary,Wildlife Sanctuary,Draft,2019-07-03,"364. S.O. 2321(E) [03.07.2019] Draft Notification declaring Eco Sensitive Zone around Point Calimere Santuary (Including Block A)(7.96 MB), Tamil Nadu.",https://moef.gov.in/uploads/2018/12/point-calimer.pdf,[],08/07/2019,S.O. 2321(E),Q5614058,fuzzy
304,Tamil Nadu,Point Calimere Wildlife Bird Sanctuary,Bird Sanctuary,Final,2020-01-28,"304. S.O. 411(E) [28.01.2020] Final Notification declaring Eco Sensitive Zone around Point Calimere Sanctuary (including block A)(1.55 MB), Tamil Nadu",https://moef.gov.in/uploads/2019/10/point-calimer-block-A.pdf,[],11/02/2020,S.O. 411(E),,none
304,Tamil Nadu,Point Calimere Wildlife Bird Sanctuary,Bird Sanctuary,Final,2020-01-28,"304. S.O. 411(E) [28.01.2020] Final Notification declaring Eco Sensitive Zone around Point Calimere Sanctuary (including block A)(1.55 MB), Tamil Nadu",https://moef.gov.in/uploads/2019/10/point-calimer-block-A.pdf,[],11/02/2020,S.O. 411(E),,none
365,Tamil Nadu,Vellode Bird Santuary,Bird Sanctuary,Draft,2019-09-23,"365. S.O. 3434(E) [23.09.2019] Draft Notification declaring Eco Sensitive Zone around Vellode Bird Santuary (1.23 MB),Tamil Nadu.",https://moef.gov.in/uploads/2018/12/vellod.pdf,[],27/09/2019,S.O. 3434(E),Q4122004,fuzzy
305,Tamil Nadu,Vellode Bird Sanctuary,Bird Sanctuary,Final,2020-05-22,"305. S.O. 1615(E) [ 22.05.2020] Final Notification declaring Eco Sensitive Zone around Vellode Bird Sanctuary(1.44 MB), Tamil Nadu.",https://moef.gov.in/uploads/2019/10/vellod.pdf,[],27/05/2020,S.O. 1615(E),Q4122004,fuzzy
366,Telangana,Pakhal Wildlife Sanctuary,Wildlife Sanctuary,Draft,2015-06-01,"366. S.O. 1450 [01.06.2015] Draft ESZ Notification on Pakhal Wildlife Sanctuary(10.28 MB), Telangana & Map(144.68 KB)",https://moef.gov.in/uploads/2017/06/S.O.%201450%20%5B01.06.2015%5D%20Draft%20ESZ%20Notification%20on%20Pakhal%20Wildlife%20Sanctuary%2C%20Telangana.pdf,[],29/07/2015,S.O. 1450,Q120756030,exact
306,Telangana,Pakhal Wildlife Sanctuary,Wildlife Sanctuary,Final,2016-11-30,"306. S.O. 3596 (E) [30.11.2016] Final Notification declaring Eco Sensitive Zone around Pakhal Wildlife Sanctuary,(2.05 MB) Telangana",https://moef.gov.in/uploads/2017/06/Pakhal%20Wildlife%20Sanctuary%2C%20Telangana%20FINAL12.06-012-2016pdf.pdf,[],06/12/2016,S.O. 3596 (E),Q120756030,exact
367,Telangana,Eturnagaram Wildlife Sanctuary,Wildlife Sanctuary,Draft,2015-07-27,"367. S.O. 2046 [27.07.2015] Draft ESZ Notification on Eturnagaram Wildlife Sanctuary(16.14 MB), Telangana & Map(775.62 KB)",https://moef.gov.in/uploads/2017/06/S.O.%202046%20%5B27.07.2015%5D%20Draft%20ESZ%20Notification%20on%20Eturnagaram%20Wildlife%20Sanctuary%2C%20Telangana.pdf,[],10/09/2015,S.O. 2046,,none
368,Telangana,Pranahita Wildlife Sanctuary,Wildlife Sanctuary,Draft,2014-11-17,"368. S.O. 2926 [17.11.2014] Draft ESZ Notification ofPranahita (Blackbuck) Widlife Sanctuary(5.02 MB), Telangana & Map(121.7 KB)",https://moef.gov.in/uploads/2017/06/S.O.%202926%20%5B17.11.2014%5D%20Draft%20ESZ%20Notification%20of%20Paranhita%20(Blackbuck)%20Widlife%20Sanctuary%2C%20Telangana.pdf,[],02/01/2015,S.O. 2926,,none
369,Telangana,Mrugvani National Park,National Park,Draft,2015-08-04,"369. S.O.2117 [04.08.2015] Draft ESZ Notification on Mrugvani National Park(12.67 MB), Telangana & Map(792.77 KB)",https://moef.gov.in/uploads/2017/06/S.O.2117%20%5B04.08.2015%5D%20Draft%20ESZ%20Notification%20on%20Mrugvani%20National%20Park%2C%20Telangana.pdf,[],10/09/2015,S.O.2117,Q3092307,fuzzy
370,Telangana,Manjeera Crocodile Sanctuary,Wildlife Sanctuary,Draft,2015-11-10,"370. S.O. No. 3029 [10.11.2015] Manjeera Crocodile Sanctuary(780.84 KB), Telangana & Map(207.68 KB)",https://moef.gov.in/uploads/2017/06/S.O.%20No.%203029%20%5B10.11.2015%5D%20Manjeera%20Crocodile%20Sanctuary%2C%20A.P..pdf,[],,S.O. No. 3029,,none
307,Telangana,Manjeera Wildlife Sanctuary,Wildlife Sanctuary,Final,2017-05-05,"307. S.O. 1432 (E) [05.05.2017] Final Notification declaring Eco sensitive Zone around Manjeera Wildlife Sanctuary,(1.97 MB) Telangana/di",https://moef.gov.in/uploads/2017/06/Manjeera%20Wildlife%20Sanctuary%20%2C%20Telangana(1).pdf,[],11/05/2017,S.O. 1432 (E),,none
371,Telangana,Pocharam Wildlife Sanctuary,Wildlife Sanctuary,Draft,2015-11-23,371. SO 3223(E)[23.11.2015] Draft notification declaring Eco-sensitive Zone around the Pocharam Wildlife Sanctuary (4.04 MB)in the state of Telangana,https://moef.gov.in/uploads/2017/06/SO%203223(E)%5B23.11.2015%5D%20Draft%20notification%20declaring%20Eco-sensitive%20Zone%20around%20the%20Pocharam%20Wildlife%20Sanctuary%20in%20the%20state%20of%20Telangana.pdf,[],09/12/2015,SO 3223(E),Q7206319,exact
308,Telangana,Pocharam Wildlife Sanctuary,Wildlife Sanctuary,Final,2017-05-26,"308. S.O. 1699 (E) [26.05.2017] Final Notification declaring Eco-sensitive Zone around Pocharam Wildlife Sanctuary,(4.06 MB) Telangana",https://moef.gov.in/uploads/2017/06/Pocharam%20Wildlife%20Sanctuary%2C%20Telangana.pdf,[],23/10/2024,S.O. 1699 (E),Q7206319,exact
,Telangana,Pocharam Wildlife Sanctuary,Wildlife Sanctuary,Amendment,2024-10-16,"S .O. No. 4548(E) [16.10.2024] Amendment in the Final Notification of Eco-sensitive Zone around Pocharam Wildlife Sanctuary,(1.74 MB) Telangana",https://moef.gov.in/uploads/pdf/pocharam_amendment.pdf,[],,S .O. No. 4548(E),Q7206319,exact
372,Telangana,Kesu Brahmananda Reddy,National Park,Draft,2015-12-18,372. SO 3496(E)[18.12.2015] Draft notification declaring Eco-sensitive Zone around the Kesu Brhamanand National Park(1.03 MB) in the state of Telangana.,https://moef.gov.in/uploads/2017/06/SO%203496(E)%5B18.12.2015%5D%20Draft%20notification%20declaring%20Eco-sensitive%20Zone%20around%20the%20Kesu%20Brhamanand%20National%20Park%20%20in%20the%20state%20of%20Telangana..pdf,[],31/12/2015,SO 3496(E),Q969593,fuzzy
309,Telangana,Kesu Brahmananda Reddy,National Park,Final,2020-10-27,"309. S.O. 3879(E) [ 27.10.2020] Final Notification declaring Eco Sensitive Zone around Kesu Brahmananda Reddy National Park(5.96 MB), Telangana.",https://moef.gov.in/uploads/2019/02/kesu-bramahanand.pdf,[],02/11/2020,S.O. 3879(E),Q969593,fuzzy
372,Telangana,Kesu Brahmananda Reddy National Park,National Park,Draft,2018-11-05,"372. S.O. 5646(E) [05.11.2018] Draft Notification declaring Eco Sensitive Zone around Kesu Brahmananda Reddy National Park,(2.11 MB), Telangana Re-Notification New.",https://moef.gov.in/uploads/2018/11/kesu-brahmananda.pdf,[],15/11/2018,S.O. 5646(E),Q969593,fuzzy
373,Telangana,Mahavir Harina vanasthali National park,National Park,Draft,2015-11-23,373. SO 3229(E)[23.11.2015] Draft notification declaring Eco-sensitive Zone around the Mahavir Harina vanasthali National park (272.29 KB)in the state of Telangana,https://moef.gov.in/uploads/2017/06/SO%203229(E)%5B23.11.2015%5D%20Draft%20notification%20declaring%20Eco-sensitive%20Zone%20around%20the%20Mahavir%20Harina%20vanasthali%20National%20park%20in%20the%20state%20of%20Telangana.pdf,[],09/12/2015,SO 3229(E),Q3092314,exact
310,Telangana,Mahavir Harina Vanasthali National Park,National Park,Final,2017-05-26,"310. S.O. 1698 (E) [26.05.2017] Final Notification declaring Eco-sensitive Zone around Mahavir Harina Vanasthali National Park(2.76 MB), Telangana",https://moef.gov.in/uploads/2017/06/Mahavir%20Harina%20Vanasthali%20National%20Park%2C%20Telangana.pdf,[],01/06/2017,S.O. 1698 (E),Q3092314,exact
374,Telangana,Kinnerasani Wildlife Sanctuary,Wildlife Sanctuary,Draft,2016-08-05,"374. S.O. 2629(E) [05.08.2016] Draft notification declaring Eco Sensitive Zone around Kinnerasani Wildlife Sanctuary(876.29 KB), Telangana",https://moef.gov.in/uploads/2017/06/Kinnerasani%20Wildlife%20Sanctuary%2C%20Telangana.pdf,[],22/08/2016,S.O. 2629(E),Q6414074,exact
311,Telangana,Kinnerasani Wildlife Sanctuary,Wildlife Sanctuary,Final,2017-09-01,"311. S.O. 2859 [01.09.2017] Final Notification declaring Eco Sensitive Zone around Kinnerasani Wildlife Sanctuary(2.95 MB), Telangana",https://moef.gov.in/uploads/2017/06/Kinnerasani%20Wildlife%20Sanctuary%20Telangana%20Final.pdf,[],11/09/2017,S.O. 2859,Q6414074,exact
375,Telangana,Kawal Tiger Reserve,Tiger Reserve,Draft,2018-03-13,"375. S.O. 1122(E) [13.03.2018] Draft Notification declaring Eco Sensitive Zone around Kawal Tiger Reserve(8.01 MB), Telangana",https://moef.gov.in/uploads/2018/05/kawal.pdf,[],16/03/2018,S.O. 1122(E),Q6379588,exact
376,Telangana,Amrabad Tiger Reserve,Tiger Reserve,Draft,2018-03-13,"376. S.O. 1123(E) [13.03.2018] Draft Notification declaring Eco Sensitive Zone around Amrabad Tiger Reserve(6.57 MB), Telangana",https://moef.gov.in/uploads/2018/05/amarabad.pdf,[],19/03/2018,S.O. 1123(E),Q127499823,exact
377,Telangana,Siwaram Crocodile Sanctuary,Wildlife Sanctuary,Draft,2018-05-25,"377. S.O. 2145(E) [25.05.2018] Draft Notification declaring Eco Sensitive Zone around Siwaram Crocodile Sanctuary(4.24 MB), Telangana",https://moef.gov.in/uploads/2017/06/siwaram.pdf,[],22/06/2018,S.O. 2145(E),,none
378,Tripura,Rowa Wildlife Sanctuary,Wildlife Sanctuary,Draft,2015-11-26,378. SO 3230(E)[26.11.2015] Draft notification declaring Eco-sensitive Zone around the Rowa Wildlife Sanctuary (446 KB)in the state of Tripura & Map(128.72 KB),https://moef.gov.in/uploads/2019/10/SO-3230E26.11.2015-Draft-notification-declaring-Eco-sensitive-Zone-around-the-Rowa-Wildlife-Sanctuary-in-the-state-of-Tripura.pdf,[],,SO 3230(E),Q7371766,exact
312,Tripura,Rowa Wildlife Sanctuary,Wildlife Sanctuary,Final,2017-05-15,"312. S.O. 1566 (E) [15.05.2017] Final Notification Declaring Eco Sensitive Zone around Rowa Wildlife Sanctuary(1.78 MB), Tripura",https://moef.gov.in/uploads/2017/06/Rowa%20Wildlife%20Sanctuary%2C%20Tripura_0.pdf,[],23/05/2017,S.O. 1566 (E),Q7371766,exact
379,Tripura,Gumuti Wildlife Sanctuary,Wildlife Sanctuary,Draft,2015-11-27,"379. SO 3238(E)[27.11.2015] Draft notification declaring Eco-sensitive Zone around the Gumuti Wildlife Sanctuary(878.35 KB), in the state of tripura.",https://moef.gov.in/uploads/2019/10/SO-3238E27.11.2015-Draft-notification-declaring-Eco-sensitive-Zone-around-the-Gumuti-Wildlife-Sanctuary-in-the-state-of-tripura..pdf,[],30/12/2015,SO 3238(E),,none
313,Tripura,Gumuti Wildlife Sanctuary,Wildlife Sanctuary,Final,2019-11-11,"313. S.O. 4076(E) [11.11.2019] Final Notification declaring Eco Sensitive Zone around Gumuti Wildlife Sanctuary, Tripura.(445 KB)",https://moef.gov.in/uploads/2019/11/gumuti.pdf,[],15/11/2019,S.O. 4076(E),,none
379,Tripura,Gumuti Wildlife Sanctuary,Wildlife Sanctuary,Draft,2018-05-31,379. S.O. 2201(E) [31.05.2018] Draft Notification declaring Eco Sensitive Zone around Gumuti Wildlife Sanctuary(3.2 MB) Re-Notification New.,https://moef.gov.in/uploads/2018/06/gumti.pdf,[],07/06/2018,S.O. 2201(E),,none
380,Tripura,"Trishna Wildlife Sanctuary, Rajbari National Park",National Park,Draft,2018-09-11,"380. S.O. 4776(E) [11.09.2018] Draft Notification declaring Eco Sensitive Zone around Trishna Wildlife Sanctuary,(2.84 MB), Tripura.",https://moef.gov.in/uploads/2018/11/trishna.pdf,[],25/09/2018,S.O. 4776(E),Q7844042,exact
380,Tripura,Rajbari National Park,National Park,Draft,2018-09-11,"380. S.O. 4776(E) [11.09.2018] Draft Notification declaring Eco Sensitive Zone around Trishna Wildlife Sanctuary,(2.84 MB), Tripura.",https://moef.gov.in/uploads/2018/11/trishna.pdf,[],25/09/2018,S.O. 4776(E),Q7844042,exact
380,Tripura,Rajbari National Park,National Park,Draft,2018-09-11,"380. S.O. 4776(E) [11.09.2018] Draft Notification declaring Eco Sensitive Zone around Trishna Wildlife Sanctuary,(2.84 MB), Tripura.",https://moef.gov.in/uploads/2018/11/trishna.pdf,[],25/09/2018,S.O. 4776(E),Q7844042,exact
314,Tripura,"Trishna Wildlife Sanctuary, Rajbari National Park",National Park,Final,2019-11-11,"314. S.O. 4077(E) [11.11.2019] Final Notification declaring Eco Sensitive Zone around Trishna Wildlife Sanctuary, Tripura(1.96 MB)",https://moef.gov.in/uploads/2019/11/trishna.pdf,[],15/11/2019,S.O. 4077(E),Q7844042,exact
314,Tripura,Rajbari National Park,National Park,Final,2019-11-11,"314. S.O. 4077(E) [11.11.2019] Final Notification declaring Eco Sensitive Zone around Trishna Wildlife Sanctuary, Tripura(1.96 MB)",https://moef.gov.in/uploads/2019/11/trishna.pdf,[],15/11/2019,S.O. 4077(E),Q7844042,exact
314,Tripura,Rajbari National Park,National Park,Final,2019-11-11,"314. S.O. 4077(E) [11.11.2019] Final Notification declaring Eco Sensitive Zone around Trishna Wildlife Sanctuary, Tripura(1.96 MB)",https://moef.gov.in/uploads/2019/11/trishna.pdf,[],15/11/2019,S.O. 4077(E),Q7844042,exact
381,Tripura,"Sepahijala Wildlife Sanctuary, Clouded Leopard National Park",National Park,Draft,2020-07-24,"381. S.O. 2437(E) [24.07.2020] Draft Notification declaring Eco Sensitive Zone around Sepahijala Wildlife Sanctuary(1.96 KB), Tripura.",https://moef.gov.in/uploads/2019/10/spehajila.pdf,[],28/07/2020,S.O. 2437(E),Q7525566,exact
381,Tripura,Clouded Leopard National Park,National Park,Draft,2020-07-24,"381. S.O. 2437(E) [24.07.2020] Draft Notification declaring Eco Sensitive Zone around Sepahijala Wildlife Sanctuary(1.96 KB), Tripura.",https://moef.gov.in/uploads/2019/10/spehajila.pdf,[],28/07/2020,S.O. 2437(E),Q7525566,exact
381,Tripura,Clouded Leopard National Park,National Park,Draft,2020-07-24,"381. S.O. 2437(E) [24.07.2020] Draft Notification declaring Eco Sensitive Zone around Sepahijala Wildlife Sanctuary(1.96 KB), Tripura.",https://moef.gov.in/uploads/2019/10/spehajila.pdf,[],28/07/2020,S.O. 2437(E),Q7525566,exact
315,Tripura,"Sepahijala Wildlife Sanctuary, Clouded Leopard National Park",National Park,Final,2021-02-19,315. S.O.789(E) [19.02.2021] Final Notification declaring Eco Sensitive Zone around Sepahijala Wildlife Sanctuary included clouded leopard national park(1.44 MB) Tripura.,https://moef.gov.in/uploads/2021/02/sephajila.pdf,[],22/02/2021,S.O.789(E),Q7525566,exact
315,Tripura,Clouded Leopard National Park,National Park,Final,2021-02-19,315. S.O.789(E) [19.02.2021] Final Notification declaring Eco Sensitive Zone around Sepahijala Wildlife Sanctuary included clouded leopard national park(1.44 MB) Tripura.,https://moef.gov.in/uploads/2021/02/sephajila.pdf,[],22/02/2021,S.O.789(E),Q7525566,exact
315,Tripura,Clouded Leopard National Park,National Park,Final,2021-02-19,315. S.O.789(E) [19.02.2021] Final Notification declaring Eco Sensitive Zone around Sepahijala Wildlife Sanctuary included clouded leopard national park(1.44 MB) Tripura.,https://moef.gov.in/uploads/2021/02/sephajila.pdf,[],22/02/2021,S.O.789(E),Q7525566,exact
382,Uttarakhand,valley of flowers Wildlife Sanctuary,Wildlife Sanctuary,Draft,2015-11-27,382. SO 3235(E)[27.11.2015] Draft notification declaring Eco-sensitive Zone around the valley of flowers Wildlife Sanctuary (1.59 MB)in the state of Uttarakhand & Map(198.88 KB),https://moef.gov.in/uploads/2017/06/SO%203235(E)%5B27.11.2015%5D%20Draft%20notification%20declaring%20Eco-sensitive%20Zone%20around%20the%20valley%20of%20flowers%20Wildlife%20Sanctuary%20%20in%20the%20state%20of%20Uttarakhand.pdf,[],,SO 3235(E),Q605897,exact
383,Uttarakhand,Nandhaur Wildlife Sanctuary,Wildlife Sanctuary,Draft,2016-01-07,383. SO 73(E)[07.01.2016] Draft notification declaring Eco-sensitive Zone around the Nandhaur Wildlife Sanctuary(594.48 KB) in the state of Uttarakhand,https://moef.gov.in/uploads/2017/06/SO%2073(E)%5B07.01.2016%5D%20Draft%20notification%20declaring%20Eco-sensitive%20Zone%20around%20the%20Nandhaur%20Wildlife%20Sanctuary%20in%20the%20state%20of%20Uttarakhand.pdf,[],18/01/2016,SO 73(E),Q6963221,exact
316,Uttarakhand,Nandhaur Wildlife Sanctuary,Wildlife Sanctuary,Final,2020-12-24,"316. S.O.4695(E) [ 24.12.2020] Final Notification declaring Eco Sensitive Zone around Nandhaur Wildlife Sanctuary, Uttarakhand.(594.48 KB) in the state of Uttarakhand",https://moef.gov.in/uploads/2020/12/nandhaur.pdf,[],28/12/2020,S.O.4695(E),Q6963221,exact
383,Uttarakhand,Nandhaur Wildlife Sanctuary,Wildlife Sanctuary,Draft,2020-05-22,"383. S.O. 1616(E) [22.05.2020] Draft Notification declaring Eco Sensitive Zone around Nandhaur Wildlife Sanctuary(1.89 MB), Uttarakhand Re-Notification New",https://moef.gov.in/uploads/2019/10/nandhaur.pdf,[],27/05/2020,S.O. 1616(E),Q6963221,exact
383,Uttarakhand,Nandhar WLS,Wildlife Sanctuary,Draft,2017-12-14,"383. S.O. 3882(E) [14.12.2017] Draft Notification declaring Eco Sensitive Zone around Nandhar WLS, (2.25 MB)Uttarakhand. Re-notification New",https://moef.gov.in/uploads/2017/06/Nandhar_0.pdf,[],18/12/2017,S.O. 3882(E),Q6963221,fuzzy
384,Uttarakhand,Nanda Devi National Park,National Park,Draft,2017-11-22,"384. S.O. 3711(E) [22.11.2017] Draft Notification declaring Eco Sensitive Zone around Nandadevi National Park, Uttarakhand.(2.15 MB)",https://moef.gov.in/uploads/2017/06/nanda%20devi.pdf,[],29/11/2017,S.O. 3711(E),Q1648266,exact
317,Uttarakhand,Nanda Devi National Park,National Park,Final,2018-10-04,"317. S.O. 5136(E) [04.10.2018] Final Notification declaring Eco Sensitive Zone around Nanda Devi National Park,(2.17 MB) Uttarakhand.",https://moef.gov.in/uploads/2018/11/nanda-devi_0.pdf,[],11/10/2018,S.O. 5136(E),Q1648266,exact
385,Uttarakhand,Kedarnath Musk Deer Sanctuary,Wildlife Sanctuary,Draft,2017-12-14,"385. S.O. 3880(E) [14.12.2017] Draft Notification declaring Eco Sensitive Zone around Kedarnath Musk Deer Sanctuary(2.93 MB), Uttarakhand.",https://moef.gov.in/uploads/2017/06/kedarnath_0.pdf,[],18/12/2017,S.O. 3880(E),Q6382549,exact
386,Uttarakhand,Gangotri National Park,National Park,Draft,2018-04-16,"386. S.O. 1727(E) [16.04.2018] Draft Notification declaring Eco Sensitive Zone around Gangotri National Park ,(3.41 MB), Uttarakhand.",https://moef.gov.in/uploads/2018/05/gangotri.pdf,[],01/05/2018,S.O. 1727(E),Q2281202,exact
318,Uttarakhand,Gangotri National Park,National Park,Final,2019-06-07,"318. S.O. 1927(E) [07.06.2019] Final Notification declaring Eco Sensitive Zone around Gangotri National Park (1.96 MB), Uttarakhand",https://moef.gov.in/uploads/2019/06/gangotri.pdf,[],12/06/2019,S.O. 1927(E),Q2281202,exact
387,Uttarakhand,Rajaji National Park,National Park,Draft,2018-05-22,"387. S.O. 2031(E) [22.05.2018] Draft Notification declaring Eco Sensitive Zone around Rajaji National Park ,(3.41 MB), Uttarakhand.",https://moef.gov.in/uploads/2019/10/rajaji-1.pdf,[],25/05/2018,S.O. 2031(E),Q181933,exact
388,Uttarakhand,Binsar Wildlife Sanctuary,Wildlife Sanctuary,Draft,2018-12-05,"388. S.O. 6035(E) [05.12.2018] Draft Notification declaring Eco Sensitive Zone around Binsar Wildlife Sanctuary,(1.74 MB), Uttarakhand.",https://moef.gov.in/uploads/2018/12/binsar.pdf,[],17/12/2018,S.O. 6035(E),Q3635045,exact
319,Uttarakhand,Binsar Wildlife Sanctuary,Wildlife Sanctuary,Final,2021-09-21,"319. S.O.3921(E) [21.09.2021] Final Notification declaring Eco Sensitive Zone around Binsar Wildlife Sanctuary(4.00 MB), Uttarakhand.",https://moef.gov.in/uploads/2020/08/binsar.pdf,[],27/09/2021,S.O.3921(E),Q3635045,exact
389,Uttarakhand,Askot Sanctuary,Wildlife Sanctuary,Draft,2019-01-30,"389. S.O. 548(E) [30.01.2019] Draft Notification declaring Eco Sensitive Zone around Askot Sanctuary,(2.00 MB), Uttarakhand.",https://moef.gov.in/uploads/2018/12/askot.pdf,[],06/02/2018,S.O. 548(E),,none
320,Uttarakhand,Askot Wildlife Sanctuary,Wildlife Sanctuary,Final,2021-12-02,"320. S.O.4929(E) [02.12.2021] Final Notification declaring Eco Sensitive Zone around Askot Wildlife Sanctuary, Uttarakhand.(594.48 KB) in the state of Uttarakhand",https://moef.gov.in/uploads/2021/12/askot-1.pdf,[],10/12/2021,S.O.4929(E),,none
390,Uttar Pradesh,Okhla Bird Sanctuary,Bird Sanctuary,Draft,2014-09-24,"390. S.O. 2499 [24.09.2014] Draft ESZ Notifcation on Okhla Bird Sanctuary(993.74 KB), Uttar Pradesh & Map(118.84 KB)",https://moef.gov.in/uploads/2017/06/S.O.%202499%20%5B24.09.2014%5D%20Draft%20ESZ%20Notifcation%20on%20Okhla%20Bird%20Sanctuary%2C%20Uttar%20Pradesh_0.pdf,[],14/10/2014,S.O. 2499,Q7081968,exact
321,Uttar Pradesh,Okhla Bird Sanctuary,Bird Sanctuary,Final,,321. S.O. 2262 (E) [19-08-2015] Final ESZ Notification on Okhla Bird Sanctuary (11.21 MB)(Uttar Pradesh-Delhi),https://moef.gov.in/uploads/2017/06/S.O.%202262%20(E)%20%5B19-08-2015%5D%20Final%20ESZ%20Notification%20on%20Okhla%20Bird%20Sanctuary%20(Uttar%20Pradesh-Delhi).pdf,[],20/08/2015,S.O. 2262 (E),Q7081968,exact
391,Uttar Pradesh,Kaimur Wildlife Sanctuary,Wildlife Sanctuary,Draft,2015-09-22,"391. S.O. 2601 [22.09.2015] Kaimur WLS, Mirzapur-SonbhadraESZ Notification(7.71 MB), Uttar Pradesh & Map(212.07 KB)",https://moef.gov.in/uploads/2017/06/S.O.%202601%20%5B22.09.2015%5D%20Kaimur%20WLS%2C%20Mirzapur-SonbhadraESZ%20Notification%2C%20Uttar%20Pradesh.pdf,[],,S.O. 2601,Q15982945,fuzzy
322,Uttar Pradesh,Kaimur Wild Life Sanctuary,Wildlife Sanctuary,Final,2017-03-20,"322. S.O. 891 (E) [20.03.2017] Final Notification declaring Eco Sensitive Zone around Kaimur Wild Life Sanctuary,(1.53 MB) Uttar Pradesh.",https://moef.gov.in/uploads/2017/06/Kaimur%20Wild%20Life%20Sanctuary%2C%20Uttar%20Pradesh.pdf,[],23/03/2017,S.O. 891 (E),Q15982945,fuzzy
392,Uttar Pradesh,Bhakira Wild Life Sanctuary,Wildlife Sanctuary,Draft,2015-12-22,392. SO 3493(E)[22.12.2015] Draft notification declaring Eco-sensitive Zone around the Bhakira Bird Sanctuary Park (700.96 KB)in the state of Uttar Pradesh.,https://moef.gov.in/uploads/2017/06/SO%203493(E)%5B22.12.2015%5D%20Draft%20notification%20declaring%20Eco-sensitive%20Zone%20around%20the%20Bhakira%20Bird%20Sanctuary%20%20Park%20%20in%20the%20state%20of%20Uttar%20Pradesh..pdf,[],31/12/2015,SO 3493(E),Q4251269,fuzzy
323,Uttar Pradesh,Bhakira Wild Life Sanctuary,Wildlife Sanctuary,Final,2019-01-01,"323. S.O. 06(E) [01.01.2019] Final Notification declaring Eco Sensitive Zone around Bhakira Wild Life Sanctuary,(5.00 MB) Uttar Pradesh.",https://moef.gov.in/uploads/2019/01/Bakhira.pdf,[],17/01/2019,S.O. 06(E),Q4251269,fuzzy
392,Uttar Pradesh,Bakhira WLS,Wildlife Sanctuary,Draft,2018-01-30,"392. S.O. 431(E) [30.01.2018] Draft Notification declaring Eco Sensitive Zone around Bakhira WLS, Uttar Pradesh(5.91 MB). Re-notification New",https://moef.gov.in/uploads/2017/06/bakihra.pdf,[],09/02/2018,S.O. 431(E),Q4251269,exact
393,Uttar Pradesh,Lakh Bahosi Bird Sanctuary Park,Bird Sanctuary,Draft,2015-12-22,393. SO 3498(E)[22.12.2015] Draft notification declaring Eco-sensitive Zone around the Lakh Bahosi Bird Sanctuary Park(1.4 MB) in the state of Uttar Pradesh & Map(121.59 KB),https://moef.gov.in/uploads/2017/06/SO%203498(E)%5B22.12.2015%5D%20Draft%20notification%20declaring%20Eco-sensitive%20Zone%20around%20the%20Lakh%20Bahosi%20Bird%20Sanctuary%20%20Park%20%20in%20the%20state%20of%20Uttar%20Pradesh..pdf,[],31/12/2015,SO 3498(E),Q6479478,fuzzy
324,Uttar Pradesh,Lakh Bahosi Bird Sanctuary,Bird Sanctuary,Final,2019-08-30,"324. S.O. 3152(E) [30.08.2019] Final Notification declaring Eco Sensitive Zone around Lakh Bahosi Bird Sanctuary (1.85 MB), Uttar Pradesh",https://moef.gov.in/uploads/2018/12/Lakh-bhaosi.pdf,[],02/09/2019,S.O. 3152(E),Q6479478,exact
394,Uttar Pradesh,Sandi Bird Sanctuary,Bird Sanctuary,Draft,2016-01-20,394. S.O.249(E) [20.01.2016] Draft Notification declaring Eco Sensitive Zone around the Sandi Bird Sanctuary(632.8 KB) in the state of Uttar Pradesh,https://moef.gov.in/uploads/2017/06/S.O.249(E)%20%5B20.01.2016%5D%20Draft%20Notification%20declaring%20Eco%20Sensitive%20Zone%20around%20the%20Sandi%20Bird%20Sanctuary%20in%20the%20state%20of%20Uttar%20Pradesh.pdf,[],24/02/2016,S.O.249(E),Q7416307,exact
325,Uttar Pradesh,Sandi Bird Sanctuary,Bird Sanctuary,Final,2019-08-01,"325. S.O. 2776(E) [01.08.2019] Final Notification declaring Eco Sensitive Zone around Sandi Bird Sanctuary(1.96 MB), Uttar Pradesh.",https://moef.gov.in/uploads/2018/12/sandi-bird1.pdf,[],05/08/2019,S.O. 2776(E),Q7416307,exact
395,Uttar Pradesh,Nawabganj Bird Sanctuary,Bird Sanctuary,Draft,2016-01-20,"395. S.O. 248(E) [20.01.2016] Draft Notification declaring Eco sensitive Zone around Nawabganj Bird Sanctuary(920.43 KB), Uttar Pradesh",https://moef.gov.in/uploads/2017/06/S.O.%20248(E)%20%5B20.01.2016%5D%20Draft%20Notification%20declaring%20Eco%20sensitive%20Zone%20around%20Nawabganj%20Bird%20Sanctuary%2C%20Uttar%20Pradesh.pdf,[],24/02/2016,S.O. 248(E),,none
326,Uttar Pradesh,Nawabganj Bird Sanctuary,Bird Sanctuary,Final,2019-08-30,"326. S.O. 3153(E) [30.08.2019] Final Notification declaring Eco Sensitive Zone around Nawabganj (saheed Chandra Shekhar Azad Bird Sanctuary)(6.96 MB) , Utttar Pradesh",https://moef.gov.in/uploads/2018/12/nawabganj.pdf,[],06/09/2019,S.O. 3153(E),,none
396,Uttar Pradesh,Samaspur Wildlife Sanctuary,Wildlife Sanctuary,Draft,2016-01-18,"396. S.O. 253(E) [18.01.2016] Draft Notification declaring Eco sensitive Zone around Samaspur Bird Sanctuary(1.3 MB), Uttar Pradesh",https://moef.gov.in/uploads/2017/06/S.O.%20253(E)%20%5B18.01.2016%5D%20Draft%20Notification%20declaring%20Eco%20sensitive%20Zone%20around%20Samaspur%20Bird%20Sanctuary%2C%20Uttar%20Pradesh.pdf,[],25/02/2016,S.O. 253(E),Q7408881,exact
327,Uttar Pradesh,Samaspur Wildlife Sanctuary,Wildlife Sanctuary,Final,2019-09-27,"327. S.O. 3529(E) [27.09.2019] Final Notification declaring Eco Sensitive Zone around Samaspur Wildlife Sanctuary (7.96 MB),Uttar Pradesh.",https://moef.gov.in/uploads/2018/12/samaspur-1.pdf,[],04/10/2019,S.O. 3529(E),Q7408881,exact
396,Uttar Pradesh,Samaspur Bird Sanctuary,Bird Sanctuary,Draft,2018-12-21,"396. S.O. 6229(E) [21.12.2018] Draft Notification declaring Eco Sensitive Zone around Samaspur Bird Sanctuary(1.00 MB), Uttar Pradesh Re-notification New",https://moef.gov.in/uploads/2018/12/samaspur.pdf,[],01/01/2019,S.O. 6229(E),Q7408881,exact
397,Uttar Pradesh,Ranipur Wildlife Sanctuary,Wildlife Sanctuary,Draft,2016-06-03,"397. S.O. 1974(E) [03.06.2016] Draft Notification declaring Eco Sensitive Zone around Ranipur Wildlife Sanctuary(931.35 KB), Uttar Pradesh",https://moef.gov.in/uploads/2017/06/Ranipur%20Wildlife%20Sanctuary%2C%20UP.pdf,[],09/06/2016,S.O. 1974(E),Q7293072,exact
328,Uttar Pradesh,Ranipur Wildlife Sanctuary,Wildlife Sanctuary,Final,2017-11-10,"328. S.O. 3573(E) [10.11.2017] Final Notification declaring Eco Sensitive Zone around Ranipur Wildlife Sanctuary(2.43 MB), Uttar Pradesh.",https://moef.gov.in/uploads/2017/06/ranipur.pdf,[],15/11/2017,S.O. 3573(E),Q7293072,exact
398,Uttar Pradesh,Saman Bird Sanctuary,Bird Sanctuary,Draft,2016-06-03,"398. S.O.1973(E) [03.06.2016] Draft Notification declaring Eco Sensitive Zone around Saman Bird Sanctuary(1.49 MB), Uttar Pradesh",https://moef.gov.in/uploads/2017/06/Saman%20Bird%20Sanctuary%2C%20UP.pdf,[],09/06/2016,S.O.1973(E),Q7408557,exact
329,Uttar Pradesh,Saman Bird Sanctuary,Bird Sanctuary,Final,2017-11-22,"329. S.O. 3709(E) [22.11.2017] Final Notification declaring Eco Sensitive Zone around Saman Bird Sanctuary(3.83 MB), Uttar Pradesh.",https://moef.gov.in/uploads/2017/06/saman%20bird%20fnal.pdf,[],29/11/2017,S.O. 3709(E),Q7408557,exact
399,Uttar Pradesh,Parwati Arga Wildlife Sanctuary,Wildlife Sanctuary,Draft,2016-06-03,"399. S.O. 1968(E) [03.06.2016] Draft Notification declaring Eco Sensitive Zone around Parvati Arga Bird Sanctuary(801.04 KB), Uttar Pradesh",https://moef.gov.in/uploads/2017/06/Parvati%20Arga%20Bird%20Sanctuary%2C%20UP.pdf,[],13/06/2016,S.O. 1968(E),Q48729855,fuzzy
330,Uttar Pradesh,Parwati Arga Wildlife Sanctuary,Wildlife Sanctuary,Final,2017-11-29,"330. S.O. 3775(E) [29.11.2017] Final Notification declaring Eco Sensitive Zone around Parwati Arga Wildlife Sanctuary(2.21 MB), Uttar Pradesh.",https://moef.gov.in/uploads/2017/06/parvati%20arga.pdf,[],30/11/2017,S.O. 3775(E),Q48729855,fuzzy
400,Uttar Pradesh,Sohagi Barwa Wildlife Sanctuary,Wildlife Sanctuary,Draft,2016-06-15,"400. S.O. 2115(E) [15.06.2016] Draft Notification declaring Eco Sensitive Zone around Sohagibarwa Wildlife Sanctuary(1.19 MB), Uttar Pradesh",https://moef.gov.in/uploads/2017/06/Sohagibarwa%20Wildlife%20Sanctuary%2C%20UP.pdf,[],22/06/2016,S.O. 2115(E),Q7554593,exact
331,Uttar Pradesh,Sohagi Barwa Wildlife Sanctuary,Wildlife Sanctuary,Final,2017-11-29,"331. S.O. 3776(E) [29.11.2017] Final Notification declaring Eco Sensitive Zone around Sohagi Barwa Wildlife Sanctuary(2.53 MB), Uttar Pradesh",https://moef.gov.in/uploads/2017/06/sohagi.pdf,[],13/12/2017,S.O. 3776(E),Q7554593,exact
401,Uttar Pradesh,Sohelwa Wild Life Sanctuary,Wildlife Sanctuary,Draft,2017-07-20,"401. S.O. 2275 (E) [20.07.2017] Draft Notification Declaring Eco Sensitive Zone around Sohelwa Wild Life Sanctuary,(2.19 MB) Uttar Pradesh",https://moef.gov.in/uploads/2017/06/Sohelwa%20Wild%20Life%20Sanctuary%2C%20U.P..pdf,[],26/07/2017,S.O. 2275 (E),Q7635241,fuzzy
402,Uttar Pradesh,Chandraprbha Wildlife Sanctuary,Wildlife Sanctuary,Draft,2018-01-15,"402. S.O. 230(E) [15.01.2018] Draft Notification declaring Eco Sensitive Zone around Chandraprabha Wildlife Sanctuary(4.01 MB) , Uttar Pradesh.",https://moef.gov.in/uploads/2017/06/chandraprabha.pdf,[],25/01/2017,S.O. 230(E),Q5071304,fuzzy
332,Uttar Pradesh,Chandraprbha Wildlife Sanctuary,Wildlife Sanctuary,Final,2019-01-08,"332. S.O. 110(E) [08.01.2019] Final Notification declaring Eco Sensitive Zone around Chandraprbha Wildlife Sanctuary(3.158 MB), Uttar Pradesh",https://moef.gov.in/uploads/2017/06/chandraprabha_0.pdf,[],14/01/2019,S.O. 110(E),Q5071304,fuzzy
403,Uttar Pradesh,Surha Tal Bird Sanctuary,Bird Sanctuary,Draft,2018-01-31,"403. S.O. 480(E) [31.01.2018] Draft Notification declaring Eco Sensitive Zone around Jai Prakash Narayan (Surahatal)(3.94 MB), BS, Uttar Pradesh.",https://moef.gov.in/uploads/2017/06/jai%20prakash.pdf,[],09/02/2018,S.O. 480(E),,none
333,Uttar Pradesh,Surha Tal Bird Sanctuary,Bird Sanctuary,Final,2019-03-11,"333. S.O. 1315(E) [11.03.2019] Final Notification declaring Eco Sensitive Zone around Jai Prakash Narayan (Surahatal) Bird Sanctuary(3.158 MB), Uttar Pradesh",https://moef.gov.in/uploads/2018/12/jai-prakash-narayan.pdf,[],15/03/2019,S.O. 1315(E),,none
404,Uttar Pradesh,Patna Bird Sanctuary,Bird Sanctuary,Draft,2018-01-31,"404. S.O. 479(E) [31.01.2018] Draft Notification declaring Eco Sensitive Zone around Patna Bird Sanctuary(2.19 MB), Uttar Pradesh.",https://moef.gov.in/uploads/2017/06/patna%20bird.pdf,[],09/02/2018,S.O. 479(E),Q17082192,exact
334,Uttar Pradesh,Patna Bird Sanctuary,Bird Sanctuary,Final,2018-09-11,"334. S.O. 4773(E) [11.09.2018] Final Notification declaring Eco Sensitive Zone around Patna Bird Sanctuary,(2.67 MB), Uttar Pradesh.",https://moef.gov.in/uploads/2017/06/patna.pdf,[],25/09/2018,S.O. 4773(E),Q17082192,exact
405,Uttar Pradesh,Hastinapur Wildlife Sanctuary,Wildlife Sanctuary,Draft,2018-02-02,"405. S.O. 505(E) [02.02.2018] Draft Notification declaring Eco Sensitive Zone around Hastinapur Wildlife Sanctuary,(2.23 MB) Uttar Pradesh.",https://moef.gov.in/uploads/2017/06/hastinapur.pdf,[],12/02/2018,S.O. 505(E),Q5680205,exact
335,Uttar Pradesh,Hastinapur Wildlife Sanctuary,Wildlife Sanctuary,Final,2018-09-19,"335. S.O. 4890(E) [19.09.2018] Final Notification declaring Eco Sensitive Zone around Hastinapur Wildlife Sanctuary,(2.62 MB), Uttar Pradesh.",https://moef.gov.in/uploads/2018/11/Hastinapur.pdf,[],12/02/2018,S.O. 4890(E),Q5680205,exact
406,Uttar Pradesh,National Chambal,National Park,Draft,2018-04-16,"406. S.O. 1653(E) [16.04.2018] Draft Notification declaring Eco Sensitive Zone around National Chambal,(1.74 MB),Uttar Pradesh.",https://moef.gov.in/uploads/2018/05/national-chambal.pdf,[],01/05/2018,S.O. 1653(E),,none
336,Uttar Pradesh,National Chambal Wildlife Sanctuary,National Park,Final,2020-06-10,"336. S.O. 1876(E) [ 10.06.2020] Final Notification declaring Eco Sensitive Zone around National Chambal Wildlife Sanctuary(1.85 MB), Uttar Pradesh.",https://moef.gov.in/uploads/2019/10/national-chambal-1.pdf,[],15/06/2020,S.O. 1876(E),,none
407,Uttar Pradesh,Vijay Sagar Bird Sanctuary,Bird Sanctuary,Draft,2018-04-16,"407. S.O. 1652(E) [16.04.2018] Draft Notification declaring Eco Sensitive Zone around Vijay Sagar Bird Sanctuary,(1.25 MB),Uttar Pradesh.",https://moef.gov.in/uploads/2018/05/vijay-sagar.pdf,[],01/05/2018,S.O. 1652(E),Q7929078,fuzzy
337,Uttar Pradesh,Vijay Sagar Bird Sanctuary,Bird Sanctuary,Final,2019-10-10,"337. S.O. 3655(E) [10.10.2019] Final Notification declaring Eco Sensitive Zone around Vijay Sagar Bird Sanctuary(5.96 MB), Uttar Pradesh",https://moef.gov.in/uploads/2018/12/vijay-sagar.pdf,[],17/10/2019,S.O. 3655(E),Q7929078,fuzzy
408,Uttar Pradesh,Soor Sarovar bird Sanctuary,Bird Sanctuary,Draft,2018-04-24,"408. S.O. 1728(E) [24.04.2018] Draft Notification declaring Eco Sensitive Zone aroundSoor Sarovar Bird Sanctuary,(2.23 MB) Uttar Pradesh.",https://moef.gov.in/uploads/2018/05/soor-sarovar.pdf,[],01/05/2018,S.O. 1728(E),,none
338,Uttar Pradesh,Soor Sarovar bird Sanctuary,Bird Sanctuary,Final,2019-10-10,"338. S.O. 3649(E) [10.10.2019] Final Notification declaring Eco Sensitive Zone around Soor Sarovar bird Sanctuary(7.96 MB), Uttar Pradesh.",https://moef.gov.in/uploads/2018/12/soor-sarovar.pdf,[],16/10/2019,S.O. 3649(E),,none
409,Uttar Pradesh,Mahavir Swami Sanctuary,Wildlife Sanctuary,Draft,2019-06-03,"409. S.O. 1916(E) [03.06.2019] Draft Notification declaring Eco Sensitive Zone around Mahavir Swami Sanctuary(1.25 MB), Uttar Pradesh.",https://moef.gov.in/uploads/2019/06/mahavir-swami.pdf,[],10/06/2019,S.O. 1916(E),Q6733577,exact
339,Uttar Pradesh,Mahavir Swami Sanctuary,Wildlife Sanctuary,Final,2020-10-27,"339. S.O.3878(E) [ 27.10.2020] Final Notification declaring Eco Sensitive Zone around Mahavir Swami Sanctuary, Uttar Pradesh.(1.96 MB),Uttar Pradesh.",https://moef.gov.in/uploads/2019/02/mahavir-swami.pdf,[],02/11/2020,S.O.3878(E),Q6733577,exact
410,West Bengal,Jaldapara National Park,National Park,Draft,2016-03-29,"410. S.O.1247(E) [29.03.2016] Draft Notification declaring Eco sensitive Zone around Jaldapara National Park(1.45 MB), West Bengal",https://moef.gov.in/uploads/2017/06/Jaldapara%20National%20Park%2C%20WB.pdf,[],11/04/2016,S.O.1247(E),Q3350362,exact
340,West Bengal,Jaldapara National Park,National Park,Final,2017-08-22,"340. S.O. 2734 [22.08.2017] Final Notification declaring Eco Sensitive Zone around Jaldapara National Park,(3.48 MB) West Bengal",https://moef.gov.in/uploads/2017/06/Jaldapara%20National%20Park%2C%20West%20Bengal.pdf,[],13/02/2026,S.O. 2734,Q3350362,exact
,West Bengal,Jaldapara National Park,National Park,Final,2026-01-28,"S.O. No. 401 (E)[28.01.2026] Final Notification of Eco-sensitive Zone around Jaldapara National Park,(2.91 MB) West Bengal",https://moef.gov.in/uploads/2026/02/401_Jaldapara%20Final.pdf,[],,S.O. No. 401 (E),Q3350362,exact
411,West Bengal,Neora Valley National Park,National Park,Draft,2016-10-26,"411. S. O. 3312 [26.10.2016] Draft Notification declaring Eco Sensitive Zone around Neora Valley NP,(1.68 MB)West Bengal",https://moef.gov.in/uploads/2017/06/Neora%20Valley%20National%20Park%2C%20West%20Bengal.pdf,[],02/11/2016,S. O. 3312,Q2985788,exact
341,West Bengal,Neora Valley National Park,National Park,Final,2017-09-12,"341. S.O. 2994 (E) [12.09.2017] Final Notification declaring Eco Sensitive Zone around Neora Valley National Park(6.7 MB), West Bengal",https://moef.gov.in/uploads/2017/06/Neora%20Valley%20National%20Park%20West%20Bengal%20Final.pdf,[],23/10/2024,S.O. 2994 (E),Q2985788,exact
,West Bengal,Neora Valley National Park,National Park,Amendment,2024-10-14,"S.O. No. 4500(E) [14.10.2024] Amendment in the Final Notification of Eco-sensitive Zone around Neora Valley National Park(1.74 MB), West Bengal",https://moef.gov.in/uploads/pdf/neora_valley_amendment.pdf,[],,S.O. No. 4500(E),Q2985788,exact
412,West Bengal,Singalila National Park,National Park,Draft,2017-01-10,"412. S. O. 67 (E) [10.01.2017] Draft Notification declaring Eco Sensitive Zone around Singalila National Park, (1.43 MB)West Bengal",https://moef.gov.in/uploads/2017/06/Singalila%20National%20Park%2C%20West%20Bengal.pdf,[],13/01/2017,S. O. 67 (E),Q2985193,exact
342,West Bengal,Singalila National Park,National Park,Final,2017-11-17,"342. S.O. 3613(E) [17.11.2017] Final Notification declaring Eco Sensitive Zone around Singalila National Park,(2.14 MB) West Bengal.",https://moef.gov.in/uploads/2017/06/singalila.pdf,[],20/11/2017,S.O. 3613(E),Q2985193,exact
413,West Bengal,Chintamoni Bird Sanctuary,Bird Sanctuary,Draft,2017-10-16,"413. S.O. 3344(E) [16.10.2017] Draft Notification declaring Eco Sensitive Zone around Chintamoni Kar Bird Sanctuary(1.85 MB), West Bengal",https://moef.gov.in/uploads/2017/06/chintamoni%20kar%20Bird%20Sanctuary%2C%20WB.pdf,[],,S.O. 3344(E),Q5101326,fuzzy
343,West Bengal,Chintamoni Bird Sanctuary,Bird Sanctuary,Final,2019-01-15,"343. S.O. 318(E) [15.01.2019] Final Notification declaring Eco Sensitive Zone around Chintamoni Bird Sanctuary,(2.14 MB) West Bengal.",https://moef.gov.in/uploads/2017/06/chintamani.pdf,[],18/01/2019,S.O. 318(E),Q5101326,fuzzy
414,West Bengal,Raiganj Wildlife Sanctuary,Wildlife Sanctuary,Draft,2017-10-16,"414. S.O. 3343(E) [16.10.2017] Draft Notification declaring Eco Sensitive Zone around Raiganj Wildlife Sanctuary(2.15 MB), West Bengal",https://moef.gov.in/uploads/2017/06/raiganj%2C%20WB.pdf,[],,S.O. 3343(E),Q7283821,exact
344,West Bengal,Raiganj Wildlife Sanctuary,Wildlife Sanctuary,Final,2018-11-26,"344. S.O. 5836(E) [26.11.2018] Final Notification declaring Eco Sensitive Zone around Raiganj Wildlife Sanctuary(1.63 MB), West Bengal.",https://moef.gov.in/uploads/2017/06/raiganj.pdf,[],29/11/2018,S.O. 5836(E),Q7283821,exact
415,West Bengal,Senchal Wildlife Sanctuary,Wildlife Sanctuary,Draft,2017-11-10,"415. S.O. 3575(E) [10.11.2017] Draft Notification declaring Eco Sensitive Zone around Senchal Wildlife Sanctuary,(2.26 MB) West Bengal.",https://moef.gov.in/uploads/2017/06/senchal.pdf,[],14/11/2017,S.O. 3575(E),Q7450103,exact
345,West Bengal,Senchal Wildlife Sanctuary,Wildlife Sanctuary,Final,2019-01-15,"345. S.O. 319(E) [15.01.2019] Final Notification declaring Eco Sensitive Zone around Senchal Wildlife Sanctuary,(1.00 MB), West Bengal.",https://moef.gov.in/uploads/2017/06/senchal_0.pdf,[],18/01/2019,S.O. 319(E),Q7450103,exact
416,West Bengal,Chapramari WLS,Wildlife Sanctuary,Draft,2018-02-22,"416. S.O. 773(E) [22.02.2018] Draft Notification declaring Eco Sensitive Zone around Chapramari WLS,(2.61 MB) West Bengal.",https://moef.gov.in/uploads/2018/11/chapramari.pdf,[],05/03/2018,S.O. 773(E),Q5073423,exact
346,West Bengal,Chapramari Wildlife Sanctuary,Wildlife Sanctuary,Final,2019-06-07,"346. S.O. 1931(E) [07.06.2019] Final Notification declaring Eco Sensitive Zone around Chapramari Wildlife Sanctuary (6.03 MB),West Bengal.",https://moef.gov.in/uploads/2019/06/chapramari.pdf,[],12/06/2019,S.O. 1931(E),Q5073423,exact
417,West Bengal,Ramnabagan Wildlife Sanctuary,Wildlife Sanctuary,Draft,2018-09-19,"417. S.O. 4891(E) [19.09.2018] Draft Notification declaring Eco Sensitive Zone around Ramnabagan Wildlife Sanctuary,(2.43 MB) West Bengal.",https://moef.gov.in/uploads/2018/11/ramnabagan.pdf,[],25/09/2018,S.O. 4891(E),Q7289748,exact
347,West Bengal,Ramnabagan Wildlife Sanctuary,Wildlife Sanctuary,Final,2019-08-30,"347. S.O. 3151(E) [30.08.2019]Final Notification declaring Eco Sensitive Zone around Ramnabagan Wildlife Sanctuary (2.89 MB),West Bengal",https://moef.gov.in/uploads/2018/12/ramnabagan.pdf,[],02/09/2019,S.O. 3151(E),Q7289748,exact
348,West Bengal,Ramnabagan Wildlife Santuary,Wildlife Sanctuary,Final,2020-06-18,"348. S.O. 1962(E) [18.06.2020] Final Amendment declaring Eco Sensitive Zone around Ramnabagan Wildlife Santuary(2.53 MB), West Bengal",https://moef.gov.in/uploads/2019/10/amendment-ramabagan.pdf,[],24/06/2020,S.O. 1962(E),Q7289748,exact
418,West Bengal,Bibhutibhushan Wildlife Sanctuary,Wildlife Sanctuary,Draft,2018-10-04,"418. S.O. 5139(E) [04.10.2018] Draft Notification declaring Eco Sensitive Zone around Bibhutibhushan Wildlife Sanctuary,(2.03 MB) West Bengal.",https://moef.gov.in/uploads/2018/11/bhibhutibhusan.pdf,[],11/10/2018,S.O. 5139(E),Q4903011,exact
349,West Bengal,Bibhutibhushan Wildlife Sanctuary,Wildlife Sanctuary,Final,2019-10-10,"349. S.O. 3652(E) [10.10.2019] Final Notification declaring Eco Sensitive Zone around Bibhutibhushan Wildlife Sanctuary(5.03 MB), West Bengal.",https://moef.gov.in/uploads/2018/12/bibhutibhushan.pdf,[],16/10/2019,S.O. 3652(E),Q4903011,exact
419,West Bengal,Buxa Tiger Reserve,Tiger Reserve,Draft,2019-06-11,"419. S.O. 1942(E) [11.06.2019] Draft Notification declaring Eco Sensitive Zone around Buxa Tiger Reserve(1.96 MB), West Bengal",https://moef.gov.in/uploads/2019/06/buxa.pdf,[],18/06/2019,S.O. 1942(E),Q2340037,exact
350,West Bengal,Buxa Tiger Reserve,Tiger Reserve,Final,2020-09-07,"350. S.O. 3031 (E) [ 07.09.2020] Final Notification declaring Eco Sensitive Zone around Buxa Tiger Reserve, West Bengal(7.96 MB), West Bengal.",https://moef.gov.in/uploads/2020/09/Buxa.pdf,[],23/09/2020,S.O. 3031 (E),Q2340037,exact
420,West Bengal,Ballavpur Santuary,Wildlife Sanctuary,Draft,2019-09-27,"420. S.O. 3527(E) [27.09.2019] Draft Notification declaring Eco Sensitive Zone around Ballavpur Santuary(1.33 MB), West Bengal.",https://moef.gov.in/uploads/2018/12/ballavpur.pdf,[],03/10/2019,S.O. 3527(E),Q4851306,fuzzy
351,West Bengal,Ballavpur,Wildlife Sanctuary,Final,2020-08-28,"351. S.O. 2937(E) [ 28.08.2020] Final Notification declaring Eco Sensitive Zone around Ballavpur Wildlife Sanctuary(1.88 MB), West Bengal",,[],31/08/2020,S.O. 2937(E),Q4851306,fuzzy
421,West Bengal,Mahananda Wildlife Santuary,Wildlife Sanctuary,Draft,2019-12-11,"421. (1.) S.O. 4442(E) [11.12.2019] Draft Notification declaring Eco Sensitive Zone around Mahananda Wildlife Santuary(6.96 MB), West Bengal. (2.)",https://moef.gov.in/uploads/2019/12/mahananda.pdf,[],20/12/2019,S.O. 4442(E),Q15243705,exact
,West Bengal,Mahananda Wildlife Sanctuary,Wildlife Sanctuary,Draft,2024-09-06,"S.O. No. 3832(E) [06.09.2024] Draft Notification of Eco-sensitive Zone around Mahananda Wildlife Sanctuary(3.03 MB), West Bengal. Re-notification New",https://moef.gov.in/uploads/pdf/re-draft-mahananda-west-bengal.pdf,[],,S.O. No. 3832(E),Q15243705,exact
352,West Bengal,Mahananda,Wildlife Sanctuary,Final,2020-09-22,"352. S.O. 3237(E) [ 22.09.2020] Final Notification declaring Eco Sensitive Zone around Mahananda Wildlife Sanctuary (5.96 MB), West Bengal",,[],24/09/2020,S.O. 3237(E),Q15243705,exact
422,West Bengal,Gorumara National Park,National Park,Draft,2023-11-16,"422. • S.O. No. 4952(E) [16.11.2023] Re-Draft Notification declaring Eco Sensitive Zone around Gorumara National Park, (1,539 KB) in the state of West BengalRe-notification New",https://moef.gov.in/uploads/2023/11/SO4952(E)-gorumara-redraft.pdf,[],28/11/2023,S.O. No. 4952(E),Q2985148,exact
423,West Bengal,Halliday Island,Wildlife Sanctuary,Draft,2024-10-28,"423. • S.O. No. 4761(E) [28.10.2024] Draft Notification of Eco-sensitive Zone around Halliday Island Wildlife Sanctuary, (526 KB) in the state of West Bengal",https://moef.gov.in/uploads/pdf-uploads/pdf_6778d4d94481a3.20962475.pdf,[],05/11/2024,S.O. No. 4761(E),Q5642082,fuzzy
424,West Bengal,Lothain Island,Wildlife Sanctuary,Draft,2024-12-30,"424. •S.O. No. 5638(E) [30.12.2024] Draft Notification of Eco-sensitive Zone around Lothain Island Wildlife Sanctuary, (501 KB) in the state of West Bengal",https://moef.gov.in/uploads/pdf-uploads/pdf_6778d4f86d8715.38725123.pdf,[],02/01/2025,S.O. No. 5638(E),Q6684762,fuzzy
