"orderNumber","notificationDate","protectedAreaName","wikidataId","archiveLink","archiveMatchMethod","archiveIdentifier","archiveCollection","archiveCreator","archiveDate","archiveMinistry","archiveDepartment","archiveSubject","archiveGazetteSource","allmaps images","toposheet page","toposheet thumbnail","allmaps editor","tms"
"S .O. No. 100(E)","2025-01-06","Pangolakha Wildlife Sanctuary","Q16896392","https://archive.org/details/in.gazette.central.e.2025-01-06.260003","description","in.gazette.central.e.2025-01-06.260003","gazetteofindia;JaiGyan","Government of India","2025-01-06","Ministry of Environment, Forest and Climate Change","ESZ Division","Amendment of ESZ around Pangolakha Wildlife Sanctuary Sikkim","https://egazette.gov.in/WriteReadData/2025/260003.pdf",,,,,
"S .O. No. 115(E)","2025-01-07","Melukote Wildlife Sanctuary","Q137699195","https://archive.org/details/in.gazette.central.e.2025-01-07.260073","description","in.gazette.central.e.2025-01-07.260073","gazetteofindia;JaiGyan","Government of India","2025-01-07","Ministry of Environment, Forest and Climate Change","ESZ Division","Amendment of ESZ around Melukote Wildlife Sanctuary Karnataka","https://egazette.gov.in/WriteReadData/2025/260073.pdf",,,,,
"S .O. No. 148(E)","2025-01-08","Khol Hi Raitan Wildlife Sanctuary","Q17002860","https://archive.org/details/in.gazette.central.e.2025-01-08.260074","description","in.gazette.central.e.2025-01-08.260074","gazetteofindia;JaiGyan","Government of India","2025-01-08","Ministry of Environment, Forest and Climate Change","ESZ Division","Amendment of ESZ around Khol Hi Raitan Wildlife Sanctuary Haryana","https://egazette.gov.in/WriteReadData/2025/260074.pdf",,,,,
"S .O. No. 150(E)","2025-01-09","Bir Dosanjh Wildlife Sanctuary","WIKIPEDIA:punjab:bir-dosanjh-wildlife-sanctuary","https://archive.org/details/in.gazette.central.e.2025-01-09.260088","description","in.gazette.central.e.2025-01-09.260088","gazetteofindia;JaiGyan","Government of India","2025-01-09","Ministry of Environment, Forest and Climate Change","ESZ Division","Amendment in the final notification of Bir Dosanjh Wildlife Sanctuary in the state of Punjab","https://egazette.gov.in/WriteReadData/2025/260088.pdf",,,,,
"S .O. No. 17(E)","2024-12-31","Rajiv Gandhi National Park","Q96401141","NONE",,,,,,,,,,,,,,
"S .O. No. 191(E)","2025-01-10","Bhindawas Wildlife Sanctuary","Q16155392","https://archive.org/details/in.gazette.central.e.2025-01-10.260140","description","in.gazette.central.e.2025-01-10.260140","gazetteofindia;JaiGyan","Government of India","2025-01-10","Ministry of Environment, Forest and Climate Change","ESZ Division","Amendment of ESZ around Bhindawas Wildlife Sanctuary Haryana","https://egazette.gov.in/WriteReadData/2025/260140.pdf",,,,,
"S .O. No. 3249(E)","2024-08-12","Daranghati Wildlife Sanctuary","Q5222092","https://archive.org/details/in.gazette.central.e.2024-08-12.256322","description","in.gazette.central.e.2024-08-12.256322","gazetteofindia;JaiGyan","Government of India","2024-08-12","Ministry of Environment, Forest and Climate Change","ESZ Division","AMENDMENT OF THE ESZ AROUND DARANGHATI WILDLIFE SANCTUARY HIMACHAL PRADESH","https://egazette.gov.in/WriteReadData/2024/256322.pdf",,,,,
"S .O. No. 3445(E)","2024-08-13","Jaikawadi Bird Sanctuary","Q23581251","NONE",,,,,,,,,,,,,,
"S .O. No. 3452(E)","2024-08-13","Balukhand-Konark WLS","Q18110145","NONE",,,,,,,,,,,,,,
"S .O. No. 3456(E)","2024-08-13","Painganga Wildlife Sanctuary","Q113396038","NONE",,,,,,,,,,,,,,
"S .O. No. 3548 (E)","2024-08-21","Bhagwan Mahaveer Wildlife Sanctuary","Q2397554","NONE",,,,,,,,,,,,,,
"S .O. No. 3549(E)","2024-08-21","Ghugua Fossil National Park",,"NONE",,,,,,,,,,,,,,
"S .O. No. 3584(E)","2024-08-22","Son Gharial Wildlife Sanctuary","Q132126728","NONE",,,,,,,,,,,,,,
"S .O. No. 3591(E)","2024-08-23","Chandaka Dampara Wildlife Sanctuary",,"NONE",,,,,,,,,,,,,,
"S .O. No. 3739(E)","2024-09-02","Melghat Tiger Reserve","Q2429161","https://archive.org/details/in.gazette.central.e.2024-09-02.256858","description","in.gazette.central.e.2024-09-02.256858","gazetteofindia;JaiGyan","Government of India","2024-09-02","Ministry of Environment, Forest and Climate Change","ESZ Division","Amendment in Final Notification of ESZ around Melghat Tiger Reserve Maharashtra","https://egazette.gov.in/WriteReadData/2024/256858.pdf",,,,,
"S .O. No. 3740(E)","2024-09-02","Dr. Salim Ali Bird Sanctuary","Q4806672","https://archive.org/details/in.gazette.central.e.2024-09-02.256859","description","in.gazette.central.e.2024-09-02.256859","gazetteofindia;JaiGyan","Government of India","2024-09-02","Ministry of Environment, Forest and Climate Change","ESZ Division","Amendment in ESZ around Dr Salim Ali Bird Sanctuary Goa","https://egazette.gov.in/WriteReadData/2024/256859.pdf",,,,,
"S .O. No. 3754(E)","2024-09-03","Madei WLS","Q6826847","NONE",,,,,,,,,,,,,,
"S .O. No. 3819(E)","2024-09-05","Gautala Autramghat Wildlife Sanctuary","Q5527862","https://archive.org/details/in.gazette.central.e.2024-09-05.256940","description","in.gazette.central.e.2024-09-05.256940","gazetteofindia;JaiGyan","Government of India","2024-09-05","Ministry of Environment, Forest and Climate Change","ESZ Division","Amendment in Final Notification of ESZ around Gautala Autramghat Wildlife Sanctuary Maharashtra","https://egazette.gov.in/WriteReadData/2024/256940.pdf",,,,,
"S .O. No. 3831(E)","2024-09-06","Bhimbandh Wildlife Sanctuary","Q15198953","https://archive.org/details/in.gazette.central.e.2024-09-06.256983","description","in.gazette.central.e.2024-09-06.256983","gazetteofindia;JaiGyan","Government of India","2024-09-06","Ministry of Environment, Forest and Climate Change","ESZ Division","Amendment Final notification of Bhimbandh Wildlife Sanctuary Bihar","https://egazette.gov.in/WriteReadData/2024/256983.pdf","https://editor.allmaps.org/images?url=https://iiif.archive.org/iiif/in.gazette.central.e.2024-09-06.256983/manifest.json&bg-preset=osm&bg-url=https://indianopenmaps.fly.dev/soi/osm/{z}/{x}/{y}.webp",,,,
"S .O. No. 3831(E)","2024-09-06","Bhimbandh Wildlife Sanctuary,","Q15198953",,,,,,,,,,,,,,,
"S .O. No. 3880(E)","2024-09-10","Zeilad Wildlife Sanctuary","WIKIPEDIA:manipur:zeilad-wildlife-sanctuary","https://archive.org/details/in.gazette.central.e.2024-09-10.257064","description","in.gazette.central.e.2024-09-10.257064","gazetteofindia;JaiGyan","Government of India","2024-09-10","Ministry of Environment, Forest and Climate Change","ESZ Division","AMENDMENT IN ESZ AROUND ZEILAD WILDLIFE SANCTUARY MANIPUR","https://egazette.gov.in/WriteReadData/2024/257064.pdf",,,,,
"S .O. No. 3943(E)","2024-09-13","Gandhi Sagar Wildlife Sanctuary","Q5520717","https://archive.org/details/in.gazette.central.e.2024-09-13.257167","description","in.gazette.central.e.2024-09-13.257167","gazetteofindia;JaiGyan","Government of India","2024-09-13","Ministry of Environment, Forest and Climate Change","ESZ Division","Amendment in ESZ around Gandhi Sagar Wildlife Sanctuary Madhya Pradesh","https://egazette.gov.in/WriteReadData/2024/257167.pdf",,,,,
"S .O. No. 3956(E)","2024-09-06","Tipeshwar Wildlife Sanctuary","Q106673573","NONE",,,,,,,,,,,,,,
"S .O. No. 4274(E)","2024-10-01","Bunning Wildlife Sanctuary","WIKIPEDIA:manipur:bunning-wildlife-sanctuary","https://archive.org/details/in.gazette.central.e.2024-10-01.257670","description","in.gazette.central.e.2024-10-01.257670","gazetteofindia;JaiGyan","Government of India","2024-10-01","Ministry of Environment, Forest and Climate Change","ESZ Division","Amendment in Notification of ESZ around Bunning Wildlife Sanctuary Manipur","https://egazette.gov.in/WriteReadData/2024/257670.pdf",,,,,
"S .O. No. 4331(E)","2024-10-03","Gangewadi New Great Indian Bustard Sanctuary","Q5599356","NONE",,,,,,,,,,,,,,
"S .O. No. 4337(E)","2024-10-04","Baraila Lake Salim Ali Jubba Sahni Bird Sanctuary","Q130974238","NONE",,,,,,,,,,,,,,
"S .O. No. 4343(E)","2024-10-07","Talacauvery Wildlife Sanctuary","Q7678819","https://archive.org/details/in.gazette.central.e.2024-10-07.257745","description","in.gazette.central.e.2024-10-07.257745","gazetteofindia;JaiGyan","Government of India","2024-10-07","Ministry of Environment, Forest and Climate Change","ESZ Division","AMENDMENT OF ESZ AROUND TALACAUVERY WILDLIFE SANCTUARY KARNATAKA","https://egazette.gov.in/WriteReadData/2024/257745.pdf",,,,,
"S .O. No. 4366(E)","2024-10-08","Bhimashankar Wildlife","Q854971","https://archive.org/details/in.gazette.central.e.2024-10-08.257836","description","in.gazette.central.e.2024-10-08.257836","gazetteofindia;JaiGyan","Government of India","2024-10-08","Ministry of Environment, Forest and Climate Change","ESZ Division","Amendment of ESZ around Bhimashankar Wildlife Sanctuary Maharashtra","https://egazette.gov.in/WriteReadData/2024/257836.pdf",,,,,
"S .O. No. 4382(E)","2024-10-09","Chaparala Wildlife Santuary","Q99342657","NONE",,,,,,,,,,,,,,
"S .O. No. 4386(E)","2024-10-09","Barnawapara Wildlife Sanctuary","Q104879966","https://archive.org/details/in.gazette.central.e.2024-10-09.257796","description","in.gazette.central.e.2024-10-09.257796","gazetteofindia;JaiGyan","Government of India","2024-10-09","Ministry of Environment, Forest and Climate Change","ESZ Division","Amendment of ESZ around Barnawapara Wildlife Sanctuary Chhattisgarh","https://egazette.gov.in/WriteReadData/2024/257796.pdf",,,,,
"S .O. No. 4530(E)","2024-10-15","Kitam Bird Sanctuary","Q106257541","https://archive.org/details/in.gazette.central.e.2024-10-15.257980","description","in.gazette.central.e.2024-10-15.257980","gazetteofindia;JaiGyan","Government of India","2024-10-15","Ministry of Environment, Forest and Climate Change","ESZ Division","AMENDMENT OF ESZ AROUND KITAM BIRD SANCTUARY SIKKIM","https://egazette.gov.in/WriteReadData/2024/257980.pdf",,,,,
"S .O. No. 4546(E)","2024-10-16","Bir Aishwan WLS","Q135798492","NONE",,,,,,,,,,,,,,
"S .O. No. 4548(E)","2024-10-16","Pocharam Wildlife Sanctuary","Q7206319","https://archive.org/details/in.gazette.central.e.2024-10-16.257990","description","in.gazette.central.e.2024-10-16.257990","gazetteofindia;JaiGyan","Government of India","2024-10-16","Ministry of Environment, Forest and Climate Change","ESZ Division","Amendment of ESZ around Pocharam Wildlife Sanctuary Telangana","https://egazette.gov.in/WriteReadData/2024/257990.pdf",,,,,
"S .O. No. 4554(E)","2024-10-17","Anerdam Wildlife Sanctuary","Q107404544","NONE",,,,,,,,,,,,,,
"S .O. No. 4554(E)","2024-10-17","Zone around Anerdam Wildlife Sanctuary, Maharashtra",,,,,,,,,,,,,,,,
"S .O. No. 4572(E)","2024-10-18","Nalsarovar Bird Sanctuary","Q2723560","https://archive.org/details/in.gazette.central.e.2024-10-18.258077","description","in.gazette.central.e.2024-10-18.258077","gazetteofindia;JaiGyan","Government of India","2024-10-18","Ministry of Environment, Forest and Climate Change","ESZ Division","Amendment of ESZ around NalSarovar Bird Sanctuary Gujarat","https://egazette.gov.in/WriteReadData/2024/258077.pdf",,,,,
"S .O. No. 5383(E)","2024-12-13","Gautam Buddha Wildlife Sanctuary","Q18343586","https://archive.org/details/in.gazette.central.e.2024-12-13.259436","description","in.gazette.central.e.2024-12-13.259436","gazetteofindia;JaiGyan","Government of India","2024-12-13","Ministry of Environment, Forest and Climate Change","ESZ Division","Amendment of ESZ around Gautam Buddha Wildlife Sanctuary Bihar","https://egazette.gov.in/WriteReadData/2024/259436.pdf",,,,,
"S .O. No. 5441(E)","2024-12-16","Tadoba Tiger National Park Andhari","Q2639563","NONE",,,,,,,,,,,,,,
"S .O. No. 5468(E)","2024-12-18","Sanjay National Park","Q3092341","https://archive.org/details/in.gazette.central.e.2024-12-18.259519","description","in.gazette.central.e.2024-12-18.259519","gazetteofindia;JaiGyan","Government of India","2024-12-18","Ministry of Environment, Forest and Climate Change","ESZ Division","Amendment of ESZ around Sanjay National Park and Sanjay Dubri Wildlife Sanctuary Madhya Pradesh","https://egazette.gov.in/WriteReadData/2024/259519.pdf",,,,,
"S .O. No. 5468(E)","2024-12-18","Sanjay Dubari Wildlife Sanctuary",,"https://archive.org/details/in.gazette.central.e.2024-12-18.259519","description","in.gazette.central.e.2024-12-18.259519","gazetteofindia;JaiGyan","Government of India","2024-12-18","Ministry of Environment, Forest and Climate Change","ESZ Division","Amendment of ESZ around Sanjay National Park and Sanjay Dubri Wildlife Sanctuary Madhya Pradesh","https://egazette.gov.in/WriteReadData/2024/259519.pdf",,,,,
"S .O. No. 5468(E)","2024-12-18","Sanjay National Park and Sanjay Dubari Wildlife Sanctuary",,,,,,,,,,,,,,,,
"S .O. No. 5494(E)","2024-12-19","Gudavi Bird Sanctuary","Q5614543","https://archive.org/details/in.gazette.central.e.2024-12-19.259540","description","in.gazette.central.e.2024-12-19.259540","gazetteofindia;JaiGyan","Government of India","2024-12-19","Ministry of Environment, Forest and Climate Change","ESZ Division","Amendment of ESZ around Gudavi Bird Sanctuary Karnataka","https://egazette.gov.in/WriteReadData/2024/259540.pdf",,,,,
"S .O. No. 5510(E)","2024-12-20","Udaipur Wildlife Sanctuary","Q18355976","https://archive.org/details/in.gazette.central.e.2024-12-20.259562","description","in.gazette.central.e.2024-12-20.259562","gazetteofindia;JaiGyan","Government of India","2024-12-20","Ministry of Environment, Forest and Climate Change","ESZ Division","Amendment of ESZ around Udaipur Wildlife Sanctuary Bihar","https://egazette.gov.in/WriteReadData/2024/259562.pdf",,,,,
"S .O. No. 5534(E)","2024-12-23","Chhilchhila Wildlife Sanctuary","Q17003846","https://archive.org/details/in.gazette.central.e.2024-12-23.259623","description","in.gazette.central.e.2024-12-23.259623","gazetteofindia;JaiGyan","Government of India","2024-12-23","Ministry of Environment, Forest and Climate Change","ESZ Division","Amendment of ESZ around Chhilchhila Wildlife Sanctuary Hariyana","https://egazette.gov.in/WriteReadData/2024/259623.pdf",,,,,
"S. O. 252(E)","2016-01-18","Pamed Wildlife Sanctuary","Q130974386","NONE",,,,,,,,,,,,,,
"S. O. 3307 (E)","2016-10-26","Kailam WLS","WIKIPEDIA:manipur:kailam-wildlife-sanctuary","https://archive.org/details/in.gazette.central.e.2016-10-26.172378","description","in.gazette.central.e.2016-10-26.172378","gazetteofindia;JaiGyan","Government of India","2016-10-26","Ministry of Environment, Forests and Climate Change","Not Applicable","Whereas, a draft notification was published in the Gazette of India, Extraordinary, vide notification of the Government",,"https://editor.allmaps.org/images?url=https://iiif.archive.org/iiif/in.gazette.central.e.2016-10-26.172378/manifest.json&bg-preset=osm&bg-url=https://indianopenmaps.fly.dev/soi/osm/{z}/{x}/{y}.webp",,,,
"S. O. 3308","2016-10-26","Khol Hi Raitan Wildlife Sanctuary","Q17002860","https://archive.org/details/in.gazette.central.e.2016-10-26.172388","description","in.gazette.central.e.2016-10-26.172388","gazetteofindia;JaiGyan","Government of India","2016-10-26","Ministry of Environment, Forests and Climate Change","Not Applicable","WHEREAS a draft notification was published in the Gazette of India Extraordinary vide notification of the Government of the India in the Ministry of Environment",,"https://editor.allmaps.org/images?url=https://iiif.archive.org/iiif/in.gazette.central.e.2016-10-26.172388/manifest.json&bg-preset=osm&bg-url=https://indianopenmaps.fly.dev/soi/osm/{z}/{x}/{y}.webp",,,,
"S. O. 3309","2016-10-26","Zeilad WLS","WIKIPEDIA:manipur:zeilad-wildlife-sanctuary","https://archive.org/details/in.gazette.central.e.2016-10-26.172384","description","in.gazette.central.e.2016-10-26.172384","gazetteofindia;JaiGyan","Government of India","2016-10-26","Ministry of Environment, Forests and Climate Change","Not Applicable","WHEREAS a draft notification was published in the Gazette of India Extraordinary vide notification of the Government of the India in the Ministry of Environment",,"https://editor.allmaps.org/images?url=https://iiif.archive.org/iiif/in.gazette.central.e.2016-10-26.172384/manifest.json&bg-preset=osm&bg-url=https://indianopenmaps.fly.dev/soi/osm/{z}/{x}/{y}.webp",,,,
"S. O. 3310","2016-10-26","Yangoupokpi Lokchao Wildlife Sanctuary","Q110460281","https://archive.org/details/in.gazette.central.e.2016-10-26.172391","description","in.gazette.central.e.2016-10-26.172391","gazetteofindia;JaiGyan","Government of India","2016-10-26","Ministry of Environment, Forests and Climate Change","Not Applicable","WHEREAS a draft notification was published in the Gazette of India Extraordinary vide notification of the Government of the India in the Ministry of Environment",,"https://editor.allmaps.org/images?url=https://iiif.archive.org/iiif/in.gazette.central.e.2016-10-26.172391/manifest.json&bg-preset=osm&bg-url=https://indianopenmaps.fly.dev/soi/osm/{z}/{x}/{y}.webp",,,,
"S. O. 3312","2016-10-26","Neora Valley National Park","Q2985788","https://archive.org/details/in.gazette.central.e.2016-10-26.172406","description","in.gazette.central.e.2016-10-26.172406","gazetteofindia;JaiGyan","Government of India","2016-10-26","Ministry of Environment, Forests and Climate Change","Not Applicable","The following draft of the notification which the Central Government proposes to issue in exercise of the powers conferred by sub section",,"https://editor.allmaps.org/images?url=https://iiif.archive.org/iiif/in.gazette.central.e.2016-10-26.172406/manifest.json&bg-preset=osm&bg-url=https://indianopenmaps.fly.dev/soi/osm/{z}/{x}/{y}.webp","21","https://iiif.archive.org/image/iiif/3/in.gazette.central.e.2016-10-26.172406%2F172406_jp2.zip%2F172406_jp2%2F172406_0021.jp2/full/200,/0/default.jpg","https://editor.allmaps.org/georeference?url=https%3A%2F%2Fiiif.archive.org%2Fiiif%2Fin.gazette.central.e.2016-10-26.172406%2Fmanifest.json&bg-preset=osm&bg-url=https%3A%2F%2Findianopenmaps.fly.dev%2Fsoi%2Fosm%2F%7Bz%7D%2F%7Bx%7D%2F%7By%7D.webp&image=https%3A%2F%2Fiiif.archive.org%2Fimage%2Fiiif%2F3%2Fin.gazette.central.e.2016-10-26.172406%252F172406_jp2.zip%252F172406_jp2%252F172406_0021.jp2","https://allmaps.xyz/images/d89ec56434784341/{z}/{x}/{y}@2x.png"
"S. O. 3313","2016-10-26","Bir Aishwan WLS","Q135798492","https://archive.org/details/in.gazette.central.e.2016-10-26.172382","description","in.gazette.central.e.2016-10-26.172382","gazetteofindia;JaiGyan","Government of India","2016-10-26","Ministry of Environment, Forests and Climate Change","Not Applicable","WHEREAS a draft notification was published in the Gazette of India Extraordinary vide notification of the Government of the India in the Ministry of Environment",,"https://editor.allmaps.org/images?url=https://iiif.archive.org/iiif/in.gazette.central.e.2016-10-26.172382/manifest.json&bg-preset=osm&bg-url=https://indianopenmaps.fly.dev/soi/osm/{z}/{x}/{y}.webp",,,,
"S. O. 350 (E)","2017-02-06","Bir Mehas WLS","WIKIPEDIA:punjab:bir-mehaswala-wildlife-sanctuary","https://archive.org/details/in.gazette.central.e.2017-02-06.174040","description","in.gazette.central.e.2017-02-06.174040","gazetteofindia;JaiGyan","Government of India","2017-02-06","Ministry of Environment, Forests and Climate Change","Not Applicable","WHEREAS a draft notification was published in the Gazette of India Extraordinary Part II Section 3 sub section ii vide notification of the Government of the India in the Ministry of Environment",,"https://editor.allmaps.org/images?url=https://iiif.archive.org/iiif/in.gazette.central.e.2017-02-06.174040/manifest.json&bg-preset=osm&bg-url=https://indianopenmaps.fly.dev/soi/osm/{z}/{x}/{y}.webp",,,,
"S. O. 351 (E)","2017-02-06","Jessore WLS","Q6187899","https://archive.org/details/in.gazette.central.e.2017-02-06.174044","description","in.gazette.central.e.2017-02-06.174044","gazetteofindia;JaiGyan","Government of India","2017-02-06","Ministry of Environment, Forests and Climate Change","Not Applicable","The following draft of the notification which the Central Government proposes to issue in exercise of the powers conferred by sub section",,"https://editor.allmaps.org/images?url=https://iiif.archive.org/iiif/in.gazette.central.e.2017-02-06.174044/manifest.json&bg-preset=osm&bg-url=https://indianopenmaps.fly.dev/soi/osm/{z}/{x}/{y}.webp",,,,
"S. O. 4029 (E)","2016-12-14","Gandhi Sagar WLS","Q5520717","https://archive.org/details/in.gazette.central.e.2016-12-14.173149","description","in.gazette.central.e.2016-12-14.173149","gazetteofindia;JaiGyan","Government of India","2016-12-14","Ministry of Environment, Forests and Climate Change","Not Applicable","Notification of the Government of the India in the Ministry of Environment Forest and Climate Change number",,"https://editor.allmaps.org/images?url=https://iiif.archive.org/iiif/in.gazette.central.e.2016-12-14.173149/manifest.json&bg-preset=osm&bg-url=https://indianopenmaps.fly.dev/soi/osm/{z}/{x}/{y}.webp",,,,
"S. O. 435","2017-02-14","Sajjangarh Wildlife Sanctuary","Q65068086","https://archive.org/details/in.gazette.central.e.2017-02-14.174178","description","in.gazette.central.e.2017-02-14.174178","gazetteofindia;JaiGyan","Government of India","2017-02-14","Ministry of Environment, Forests and Climate Change","Not Applicable","WHEREAS a draft notification was published in the Gazette of India Extraordinary vide notification of the Government of the India in the Ministry of Environment Forest and Climate Change number",,"https://editor.allmaps.org/images?url=https://iiif.archive.org/iiif/in.gazette.central.e.2017-02-14.174178/manifest.json&bg-preset=osm&bg-url=https://indianopenmaps.fly.dev/soi/osm/{z}/{x}/{y}.webp",,,,
"S. O. 436","2017-02-14","Chhilchhila Wildlife Sanctuary","Q17003846","https://archive.org/details/in.gazette.central.e.2017-02-14.174180","description","in.gazette.central.e.2017-02-14.174180","gazetteofindia;JaiGyan","Government of India","2017-02-14","Ministry of Environment, Forests and Climate Change","Not Applicable","Whereas a draft notification was published in the Gazette of India Extraordinary vide notification of the Government of the India in the Ministry of Environment",,"https://editor.allmaps.org/images?url=https://iiif.archive.org/iiif/in.gazette.central.e.2017-02-14.174180/manifest.json&bg-preset=osm&bg-url=https://indianopenmaps.fly.dev/soi/osm/{z}/{x}/{y}.webp",,,,
"S. O. 437","2017-02-14","Veerangana Durgawati WLS","Q48731965","https://archive.org/details/in.gazette.central.e.2017-02-14.174183","description","in.gazette.central.e.2017-02-14.174183","gazetteofindia;JaiGyan","Government of India","2017-02-14","Ministry of Environment, Forests and Climate Change","Not Applicable","The following draft of the notification which the Central Government proposes to issue in exercise of the powers",,"https://editor.allmaps.org/images?url=https://iiif.archive.org/iiif/in.gazette.central.e.2017-02-14.174183/manifest.json&bg-preset=osm&bg-url=https://indianopenmaps.fly.dev/soi/osm/{z}/{x}/{y}.webp",,,,
"S. O. 668(E)","2017-02-28","Lonar WLS","Q107224583","https://archive.org/details/in.gazette.central.e.2017-02-28.174560","description","in.gazette.central.e.2017-02-28.174560","gazetteofindia;JaiGyan","Government of India","2017-02-28","Ministry of Environment, Forests and Climate Change","Not Applicable","WHEREAS a draft notification was published in the Gazette of India Extraordinary vide notification of the Government of the India in the Ministry of Environment",,"https://editor.allmaps.org/images?url=https://iiif.archive.org/iiif/in.gazette.central.e.2017-02-28.174560/manifest.json&bg-preset=osm&bg-url=https://indianopenmaps.fly.dev/soi/osm/{z}/{x}/{y}.webp",,,,
"S. O. 67 (E)","2017-01-10","Singalila National Park","Q2985193","https://archive.org/details/in.gazette.central.e.2017-01-10.173567","description","in.gazette.central.e.2017-01-10.173567","gazetteofindia;JaiGyan","Government of India","2017-01-10","Ministry of Environment, Forests and Climate Change","Not Applicable","The following draft of the notification, which the Central Government proposes to issue in exercise of the powers",,"https://editor.allmaps.org/images?url=https://iiif.archive.org/iiif/in.gazette.central.e.2017-01-10.173567/manifest.json&bg-preset=osm&bg-url=https://indianopenmaps.fly.dev/soi/osm/{z}/{x}/{y}.webp",,,,
"S. O. 68 (E)","2017-01-10","Khaparwas Wildlife","Q17005614","https://archive.org/details/in.gazette.central.e.2017-01-10.173559","description","in.gazette.central.e.2017-01-10.173559","gazetteofindia;JaiGyan","Government of India","2017-01-10","Ministry of Environment, Forests and Climate Change","Not Applicable","WHEREAS a draft notification was published in the Gazette of India Extraordinary vide notification of the Government of the India in the Ministry of Environment Forest and Climate Change",,"https://editor.allmaps.org/images?url=https://iiif.archive.org/iiif/in.gazette.central.e.2017-01-10.173559/manifest.json&bg-preset=osm&bg-url=https://indianopenmaps.fly.dev/soi/osm/{z}/{x}/{y}.webp",,,,
"S. O. 69 (E)","2017-01-10","Bird Sanctuary Union Territory","Q21997171","https://archive.org/details/in.gazette.central.e.2017-01-10.173572","description","in.gazette.central.e.2017-01-10.173572","gazetteofindia;JaiGyan","Government of India","2017-01-10","Ministry of Environment, Forests and Climate Change","Not Applicable","WHEREAS a draft notification was published in the Gazette of India Extraordinary vide notification of the Government of the India in the Ministry of Environment",,"https://editor.allmaps.org/images?url=https://iiif.archive.org/iiif/in.gazette.central.e.2017-01-10.173572/manifest.json&bg-preset=osm&bg-url=https://indianopenmaps.fly.dev/soi/osm/{z}/{x}/{y}.webp",,,,
"S.O 1440(E)","2016-04-19","Kanawar Wildlife Sanctuary","Q16948098","https://archive.org/details/in.gazette.central.e.2016-04-19.169233","description","in.gazette.central.e.2016-04-19.169233","gazetteofindia;JaiGyan","Government of India","2016-04-19","Ministry of Environment, Forests and Climate Change","Not Applicable","The following draft of the notification, which the Central Government proposes to issue in exercise of the powers conferred by sub section",,"https://editor.allmaps.org/images?url=https://iiif.archive.org/iiif/in.gazette.central.e.2016-04-19.169233/manifest.json&bg-preset=osm&bg-url=https://indianopenmaps.fly.dev/soi/osm/{z}/{x}/{y}.webp",,,,
"S.O 1441(E)","2016-04-19","Kais Wildlife Sanctuary","WIKIPEDIA:himachal-pradesh:kais-wildlife-sanctuary","https://archive.org/details/in.gazette.central.e.2016-04-19.169235","description","in.gazette.central.e.2016-04-19.169235","gazetteofindia;JaiGyan","Government of India","2016-04-19","Ministry of Environment, Forests and Climate Change","Not Applicable","The following draft of the notification which the Central Government proposes to issue in exercise of the powers conferred by sub section",,"https://editor.allmaps.org/images?url=https://iiif.archive.org/iiif/in.gazette.central.e.2016-04-19.169235/manifest.json&bg-preset=osm&bg-url=https://indianopenmaps.fly.dev/soi/osm/{z}/{x}/{y}.webp",,,,
"S.O 1485","2016-04-22","Kalesar Wildlife Sanctuary","Q2985156","https://archive.org/details/in.gazette.central.e.2016-04-22.169183","title","in.gazette.central.e.2016-04-22.169183","gazetteofindia;JaiGyan","Government of India","2016-04-22","Ministry of Environment, Forests and Climate Change","Not Applicable","Whereas, a draft notification was published in the Gazette of India, Extraordinary, vide notification of the Government of India in the Ministry of Environment, Forest and Climate Change number",,"https://editor.allmaps.org/images?url=https://iiif.archive.org/iiif/in.gazette.central.e.2016-04-22.169183/manifest.json&bg-preset=osm&bg-url=https://indianopenmaps.fly.dev/soi/osm/{z}/{x}/{y}.webp",,,,
"S.O 1498(E)","2016-04-26","Union Territory of Andaman and Nicobar Islands",,"https://archive.org/details/in.gazette.central.e.2016-04-26.169254","title","in.gazette.central.e.2016-04-26.169254","gazetteofindia;JaiGyan","Government of India","2016-04-26","Ministry of Environment, Forests and Climate Change","Not Applicable","The following draft of the notification, which the Central Government proposes to issue in exercise of the powers conferred by subsection 1, clause v and clause xvi of subsection 2 of section 3 of the Environment Protection Act",,"https://editor.allmaps.org/images?url=https://iiif.archive.org/iiif/in.gazette.central.e.2016-04-26.169254/manifest.json&bg-preset=osm&bg-url=https://indianopenmaps.fly.dev/soi/osm/{z}/{x}/{y}.webp",,,,
"S.O 1498(E)","2016-04-26","Rani Jhansi Marine National Park","Q1544313",,,,,,,,,,,,,,,
"S.O 1498(E)","2016-04-26","North Button Island National Park","Q3364468",,,,,,,,,,,,,,,
"S.O 1498(E)","2016-04-26","Middle Button Island National Park","Q3364465",,,,,,,,,,,,,,,
"S.O 1498(E)","2016-04-26","South Button Island National Park","Q770855",,,,,,,,,,,,,,,
"S.O 1498(E)","2016-04-26","Arial Wildlife Sanctuary","Q140306443",,,,,,,,,,,,,,,
"S.O 1498(E)","2016-04-26","Bamboo Wildlife Sanctuary","Q135350428",,,,,,,,,,,,,,,
"S.O 1498(E)","2016-04-26","Barren Wildlife Sanctuary",,,,,,,,,,,,,,,,
"S.O 1498(E)","2016-04-26","Batti Malv Wildlife Sanctuary",,,,,,,,,,,,,,,,
"S.O 1498(E)","2016-04-26","Belle Wildlife Sanctuary",,,,,,,,,,,,,,,,
"S.O 1498(E)","2016-04-26","Bennette Wildlife Sanctuary",,,,,,,,,,,,,,,,
"S.O 1498(E)","2016-04-26","Bingham Wildlife Sanctuary","WIKIPEDIA:andaman-and-nicobar-islands:bingham-island-wildlife-sanctuary",,,,,,,,,,,,,,,
"S.O 1498(E)","2016-04-26","Blister Wildlife Sanctuary","WIKIPEDIA:andaman-and-nicobar-islands:blister-island-wildlife-sanctuary",,,,,,,,,,,,,,,
"S.O 1498(E)","2016-04-26","Bluff Wildlife Sanctuary",,,,,,,,,,,,,,,,
"S.O 1498(E)","2016-04-26","Bondoville Wildlife Sanctuary","WIKIPEDIA:andaman-and-nicobar-islands:bondoville-island-wildlife-sanctuary",,,,,,,,,,,,,,,
"S.O 1498(E)","2016-04-26","Brush Wildlife Sanctuary",,,,,,,,,,,,,,,,
"S.O 1498(E)","2016-04-26","Buchanan Wildlife Sanctuary","WIKIPEDIA:andaman-and-nicobar-islands:buchanan-island-wildlife-sanctuary",,,,,,,,,,,,,,,
"S.O 1498(E)","2016-04-26","Channel Wildlife Sanctuary",,,,,,,,,,,,,,,,
"S.O 1498(E)","2016-04-26","Cinque Island Wildlife Sanctuary","WIKIPEDIA:andaman-and-nicobar-islands:cinque-islands-wildlife-sanctuary",,,,,,,,,,,,,,,
"S.O 1498(E)","2016-04-26","Clyde Wildlife Sanctuary",,,,,,,,,,,,,,,,
"S.O 1498(E)","2016-04-26","Cone Wildlife Sanctuary",,,,,,,,,,,,,,,,
"S.O 1498(E)","2016-04-26","Curlew Bp Wildlife Sanctuary",,,,,,,,,,,,,,,,
"S.O 1498(E)","2016-04-26","Curlew Wildlife Sanctuary",,,,,,,,,,,,,,,,
"S.O 1498(E)","2016-04-26","Defence Wildlife Sanctuary","WIKIPEDIA:andaman-and-nicobar-islands:defence-island-wildlife-sanctuary",,,,,,,,,,,,,,,
"S.O 1498(E)","2016-04-26","Dot Wildlife Sanctuary",,,,,,,,,,,,,,,,
"S.O 1498(E)","2016-04-26","Dotrell Wildlife Sanctuary",,,,,,,,,,,,,,,,
"S.O 1498(E)","2016-04-26","Duncan Wildlife Sanctuary",,,,,,,,,,,,,,,,
"S.O 1498(E)","2016-04-26","East Wildlife Sanctuary",,,,,,,,,,,,,,,,
"S.O 1498(E)","2016-04-26","Egg Wildlife Sanctuary",,,,,,,,,,,,,,,,
"S.O 1498(E)","2016-04-26","Entrance Wildlife Sanctuary","WIKIPEDIA:andaman-and-nicobar-islands:entrance-island-wildlife-sanctuary",,,,,,,,,,,,,,,
"S.O 1498(E)","2016-04-26","Flat Wildlife Sanctuary",,,,,,,,,,,,,,,,
"S.O 1498(E)","2016-04-26","Gander Wildlife Sanctuary",,,,,,,,,,,,,,,,
"S.O 1498(E)","2016-04-26","Goose Wildlife Sanctuary",,,,,,,,,,,,,,,,
"S.O 1498(E)","2016-04-26","Gurjan Wildlife Sanctuary",,,,,,,,,,,,,,,,
"S.O 1498(E)","2016-04-26","Hump Wildlife Sanctuary",,,,,,,,,,,,,,,,
"S.O 1498(E)","2016-04-26","Inglis Wildlife Sanctuary",,,,,,,,,,,,,,,,
"S.O 1498(E)","2016-04-26","Interview Wildlife Sanctuary","WIKIPEDIA:andaman-and-nicobar-islands:interview-island",,,,,,,,,,,,,,,
"S.O 1498(E)","2016-04-26","James Wildlife Sanctuary",,,,,,,,,,,,,,,,
"S.O 1498(E)","2016-04-26","Jungle Wildlife Sanctuary",,,,,,,,,,,,,,,,
"S.O 1498(E)","2016-04-26","Kwang Tung Wildlife Sanctuary","Q135012839",,,,,,,,,,,,,,,
"S.O 1498(E)","2016-04-26","Kyd Wildlife Sanctuary",,,,,,,,,,,,,,,,
"S.O 1498(E)","2016-04-26","Landfall Wildlife Sanctuary","WIKIPEDIA:andaman-and-nicobar-islands:landfall-island-wildlife-sanctuary",,,,,,,,,,,,,,,
"S.O 1498(E)","2016-04-26","Latouche Wildlife Sanctuary","WIKIPEDIA:andaman-and-nicobar-islands:latouche-island-wildlife-sanctuary",,,,,,,,,,,,,,,
"S.O 1498(E)","2016-04-26","Mangrove Wildlife Sanctuary","WIKIPEDIA:andaman-and-nicobar-islands:mangrove-island-wildlife-sanctuary",,,,,,,,,,,,,,,
"S.O 1498(E)","2016-04-26","Mask Wildlife Sanctuary",,,,,,,,,,,,,,,,
"S.O 1498(E)","2016-04-26","Mayo Wildlife Sanctuary",,,,,,,,,,,,,,,,
"S.O 1498(E)","2016-04-26","Megapode Wildlife Sanctuary","WIKIPEDIA:andaman-and-nicobar-islands:megapode-island-wildlife-sanctuary",,,,,,,,,,,,,,,
"S.O 1498(E)","2016-04-26","Montgomery Wildlife Sanctuary",,,,,,,,,,,,,,,,
"S.O 1498(E)","2016-04-26","Narcondam Wildlife Sanctuary","WIKIPEDIA:andaman-and-nicobar-islands:narcondam-island",,,,,,,,,,,,,,,
"S.O 1498(E)","2016-04-26","North Brother Wildlife Sanctuary",,,,,,,,,,,,,,,,
"S.O 1498(E)","2016-04-26","North Reef Wildlife Sanctuary","WIKIPEDIA:andaman-and-nicobar-islands:north-reef-island-wildlife-sanctuary",,,,,,,,,,,,,,,
"S.O 1498(E)","2016-04-26","North Wildlife Sanctuary",,,,,,,,,,,,,,,,
"S.O 1498(E)","2016-04-26","Oliver Wildlife Sanctuary",,,,,,,,,,,,,,,,
"S.O 1498(E)","2016-04-26","Orchid Wildlife Sanctuary",,,,,,,,,,,,,,,,
"S.O 1498(E)","2016-04-26","Ox Wildlife Sanctuary",,,,,,,,,,,,,,,,
"S.O 1498(E)","2016-04-26","Oyester I Wildlife Sanctuary",,,,,,,,,,,,,,,,
"S.O 1498(E)","2016-04-26","Oyester II Wildlife Sanctuary",,,,,,,,,,,,,,,,
"S.O 1498(E)","2016-04-26","Paget Wildlife Sanctuary",,,,,,,,,,,,,,,,
"S.O 1498(E)","2016-04-26","Parkinson Wildlife Sanctuary","WIKIPEDIA:andaman-and-nicobar-islands:parkinson-island-wildlife-sanctuary",,,,,,,,,,,,,,,
"S.O 1498(E)","2016-04-26","Passage Wildlife Sanctuary","WIKIPEDIA:andaman-and-nicobar-islands:passage-island-wildlife-sanctuary",,,,,,,,,,,,,,,
"S.O 1498(E)","2016-04-26","Petric Wildlife Sanctuary",,,,,,,,,,,,,,,,
"S.O 1498(E)","2016-04-26","Pitman Wildlife Sanctuary",,,,,,,,,,,,,,,,
"S.O 1498(E)","2016-04-26","Peacock Wildlife Sanctuary","WIKIPEDIA:andaman-and-nicobar-islands:peacock-island-wildlife-sanctuary",,,,,,,,,,,,,,,
"S.O 1498(E)","2016-04-26","Point Wildlife Sanctuary",,,,,,,,,,,,,,,,
"S.O 1498(E)","2016-04-26","Potanma Wildlife Sanctuary",,,,,,,,,,,,,,,,
"S.O 1498(E)","2016-04-26","Ranger Wildlife Sanctuary",,,,,,,,,,,,,,,,
"S.O 1498(E)","2016-04-26","Reef Wildlife Sanctuary",,,,,,,,,,,,,,,,
"S.O 1498(E)","2016-04-26","Roper Wildlife Sanctuary",,,,,,,,,,,,,,,,
"S.O 1498(E)","2016-04-26","Ross Wildlife Sanctuary",,,,,,,,,,,,,,,,
"S.O 1498(E)","2016-04-26","Rowe Wildlife Sanctuary",,,,,,,,,,,,,,,,
"S.O 1498(E)","2016-04-26","Sandy Wildlife Sanctuary",,,,,,,,,,,,,,,,
"S.O 1498(E)","2016-04-26","Sea Serpent Wildlife Sanctuary","WIKIPEDIA:andaman-and-nicobar-islands:sea-serpent-island-wildlife-sanctuary",,,,,,,,,,,,,,,
"S.O 1498(E)","2016-04-26","Shark Wildlife Sanctuary",,,,,,,,,,,,,,,,
"S.O 1498(E)","2016-04-26","Shearme Wildlife Sanctuary","WIKIPEDIA:andaman-and-nicobar-islands:shearme-island-wildlife-sanctuary",,,,,,,,,,,,,,,
"S.O 1498(E)","2016-04-26","Sir Hugh Rose Wildlife Sanctuary","WIKIPEDIA:andaman-and-nicobar-islands:sir-hugh-rose-island-wildlife-sanctuary",,,,,,,,,,,,,,,
"S.O 1498(E)","2016-04-26","Sisters Wildlife Sanctuary","WIKIPEDIA:andaman-and-nicobar-islands:sisters-island-wildlife-sanctuary",,,,,,,,,,,,,,,
"S.O 1498(E)","2016-04-26","Snake Island Wildlife Sanctuary","WIKIPEDIA:andaman-and-nicobar-islands:snake-island-i-wildlife-sanctuary",,,,,,,,,,,,,,,
"S.O 1498(E)","2016-04-26","Snake-I Wildlife Sanctuary","WIKIPEDIA:andaman-and-nicobar-islands:snake-island-i-wildlife-sanctuary",,,,,,,,,,,,,,,
"S.O 1498(E)","2016-04-26","South Brother Wildlife Sanctuary",,,,,,,,,,,,,,,,
"S.O 1498(E)","2016-04-26","South Reef Wildlife Sanctuary","WIKIPEDIA:andaman-and-nicobar-islands:south-reef-island-wildlife-sanctuary",,,,,,,,,,,,,,,
"S.O 1498(E)","2016-04-26","South Sentinel Wildlife Sanctuary",,,,,,,,,,,,,,,,
"S.O 1498(E)","2016-04-26","Spike II Wildlife Sanctuary",,,,,,,,,,,,,,,,
"S.O 1498(E)","2016-04-26","Spike-I Wildlife Sanctuary","WIKIPEDIA:andaman-and-nicobar-islands:spike-island-i-wildlife-sanctuary",,,,,,,,,,,,,,,
"S.O 1498(E)","2016-04-26","Stoat Wildlife Sanctuary",,,,,,,,,,,,,,,,
"S.O 1498(E)","2016-04-26","Surat Wildlife Sanctuary",,,,,,,,,,,,,,,,
"S.O 1498(E)","2016-04-26","Swamp Wildlife Sanctuary",,,,,,,,,,,,,,,,
"S.O 1498(E)","2016-04-26","Table Dalgarno Wildlife Sanctuary",,,,,,,,,,,,,,,,
"S.O 1498(E)","2016-04-26","Table(Excelsior) Wildlife Sanctuary","WIKIPEDIA:andaman-and-nicobar-islands:table-excelsior-island-wildlife-sanctuary",,,,,,,,,,,,,,,
"S.O 1498(E)","2016-04-26","Talabaicha Wildlife Sanctuary","WIKIPEDIA:andaman-and-nicobar-islands:talabaicha-island-wildlife-sanctuary",,,,,,,,,,,,,,,
"S.O 1498(E)","2016-04-26","Temple Wildlife Sanctuary",,,,,,,,,,,,,,,,
"S.O 1498(E)","2016-04-26","Tillongchong Wildlife Sanctuary",,,,,,,,,,,,,,,,
"S.O 1498(E)","2016-04-26","Tree Wildlife Sanctuary",,,,,,,,,,,,,,,,
"S.O 1498(E)","2016-04-26","Trilby Wildlife Sanctuary",,,,,,,,,,,,,,,,
"S.O 1498(E)","2016-04-26","Tuft Wildlife Sanctuary",,,,,,,,,,,,,,,,
"S.O 1498(E)","2016-04-26","Turtle Wildlife Sanctuary",,,,,,,,,,,,,,,,
"S.O 1498(E)","2016-04-26","West Wildlife Sanctuary",,,,,,,,,,,,,,,,
"S.O 1498(E)","2016-04-26","Wharf Wildlife Sanctuary",,,,,,,,,,,,,,,,
"S.O 1498(E)","2016-04-26","White Cliff Wildlife Sanctuary","WIKIPEDIA:andaman-and-nicobar-islands:white-cliff-island-wildlife-sanctuary",,,,,,,,,,,,,,,
"S.O 230(E)","2016-01-22","KARNALA Wildlife Sanctuary","Q6372818","https://archive.org/details/in.gazette.central.e.2016-01-22.167705","title","in.gazette.central.e.2016-01-22.167705","gazetteofindia;JaiGyan","Government of India","2016-01-22","Ministry of Environment, Forests and Climate Change",,"WHEREAS, a draft notification, declaring Eco-sensitive Zone around Karnala Wildlife Sanctuary in Maharashtra, was published in the Gazette of India, Extraordinary, vide notification of the Government of India in the Ministry of Environment, Forest and Climate Change number S.O. 1658(E)",,"https://editor.allmaps.org/images?url=https://iiif.archive.org/iiif/in.gazette.central.e.2016-01-22.167705/manifest.json&bg-preset=osm&bg-url=https://indianopenmaps.fly.dev/soi/osm/{z}/{x}/{y}.webp",,,,
"S.O. 06(E)","2019-01-01","Bhakira Wild Life Sanctuary","Q4251269","https://archive.org/details/in.gazette.central.e.2019-01-01.194833","description","in.gazette.central.e.2019-01-01.194833","gazetteofindia;JaiGyan","Government of India","2019-01-01","Ministry of Environment, Forests and Climate Change","Not Applicable","WHEREAS, a draft re notification was published in the Gazette of India, Extraordinary, vide notification of the Government of the India in the Ministry of Environment",,"https://editor.allmaps.org/images?url=https://iiif.archive.org/iiif/in.gazette.central.e.2019-01-01.194833/manifest.json&bg-preset=osm&bg-url=https://indianopenmaps.fly.dev/soi/osm/{z}/{x}/{y}.webp",,,,
"S.O. 08(E)","2020-01-01","Gulf of Mannar National Park","Q5617576","NONE",,,,,,,,,,,,,,
"S.O. 1016(E)","2020-03-06","Manali Bird Sanctuary","Q6746838","NONE",,,,,,,,,,,,,,
"S.O. 1017(E)","2020-03-06","Katepurna Wildlife Santuary","WIKIPEDIA:maharashtra:katepurna-wildlife-sanctuary","NONE",,,,,,,,,,,,,,
"S.O. 1018(E)","2020-03-06","Kugti Wildlife Sanctuary","Q17067959","NONE",,,,,,,,,,,,,,
"S.O. 1019(E)","2020-03-06","Kalatop Khajjar Sanctuary","Q6351618","NONE",,,,,,,,,,,,,,
"S.O. 1036(E)","2020-03-11","Bannerghatta National Park","Q2588520","NONE",,,,,,,,,,,,,,
"S.O. 1042(E)","2019-02-27","Cuthbert Bay Wildlife Sanctuary","Q131632374","https://archive.org/details/in.gazette.central.e.2019-02-27.199009","description","in.gazette.central.e.2019-02-27.199009","gazetteofindia;JaiGyan","Government of India","2019-02-27","Ministry of Environment, Forests and Climate Change","Not Applicable","WHEREAS, a draft notification was published in the Gazette of India,",,"https://editor.allmaps.org/images?url=https://iiif.archive.org/iiif/in.gazette.central.e.2019-02-27.199009/manifest.json&bg-preset=osm&bg-url=https://indianopenmaps.fly.dev/soi/osm/{z}/{x}/{y}.webp",,,,
"S.O. 1042(E)","2019-02-27","Cuthbert Bay Sanctuary","Q131632374",,,,,,,,,,,,,,,
"S.O. 1053(E)","2016-03-11","Pin Valley National Park","Q14229383","https://archive.org/details/in.gazette.central.e.2016-03-11.168606","description","in.gazette.central.e.2016-03-11.168606","gazetteofindia;JaiGyan","Government of India","2016-03-11","Ministry of Environment, Forests and Climate Change",,"The following draft of the notification, which the Central Government proposes to issue in exercise of the powers conferred by sub section",,"https://editor.allmaps.org/images?url=https://iiif.archive.org/iiif/in.gazette.central.e.2016-03-11.168606/manifest.json&bg-preset=osm&bg-url=https://indianopenmaps.fly.dev/soi/osm/{z}/{x}/{y}.webp",,,,
"S.O. 1054(E)","2016-03-11","Bhimbandh Wildlife Sanctuary","Q15198953","https://archive.org/details/in.gazette.central.e.2016-03-11.168585","title","in.gazette.central.e.2016-03-11.168585","gazetteofindia;JaiGyan","Government of India","2016-03-11","Ministry of Environment, Forests and Climate Change",,"The following draft of the notification, which the Central Government proposes to issue in exercise of the powers conferred by sub-section 1, read with clause v and clause xiv of sub-section 2 and sub section",,"https://editor.allmaps.org/images?url=https://iiif.archive.org/iiif/in.gazette.central.e.2016-03-11.168585/manifest.json&bg-preset=osm&bg-url=https://indianopenmaps.fly.dev/soi/osm/{z}/{x}/{y}.webp",,,,
"S.O. 1055(E)","2016-03-11","Bir Moti Bagh Wildlife Sanctuary","WIKIPEDIA:punjab:bir-motibagh-wildlife-sanctuary","https://archive.org/details/in.gazette.central.e.2016-03-11.168588","title","in.gazette.central.e.2016-03-11.168588","gazetteofindia;JaiGyan","Government of India","2016-03-11","Ministry of Environment, Forests and Climate Change",,"Whereas, a draft notification was published in the Gazette of India, Extraordinary, vide notification of the Government of the India in the erstwhile Ministry of Environment, Forest and Climate Change number",,"https://editor.allmaps.org/images?url=https://iiif.archive.org/iiif/in.gazette.central.e.2016-03-11.168588/manifest.json&bg-preset=osm&bg-url=https://indianopenmaps.fly.dev/soi/osm/{z}/{x}/{y}.webp",,,,
"S.O. 1056 (E)","2016-03-11","Jiri - Makru Wildlife Sanctuary","Q137223329","https://archive.org/details/in.gazette.central.e.2016-03-11.168587","title","in.gazette.central.e.2016-03-11.168587","gazetteofindia;JaiGyan","Government of India","2016-03-11","Ministry of Environment, Forests and Climate Change",,"The following draft of the notification, which the Central Government proposes to issue in exercise of the powers conferred by sub-section 1, clause v and clause xiv of sub-section 2 and sub-section 3 of section 3 of the Environment",,"https://editor.allmaps.org/images?url=https://iiif.archive.org/iiif/in.gazette.central.e.2016-03-11.168587/manifest.json&bg-preset=osm&bg-url=https://indianopenmaps.fly.dev/soi/osm/{z}/{x}/{y}.webp",,,,
"S.O. 107(E)","2020-01-07","Sajjangarh Wildlife Santuary","Q65068086","NONE",,,,,,,,,,,,,,
"S.O. 110(E)","2019-01-08","Chandraprbha Wildlife Sanctuary","Q5071304","https://archive.org/details/in.gazette.central.e.2019-01-08.195168","description","in.gazette.central.e.2019-01-08.195168","gazetteofindia;JaiGyan","Government of India","2019-01-08","Ministry of Environment, Forests and Climate Change","Not Applicable","WHEREAS, a draft notification was published in the Gazette of India, Extraordinary, vide notification of the Government of the India in the Ministry of Environment",,"https://editor.allmaps.org/images?url=https://iiif.archive.org/iiif/in.gazette.central.e.2019-01-08.195168/manifest.json&bg-preset=osm&bg-url=https://indianopenmaps.fly.dev/soi/osm/{z}/{x}/{y}.webp",,,,
"S.O. 1122(E)","2018-03-13","Kawal Tiger Reserve","Q6379588","https://archive.org/details/in.gazette.central.e.2018-03-13.183782","description","in.gazette.central.e.2018-03-13.183782","gazetteofindia;JaiGyan","Government of India","2018-03-13","Ministry of Environment, Forests and Climate Change","Not Applicable","The following draft of the notification, which the Central Government proposes to issue in exercise of the powers conferred by sub section",,"https://editor.allmaps.org/images?url=https://iiif.archive.org/iiif/in.gazette.central.e.2018-03-13.183782/manifest.json&bg-preset=osm&bg-url=https://indianopenmaps.fly.dev/soi/osm/{z}/{x}/{y}.webp",,,,
"S.O. 1123(E)","2018-03-13","Amrabad Tiger Reserve","Q127499823","https://archive.org/details/in.gazette.central.e.2018-03-13.183829","description","in.gazette.central.e.2018-03-13.183829","gazetteofindia;JaiGyan","Government of India","2018-03-13","Ministry of Environment, Forests and Climate Change","Not Applicable","The following draft of the notification, which the Central Government proposes to issue in exercise of the powers conferred by",,"https://editor.allmaps.org/images?url=https://iiif.archive.org/iiif/in.gazette.central.e.2018-03-13.183829/manifest.json&bg-preset=osm&bg-url=https://indianopenmaps.fly.dev/soi/osm/{z}/{x}/{y}.webp",,,,
"S.O. 1150(E)","2016-03-17","Pench National Park","WIKIPEDIA:maharashtra:pench-tiger-reserve","https://archive.org/details/in.gazette.central.e.2016-03-17.168657","description","in.gazette.central.e.2016-03-17.168657","gazetteofindia;JaiGyan","Government of India","2016-03-17","Ministry of Environment, Forests and Climate Change","Not Applicable","The following draft of the notification which the Central Government proposes to issue in exercise of the powers conferred by sub section",,"https://editor.allmaps.org/images?url=https://iiif.archive.org/iiif/in.gazette.central.e.2016-03-17.168657/manifest.json&bg-preset=osm&bg-url=https://indianopenmaps.fly.dev/soi/osm/{z}/{x}/{y}.webp",,,,
"S.O. 1150(E)","2016-03-17","Mansinghdeo Wildlife Sanctuary","WIKIPEDIA:maharashtra:mansingdeo-wildlife-sanctuary","https://archive.org/details/in.gazette.central.e.2016-03-17.168657","description","in.gazette.central.e.2016-03-17.168657","gazetteofindia;JaiGyan","Government of India","2016-03-17","Ministry of Environment, Forests and Climate Change","Not Applicable","The following draft of the notification which the Central Government proposes to issue in exercise of the powers conferred by sub section",,"https://editor.allmaps.org/images?url=https://iiif.archive.org/iiif/in.gazette.central.e.2016-03-17.168657/manifest.json&bg-preset=osm&bg-url=https://indianopenmaps.fly.dev/soi/osm/{z}/{x}/{y}.webp",,,,
"S.O. 1150(E)","2016-03-17","Pench National Park and the Mansingdeo",,,,,,,,,,,,,,,,
"S.O. 1161","2015-05-01","Chandaka Dampara Wildlife Sanctuary",,"https://archive.org/details/in.gazette.central.e.2015-05-01.164020","title","in.gazette.central.e.2015-05-01.164020","gazetteofindia;JaiGyan","Government of India","2015-05-01","Ministry of Environment and Forests","Climate Change Division","Draft Notification. Whereas, the Chandaka Dampara Wildlife Sanctuary is located in the Cuttack and Khurda District of Odisha and extends over an area of 194.98 square kilometres.",,"https://editor.allmaps.org/images?url=https://iiif.archive.org/iiif/in.gazette.central.e.2015-05-01.164020/manifest.json&bg-preset=osm&bg-url=https://indianopenmaps.fly.dev/soi/osm/{z}/{x}/{y}.webp",,,,
"S.O. 1165(E)","2016-03-21","Semarsot Wildlife Sanctuary","Q130974396","https://archive.org/details/in.gazette.central.e.2016-03-21.168739","description","in.gazette.central.e.2016-03-21.168739","gazetteofindia;JaiGyan","Government of India","2016-03-21","Ministry of Environment, Forests and Climate Change","Not Applicable","The following draft of the notification which the Central Government proposes to issue in exercise of the powers conferred by subsection",,"https://editor.allmaps.org/images?url=https://iiif.archive.org/iiif/in.gazette.central.e.2016-03-21.168739/manifest.json&bg-preset=osm&bg-url=https://indianopenmaps.fly.dev/soi/osm/{z}/{x}/{y}.webp",,,,
"S.O. 1167(E)","2016-03-21","Ramnagar Wildlife Sanctuary","WIKIPEDIA:jammu-and-kashmir:ramnagar-rakha-wildlife-sanctuary","https://archive.org/details/in.gazette.central.e.2016-03-21.168740","description","in.gazette.central.e.2016-03-21.168740","gazetteofindia;JaiGyan","Government of India","2016-03-21","Ministry of Environment, Forests and Climate Change","Not Applicable","The following draft of the notification which the Central Government proposes to issue in exercise of the powers conferred by sub section",,"https://editor.allmaps.org/images?url=https://iiif.archive.org/iiif/in.gazette.central.e.2016-03-21.168740/manifest.json&bg-preset=osm&bg-url=https://indianopenmaps.fly.dev/soi/osm/{z}/{x}/{y}.webp",,,,
"S.O. 1173(E)","2017-04-13","Todgarh Raoli Wildlife Sanctuary","Q24945625","https://archive.org/details/in.gazette.central.e.2017-04-13.175411","description","in.gazette.central.e.2017-04-13.175411","gazetteofindia;JaiGyan","Government of India","2017-04-13","Ministry of Environment, Forests and Climate Change","Not Applicable","WHEREAS a draft notification was published in the Gazette of India Extraordinary vide notification of the Government of the India in the Ministry of Environment Forest and Climate Change",,"https://editor.allmaps.org/images?url=https://iiif.archive.org/iiif/in.gazette.central.e.2017-04-13.175411/manifest.json&bg-preset=osm&bg-url=https://indianopenmaps.fly.dev/soi/osm/{z}/{x}/{y}.webp",,,,
"S.O. 1174(E)","2017-04-13","Sri Lankamalleswara Wildlife Sanctuary","Q19898458","https://archive.org/details/in.gazette.central.e.2017-04-13.175413","description","in.gazette.central.e.2017-04-13.175413","gazetteofindia;JaiGyan","Government of India","2017-04-13","Ministry of Environment, Forests and Climate Change","Not Applicable","WHEREAS a draft notification was published in the Gazette of India Extraordinary vide notification of the Government of the India in the Ministry of Environment",,"https://editor.allmaps.org/images?url=https://iiif.archive.org/iiif/in.gazette.central.e.2017-04-13.175413/manifest.json&bg-preset=osm&bg-url=https://indianopenmaps.fly.dev/soi/osm/{z}/{x}/{y}.webp",,,,
"S.O. 1175(E)","2017-04-13","Bhamragarh Wildlife Sanctuary","WIKIPEDIA:maharashtra:bhamragarh-wildlife-sanctuary","https://archive.org/details/in.gazette.central.e.2017-04-13.175448","description","in.gazette.central.e.2017-04-13.175448","gazetteofindia;JaiGyan","Government of India","2017-04-13","Ministry of Environment, Forests and Climate Change","Not Applicable","WHEREAS a draft notification was published in the Gazette of India Extraordinary",,"https://editor.allmaps.org/images?url=https://iiif.archive.org/iiif/in.gazette.central.e.2017-04-13.175448/manifest.json&bg-preset=osm&bg-url=https://indianopenmaps.fly.dev/soi/osm/{z}/{x}/{y}.webp",,,,
"S.O. 1176(E)","2017-04-13","Mookambika Wildlife Sanctuary","Q60744029","https://archive.org/details/in.gazette.central.e.2017-04-13.175405","description","in.gazette.central.e.2017-04-13.175405","gazetteofindia;JaiGyan","Government of India","2017-04-13","Ministry of Environment, Forests and Climate Change","Not Applicable","WHEREAS a draft notification was published in the Gazette of India Extraordinary vide notification of the Government of the India in the Ministry of Environment",,"https://editor.allmaps.org/images?url=https://iiif.archive.org/iiif/in.gazette.central.e.2017-04-13.175405/manifest.json&bg-preset=osm&bg-url=https://indianopenmaps.fly.dev/soi/osm/{z}/{x}/{y}.webp",,,,
"S.O. 118(E)","2016-01-06","Silent Valley National Park","Q176792","NONE",,,,,,,,,,,,,,
"S.O. 119(E)","2015-01-06","Jaikawadi Bird Sanctuary","Q23581251","NONE",,,,,,,,,,,,,,
"S.O. 1191(E)","2017-04-17","Sitamata Wildlife Sanctuary","Q7531584","https://archive.org/details/in.gazette.central.e.2017-04-17.175556","title","in.gazette.central.e.2017-04-17.175556","gazetteofindia;JaiGyan","Government of India","2017-04-17","Ministry of Environment, Forests and Climate Change","Not Applicable","WHEREAS, a draft notification, declaring Eco sensitive Zone around Sitamata Wildlife Sanctuary in Rajasthan",,"https://editor.allmaps.org/images?url=https://iiif.archive.org/iiif/in.gazette.central.e.2017-04-17.175556/manifest.json&bg-preset=osm&bg-url=https://indianopenmaps.fly.dev/soi/osm/{z}/{x}/{y}.webp",,,,
"S.O. 1192 (E)","2021-03-12","Satpura Tiger Reserve","Q733659","NONE",,,,,,,,,,,,,,
"S.O. 1193(E)","2020-03-20","Sailana Wildlife Sanctuary","WIKIPEDIA:madhya-pradesh:sailana-wildlife-sanctuary","NONE",,,,,,,,,,,,,,
"S.O. 1193(E)","2020-03-20","Ralamandal Wildlife Sanctuary","Q65041648",,,,,,,,,,,,,,,
"S.O. 1194(E)","2020-03-20","Kibber Wildlife Sanctuary","Q135404156","NONE",,,,,,,,,,,,,,
"S.O. 1197(E)","2021-03-12","Veerangana Durgawati WLS","Q48731965","NONE",,,,,,,,,,,,,,
"S.O. 1197(E)","2023-03-14","Sharavati Valley Lion Tailed Macaque (LTM) Sanctuary",,"NONE",,,,,,,,,,,,,,
"S.O. 1197(E)","2023-03-14","Sharavathi LTM Wildlife Sanctuary","Q85800682",,,,,,,,,,,,,,,
"S.O. 121(E)","2021-01-12","Kishtewar National Park","Q727091","NONE",,,,,,,,,,,,,,
"S.O. 122(E)","2021-01-12","Surinsar Mansar Wildlife",,"NONE",,,,,,,,,,,,,,
"S.O. 1220(E)","2019-03-08","Nahargarh Wildlife Sanctuary","Q134581467","https://archive.org/details/in.gazette.central.e.2019-03-08.199529","description","in.gazette.central.e.2019-03-08.199529","gazetteofindia;JaiGyan","Government of India","2019-03-08","Ministry of Environment, Forests and Climate Change","Not Applicable","WHEREAS a draft notification was re notified and published in the Gazette of India Extraordinary",,"https://editor.allmaps.org/images?url=https://iiif.archive.org/iiif/in.gazette.central.e.2019-03-08.199529/manifest.json&bg-preset=osm&bg-url=https://indianopenmaps.fly.dev/soi/osm/{z}/{x}/{y}.webp",,,,
"S.O. 1221(E)","2019-03-08","Yawal Wildlife Sanctuary","Q8050448","https://archive.org/details/in.gazette.central.e.2019-03-08.200113","description","in.gazette.central.e.2019-03-08.200113","gazetteofindia;JaiGyan","Government of India","2019-03-08","Ministry of Environment, Forests and Climate Change","Not Applicable","WHEREAS, a draft notification was published in the Gazette of India, Extraordinary, vide notification of the Government",,"https://editor.allmaps.org/images?url=https://iiif.archive.org/iiif/in.gazette.central.e.2019-03-08.200113/manifest.json&bg-preset=osm&bg-url=https://indianopenmaps.fly.dev/soi/osm/{z}/{x}/{y}.webp",,,,
"S.O. 1222(E)","2019-03-08","Sunabeda Wildlife Sanctuar",,"https://archive.org/details/in.gazette.central.e.2019-03-08.199902","description","in.gazette.central.e.2019-03-08.199902","gazetteofindia;JaiGyan","Government of India","2019-03-08","Ministry of Environment, Forests and Climate Change","Not Applicable","WHEREAS, a draft notification was re notified and published in the Gazette of India, Extraordinary,",,"https://editor.allmaps.org/images?url=https://iiif.archive.org/iiif/in.gazette.central.e.2019-03-08.199902/manifest.json&bg-preset=osm&bg-url=https://indianopenmaps.fly.dev/soi/osm/{z}/{x}/{y}.webp",,,,
"S.O. 1223(E)","2019-03-08","Oussudu Sanctuary",,"https://archive.org/details/in.gazette.central.e.2019-03-08.200010","description","in.gazette.central.e.2019-03-08.200010","gazetteofindia;JaiGyan","Government of India","2019-03-08","Ministry of Environment, Forests and Climate Change","Not Applicable","The following draft of the notification which the Central Government proposes to issue in exercise of the powers",,"https://editor.allmaps.org/images?url=https://iiif.archive.org/iiif/in.gazette.central.e.2019-03-08.200010/manifest.json&bg-preset=osm&bg-url=https://indianopenmaps.fly.dev/soi/osm/{z}/{x}/{y}.webp",,,,
"S.O. 1224(E)","2019-03-08","Vaduvoor Bird Sanctuary","Q7908370","https://archive.org/details/in.gazette.central.e.2019-03-08.200103","description","in.gazette.central.e.2019-03-08.200103","gazetteofindia;JaiGyan","Government of India","2019-03-08","Ministry of Environment, Forests and Climate Change","Not Applicable","The following draft of the notification, which the Central Government proposes to issue in exercise of the powers",,"https://editor.allmaps.org/images?url=https://iiif.archive.org/iiif/in.gazette.central.e.2019-03-08.200103/manifest.json&bg-preset=osm&bg-url=https://indianopenmaps.fly.dev/soi/osm/{z}/{x}/{y}.webp",,,,
"S.O. 1226(E)","2023-03-14","Gudekote Sloth Bear Sanctuary","Q65091528","https://archive.org/details/in.gazette.central.e.2023-03-14.244413","description","in.gazette.central.e.2023-03-14.244413","gazetteofindia;JaiGyan","Government of India","2023-03-14","Ministry of Environment, Forest and Climate Change","ESZ Division","ECO SENSITIVE ZONE AROUND GUDEKOTE SLOTH BEAR SANCTUARY KARNATAKA","https://egazette.nic.in/WriteReadData/2023/244413.pdf","https://editor.allmaps.org/images?url=https://iiif.archive.org/iiif/in.gazette.central.e.2023-03-14.244413/manifest.json&bg-preset=osm&bg-url=https://indianopenmaps.fly.dev/soi/osm/{z}/{x}/{y}.webp",,,,
"S.O. 123(E)","2021-01-12","Shikari Devi Sanctuary","WIKIPEDIA:himachal-pradesh:shikari-devi-wildlife-sanctuary","NONE",,,,,,,,,,,,,,
"S.O. 124(E)","2021-01-12","Eravikulam National Park","Q1194252","NONE",,,,,,,,,,,,,,
"S.O. 124(E)","2021-01-12","Chinnar Wildlife Sanctuary","Q3522009","NONE",,,,,,,,,,,,,,
"S.O. 124(E)","2021-01-12","Anamudi Shola National Park","Q3333420","NONE",,,,,,,,,,,,,,
"S.O. 124(E)","2021-01-12","Pampadum Shola National Park","Q3330156","NONE",,,,,,,,,,,,,,
"S.O. 124(E)","2021-01-12","Kurinjimala Sanctuary","Q6446058","NONE",,,,,,,,,,,,,,
"S.O. 124(E)","2021-01-12","Eravikulam National Park + 4 PAs","Q1194252",,,,,,,,,,,,,,,
"S.O. 1244(E)","2016-03-29","Bandhavgarh National Park","Q806310","https://archive.org/details/in.gazette.central.e.2016-03-29.168833","description","in.gazette.central.e.2016-03-29.168833","gazetteofindia;JaiGyan","Government of India","2016-03-29","Ministry of Environment, Forests and Climate Change","Not Applicable","The following draft of the notification which the Central Government proposes to issue in exercise of the powers conferred by sub section",,"https://editor.allmaps.org/images?url=https://iiif.archive.org/iiif/in.gazette.central.e.2016-03-29.168833/manifest.json&bg-preset=osm&bg-url=https://indianopenmaps.fly.dev/soi/osm/{z}/{x}/{y}.webp",,,,
"S.O. 1244(E)","2016-03-29","Panpatha Wildlife Sanctuary","Q135483626","https://archive.org/details/in.gazette.central.e.2016-03-29.168833","description","in.gazette.central.e.2016-03-29.168833","gazetteofindia;JaiGyan","Government of India","2016-03-29","Ministry of Environment, Forests and Climate Change","Not Applicable","The following draft of the notification which the Central Government proposes to issue in exercise of the powers conferred by sub section",,"https://editor.allmaps.org/images?url=https://iiif.archive.org/iiif/in.gazette.central.e.2016-03-29.168833/manifest.json&bg-preset=osm&bg-url=https://indianopenmaps.fly.dev/soi/osm/{z}/{x}/{y}.webp",,,,
"S.O. 1244(E)","2016-03-29","Bandhavgarh National Park and Panpatha Wildlife Sanctuary",,,,,,,,,,,,,,,,
"S.O. 1245(E)","2016-03-29","Sailana Wildlife Sanctuary","WIKIPEDIA:madhya-pradesh:sailana-wildlife-sanctuary","https://archive.org/details/in.gazette.central.e.2016-03-29.168853","title","in.gazette.central.e.2016-03-29.168853","gazetteofindia;JaiGyan","Government of India","2016-03-29","Ministry of Environment, Forests and Climate Change","Not Applicable","The following draft of the notification, which the Central Government proposes to issue in exercise of the powers conferred by subsection 1, read with",,"https://editor.allmaps.org/images?url=https://iiif.archive.org/iiif/in.gazette.central.e.2016-03-29.168853/manifest.json&bg-preset=osm&bg-url=https://indianopenmaps.fly.dev/soi/osm/{z}/{x}/{y}.webp",,,,
"S.O. 1246(E)","2016-03-29","Badalkhol Wildlife Sanctuary","Q130974349","https://archive.org/details/in.gazette.central.e.2016-03-29.168869","description","in.gazette.central.e.2016-03-29.168869","gazetteofindia;JaiGyan","Government of India","2016-03-29","Ministry of Environment, Forests and Climate Change","Not Applicable","The following draft of the notification which the Central Government proposes to issue in exercise of the powers conferred by",,"https://editor.allmaps.org/images?url=https://iiif.archive.org/iiif/in.gazette.central.e.2016-03-29.168869/manifest.json&bg-preset=osm&bg-url=https://indianopenmaps.fly.dev/soi/osm/{z}/{x}/{y}.webp",,,,
"S.O. 1248(E)","2016-03-29","Mathikettan Shola National Park","Q3091867","https://archive.org/details/in.gazette.central.e.2016-03-29.168854","title","in.gazette.central.e.2016-03-29.168854","gazetteofindia;JaiGyan","Government of India","2016-03-29","Ministry of Environment, Forests and Climate Change","Not Applicable","The following draft of the notification, which the Central Government proposes to issue in exercise of the powers",,"https://editor.allmaps.org/images?url=https://iiif.archive.org/iiif/in.gazette.central.e.2016-03-29.168854/manifest.json&bg-preset=osm&bg-url=https://indianopenmaps.fly.dev/soi/osm/{z}/{x}/{y}.webp",,,,
"S.O. 1249(E)","2016-03-29","Aralam Wildlife Sanctuary","Q4783879","https://archive.org/details/in.gazette.central.e.2016-03-29.168861","description","in.gazette.central.e.2016-03-29.168861","gazetteofindia;JaiGyan","Government of India","2016-03-29","Ministry of Environment, Forests and Climate Change","Not Applicable","The following draft of the notification which the Central Government proposes to issue in exercise of the powers conferred by",,"https://editor.allmaps.org/images?url=https://iiif.archive.org/iiif/in.gazette.central.e.2016-03-29.168861/manifest.json&bg-preset=osm&bg-url=https://indianopenmaps.fly.dev/soi/osm/{z}/{x}/{y}.webp",,,,
"S.O. 1257","2012-05-31","Narayan Sarovar Wildlife Sanctuary","Q6965495","NONE",,,,,,,,,,,,,,
"S.O. 1259","2012-05-31","Purna Wildlife Sanctuary","Q19895529","NONE",,,,,,,,,,,,,,
"S.O. 1260","2012-05-31","Girnar Reserve Forest","Q131939336","NONE",,,,,,,,,,,,,,
"S.O. 1261","2015-05-12","Bir Dosanjh Wildlife Sanctuary","WIKIPEDIA:punjab:bir-dosanjh-wildlife-sanctuary","https://archive.org/details/in.gazette.central.e.2015-05-12.164252","title","in.gazette.central.e.2015-05-12.164252","gazetteofindia;JaiGyan","Government of India","2015-05-12","Ministry of Environment and Forests","Climate Change Division","The Central Govt. is hereby given that the said draft notification shall be taken into consideration on or after the expiry of a period of sixty days from the date on which copies of the Gazette containing this notification are made available to the Public.",,"https://editor.allmaps.org/images?url=https://iiif.archive.org/iiif/in.gazette.central.e.2015-05-12.164252/manifest.json&bg-preset=osm&bg-url=https://indianopenmaps.fly.dev/soi/osm/{z}/{x}/{y}.webp",,,,
"S.O. 1264","2011-06-01","Girnar WL Sanctuary","Q131939336","https://archive.org/details/in.gazette.central.e.2011-06-01.009","title","in.gazette.central.e.2011-06-01.009","gazetteofindia;JaiGyan","Government of India","2011-06-01","Ministry of Environment and Forests",,"The Central Govt. hereby given that the said draft notification shall be taken into consideration on or after the expiry of a period of sixty days from the date on which copies of the Gazette of India containing this notification are made available to the Public.",,"https://editor.allmaps.org/images?url=https://iiif.archive.org/iiif/in.gazette.central.e.2011-06-01.009/manifest.json&bg-preset=osm&bg-url=https://indianopenmaps.fly.dev/soi/osm/{z}/{x}/{y}.webp",,,,
"S.O. 1265","2011-06-01","Narayan Sarovar Wildlife Sanctuary","Q6965495","NONE",,,,,,,,,,,,,,
"S.O. 1266","2011-06-01","Purna WL Sanctuary","Q19895529","NONE",,,,,,,,,,,,,,
"S.O. 1267","2011-06-01","Vansda WLS","Q2669063","https://archive.org/details/in.gazette.central.e.2011-06-01.009","title","in.gazette.central.e.2011-06-01.009","gazetteofindia;JaiGyan","Government of India","2011-06-01","Ministry of Environment and Forests",,"The Central Govt. hereby given that the said draft notification shall be taken into consideration on or after the expiry of a period of sixty days from the date on which copies of the Gazette of India containing this notification are made available to the Public.",,"https://editor.allmaps.org/images?url=https://iiif.archive.org/iiif/in.gazette.central.e.2011-06-01.009/manifest.json&bg-preset=osm&bg-url=https://indianopenmaps.fly.dev/soi/osm/{z}/{x}/{y}.webp",,,,
"S.O. 1270(E)","2016-03-31","Madhav National Park","Q2604975","https://archive.org/details/in.gazette.central.e.2016-03-31.168939","title","in.gazette.central.e.2016-03-31.168939","gazetteofindia;JaiGyan","Government of India","2016-03-31","Ministry of Environment, Forests and Climate Change","Not Applicable","The following draft of the notification, which the Central Government proposes to issue in exercise of the powers conferred by subsection 1, read with clause v and clause xiv of subsection 2, of section 3 of the Environment",,"https://editor.allmaps.org/images?url=https://iiif.archive.org/iiif/in.gazette.central.e.2016-03-31.168939/manifest.json&bg-preset=osm&bg-url=https://indianopenmaps.fly.dev/soi/osm/{z}/{x}/{y}.webp",,,,
"S.O. 1275(E)","2016-03-31","Melukote Wildlife Sanctuary","Q137699195","https://archive.org/details/in.gazette.central.e.2016-03-31.168936","title","in.gazette.central.e.2016-03-31.168936","gazetteofindia;JaiGyan","Government of India","2016-03-31","Ministry of Environment, Forests and Climate Change","Not Applicable","The following draft of the notification, which the Central Government proposes to issue in exercise of the powers conferred by subsection 1, read with clause v and clause xiv of subsection 2 and subsection",,"https://editor.allmaps.org/images?url=https://iiif.archive.org/iiif/in.gazette.central.e.2016-03-31.168936/manifest.json&bg-preset=osm&bg-url=https://indianopenmaps.fly.dev/soi/osm/{z}/{x}/{y}.webp",,,,
"S.O. 1276(E)","2016-03-31","Periyar Tiger Reserve","Q548153","https://archive.org/details/in.gazette.central.e.2016-03-31.168946","title","in.gazette.central.e.2016-03-31.168946","gazetteofindia;JaiGyan","Government of India","2016-03-31","Ministry of Environment, Forests and Climate Change","Not Applicable","The following draft of the notification, which the Central Government proposes to issue in exercise of the powers conferred by sub section 1, read with clause v and clause xiv of sub section 2 and sub section",,"https://editor.allmaps.org/images?url=https://iiif.archive.org/iiif/in.gazette.central.e.2016-03-31.168946/manifest.json&bg-preset=osm&bg-url=https://indianopenmaps.fly.dev/soi/osm/{z}/{x}/{y}.webp",,,,
"S.O. 1277(E)","2016-03-31","Sanjay National Park","Q3092341","https://archive.org/details/in.gazette.central.e.2016-03-31.168951","description","in.gazette.central.e.2016-03-31.168951","gazetteofindia;JaiGyan","Government of India","2016-03-31","Ministry of Environment, Forests and Climate Change","Not Applicable","The following draft of the notification which the Central Government proposes to issue in exercise of the powers conferred by sub section",,"https://editor.allmaps.org/images?url=https://iiif.archive.org/iiif/in.gazette.central.e.2016-03-31.168951/manifest.json&bg-preset=osm&bg-url=https://indianopenmaps.fly.dev/soi/osm/{z}/{x}/{y}.webp",,,,
"S.O. 1277(E)","2016-03-31","Sanjay Dubari Wildlife Sanctuary",,"https://archive.org/details/in.gazette.central.e.2016-03-31.168951","description","in.gazette.central.e.2016-03-31.168951","gazetteofindia;JaiGyan","Government of India","2016-03-31","Ministry of Environment, Forests and Climate Change","Not Applicable","The following draft of the notification which the Central Government proposes to issue in exercise of the powers conferred by sub section",,"https://editor.allmaps.org/images?url=https://iiif.archive.org/iiif/in.gazette.central.e.2016-03-31.168951/manifest.json&bg-preset=osm&bg-url=https://indianopenmaps.fly.dev/soi/osm/{z}/{x}/{y}.webp",,,,
"S.O. 1277(E)","2016-03-31","Sanjay National Park and Sanjay Dubari Wildlife Sanctuary",,,,,,,,,,,,,,,,
"S.O. 1308 (E)","2017-04-26","Narsinghgarh Wildlife Sanctuary","Q135404149","https://archive.org/details/in.gazette.central.e.2017-04-26.175749","description","in.gazette.central.e.2017-04-26.175749","gazetteofindia;JaiGyan","Government of India","2017-04-26","Ministry of Environment, Forests and Climate Change","Not Applicable","The following draft of the notification which the Central Government proposes to issue in exercise of the powers conferred",,"https://editor.allmaps.org/images?url=https://iiif.archive.org/iiif/in.gazette.central.e.2017-04-26.175749/manifest.json&bg-preset=osm&bg-url=https://indianopenmaps.fly.dev/soi/osm/{z}/{x}/{y}.webp",,,,
"S.O. 1311 (E)","2017-04-26","Keibul Lamjao National Par","Q1737898","https://archive.org/details/in.gazette.central.e.2017-04-26.175650","description","in.gazette.central.e.2017-04-26.175650","gazetteofindia;JaiGyan","Government of India","2017-04-26","Ministry of Environment, Forests and Climate Change","Not Applicable","WHEREAS a draft notification was published in the Gazette of India Extraordinary vide",,"https://editor.allmaps.org/images?url=https://iiif.archive.org/iiif/in.gazette.central.e.2017-04-26.175650/manifest.json&bg-preset=osm&bg-url=https://indianopenmaps.fly.dev/soi/osm/{z}/{x}/{y}.webp",,,,
"S.O. 1315(E)","2019-03-11","Jai Prakash Narayan (Surahatal) Bird Sanctuary",,"https://archive.org/details/in.gazette.central.e.2019-03-11.200110","description","in.gazette.central.e.2019-03-11.200110","gazetteofindia;JaiGyan","Government of India","2019-03-11","Ministry of Environment, Forests and Climate Change","Not Applicable","WHEREAS, a draft notification was published in the Gazette of India,Extraordinary vide notification",,"https://editor.allmaps.org/images?url=https://iiif.archive.org/iiif/in.gazette.central.e.2019-03-11.200110/manifest.json&bg-preset=osm&bg-url=https://indianopenmaps.fly.dev/soi/osm/{z}/{x}/{y}.webp",,,,
"S.O. 1315(E)","2019-03-11","Surha Tal Bird Sanctuary","Q137699192",,,,,,,,,,,,,,,
"S.O. 1316(E)","2019-03-11","around Jambugodha Wildlife Sanctuary",,"https://archive.org/details/in.gazette.central.e.2019-03-11.200267","description","in.gazette.central.e.2019-03-11.200267","gazetteofindia;JaiGyan","Government of India","2019-03-11","Ministry of Environment, Forests and Climate Change","Not Applicable","WHEREAS a draft notification was published in the Gazette of India Extraordinary vide notification of the Government of India in the Ministry of Environment",,"https://editor.allmaps.org/images?url=https://iiif.archive.org/iiif/in.gazette.central.e.2019-03-11.200267/manifest.json&bg-preset=osm&bg-url=https://indianopenmaps.fly.dev/soi/osm/{z}/{x}/{y}.webp",,,,
"S.O. 1316(E)","2019-03-11","Jambugodha Wildlife Sanctuary","Q2757724",,,,,,,,,,,,,,,
"S.O. 1322(E)","2020-04-23","Thimlapura Wildlife Santuary","Q111913930","NONE",,,,,,,,,,,,,,
"S.O. 1330(E)","2022-03-25","Kazinag National Park","Q111181101","NONE",,,,,,,,,,,,,,
"S.O. 1330(E)","2022-03-25","Kazinag National Park,","Q111181101",,,,,,,,,,,,,,,
"S.O. 1331(E)","2022-03-25","Nargu Wildlife Sanctuary","Q6965894","NONE",,,,,,,,,,,,,,
"S.O. 1331(E)","2022-03-25","Nargu Wildlife Sanctuary, Himachal Pradesh","Q6965894",,,,,,,,,,,,,,,
"S.O. 1361(E)","2016-04-08","Gautam Buddha Wildlife Sanctuary","Q18343586","https://archive.org/details/in.gazette.central.e.2016-04-08.169081","description","in.gazette.central.e.2016-04-08.169081","gazetteofindia;JaiGyan","Government of India","2016-04-08","Ministry of Environment, Forests and Climate Change","Not Applicable","The following draft of the notification which the Central Government proposes to issue in exercise of the powers conferred by sub section",,"https://editor.allmaps.org/images?url=https://iiif.archive.org/iiif/in.gazette.central.e.2016-04-08.169081/manifest.json&bg-preset=osm&bg-url=https://indianopenmaps.fly.dev/soi/osm/{z}/{x}/{y}.webp",,,,
"S.O. 1361(E)","2022-03-25","Neyyar Wildlife Sanctuary","Q6807544","NONE",,,,,,,,,,,,,,
"S.O. 1361(E)","2022-03-25","Peppara Wildlife Sanctuary","Q6809163","NONE",,,,,,,,,,,,,,
"S.O. 1361(E)","2022-03-25","Neyyar and Peppara Wildlife Sanctuary",,,,,,,,,,,,,,,,
"S.O. 1363(E)","2016-04-08","Dibru-Saikhowa National Park","Q1209353","https://archive.org/details/in.gazette.central.e.2016-04-08.169083","description","in.gazette.central.e.2016-04-08.169083","gazetteofindia;JaiGyan","Government of India","2016-04-08","Ministry of Environment, Forests and Climate Change","Not Applicable","The following draft of the notification which the Central Government proposes to issue in exercise of the powers conferred by sub section",,"https://editor.allmaps.org/images?url=https://iiif.archive.org/iiif/in.gazette.central.e.2016-04-08.169083/manifest.json&bg-preset=osm&bg-url=https://indianopenmaps.fly.dev/soi/osm/{z}/{x}/{y}.webp",,,,
"S.O. 1364(E)","2016-04-08","Barail Wildlife Sanctuary","Q19326278","https://archive.org/details/in.gazette.central.e.2016-04-08.169080","description","in.gazette.central.e.2016-04-08.169080","gazetteofindia;JaiGyan","Government of India","2016-04-08","Ministry of Environment, Forests and Climate Change","Not Applicable","The following draft of the notification which the Central Government proposes to issue in exercise of the powers conferred by sub section",,"https://editor.allmaps.org/images?url=https://iiif.archive.org/iiif/in.gazette.central.e.2016-04-08.169080/manifest.json&bg-preset=osm&bg-url=https://indianopenmaps.fly.dev/soi/osm/{z}/{x}/{y}.webp",,,,
"S.O. 1365(E)","2017-04-28","Barda Wildlife Sanctuary","Q4860066","https://archive.org/details/in.gazette.central.e.2017-04-28.175827","description","in.gazette.central.e.2017-04-28.175827","gazetteofindia;JaiGyan","Government of India","2017-04-28","Ministry of Environment, Forests and Climate Change","Not Applicable","WHEREAS a draft notification was published in the Gazette of India Extraordinary vide notification of the Government of the India in the Ministry of Environment",,"https://editor.allmaps.org/images?url=https://iiif.archive.org/iiif/in.gazette.central.e.2017-04-28.175827/manifest.json&bg-preset=osm&bg-url=https://indianopenmaps.fly.dev/soi/osm/{z}/{x}/{y}.webp",,,,
"S.O. 1366 (E)","2017-04-28","Kambalakonda Wildlife Sanctuary","Q12060948","https://archive.org/details/in.gazette.central.e.2017-04-28.175715","description","in.gazette.central.e.2017-04-28.175715","gazetteofindia;JaiGyan","Government of India","2017-04-28","Ministry of Environment, Forests and Climate Change","Not Applicable","WHEREAS, a draft notification was published in the Gazette of India, Extraordinary, vide notification of the Government",,"https://editor.allmaps.org/images?url=https://iiif.archive.org/iiif/in.gazette.central.e.2017-04-28.175715/manifest.json&bg-preset=osm&bg-url=https://indianopenmaps.fly.dev/soi/osm/{z}/{x}/{y}.webp",,,,
"S.O. 1367 (E)","2017-04-28","Kalsubai Harishchandragad Wildlife Sanctuary","Q137008662","https://archive.org/details/in.gazette.central.e.2017-04-28.175710","title","in.gazette.central.e.2017-04-28.175710","gazetteofindia;JaiGyan","Government of India","2017-04-28","Ministry of Environment, Forests and Climate Change","Not Applicable","WHEREAS, a draft notification was published in the Gazette of India, Extraordinary",,"https://editor.allmaps.org/images?url=https://iiif.archive.org/iiif/in.gazette.central.e.2017-04-28.175710/manifest.json&bg-preset=osm&bg-url=https://indianopenmaps.fly.dev/soi/osm/{z}/{x}/{y}.webp",,,,
"S.O. 1382","2015-05-22","Abohar Wildlife Sanctuary","Q110078182","https://archive.org/details/in.gazette.central.e.2015-05-22.164353","title","in.gazette.central.e.2015-05-22.164353","gazetteofindia;JaiGyan","Government of India","2015-05-22","Ministry of Environment and Forests","Climate Change Division","The Central Govt. hereby notifies an area to an extent upto 100 metres all around the boundary of the Abohar Wildlife Sanctuary in the State of Punjab as the Abohar Wildlife Sanctuary Eco-sensitive Zone.",,"https://editor.allmaps.org/images?url=https://iiif.archive.org/iiif/in.gazette.central.e.2015-05-22.164353/manifest.json&bg-preset=osm&bg-url=https://indianopenmaps.fly.dev/soi/osm/{z}/{x}/{y}.webp",,,,
"S.O. 139(E)","2016-01-13","Pushpagiri Wildlife Sanctuary","Q7261843","NONE",,,,,,,,,,,,,,
"S.O. 1395","2015-05-25","Khol Hi Raitan Wildlife Sanctuary","Q17002860","https://archive.org/details/in.gazette.central.e.2015-05-25.164676","title","in.gazette.central.e.2015-05-25.164676","gazetteofindia;JaiGyan","Government of India","2015-05-25","Ministry of Environment and Forests","Climate Change Division","The Central Govt., proposes to issue in exercise of the powers conferred by sub section (1), read with clause (v) and clause (xiv) of sub-section (2) and sub section (3) of section 3 of the Environment (Protection) Act, 1986 (29 of 1986) is hereby published, as required under sub rule (3) of rule 5 of the Environment (Protection) Rules, 1986.",,"https://editor.allmaps.org/images?url=https://iiif.archive.org/iiif/in.gazette.central.e.2015-05-25.164676/manifest.json&bg-preset=osm&bg-url=https://indianopenmaps.fly.dev/soi/osm/{z}/{x}/{y}.webp",,,,
"S.O. 140(E)","2016-01-13","Someshwara Wildlife Sanctuary","Q7559997","NONE",,,,,,,,,,,,,,
"S.O. 1432 (E)","2017-05-05","Manjeera Wildlife Sanctuary","WIKIPEDIA:telangana:manjira-wildlife-sanctuary","https://archive.org/details/in.gazette.central.e.2017-05-05.175846","description","in.gazette.central.e.2017-05-05.175846","gazetteofindia;JaiGyan","Government of India","2017-05-05","Ministry of Environment, Forests and Climate Change","Not Applicable","WHEREAS a draft notification was published in the Gazette of India Extraordinary vide notification of the Government of the India in the Ministry of Environment Forest and Climate Change",,"https://editor.allmaps.org/images?url=https://iiif.archive.org/iiif/in.gazette.central.e.2017-05-05.175846/manifest.json&bg-preset=osm&bg-url=https://indianopenmaps.fly.dev/soi/osm/{z}/{x}/{y}.webp",,,,
"S.O. 1439 (E)","2016-04-19","Panidehing Bird Sanctuary","Q14623377","https://archive.org/details/in.gazette.central.e.2016-04-19.169239","description","in.gazette.central.e.2016-04-19.169239","gazetteofindia;JaiGyan","Government of India","2016-04-19","Ministry of Environment, Forests and Climate Change","Not Applicable","The following draft of the notification which the Central Government proposes to issue in exercise of the powers conferred by sub section",,"https://editor.allmaps.org/images?url=https://iiif.archive.org/iiif/in.gazette.central.e.2016-04-19.169239/manifest.json&bg-preset=osm&bg-url=https://indianopenmaps.fly.dev/soi/osm/{z}/{x}/{y}.webp",,,,
"S.O. 1447","2015-05-26","Bir Shikargarh Wildlife Sanctuar","Q17002798","NONE",,,,,,,,,,,,,,
"S.O. 1448","2015-06-01","Map",,"https://archive.org/details/in.gazette.central.e.2015-06-01.165187","title","in.gazette.central.e.2015-06-01.165187","gazetteofindia;JaiGyan","Government of India","2015-06-01","Ministry of Environment, Forests and Climate Change",,"The Central Govt., proposes to issue in exercise of the powers conferred by sub-section (1), read with clause (v) and clause (xiv) of sub-section (2) and sub-section (3) of section 3 of the Environment (Protection) Act, 1986 (29 of 1986) is hereby published, as required under sub-rule (3) of rule 5 of the Environment (Protection) Rules, 1986.",,"https://editor.allmaps.org/images?url=https://iiif.archive.org/iiif/in.gazette.central.e.2015-06-01.165187/manifest.json&bg-preset=osm&bg-url=https://indianopenmaps.fly.dev/soi/osm/{z}/{x}/{y}.webp",,,,
"S.O. 1448","2015-06-01","Painganga Wildlife Sanctuary","Q113396038",,,,,,,,,,,,,,,
"S.O. 1450","2015-06-01","Pakhal Wildlife Sanctuary","Q120756030","https://archive.org/details/in.gazette.central.e.2015-06-01.164862","description","in.gazette.central.e.2015-06-01.164862","gazetteofindia;JaiGyan","Government of India","2015-06-01","Ministry of Environment and Forests",,"is hereby published, as required under sub-rule (3) of rule 5 of the Environment (Protection) Rules, 1986, for the information of the public likely to be affected thereby and notice is hereby given that the said draft notification shall be taken into consideration on or after the expiry of a period of sixty days from the date on which copies of the Gazette containing this notification are made available to the public",,"https://editor.allmaps.org/images?url=https://iiif.archive.org/iiif/in.gazette.central.e.2015-06-01.164862/manifest.json&bg-preset=osm&bg-url=https://indianopenmaps.fly.dev/soi/osm/{z}/{x}/{y}.webp",,,,
"S.O. 1454 (E)","2015-06-02","Bir Moti Bagh Wildlife Sanctuary","WIKIPEDIA:punjab:bir-motibagh-wildlife-sanctuary","https://archive.org/details/in.gazette.central.e.2015-06-02.164458","title","in.gazette.central.e.2015-06-02.164458","gazetteofindia;JaiGyan","Government of India","2015-06-02","Ministry of Environment and Forests","Climate Change Division","The Central Govt. hereby notifies an area to an extent up to100 metres all aroundthe boundary of the Bir Moti Bagh Wildlife Sanctuary in the State of Punjab as the Eco-sensitive Zone (hereinafter referred to asthe Eco-sensitive Zone), details of which are as under.",,"https://editor.allmaps.org/images?url=https://iiif.archive.org/iiif/in.gazette.central.e.2015-06-02.164458/manifest.json&bg-preset=osm&bg-url=https://indianopenmaps.fly.dev/soi/osm/{z}/{x}/{y}.webp",,,,
"S.O. 1499","2015-06-01","Nahar Wildlife Sanctuary","Q17002923","NONE",,,,,,,,,,,,,,
"S.O. 1558","2015-06-12","Gautala Wildlife Sanctuary","WIKIPEDIA:maharashtra:gautala-wildlife-sanctuary","https://archive.org/details/in.gazette.central.e.2015-06-12.164726","description","in.gazette.central.e.2015-06-12.164726","gazetteofindia;JaiGyan","Government of India","2015-06-12","Ministry of Environment and Forests",,"Environment (Protection) Act, 1986 (29 of 1986) is hereby published, as required under sub-rule (3) of rule 5 of the Environment (Protection) Rules, 1986, for the information of the public likely to be affected thereby and notice is hereby given that the said draft notification shall be taken into consideration on or after the expiry of a period of sixty days from the date on which copies of the Gazette containing this notification are made available to the Public",,"https://editor.allmaps.org/images?url=https://iiif.archive.org/iiif/in.gazette.central.e.2015-06-12.164726/manifest.json&bg-preset=osm&bg-url=https://indianopenmaps.fly.dev/soi/osm/{z}/{x}/{y}.webp",,,,
"S.O. 1563 (E)","2017-05-15","Rajiv Gandhi National Park","Q96401141","https://archive.org/details/in.gazette.central.e.2017-05-15.176108","description","in.gazette.central.e.2017-05-15.176108","gazetteofindia;JaiGyan","Government of India","2017-05-15","Ministry of Environment, Forests and Climate Change","Not Applicable","WHEREAS a draft notification was published in the Gazette of India Extraordinary",,"https://editor.allmaps.org/images?url=https://iiif.archive.org/iiif/in.gazette.central.e.2017-05-15.176108/manifest.json&bg-preset=osm&bg-url=https://indianopenmaps.fly.dev/soi/osm/{z}/{x}/{y}.webp",,,,
"S.O. 1564 (E)","2017-05-15","Talacauvery Wildlife Sanctuary","Q7678819","https://archive.org/details/in.gazette.central.e.2017-05-15.176128","description","in.gazette.central.e.2017-05-15.176128","gazetteofindia;JaiGyan","Government of India","2017-05-15","Ministry of Environment, Forests and Climate Change","Not Applicable","Whereas a draft notification was published in the Gazette of India Extraordinary vide notification of the Government",,"https://editor.allmaps.org/images?url=https://iiif.archive.org/iiif/in.gazette.central.e.2017-05-15.176128/manifest.json&bg-preset=osm&bg-url=https://indianopenmaps.fly.dev/soi/osm/{z}/{x}/{y}.webp",,,,
"S.O. 1565 (E)","2017-05-15","Sagareshwar WLS","Q7399055","https://archive.org/details/in.gazette.central.e.2017-05-15.176138","description","in.gazette.central.e.2017-05-15.176138","gazetteofindia;JaiGyan","Government of India","2017-05-15","Ministry of Environment, Forests and Climate Change","Not Applicable","WHEREAS, a draft notification was published in the Gazette of India, Extraordinary, vide notification of the Government",,"https://editor.allmaps.org/images?url=https://iiif.archive.org/iiif/in.gazette.central.e.2017-05-15.176138/manifest.json&bg-preset=osm&bg-url=https://indianopenmaps.fly.dev/soi/osm/{z}/{x}/{y}.webp",,,,
"S.O. 1566 (E)","2017-05-15","Rowa Wildlife Sanctuary","Q7371766","https://archive.org/details/in.gazette.central.e.2017-05-15.176106","description","in.gazette.central.e.2017-05-15.176106","gazetteofindia;JaiGyan","Government of India","2017-05-15","Ministry of Environment, Forests and Climate Change","Not Applicable","WHEREAS a draft notification was published in the Gazette of India Extraordinary",,"https://editor.allmaps.org/images?url=https://iiif.archive.org/iiif/in.gazette.central.e.2017-05-15.176106/manifest.json&bg-preset=osm&bg-url=https://indianopenmaps.fly.dev/soi/osm/{z}/{x}/{y}.webp",,,,
"S.O. 1566(E)","2016-04-28","Kibber Wild Life Sanctuary","Q135404156","https://archive.org/details/in.gazette.central.e.2016-04-28.169345","description","in.gazette.central.e.2016-04-28.169345","gazetteofindia;JaiGyan","Government of India","2016-04-28","Ministry of Environment, Forests and Climate Change","Not Applicable","The following draft of the notification which the Central Government proposes to issue in exercise of the powers conferred by sub section",,"https://editor.allmaps.org/images?url=https://iiif.archive.org/iiif/in.gazette.central.e.2016-04-28.169345/manifest.json&bg-preset=osm&bg-url=https://indianopenmaps.fly.dev/soi/osm/{z}/{x}/{y}.webp",,,,
"S.O. 1567 (E)","2017-05-15","Great Indian Bustard Rollapadu Wildlife Sanctuary","Q17087471","https://archive.org/details/in.gazette.central.e.2017-05-15.176129","description","in.gazette.central.e.2017-05-15.176129","gazetteofindia;JaiGyan","Government of India","2017-05-15","Ministry of Environment, Forests and Climate Change","Not Applicable","WHEREAS a draft notification was published in the Gazette of India Extraordinary vide notification of the Government",,"https://editor.allmaps.org/images?url=https://iiif.archive.org/iiif/in.gazette.central.e.2017-05-15.176129/manifest.json&bg-preset=osm&bg-url=https://indianopenmaps.fly.dev/soi/osm/{z}/{x}/{y}.webp",,,,
"S.O. 1567(E)","2016-04-28","Nandini Wildlife Sanctuary","WIKIPEDIA:jammu-and-kashmir:nandini-wildlife-sanctuary","https://archive.org/details/in.gazette.central.e.2016-04-28.169349","description","in.gazette.central.e.2016-04-28.169349","gazetteofindia;JaiGyan","Government of India","2016-04-28","Ministry of Environment, Forests and Climate Change","Not Applicable","The following draft of the notification which the Central Government proposes to issue in exercise of the powers conferred by sub section",,"https://editor.allmaps.org/images?url=https://iiif.archive.org/iiif/in.gazette.central.e.2016-04-28.169349/manifest.json&bg-preset=osm&bg-url=https://indianopenmaps.fly.dev/soi/osm/{z}/{x}/{y}.webp",,,,
"S.O. 1568 (E)","2017-05-15","Harika Wildlife Sanctuary",,"https://archive.org/details/in.gazette.central.e.2017-05-15.176114","description","in.gazette.central.e.2017-05-15.176114","gazetteofindia;JaiGyan","Government of India","2017-05-15","Ministry of Environment, Forests and Climate Change","Not Applicable","Whereas, a draft notification was published in the Gazette of India, Extraordinary, vide notification of the Government",,"https://editor.allmaps.org/images?url=https://iiif.archive.org/iiif/in.gazette.central.e.2017-05-15.176114/manifest.json&bg-preset=osm&bg-url=https://indianopenmaps.fly.dev/soi/osm/{z}/{x}/{y}.webp",,,,
"S.O. 1568 (E)","2017-05-15","Harike Wildlife Sanctuary","WIKIPEDIA:punjab:harike-lake-wildlife-sanctuary",,,,,,,,,,,,,,,
"S.O. 1601","2015-06-16","Bhitarkanika Wildlife Sanctuary","Q2580141","https://archive.org/details/in.gazette.central.e.2015-06-16.164622","title","in.gazette.central.e.2015-06-16.164622","gazetteofindia;JaiGyan","Government of India","2015-06-16","Ministry of Environment and Forests","Climate Change Division","The Central Govt. hereby notifies an area upto two kilometres from the boundary of the protected areas of the Bhitarkanika Wildlife Sanctuary, Bhitarkanika National Park and Gahirmatha (Marine) Wildlife Sanctuary in the State of Odisha as the Eco-sensitive Zone, details of which are as under.",,"https://editor.allmaps.org/images?url=https://iiif.archive.org/iiif/in.gazette.central.e.2015-06-16.164622/manifest.json&bg-preset=osm&bg-url=https://indianopenmaps.fly.dev/soi/osm/{z}/{x}/{y}.webp",,,,
"S.O. 1601","2015-06-16","Gahirmatha (Marine) Wildlife Sanctuary","Q22031428","https://archive.org/details/in.gazette.central.e.2015-06-16.164622","title","in.gazette.central.e.2015-06-16.164622","gazetteofindia;JaiGyan","Government of India","2015-06-16","Ministry of Environment and Forests","Climate Change Division","The Central Govt. hereby notifies an area upto two kilometres from the boundary of the protected areas of the Bhitarkanika Wildlife Sanctuary, Bhitarkanika National Park and Gahirmatha (Marine) Wildlife Sanctuary in the State of Odisha as the Eco-sensitive Zone, details of which are as under.",,"https://editor.allmaps.org/images?url=https://iiif.archive.org/iiif/in.gazette.central.e.2015-06-16.164622/manifest.json&bg-preset=osm&bg-url=https://indianopenmaps.fly.dev/soi/osm/{z}/{x}/{y}.webp",,,,
"S.O. 1601","2015-06-16","Bhitarkanika Wildlife Sanctuary and Gahirmatha (Marine) Wildlife Sanctuary","Q22031428",,,,,,,,,,,,,,,
"S.O. 1602",,"Bir Aishwan Wildlife Sanctuary","Q135798492",,,,,,,,,,,,,,,
"S.O. 1602",,"Bir Aishwan Wildlife Sanctuary","Q135798492",,,,,,,,,,,,,,,
"S.O. 1602",,"Bir Aishwan Wildlife Sanctuary","Q135798492",,,,,,,,,,,,,,,
"S.O. 1602",,"Bir Aishwan Wildlife Sanctuary","Q135798492",,,,,,,,,,,,,,,
"S.O. 1602",,"Bir Aishwan Wildlife Sanctuary","Q135798492",,,,,,,,,,,,,,,
"S.O. 1602",,"Bir Aishwan Wildlife Sanctuary","Q135798492",,,,,,,,,,,,,,,
"S.O. 1602",,"Bir Aishwan Wildlife Sanctuary","Q135798492",,,,,,,,,,,,,,,
"S.O. 1602",,"Bir Aishwan Wildlife Sanctuary","Q135798492",,,,,,,,,,,,,,,
"S.O. 1602",,"Bir Aishwan Wildlife Sanctuary","Q135798492",,,,,,,,,,,,,,,
"S.O. 1602",,"Bir Aishwan Wildlife Sanctuary","Q135798492",,,,,,,,,,,,,,,
"S.O. 1602",,"Bir Aishwan Wildlife Sanctuary","Q135798492",,,,,,,,,,,,,,,
"S.O. 1602",,"Bir Aishwan Wildlife Sanctuary","Q135798492",,,,,,,,,,,,,,,
"S.O. 1602",,"Bir Aishwan Wildlife Sanctuary","Q135798492",,,,,,,,,,,,,,,
"S.O. 1602",,"Bir Aishwan Wildlife Sanctuary","Q135798492",,,,,,,,,,,,,,,
"S.O. 1602",,"Bir Aishwan Wildlife Sanctuary","Q135798492",,,,,,,,,,,,,,,
"S.O. 1602",,"Bir Aishwan Wildlife Sanctuary","Q135798492",,,,,,,,,,,,,,,
"S.O. 1602",,"Bir Aishwan Wildlife Sanctuary","Q135798492",,,,,,,,,,,,,,,
"S.O. 1602",,"Bir Aishwan Wildlife Sanctuary","Q135798492",,,,,,,,,,,,,,,
"S.O. 1602",,"Bir Aishwan Wildlife Sanctuary","Q135798492",,,,,,,,,,,,,,,
"S.O. 1602",,"Bir Aishwan Wildlife Sanctuary","Q135798492",,,,,,,,,,,,,,,
"S.O. 1602",,"Bir Aishwan Wildlife Sanctuary","Q135798492",,,,,,,,,,,,,,,
"S.O. 1602",,"Bir Aishwan Wildlife Sanctuary","Q135798492",,,,,,,,,,,,,,,
"S.O. 1602",,"Bir Aishwan Wildlife Sanctuary","Q135798492",,,,,,,,,,,,,,,
"S.O. 1602",,"Bir Aishwan Wildlife Sanctuary","Q135798492",,,,,,,,,,,,,,,
"S.O. 1602",,"Bir Aishwan Wildlife Sanctuary","Q135798492",,,,,,,,,,,,,,,
"S.O. 1602",,"Bir Aishwan Wildlife Sanctuary","Q135798492",,,,,,,,,,,,,,,
"S.O. 1602",,"Bir Aishwan Wildlife Sanctuary","Q135798492",,,,,,,,,,,,,,,
"S.O. 1602",,"Bir Aishwan Wildlife Sanctuary","Q135798492",,,,,,,,,,,,,,,
"S.O. 1602",,"Bir Aishwan Wildlife Sanctuary","Q135798492",,,,,,,,,,,,,,,
"S.O. 1602",,"Bir Aishwan Wildlife Sanctuary","Q135798492",,,,,,,,,,,,,,,
"S.O. 1602",,"Bir Aishwan Wildlife Sanctuary","Q135798492",,,,,,,,,,,,,,,
"S.O. 1602",,"Bir Aishwan Wildlife Sanctuary","Q135798492",,,,,,,,,,,,,,,
"S.O. 1602",,"Bir Aishwan Wildlife Sanctuary","Q135798492",,,,,,,,,,,,,,,
"S.O. 1602",,"Bir Aishwan Wildlife Sanctuary","Q135798492",,,,,,,,,,,,,,,
"S.O. 1602",,"Bir Aishwan Wildlife Sanctuary","Q135798492",,,,,,,,,,,,,,,
"S.O. 1602",,"Bir Aishwan Wildlife Sanctuary","Q135798492",,,,,,,,,,,,,,,
"S.O. 1602",,"Bir Aishwan Wildlife Sanctuary","Q135798492",,,,,,,,,,,,,,,
"S.O. 1602",,"Bir Aishwan Wildlife Sanctuary","Q135798492",,,,,,,,,,,,,,,
"S.O. 1602",,"Bir Aishwan Wildlife Sanctuary","Q135798492",,,,,,,,,,,,,,,
"S.O. 1602",,"Bir Aishwan Wildlife Sanctuary","Q135798492",,,,,,,,,,,,,,,
"S.O. 1602",,"Bir Aishwan Wildlife Sanctuary","Q135798492",,,,,,,,,,,,,,,
"S.O. 1602",,"Bir Aishwan Wildlife Sanctuary","Q135798492",,,,,,,,,,,,,,,
"S.O. 1602",,"Bir Aishwan Wildlife Sanctuary","Q135798492",,,,,,,,,,,,,,,
"S.O. 1602",,"Bir Aishwan Wildlife Sanctuary","Q135798492",,,,,,,,,,,,,,,
"S.O. 1602",,"Bir Aishwan Wildlife Sanctuary","Q135798492",,,,,,,,,,,,,,,
"S.O. 1602",,"Bir Aishwan Wildlife Sanctuary","Q135798492",,,,,,,,,,,,,,,
"S.O. 1602",,"Bir Aishwan Wildlife Sanctuary","Q135798492",,,,,,,,,,,,,,,
"S.O. 1602",,"Bir Aishwan Wildlife Sanctuary","Q135798492",,,,,,,,,,,,,,,
"S.O. 1602",,"Bir Aishwan Wildlife Sanctuary","Q135798492",,,,,,,,,,,,,,,
"S.O. 1602",,"Bir Aishwan Wildlife Sanctuary","Q135798492",,,,,,,,,,,,,,,
"S.O. 1602",,"Bir Aishwan Wildlife Sanctuary","Q135798492",,,,,,,,,,,,,,,
"S.O. 1602",,"Bir Aishwan Wildlife Sanctuary","Q135798492",,,,,,,,,,,,,,,
"S.O. 1602",,"Bir Aishwan Wildlife Sanctuary","Q135798492",,,,,,,,,,,,,,,
"S.O. 1602",,"Bir Aishwan Wildlife Sanctuary","Q135798492",,,,,,,,,,,,,,,
"S.O. 1602",,"Bir Aishwan Wildlife Sanctuary","Q135798492",,,,,,,,,,,,,,,
"S.O. 1602",,"Bir Aishwan Wildlife Sanctuary","Q135798492",,,,,,,,,,,,,,,
"S.O. 1602",,"Bir Aishwan Wildlife Sanctuary","Q135798492",,,,,,,,,,,,,,,
"S.O. 1602",,"Bir Aishwan Wildlife Sanctuary","Q135798492",,,,,,,,,,,,,,,
"S.O. 1603 (E)","2017-05-17","Phansad Wildlife Sanctuary","Q7180496","https://archive.org/details/in.gazette.central.e.2017-05-17.176140","description","in.gazette.central.e.2017-05-17.176140","gazetteofindia;JaiGyan","Government of India","2017-05-17","Ministry of Environment, Forests and Climate Change","Not Applicable","Whereas, a draft notification was published in the Gazette of India, Extraordinary, vide notification of the Government",,"https://editor.allmaps.org/images?url=https://iiif.archive.org/iiif/in.gazette.central.e.2017-05-17.176140/manifest.json&bg-preset=osm&bg-url=https://indianopenmaps.fly.dev/soi/osm/{z}/{x}/{y}.webp",,,,
"S.O. 1604 (E)","2017-05-17","Dyanganga Wildlife Sanctuary","Q137670177","https://archive.org/details/in.gazette.central.e.2017-05-17.176153","description","in.gazette.central.e.2017-05-17.176153","gazetteofindia;JaiGyan","Government of India","2017-05-17","Ministry of Environment, Forests and Climate Change","Not Applicable","WHEREAS a draft notification was published in the Gazette of India Extraordinary vide notification of the Government of India in the Ministry of Environment",,"https://editor.allmaps.org/images?url=https://iiif.archive.org/iiif/in.gazette.central.e.2017-05-17.176153/manifest.json&bg-preset=osm&bg-url=https://indianopenmaps.fly.dev/soi/osm/{z}/{x}/{y}.webp",,,,
"S.O. 1614(E)","2020-05-22","Dibang Wildlife Sanctuary","Q5272213","NONE",,,,,,,,,,,,,,
"S.O. 1615(E)","2020-05-22","Vellode Bird Sanctuary","Q4122004","NONE",,,,,,,,,,,,,,
"S.O. 1616(E)","2020-05-22","Nandhaur Wildlife Sanctuary","Q6963221","NONE",,,,,,,,,,,,,,
"S.O. 1652(E)","2018-04-16","Vijay Sagar Bird Sanctuary","Q7929078","NONE",,,,,,,,,,,,,,
"S.O. 1653(E)","2018-04-16","National Chambal","WIKIPEDIA:uttar-pradesh:national-chambal-wildlife-sanctuary","NONE",,,,,,,,,,,,,,
"S.O. 1654 (E)","2017-05-19","Balukhand-Konark WLS","Q18110145","https://archive.org/details/in.gazette.central.e.2017-05-19.176170","description","in.gazette.central.e.2017-05-19.176170","gazetteofindia;JaiGyan","Government of India","2017-05-19","Ministry of Environment, Forests and Climate Change","Not Applicable","WHEREAS, a draft notification was published in the Gazette of India, Extraordinary, vide notification of the Government",,"https://editor.allmaps.org/images?url=https://iiif.archive.org/iiif/in.gazette.central.e.2017-05-19.176170/manifest.json&bg-preset=osm&bg-url=https://indianopenmaps.fly.dev/soi/osm/{z}/{x}/{y}.webp",,,,
"S.O. 1654(E)","2018-04-16","Achanakmar WLS","Q4673468","NONE",,,,,,,,,,,,,,
"S.O. 1657","2015-06-22","Bir Gurdialpur Wildlife Sanctuary","WIKIPEDIA:punjab:bir-gurdialpura-wildlife-sanctuary","https://archive.org/details/in.gazette.central.e.2015-06-22.165042","title","in.gazette.central.e.2015-06-22.165042","gazetteofindia;JaiGyan","Government of India","2015-06-22","Ministry of Environment, Forests and Climate Change",,"The Central Govt., proposes to issue in exercise of the powers conferred by sub section (1) read with clause (v) and clause (xiv) of sub section (2) and sub section (3) of section 3 of the Environment (Protection) Act, 1986 (29 of 1986) is hereby published.",,"https://editor.allmaps.org/images?url=https://iiif.archive.org/iiif/in.gazette.central.e.2015-06-22.165042/manifest.json&bg-preset=osm&bg-url=https://indianopenmaps.fly.dev/soi/osm/{z}/{x}/{y}.webp",,,,
"S.O. 1658 (E)","2015-06-17","Karnala Bird Sanctuary","Q6372818","NONE",,,,,,,,,,,,,,
"S.O. 1659","2015-06-17","Kapilash Wildlife Sanctuary","Q28174315","NONE",,,,,,,,,,,,,,
"S.O. 1698 (E)","2017-05-26","Mahavir Harina Vanasthali National Park","Q3092314","https://archive.org/details/in.gazette.central.e.2017-05-26.176314","description","in.gazette.central.e.2017-05-26.176314","gazetteofindia;JaiGyan","Government of India","2017-05-26","Ministry of Environment, Forests and Climate Change","Not Applicable","WHEREAS, a draft notification was published in the Gazette of India, Extraordinary, vide notification of the Government",,"https://editor.allmaps.org/images?url=https://iiif.archive.org/iiif/in.gazette.central.e.2017-05-26.176314/manifest.json&bg-preset=osm&bg-url=https://indianopenmaps.fly.dev/soi/osm/{z}/{x}/{y}.webp",,,,
"S.O. 1699 (E)","2017-05-26","Pocharam Wildlife Sanctuary","Q7206319","https://archive.org/details/in.gazette.central.e.2017-05-26.176279","description","in.gazette.central.e.2017-05-26.176279","gazetteofindia;JaiGyan","Government of India","2017-05-26","Ministry of Environment, Forests and Climate Change","Not Applicable","WHEREAS, a draft notification was published in the Gazette of India, Extraordinary, vide notification of the Government of the India",,"https://editor.allmaps.org/images?url=https://iiif.archive.org/iiif/in.gazette.central.e.2017-05-26.176279/manifest.json&bg-preset=osm&bg-url=https://indianopenmaps.fly.dev/soi/osm/{z}/{x}/{y}.webp",,,,
"S.O. 1700 (E)","2017-05-26","Orchha Wildlife Sanctuary","Q132068974","https://archive.org/details/in.gazette.central.e.2017-05-26.176313","description","in.gazette.central.e.2017-05-26.176313","gazetteofindia;JaiGyan","Government of India","2017-05-26","Ministry of Environment, Forests and Climate Change","Not Applicable","The following draft of the notification, which the Central Government proposes to issue in exercise of the powers conferred",,"https://editor.allmaps.org/images?url=https://iiif.archive.org/iiif/in.gazette.central.e.2017-05-26.176313/manifest.json&bg-preset=osm&bg-url=https://indianopenmaps.fly.dev/soi/osm/{z}/{x}/{y}.webp",,,,
"S.O. 1701 (E)","2017-05-26","Brahmagiri Wildlife Sanctuary","Q4955532","https://archive.org/details/in.gazette.central.e.2017-05-26.176317","description","in.gazette.central.e.2017-05-26.176317","gazetteofindia;JaiGyan","Government of India","2017-05-26","Ministry of Environment, Forests and Climate Change","Not Applicable","WHEREAS a draft notification was published in the Gazette of India Extraordinary vide notification of the Government of the India in the Ministry of Environment Forest and Climate Change number",,"https://editor.allmaps.org/images?url=https://iiif.archive.org/iiif/in.gazette.central.e.2017-05-26.176317/manifest.json&bg-preset=osm&bg-url=https://indianopenmaps.fly.dev/soi/osm/{z}/{x}/{y}.webp",,,,
"S.O. 1716(E)",,"Chakrashila Wildlife Sanctuary","Q5068408",,,,,,,,,,,,,,,
"S.O. 1716(E)",,"Chakrashila Wildlife Sanctuary","Q5068408",,,,,,,,,,,,,,,
"S.O. 1716(E)",,"Chakrashila Wildlife Sanctuary","Q5068408",,,,,,,,,,,,,,,
"S.O. 1716(E)",,"Chakrashila Wildlife Sanctuary","Q5068408",,,,,,,,,,,,,,,
"S.O. 1716(E)",,"Chakrashila Wildlife Sanctuary","Q5068408",,,,,,,,,,,,,,,
"S.O. 1716(E)",,"Chakrashila Wildlife Sanctuary","Q5068408",,,,,,,,,,,,,,,
"S.O. 1716(E)",,"Chakrashila Wildlife Sanctuary","Q5068408",,,,,,,,,,,,,,,
"S.O. 1716(E)",,"Chakrashila Wildlife Sanctuary","Q5068408",,,,,,,,,,,,,,,
"S.O. 1716(E)",,"Chakrashila Wildlife Sanctuary","Q5068408",,,,,,,,,,,,,,,
"S.O. 1716(E)",,"Chakrashila Wildlife Sanctuary","Q5068408",,,,,,,,,,,,,,,
"S.O. 1716(E)",,"Chakrashila Wildlife Sanctuary","Q5068408",,,,,,,,,,,,,,,
"S.O. 1716(E)",,"Chakrashila Wildlife Sanctuary","Q5068408",,,,,,,,,,,,,,,
"S.O. 1716(E)",,"Chakrashila Wildlife Sanctuary","Q5068408",,,,,,,,,,,,,,,
"S.O. 1716(E)",,"Chakrashila Wildlife Sanctuary","Q5068408",,,,,,,,,,,,,,,
"S.O. 1716(E)",,"Chakrashila Wildlife Sanctuary","Q5068408",,,,,,,,,,,,,,,
"S.O. 1716(E)",,"Chakrashila Wildlife Sanctuary","Q5068408",,,,,,,,,,,,,,,
"S.O. 1716(E)",,"Chakrashila Wildlife Sanctuary","Q5068408",,,,,,,,,,,,,,,
"S.O. 1716(E)",,"Chakrashila Wildlife Sanctuary","Q5068408",,,,,,,,,,,,,,,
"S.O. 1716(E)",,"Chakrashila Wildlife Sanctuary","Q5068408",,,,,,,,,,,,,,,
"S.O. 1716(E)",,"Chakrashila Wildlife Sanctuary","Q5068408",,,,,,,,,,,,,,,
"S.O. 1716(E)",,"Chakrashila Wildlife Sanctuary","Q5068408",,,,,,,,,,,,,,,
"S.O. 1716(E)",,"Chakrashila Wildlife Sanctuary","Q5068408",,,,,,,,,,,,,,,
"S.O. 1716(E)",,"Chakrashila Wildlife Sanctuary","Q5068408",,,,,,,,,,,,,,,
"S.O. 1716(E)",,"Chakrashila Wildlife Sanctuary","Q5068408",,,,,,,,,,,,,,,
"S.O. 1716(E)",,"Chakrashila Wildlife Sanctuary","Q5068408",,,,,,,,,,,,,,,
"S.O. 1716(E)",,"Chakrashila Wildlife Sanctuary","Q5068408",,,,,,,,,,,,,,,
"S.O. 1716(E)",,"Chakrashila Wildlife Sanctuary","Q5068408",,,,,,,,,,,,,,,
"S.O. 1716(E)",,"Chakrashila Wildlife Sanctuary","Q5068408",,,,,,,,,,,,,,,
"S.O. 1716(E)",,"Chakrashila Wildlife Sanctuary","Q5068408",,,,,,,,,,,,,,,
"S.O. 1716(E)",,"Chakrashila Wildlife Sanctuary","Q5068408",,,,,,,,,,,,,,,
"S.O. 1716(E)",,"Chakrashila Wildlife Sanctuary","Q5068408",,,,,,,,,,,,,,,
"S.O. 1716(E)",,"Chakrashila Wildlife Sanctuary","Q5068408",,,,,,,,,,,,,,,
"S.O. 1716(E)",,"Chakrashila Wildlife Sanctuary","Q5068408",,,,,,,,,,,,,,,
"S.O. 1716(E)",,"Chakrashila Wildlife Sanctuary","Q5068408",,,,,,,,,,,,,,,
"S.O. 1716(E)",,"Chakrashila Wildlife Sanctuary","Q5068408",,,,,,,,,,,,,,,
"S.O. 1716(E)",,"Chakrashila Wildlife Sanctuary","Q5068408",,,,,,,,,,,,,,,
"S.O. 1716(E)",,"Chakrashila Wildlife Sanctuary","Q5068408",,,,,,,,,,,,,,,
"S.O. 1716(E)",,"Chakrashila Wildlife Sanctuary","Q5068408",,,,,,,,,,,,,,,
"S.O. 1716(E)",,"Chakrashila Wildlife Sanctuary","Q5068408",,,,,,,,,,,,,,,
"S.O. 1716(E)",,"Chakrashila Wildlife Sanctuary","Q5068408",,,,,,,,,,,,,,,
"S.O. 1716(E)",,"Chakrashila Wildlife Sanctuary","Q5068408",,,,,,,,,,,,,,,
"S.O. 1716(E)",,"Chakrashila Wildlife Sanctuary","Q5068408",,,,,,,,,,,,,,,
"S.O. 1716(E)",,"Chakrashila Wildlife Sanctuary","Q5068408",,,,,,,,,,,,,,,
"S.O. 1716(E)",,"Chakrashila Wildlife Sanctuary","Q5068408",,,,,,,,,,,,,,,
"S.O. 1716(E)",,"Chakrashila Wildlife Sanctuary","Q5068408",,,,,,,,,,,,,,,
"S.O. 1716(E)",,"Chakrashila Wildlife Sanctuary","Q5068408",,,,,,,,,,,,,,,
"S.O. 1716(E)",,"Chakrashila Wildlife Sanctuary","Q5068408",,,,,,,,,,,,,,,
"S.O. 1716(E)",,"Chakrashila Wildlife Sanctuary","Q5068408",,,,,,,,,,,,,,,
"S.O. 1716(E)",,"Chakrashila Wildlife Sanctuary","Q5068408",,,,,,,,,,,,,,,
"S.O. 1716(E)",,"Chakrashila Wildlife Sanctuary","Q5068408",,,,,,,,,,,,,,,
"S.O. 1716(E)",,"Chakrashila Wildlife Sanctuary","Q5068408",,,,,,,,,,,,,,,
"S.O. 1716(E)",,"Chakrashila Wildlife Sanctuary","Q5068408",,,,,,,,,,,,,,,
"S.O. 1716(E)",,"Chakrashila Wildlife Sanctuary","Q5068408",,,,,,,,,,,,,,,
"S.O. 1716(E)",,"Chakrashila Wildlife Sanctuary","Q5068408",,,,,,,,,,,,,,,
"S.O. 1716(E)",,"Chakrashila Wildlife Sanctuary","Q5068408",,,,,,,,,,,,,,,
"S.O. 1716(E)",,"Chakrashila Wildlife Sanctuary","Q5068408",,,,,,,,,,,,,,,
"S.O. 1716(E)",,"Chakrashila Wildlife Sanctuary","Q5068408",,,,,,,,,,,,,,,
"S.O. 1716(E)",,"Chakrashila Wildlife Sanctuary","Q5068408",,,,,,,,,,,,,,,
"S.O. 1717(E)",,"Bassi Wildlife Sanctuary","Q4868136",,,,,,,,,,,,,,,
"S.O. 1717(E)",,"Bassi Wildlife Sanctuary","Q4868136",,,,,,,,,,,,,,,
"S.O. 1717(E)",,"Bassi Wildlife Sanctuary","Q4868136",,,,,,,,,,,,,,,
"S.O. 1717(E)",,"Bassi Wildlife Sanctuary","Q4868136",,,,,,,,,,,,,,,
"S.O. 1717(E)",,"Bassi Wildlife Sanctuary","Q4868136",,,,,,,,,,,,,,,
"S.O. 1717(E)",,"Bassi Wildlife Sanctuary","Q4868136",,,,,,,,,,,,,,,
"S.O. 1717(E)",,"Bassi Wildlife Sanctuary","Q4868136",,,,,,,,,,,,,,,
"S.O. 1717(E)",,"Bassi Wildlife Sanctuary","Q4868136",,,,,,,,,,,,,,,
"S.O. 1717(E)",,"Bassi Wildlife Sanctuary","Q4868136",,,,,,,,,,,,,,,
"S.O. 1717(E)",,"Bassi Wildlife Sanctuary","Q4868136",,,,,,,,,,,,,,,
"S.O. 1717(E)",,"Bassi Wildlife Sanctuary","Q4868136",,,,,,,,,,,,,,,
"S.O. 1717(E)",,"Bassi Wildlife Sanctuary","Q4868136",,,,,,,,,,,,,,,
"S.O. 1717(E)",,"Bassi Wildlife Sanctuary","Q4868136",,,,,,,,,,,,,,,
"S.O. 1717(E)",,"Bassi Wildlife Sanctuary","Q4868136",,,,,,,,,,,,,,,
"S.O. 1717(E)",,"Bassi Wildlife Sanctuary","Q4868136",,,,,,,,,,,,,,,
"S.O. 1717(E)",,"Bassi Wildlife Sanctuary","Q4868136",,,,,,,,,,,,,,,
"S.O. 1717(E)",,"Bassi Wildlife Sanctuary","Q4868136",,,,,,,,,,,,,,,
"S.O. 1717(E)",,"Bassi Wildlife Sanctuary","Q4868136",,,,,,,,,,,,,,,
"S.O. 1717(E)",,"Bassi Wildlife Sanctuary","Q4868136",,,,,,,,,,,,,,,
"S.O. 1717(E)",,"Bassi Wildlife Sanctuary","Q4868136",,,,,,,,,,,,,,,
"S.O. 1717(E)",,"Bassi Wildlife Sanctuary","Q4868136",,,,,,,,,,,,,,,
"S.O. 1717(E)",,"Bassi Wildlife Sanctuary","Q4868136",,,,,,,,,,,,,,,
"S.O. 1717(E)",,"Bassi Wildlife Sanctuary","Q4868136",,,,,,,,,,,,,,,
"S.O. 1717(E)",,"Bassi Wildlife Sanctuary","Q4868136",,,,,,,,,,,,,,,
"S.O. 1717(E)",,"Bassi Wildlife Sanctuary","Q4868136",,,,,,,,,,,,,,,
"S.O. 1717(E)",,"Bassi Wildlife Sanctuary","Q4868136",,,,,,,,,,,,,,,
"S.O. 1717(E)",,"Bassi Wildlife Sanctuary","Q4868136",,,,,,,,,,,,,,,
"S.O. 1717(E)",,"Bassi Wildlife Sanctuary","Q4868136",,,,,,,,,,,,,,,
"S.O. 1717(E)",,"Bassi Wildlife Sanctuary","Q4868136",,,,,,,,,,,,,,,
"S.O. 1717(E)",,"Bassi Wildlife Sanctuary","Q4868136",,,,,,,,,,,,,,,
"S.O. 1717(E)",,"Bassi Wildlife Sanctuary","Q4868136",,,,,,,,,,,,,,,
"S.O. 1717(E)",,"Bassi Wildlife Sanctuary","Q4868136",,,,,,,,,,,,,,,
"S.O. 1717(E)",,"Bassi Wildlife Sanctuary","Q4868136",,,,,,,,,,,,,,,
"S.O. 1717(E)",,"Bassi Wildlife Sanctuary","Q4868136",,,,,,,,,,,,,,,
"S.O. 1717(E)",,"Bassi Wildlife Sanctuary","Q4868136",,,,,,,,,,,,,,,
"S.O. 1717(E)",,"Bassi Wildlife Sanctuary","Q4868136",,,,,,,,,,,,,,,
"S.O. 1717(E)",,"Bassi Wildlife Sanctuary","Q4868136",,,,,,,,,,,,,,,
"S.O. 1717(E)",,"Bassi Wildlife Sanctuary","Q4868136",,,,,,,,,,,,,,,
"S.O. 1717(E)",,"Bassi Wildlife Sanctuary","Q4868136",,,,,,,,,,,,,,,
"S.O. 1717(E)",,"Bassi Wildlife Sanctuary","Q4868136",,,,,,,,,,,,,,,
"S.O. 1717(E)",,"Bassi Wildlife Sanctuary","Q4868136",,,,,,,,,,,,,,,
"S.O. 1717(E)",,"Bassi Wildlife Sanctuary","Q4868136",,,,,,,,,,,,,,,
"S.O. 1717(E)",,"Bassi Wildlife Sanctuary","Q4868136",,,,,,,,,,,,,,,
"S.O. 1717(E)",,"Bassi Wildlife Sanctuary","Q4868136",,,,,,,,,,,,,,,
"S.O. 1717(E)",,"Bassi Wildlife Sanctuary","Q4868136",,,,,,,,,,,,,,,
"S.O. 1717(E)",,"Bassi Wildlife Sanctuary","Q4868136",,,,,,,,,,,,,,,
"S.O. 1717(E)",,"Bassi Wildlife Sanctuary","Q4868136",,,,,,,,,,,,,,,
"S.O. 1717(E)",,"Bassi Wildlife Sanctuary","Q4868136",,,,,,,,,,,,,,,
"S.O. 1717(E)",,"Bassi Wildlife Sanctuary","Q4868136",,,,,,,,,,,,,,,
"S.O. 1717(E)",,"Bassi Wildlife Sanctuary","Q4868136",,,,,,,,,,,,,,,
"S.O. 1717(E)",,"Bassi Wildlife Sanctuary","Q4868136",,,,,,,,,,,,,,,
"S.O. 1717(E)",,"Bassi Wildlife Sanctuary","Q4868136",,,,,,,,,,,,,,,
"S.O. 1717(E)",,"Bassi Wildlife Sanctuary","Q4868136",,,,,,,,,,,,,,,
"S.O. 1717(E)",,"Bassi Wildlife Sanctuary","Q4868136",,,,,,,,,,,,,,,
"S.O. 1717(E)",,"Bassi Wildlife Sanctuary","Q4868136",,,,,,,,,,,,,,,
"S.O. 1717(E)",,"Bassi Wildlife Sanctuary","Q4868136",,,,,,,,,,,,,,,
"S.O. 1717(E)",,"Bassi Wildlife Sanctuary","Q4868136",,,,,,,,,,,,,,,
"S.O. 1717(E)",,"Bassi Wildlife Sanctuary","Q4868136",,,,,,,,,,,,,,,
"S.O. 1718(E)",,"Kane Wildlife Sanctuary","Q130974168",,,,,,,,,,,,,,,
"S.O. 1718(E)",,"Kane Wildlife Sanctuary","Q130974168",,,,,,,,,,,,,,,
"S.O. 1718(E)",,"Kane Wildlife Sanctuary","Q130974168",,,,,,,,,,,,,,,
"S.O. 1718(E)",,"Kane Wildlife Sanctuary","Q130974168",,,,,,,,,,,,,,,
"S.O. 1718(E)",,"Kane Wildlife Sanctuary","Q130974168",,,,,,,,,,,,,,,
"S.O. 1718(E)",,"Kane Wildlife Sanctuary","Q130974168",,,,,,,,,,,,,,,
"S.O. 1718(E)",,"Kane Wildlife Sanctuary","Q130974168",,,,,,,,,,,,,,,
"S.O. 1718(E)",,"Kane Wildlife Sanctuary","Q130974168",,,,,,,,,,,,,,,
"S.O. 1718(E)",,"Kane Wildlife Sanctuary","Q130974168",,,,,,,,,,,,,,,
"S.O. 1718(E)",,"Kane Wildlife Sanctuary","Q130974168",,,,,,,,,,,,,,,
"S.O. 1718(E)",,"Kane Wildlife Sanctuary","Q130974168",,,,,,,,,,,,,,,
"S.O. 1718(E)",,"Kane Wildlife Sanctuary","Q130974168",,,,,,,,,,,,,,,
"S.O. 1718(E)",,"Kane Wildlife Sanctuary","Q130974168",,,,,,,,,,,,,,,
"S.O. 1718(E)",,"Kane Wildlife Sanctuary","Q130974168",,,,,,,,,,,,,,,
"S.O. 1718(E)",,"Kane Wildlife Sanctuary","Q130974168",,,,,,,,,,,,,,,
"S.O. 1718(E)",,"Kane Wildlife Sanctuary","Q130974168",,,,,,,,,,,,,,,
"S.O. 1718(E)",,"Kane Wildlife Sanctuary","Q130974168",,,,,,,,,,,,,,,
"S.O. 1718(E)",,"Kane Wildlife Sanctuary","Q130974168",,,,,,,,,,,,,,,
"S.O. 1718(E)",,"Kane Wildlife Sanctuary","Q130974168",,,,,,,,,,,,,,,
"S.O. 1718(E)",,"Kane Wildlife Sanctuary","Q130974168",,,,,,,,,,,,,,,
"S.O. 1718(E)",,"Kane Wildlife Sanctuary","Q130974168",,,,,,,,,,,,,,,
"S.O. 1718(E)",,"Kane Wildlife Sanctuary","Q130974168",,,,,,,,,,,,,,,
"S.O. 1718(E)",,"Kane Wildlife Sanctuary","Q130974168",,,,,,,,,,,,,,,
"S.O. 1718(E)",,"Kane Wildlife Sanctuary","Q130974168",,,,,,,,,,,,,,,
"S.O. 1718(E)",,"Kane Wildlife Sanctuary","Q130974168",,,,,,,,,,,,,,,
"S.O. 1718(E)",,"Kane Wildlife Sanctuary","Q130974168",,,,,,,,,,,,,,,
"S.O. 1718(E)",,"Kane Wildlife Sanctuary","Q130974168",,,,,,,,,,,,,,,
"S.O. 1718(E)",,"Kane Wildlife Sanctuary","Q130974168",,,,,,,,,,,,,,,
"S.O. 1718(E)",,"Kane Wildlife Sanctuary","Q130974168",,,,,,,,,,,,,,,
"S.O. 1718(E)",,"Kane Wildlife Sanctuary","Q130974168",,,,,,,,,,,,,,,
"S.O. 1718(E)",,"Kane Wildlife Sanctuary","Q130974168",,,,,,,,,,,,,,,
"S.O. 1718(E)",,"Kane Wildlife Sanctuary","Q130974168",,,,,,,,,,,,,,,
"S.O. 1718(E)",,"Kane Wildlife Sanctuary","Q130974168",,,,,,,,,,,,,,,
"S.O. 1718(E)",,"Kane Wildlife Sanctuary","Q130974168",,,,,,,,,,,,,,,
"S.O. 1718(E)",,"Kane Wildlife Sanctuary","Q130974168",,,,,,,,,,,,,,,
"S.O. 1718(E)",,"Kane Wildlife Sanctuary","Q130974168",,,,,,,,,,,,,,,
"S.O. 1718(E)",,"Kane Wildlife Sanctuary","Q130974168",,,,,,,,,,,,,,,
"S.O. 1718(E)",,"Kane Wildlife Sanctuary","Q130974168",,,,,,,,,,,,,,,
"S.O. 1718(E)",,"Kane Wildlife Sanctuary","Q130974168",,,,,,,,,,,,,,,
"S.O. 1718(E)",,"Kane Wildlife Sanctuary","Q130974168",,,,,,,,,,,,,,,
"S.O. 1718(E)",,"Kane Wildlife Sanctuary","Q130974168",,,,,,,,,,,,,,,
"S.O. 1718(E)",,"Kane Wildlife Sanctuary","Q130974168",,,,,,,,,,,,,,,
"S.O. 1718(E)",,"Kane Wildlife Sanctuary","Q130974168",,,,,,,,,,,,,,,
"S.O. 1718(E)",,"Kane Wildlife Sanctuary","Q130974168",,,,,,,,,,,,,,,
"S.O. 1718(E)",,"Kane Wildlife Sanctuary","Q130974168",,,,,,,,,,,,,,,
"S.O. 1718(E)",,"Kane Wildlife Sanctuary","Q130974168",,,,,,,,,,,,,,,
"S.O. 1718(E)",,"Kane Wildlife Sanctuary","Q130974168",,,,,,,,,,,,,,,
"S.O. 1718(E)",,"Kane Wildlife Sanctuary","Q130974168",,,,,,,,,,,,,,,
"S.O. 1718(E)",,"Kane Wildlife Sanctuary","Q130974168",,,,,,,,,,,,,,,
"S.O. 1718(E)",,"Kane Wildlife Sanctuary","Q130974168",,,,,,,,,,,,,,,
"S.O. 1718(E)",,"Kane Wildlife Sanctuary","Q130974168",,,,,,,,,,,,,,,
"S.O. 1718(E)",,"Kane Wildlife Sanctuary","Q130974168",,,,,,,,,,,,,,,
"S.O. 1718(E)",,"Kane Wildlife Sanctuary","Q130974168",,,,,,,,,,,,,,,
"S.O. 1718(E)",,"Kane Wildlife Sanctuary","Q130974168",,,,,,,,,,,,,,,
"S.O. 1718(E)",,"Kane Wildlife Sanctuary","Q130974168",,,,,,,,,,,,,,,
"S.O. 1718(E)",,"Kane Wildlife Sanctuary","Q130974168",,,,,,,,,,,,,,,
"S.O. 1718(E)",,"Kane Wildlife Sanctuary","Q130974168",,,,,,,,,,,,,,,
"S.O. 1718(E)",,"Kane Wildlife Sanctuary","Q130974168",,,,,,,,,,,,,,,
"S.O. 1719(E)",,"Thane Creek Flamingo Santuary",,,,,,,,,,,,,,,,
"S.O. 1719(E)",,"Thane Creek Flamingo Santuary",,,,,,,,,,,,,,,,
"S.O. 1719(E)",,"Thane Creek Flamingo Santuary",,,,,,,,,,,,,,,,
"S.O. 1719(E)",,"Thane Creek Flamingo Santuary",,,,,,,,,,,,,,,,
"S.O. 1719(E)",,"Thane Creek Flamingo Santuary",,,,,,,,,,,,,,,,
"S.O. 1719(E)",,"Thane Creek Flamingo Santuary",,,,,,,,,,,,,,,,
"S.O. 1719(E)",,"Thane Creek Flamingo Santuary",,,,,,,,,,,,,,,,
"S.O. 1719(E)",,"Thane Creek Flamingo Santuary",,,,,,,,,,,,,,,,
"S.O. 1719(E)",,"Thane Creek Flamingo Santuary",,,,,,,,,,,,,,,,
"S.O. 1719(E)",,"Thane Creek Flamingo Santuary",,,,,,,,,,,,,,,,
"S.O. 1719(E)",,"Thane Creek Flamingo Santuary",,,,,,,,,,,,,,,,
"S.O. 1719(E)",,"Thane Creek Flamingo Santuary",,,,,,,,,,,,,,,,
"S.O. 1719(E)",,"Thane Creek Flamingo Santuary",,,,,,,,,,,,,,,,
"S.O. 1719(E)",,"Thane Creek Flamingo Santuary",,,,,,,,,,,,,,,,
"S.O. 1719(E)",,"Thane Creek Flamingo Santuary",,,,,,,,,,,,,,,,
"S.O. 1719(E)",,"Thane Creek Flamingo Santuary",,,,,,,,,,,,,,,,
"S.O. 1719(E)",,"Thane Creek Flamingo Santuary",,,,,,,,,,,,,,,,
"S.O. 1719(E)",,"Thane Creek Flamingo Santuary",,,,,,,,,,,,,,,,
"S.O. 1719(E)",,"Thane Creek Flamingo Santuary",,,,,,,,,,,,,,,,
"S.O. 1719(E)",,"Thane Creek Flamingo Santuary",,,,,,,,,,,,,,,,
"S.O. 1719(E)",,"Thane Creek Flamingo Santuary",,,,,,,,,,,,,,,,
"S.O. 1719(E)",,"Thane Creek Flamingo Santuary",,,,,,,,,,,,,,,,
"S.O. 1719(E)",,"Thane Creek Flamingo Santuary",,,,,,,,,,,,,,,,
"S.O. 1719(E)",,"Thane Creek Flamingo Santuary",,,,,,,,,,,,,,,,
"S.O. 1719(E)",,"Thane Creek Flamingo Santuary",,,,,,,,,,,,,,,,
"S.O. 1719(E)",,"Thane Creek Flamingo Santuary",,,,,,,,,,,,,,,,
"S.O. 1719(E)",,"Thane Creek Flamingo Santuary",,,,,,,,,,,,,,,,
"S.O. 1719(E)",,"Thane Creek Flamingo Santuary",,,,,,,,,,,,,,,,
"S.O. 1719(E)",,"Thane Creek Flamingo Santuary",,,,,,,,,,,,,,,,
"S.O. 1719(E)",,"Thane Creek Flamingo Santuary",,,,,,,,,,,,,,,,
"S.O. 1719(E)",,"Thane Creek Flamingo Santuary",,,,,,,,,,,,,,,,
"S.O. 1719(E)",,"Thane Creek Flamingo Santuary",,,,,,,,,,,,,,,,
"S.O. 1719(E)",,"Thane Creek Flamingo Santuary",,,,,,,,,,,,,,,,
"S.O. 1719(E)",,"Thane Creek Flamingo Santuary",,,,,,,,,,,,,,,,
"S.O. 1719(E)",,"Thane Creek Flamingo Santuary",,,,,,,,,,,,,,,,
"S.O. 1719(E)",,"Thane Creek Flamingo Santuary",,,,,,,,,,,,,,,,
"S.O. 1719(E)",,"Thane Creek Flamingo Santuary",,,,,,,,,,,,,,,,
"S.O. 1719(E)",,"Thane Creek Flamingo Santuary",,,,,,,,,,,,,,,,
"S.O. 1719(E)",,"Thane Creek Flamingo Santuary",,,,,,,,,,,,,,,,
"S.O. 1719(E)",,"Thane Creek Flamingo Santuary",,,,,,,,,,,,,,,,
"S.O. 1719(E)",,"Thane Creek Flamingo Santuary",,,,,,,,,,,,,,,,
"S.O. 1719(E)",,"Thane Creek Flamingo Santuary",,,,,,,,,,,,,,,,
"S.O. 1719(E)",,"Thane Creek Flamingo Santuary",,,,,,,,,,,,,,,,
"S.O. 1719(E)",,"Thane Creek Flamingo Santuary",,,,,,,,,,,,,,,,
"S.O. 1719(E)",,"Thane Creek Flamingo Santuary",,,,,,,,,,,,,,,,
"S.O. 1719(E)",,"Thane Creek Flamingo Santuary",,,,,,,,,,,,,,,,
"S.O. 1719(E)",,"Thane Creek Flamingo Santuary",,,,,,,,,,,,,,,,
"S.O. 1719(E)",,"Thane Creek Flamingo Santuary","WIKIPEDIA:maharashtra:thane-creek-wildlife-sanctuary",,,,,,,,,,,,,,,
"S.O. 1719(E)",,"Thane Creek Flamingo Santuary","WIKIPEDIA:maharashtra:thane-creek-wildlife-sanctuary",,,,,,,,,,,,,,,
"S.O. 1719(E)",,"Thane Creek Flamingo Santuary","WIKIPEDIA:maharashtra:thane-creek-wildlife-sanctuary",,,,,,,,,,,,,,,
"S.O. 1719(E)",,"Thane Creek Flamingo Santuary","WIKIPEDIA:maharashtra:thane-creek-wildlife-sanctuary",,,,,,,,,,,,,,,
"S.O. 1719(E)",,"Thane Creek Flamingo Santuary","WIKIPEDIA:maharashtra:thane-creek-wildlife-sanctuary",,,,,,,,,,,,,,,
"S.O. 1719(E)",,"Thane Creek Flamingo Santuary","WIKIPEDIA:maharashtra:thane-creek-wildlife-sanctuary",,,,,,,,,,,,,,,
"S.O. 1719(E)",,"Thane Creek Flamingo Santuary","WIKIPEDIA:maharashtra:thane-creek-wildlife-sanctuary",,,,,,,,,,,,,,,
"S.O. 1719(E)",,"Thane Creek Flamingo Santuary","WIKIPEDIA:maharashtra:thane-creek-wildlife-sanctuary",,,,,,,,,,,,,,,
"S.O. 1719(E)",,"Thane Creek Flamingo Santuary","WIKIPEDIA:maharashtra:thane-creek-wildlife-sanctuary",,,,,,,,,,,,,,,
"S.O. 1719(E)",,"Thane Creek Flamingo Santuary","WIKIPEDIA:maharashtra:thane-creek-wildlife-sanctuary",,,,,,,,,,,,,,,
"S.O. 1719(E)",,"Thane Creek Flamingo Santuary","WIKIPEDIA:maharashtra:thane-creek-wildlife-sanctuary",,,,,,,,,,,,,,,
"S.O. 1727(E)","2018-04-16","Gangotri National Park","Q2281202","NONE",,,,,,,,,,,,,,
"S.O. 1728(E)","2018-04-24","Soor Sarovar bird Sanctuary","WIKIPEDIA:uttar-pradesh:sur-sarovar-sanctuary","https://archive.org/details/in.gazette.central.e.2018-04-24.185004","description","in.gazette.central.e.2018-04-24.185004","gazetteofindia;JaiGyan","Government of India","2018-04-24","Ministry of Environment, Forests and Climate Change","Not Applicable","The following draft of the notification which the Central Government proposes to issue in exercise of the powers",,"https://editor.allmaps.org/images?url=https://iiif.archive.org/iiif/in.gazette.central.e.2018-04-24.185004/manifest.json&bg-preset=osm&bg-url=https://indianopenmaps.fly.dev/soi/osm/{z}/{x}/{y}.webp",,,,
"S.O. 173(E)","2020-01-10","Coringa Wildlife Sanctuary","Q5170559","NONE",,,,,,,,,,,,,,
"S.O. 173(E)","2020-01-10","Coringa Wildlife Santuary","Q5170559",,,,,,,,,,,,,,,
"S.O. 1736","2015-06-26","Pulicat Bird Sanctuary","Q3532790","https://archive.org/details/in.gazette.central.e.2015-06-26.164907","title","in.gazette.central.e.2015-06-26.164907","gazetteofindia;JaiGyan","Government of India","2015-06-26","Ministry of Environment and Forests","Climate Change Division","The Gazette of India, Extraordinary, vide notification of the Govt., of India in the erstwhile Ministry of Environment and Forests vide number S.O. 22 (E), dated the 3rd January, 2014, inviting objections and suggestions from all persons likely to be affected thereby within a period of sixty days from the date on which copies of the Gazette containing the said notification were made available to the public.",,"https://editor.allmaps.org/images?url=https://iiif.archive.org/iiif/in.gazette.central.e.2015-06-26.164907/manifest.json&bg-preset=osm&bg-url=https://indianopenmaps.fly.dev/soi/osm/{z}/{x}/{y}.webp",,,,
"S.O. 1736","2015-06-26","Pulicat Wildlife Sanctuary","Q3532790",,,,,,,,,,,,,,,
"S.O. 1737(E)","2020-06-04","Chakrashila Wildlife Sanctuary","Q5068408","NONE",,,,,,,,,,,,,,
"S.O. 1738(E)","2020-06-04","Chincholi Wildlife Santuary","Q109974015","NONE",,,,,,,,,,,,,,
"S.O. 174(E)","2020-01-10","Mukundra Hills Tiger Reserve","WIKIPEDIA:rajasthan:mukundara-hills-national-park","NONE",,,,,,,,,,,,,,
"S.O. 174(E)","2020-01-10","Mukundra hills tiger reserve Sanctuary","WIKIPEDIA:rajasthan:mukundara-hills-national-park",,,,,,,,,,,,,,,
"S.O. 1751 (E)","2017-05-31","Yedshi Ramling Ghat WLS","Q107410544","https://archive.org/details/in.gazette.central.e.2017-05-31.176417","description","in.gazette.central.e.2017-05-31.176417","gazetteofindia;JaiGyan","Government of India","2017-05-31","Ministry of Environment, Forests and Climate Change","Not Applicable","WHEREAS a draft notification was published in the Gazette of India Extraordinary",,"https://editor.allmaps.org/images?url=https://iiif.archive.org/iiif/in.gazette.central.e.2017-05-31.176417/manifest.json&bg-preset=osm&bg-url=https://indianopenmaps.fly.dev/soi/osm/{z}/{x}/{y}.webp",,,,
"S.O. 1752 (E)","2017-05-31","Gangewadi New Great Indian Bustard Sanctuary","Q5599356","https://archive.org/details/in.gazette.central.e.2017-05-31.176421","description","in.gazette.central.e.2017-05-31.176421","gazetteofindia;JaiGyan","Government of India","2017-05-31","Ministry of Environment, Forests and Climate Change","Not Applicable","WHEREAS a draft notification was published in the Gazette of India Extraordinary",,"https://editor.allmaps.org/images?url=https://iiif.archive.org/iiif/in.gazette.central.e.2017-05-31.176421/manifest.json&bg-preset=osm&bg-url=https://indianopenmaps.fly.dev/soi/osm/{z}/{x}/{y}.webp",,,,
"S.O. 1778","2015-06-30","Kathlaur-Kushalia Wildlife Sanctuary","Q136955738","https://archive.org/details/in.gazette.central.e.2015-06-30.165436","description","in.gazette.central.e.2015-06-30.165436","gazetteofindia;JaiGyan","Government of India","2015-06-30","Ministry of Environment, Forests and Climate Change",,"Environment (Protection) Act, 1986 (29 of 1986) is hereby published, as required under sub-rule (3) of rule 5 of the Environment (Protection) Rules, 1986, for the information of the public likely to be affected thereby and notice is hereby given that the said draft notification shall be taken into consideration on or after the expiry of a period of sixty days from the date on which copies of the Gazette containing this notification are made available to the public",,"https://editor.allmaps.org/images?url=https://iiif.archive.org/iiif/in.gazette.central.e.2015-06-30.165436/manifest.json&bg-preset=osm&bg-url=https://indianopenmaps.fly.dev/soi/osm/{z}/{x}/{y}.webp",,,,
"S.O. 1779","2015-06-30","Bir Bhunerheri Wildlife Sanctuary","Q136707825","https://archive.org/details/in.gazette.central.e.2015-06-30.164900","title","in.gazette.central.e.2015-06-30.164900","gazetteofindia;JaiGyan","Government of India","2015-06-30","Ministry of Environment and Forests","Climate Change Division","The Central Govt., proposes to issue in exercise of the powers conferred by sub-section (1), clause (v) and clause (xiv) of sub-section (2) and sub-section (3) of section 3 of the Environment (Protection) Act, 1986 (29 of 1986) is hereby published, as required under sub-rule (3) of rule 5 of the Environment (Protection) Rules, 1986.",,"https://editor.allmaps.org/images?url=https://iiif.archive.org/iiif/in.gazette.central.e.2015-06-30.164900/manifest.json&bg-preset=osm&bg-url=https://indianopenmaps.fly.dev/soi/osm/{z}/{x}/{y}.webp",,,,
"S.O. 1780","2015-06-30","Map",,"https://archive.org/details/in.gazette.central.e.2015-06-30.164931","description","in.gazette.central.e.2015-06-30.164931","gazetteofindia;JaiGyan","Government of India","2015-06-30","Ministry of Environment and Forests",,"The extent of Eco-sensitive Zone is one kilometer from the boundary of the Son Gharial Wildlife Sanctuary.",,"https://editor.allmaps.org/images?url=https://iiif.archive.org/iiif/in.gazette.central.e.2015-06-30.164931/manifest.json&bg-preset=osm&bg-url=https://indianopenmaps.fly.dev/soi/osm/{z}/{x}/{y}.webp",,,,
"S.O. 1780","2015-06-30","Son Ghariyal Wildlife Sanctuary","Q132126728",,,,,,,,,,,,,,,
"S.O. 1811 (E)","2017-06-07","Rangayyanadurga Four Horned Antelope Wildlife Sanctuary","Q112252433","https://archive.org/details/in.gazette.central.e.2017-06-07.176574","description","in.gazette.central.e.2017-06-07.176574","gazetteofindia;JaiGyan","Government of India","2017-06-07","Ministry of Environment, Forests and Climate Change","Not Applicable","Whereas a draft notification was published in the Gazette of India Extraordinary",,"https://editor.allmaps.org/images?url=https://iiif.archive.org/iiif/in.gazette.central.e.2017-06-07.176574/manifest.json&bg-preset=osm&bg-url=https://indianopenmaps.fly.dev/soi/osm/{z}/{x}/{y}.webp",,,,
"S.O. 1812","2017-06-07","Nalsarovar Bird Sanctuary","Q2723560","https://archive.org/details/in.gazette.central.e.2017-06-07.176579","title","in.gazette.central.e.2017-06-07.176579","gazetteofindia;JaiGyan","Government of India","2017-06-07","Ministry of Environment, Forests and Climate Change","Not Applicable","WHEREAS, a draft notification was published in the Gazette of India, Extraordinary, vide notification of the Government of the India in the Ministry of Environment, Forest and Climate Change",,"https://editor.allmaps.org/images?url=https://iiif.archive.org/iiif/in.gazette.central.e.2017-06-07.176579/manifest.json&bg-preset=osm&bg-url=https://indianopenmaps.fly.dev/soi/osm/{z}/{x}/{y}.webp",,,,
"S.O. 1813 (E)","2017-06-07","Majathal Wildlife Sanctuary","Q6738481","https://archive.org/details/in.gazette.central.e.2017-06-07.176561","title","in.gazette.central.e.2017-06-07.176561","gazetteofindia;JaiGyan","Government of India","2017-06-07","Ministry of Environment, Forests and Climate Change","Not Applicable","WHEREAS, a draft notification was published in the Gazette of India, Extraordinary, vide notification of the Government of the India in the Ministry of Environment",,"https://editor.allmaps.org/images?url=https://iiif.archive.org/iiif/in.gazette.central.e.2017-06-07.176561/manifest.json&bg-preset=osm&bg-url=https://indianopenmaps.fly.dev/soi/osm/{z}/{x}/{y}.webp",,,,
"S.O. 1814","2017-06-07","Debrigarh Wildlife Sanctuary","Q18111621","https://archive.org/details/in.gazette.central.e.2017-06-07.176592","description","in.gazette.central.e.2017-06-07.176592","gazetteofindia;JaiGyan","Government of India","2017-06-07","Ministry of Environment, Forests and Climate Change","Not Applicable","WHEREAS a draft notification was published in the Gazette of India Extraordinary",,"https://editor.allmaps.org/images?url=https://iiif.archive.org/iiif/in.gazette.central.e.2017-06-07.176592/manifest.json&bg-preset=osm&bg-url=https://indianopenmaps.fly.dev/soi/osm/{z}/{x}/{y}.webp",,,,
"S.O. 1815 (E)","2017-06-07","Attiveri Bird Sanctuary","Q4818551","https://archive.org/details/in.gazette.central.e.2017-06-07.176557","description","in.gazette.central.e.2017-06-07.176557","gazetteofindia;JaiGyan","Government of India","2017-06-07","Ministry of Environment, Forests and Climate Change","Not Applicable","WHEREAS, a draft notification was published in the Gazette of India, Extraordinary, dated the 10th December, 2015",,"https://editor.allmaps.org/images?url=https://iiif.archive.org/iiif/in.gazette.central.e.2017-06-07.176557/manifest.json&bg-preset=osm&bg-url=https://indianopenmaps.fly.dev/soi/osm/{z}/{x}/{y}.webp",,,,
"S.O. 1816 (E)","2017-06-07","Nongkhyllem Reserved Forest Sanctuary","Q61363881","https://archive.org/details/in.gazette.central.e.2017-06-07.176560","title","in.gazette.central.e.2017-06-07.176560","gazetteofindia;JaiGyan","Government of India","2017-06-07","Ministry of Environment, Forests and Climate Change","Not Applicable","WHEREAS, a draft notification was published in the Gazette of India, Extraordinary, vide notification of the Government of the India in the Ministry of Environment",,"https://editor.allmaps.org/images?url=https://iiif.archive.org/iiif/in.gazette.central.e.2017-06-07.176560/manifest.json&bg-preset=osm&bg-url=https://indianopenmaps.fly.dev/soi/osm/{z}/{x}/{y}.webp",,,,
"S.O. 1817 (E)","2017-06-07","Amchang Wildlife Sanctuary","Q19361617","https://archive.org/details/in.gazette.central.e.2017-06-07.176563","title","in.gazette.central.e.2017-06-07.176563","gazetteofindia;JaiGyan","Government of India","2017-06-07","Ministry of Environment, Forests and Climate Change","Not Applicable","WHEREAS, a draft notification was published in the Gazette of India, Extraordinary, vide notification of the Government of the India",,"https://editor.allmaps.org/images?url=https://iiif.archive.org/iiif/in.gazette.central.e.2017-06-07.176563/manifest.json&bg-preset=osm&bg-url=https://indianopenmaps.fly.dev/soi/osm/{z}/{x}/{y}.webp",,,,
"S.O. 1823(E)","2016-05-19","Kusheshwar Asthan Bird Sanctuary","Q135350403","https://archive.org/details/in.gazette.central.e.2016-05-19.169800","description","in.gazette.central.e.2016-05-19.169800","gazetteofindia;JaiGyan","Government of India","2016-05-19","Ministry of Environment, Forests and Climate Change","Not Applicable","The following draft of the notification which the Central Government proposes to issue in exercise of the powers conferred by sub section",,"https://editor.allmaps.org/images?url=https://iiif.archive.org/iiif/in.gazette.central.e.2016-05-19.169800/manifest.json&bg-preset=osm&bg-url=https://indianopenmaps.fly.dev/soi/osm/{z}/{x}/{y}.webp",,,,
"S.O. 1824(E)","2016-05-19","Valmiki Wildlife Sanctuary","Q2428291","https://archive.org/details/in.gazette.central.e.2016-05-19.169843","description","in.gazette.central.e.2016-05-19.169843","gazetteofindia;JaiGyan","Government of India","2016-05-19","Ministry of Environment, Forests and Climate Change","Not Applicable","The following draft of the notification, which the Central Government proposes to issue in exercise of the powers conferred by sub section 1 read with clause",,"https://editor.allmaps.org/images?url=https://iiif.archive.org/iiif/in.gazette.central.e.2016-05-19.169843/manifest.json&bg-preset=osm&bg-url=https://indianopenmaps.fly.dev/soi/osm/{z}/{x}/{y}.webp",,,,
"S.O. 1825(E)","2016-05-19","Karera Wildlife Sanctuary Madhya Pradesh","Q17064063","https://archive.org/details/in.gazette.central.e.2016-05-19.169814","description","in.gazette.central.e.2016-05-19.169814","gazetteofindia;JaiGyan","Government of India","2016-05-19","Ministry of Environment, Forests and Climate Change","Not Applicable","The following draft of the notification which the Central Government proposes to issue in exercise of the powers conferred by sub section 1 read with clause v",,"https://editor.allmaps.org/images?url=https://iiif.archive.org/iiif/in.gazette.central.e.2016-05-19.169814/manifest.json&bg-preset=osm&bg-url=https://indianopenmaps.fly.dev/soi/osm/{z}/{x}/{y}.webp",,,,
"S.O. 1827(E)","2018-05-07","Nokrek National Park","Q3174875","NONE",,,,,,,,,,,,,,
"S.O. 1828(E)","2018-05-07","Hollongapar Gibbon Sanctuary","Q3471776","NONE",,,,,,,,,,,,,,
"S.O. 1829(E)","2018-05-07","Porbander Wildlife Sanctuary","Q7229958","NONE",,,,,,,,,,,,,,
"S.O. 1829(E)","2018-05-07","Porbandar Wildlife Sanctuary","Q7229958",,,,,,,,,,,,,,,
"S.O. 1829(E)","2018-05-07","Porbandar Wildlife Sanctuary,","Q7229958",,,,,,,,,,,,,,,
"S.O. 184 (E)","2017-01-19","Van Vihar National Park","Q3092357","https://archive.org/details/in.gazette.central.e.2017-01-19.173791","description","in.gazette.central.e.2017-01-19.173791","gazetteofindia;JaiGyan","Government of India","2017-01-19","Ministry of Environment, Forests and Climate Change","Not Applicable","The following draft of the notification which the Central Government proposes to issue in exercise of the powers conferred",,"https://editor.allmaps.org/images?url=https://iiif.archive.org/iiif/in.gazette.central.e.2017-01-19.173791/manifest.json&bg-preset=osm&bg-url=https://indianopenmaps.fly.dev/soi/osm/{z}/{x}/{y}.webp",,,,
"S.O. 185 (E)","2017-01-19","Sukhna Wildlife Sanctuary","Q23995986","https://archive.org/details/in.gazette.central.e.2017-01-19.173792","description","in.gazette.central.e.2017-01-19.173792","gazetteofindia;JaiGyan","Government of India","2017-01-19","Ministry of Environment, Forests and Climate Change","Not Applicable","whereas a draft notification was published in the Gazette of India, Extraordinary vide notification of the Government of the India in the Ministry of Environment",,"https://editor.allmaps.org/images?url=https://iiif.archive.org/iiif/in.gazette.central.e.2017-01-19.173792/manifest.json&bg-preset=osm&bg-url=https://indianopenmaps.fly.dev/soi/osm/{z}/{x}/{y}.webp",,,,
"S.O. 1857 (E)","2017-06-08","Arabithittu Wildlife Sanctuary","Q110078183","https://archive.org/details/in.gazette.central.e.2017-06-08.176618","description","in.gazette.central.e.2017-06-08.176618","gazetteofindia;JaiGyan","Government of India","2017-06-08","Ministry of Environment, Forests and Climate Change","Not Applicable","WHEREAS a draft notification was published in the Gazette of India Extraordinary",,"https://editor.allmaps.org/images?url=https://iiif.archive.org/iiif/in.gazette.central.e.2017-06-08.176618/manifest.json&bg-preset=osm&bg-url=https://indianopenmaps.fly.dev/soi/osm/{z}/{x}/{y}.webp",,,,
"S.O. 1858","2017-06-08","Shimla Water Catchment WLS",,"https://archive.org/details/in.gazette.central.e.2017-06-08.176591","description","in.gazette.central.e.2017-06-08.176591","gazetteofindia;JaiGyan","Government of India","2017-06-08","Ministry of Environment, Forests and Climate Change","Not Applicable","WHEREAS a draft notification was published in the Gazette of India Extraordinary",,"https://editor.allmaps.org/images?url=https://iiif.archive.org/iiif/in.gazette.central.e.2017-06-08.176591/manifest.json&bg-preset=osm&bg-url=https://indianopenmaps.fly.dev/soi/osm/{z}/{x}/{y}.webp",,,,
"S.O. 1865 (E)","2017-06-09","Gaga Sanctuary","Q2731635","https://archive.org/details/in.gazette.central.e.2017-06-09.176611","description","in.gazette.central.e.2017-06-09.176611","gazetteofindia;JaiGyan","Government of India","2017-06-09","Ministry of Environment, Forests and Climate Change","Not Applicable","WHEREAS a draft notification was published in the Gazette of India Extraordinary",,"https://editor.allmaps.org/images?url=https://iiif.archive.org/iiif/in.gazette.central.e.2017-06-09.176611/manifest.json&bg-preset=osm&bg-url=https://indianopenmaps.fly.dev/soi/osm/{z}/{x}/{y}.webp",,,,
"S.O. 1868 (E)","2017-06-09","Nelapattu Bird Sanctuary","Q18128630","https://archive.org/details/in.gazette.central.e.2017-06-09.176812","description","in.gazette.central.e.2017-06-09.176812","gazetteofindia;JaiGyan","Government of India","2017-06-09","Ministry of Environment, Forests and Climate Change","Not Applicable","WHEREAS, a draft notification was published in the Gazette of India, Extraordinary, vide notification of the Government",,"https://editor.allmaps.org/images?url=https://iiif.archive.org/iiif/in.gazette.central.e.2017-06-09.176812/manifest.json&bg-preset=osm&bg-url=https://indianopenmaps.fly.dev/soi/osm/{z}/{x}/{y}.webp",,,,
"S.O. 1874(E)","2018-05-11","Saddle Peak National Park","Q775202","NONE",,,,,,,,,,,,,,
"S.O. 1874(E)","2020-06-09","Hirapora Wildlife Sanctuary","Q17055079","NONE",,,,,,,,,,,,,,
"S.O. 1875(E)","2018-05-11","Badrama Wildlife Sanctuary",,"https://archive.org/details/in.gazette.central.e.2018-05-11.185480","description","in.gazette.central.e.2018-05-11.185480","gazetteofindia;JaiGyan","Government of India","2018-05-11","Ministry of Environment, Forests and Climate Change","Not Applicable","The following draft of the notification, which the Central Government proposes to issue in",,"https://editor.allmaps.org/images?url=https://iiif.archive.org/iiif/in.gazette.central.e.2018-05-11.185480/manifest.json&bg-preset=osm&bg-url=https://indianopenmaps.fly.dev/soi/osm/{z}/{x}/{y}.webp",,,,
"S.O. 1875(E)","2018-05-11","Khalasuni Wildlife Sanctuary","Q129677593","https://archive.org/details/in.gazette.central.e.2018-05-11.185480","description","in.gazette.central.e.2018-05-11.185480","gazetteofindia;JaiGyan","Government of India","2018-05-11","Ministry of Environment, Forests and Climate Change","Not Applicable","The following draft of the notification, which the Central Government proposes to issue in",,"https://editor.allmaps.org/images?url=https://iiif.archive.org/iiif/in.gazette.central.e.2018-05-11.185480/manifest.json&bg-preset=osm&bg-url=https://indianopenmaps.fly.dev/soi/osm/{z}/{x}/{y}.webp",,,,
"S.O. 1875(E)","2018-05-11","Badrama and Khalasuni",,,,,,,,,,,,,,,,
"S.O. 1875(E)","2020-06-09","Karanja Soho","Q85773598","NONE",,,,,,,,,,,,,,
"S.O. 1876(E)","2020-06-10","National Chambal Wildlife Sanctuary","WIKIPEDIA:uttar-pradesh:national-chambal-wildlife-sanctuary","NONE",,,,,,,,,,,,,,
"S.O. 1877(E)","2020-06-09","Kane Wildlife Sanctuary","Q130974168","NONE",,,,,,,,,,,,,,
"S.O. 1902(E)","2018-05-14","Kheoni Wildlife Sanctuary","Q55615923","NONE",,,,,,,,,,,,,,
"S.O. 1909(E)","2019-05-31","Karaiveti Bird Sanctuary","Q13111039","NONE",,,,,,,,,,,,,,
"S.O. 1909(E)","2019-05-31","Karaivetti Bird Sanctuary","Q13111039",,,,,,,,,,,,,,,
"S.O. 1910(E)","2019-05-31","Satyamangalam Tiger Reserve","Q2226064","NONE",,,,,,,,,,,,,,
"S.O. 1911(E)","2019-05-31","Asola Bhatti Wildlife Sanctuary",,"NONE",,,,,,,,,,,,,,
"S.O. 1914(E)","2019-06-03","Jaisamund Wildlife Sanctuary","Q11927133","NONE",,,,,,,,,,,,,,
"S.O. 1914(E)","2019-06-03","Jaismund Wildlife Sanctuary","Q11927133",,,,,,,,,,,,,,,
"S.O. 1915(E)","2019-05-30","Dehing Patkai Sanctuary","Q5252276","NONE",,,,,,,,,,,,,,
"S.O. 1916(E)","2019-06-03","Mahavir Swami Sanctuary","Q6733577","NONE",,,,,,,,,,,,,,
"S.O. 1917(E)","2019-06-03","Mt. Abu Wildlife Sanctuary","Q3326008","NONE",,,,,,,,,,,,,,
"S.O. 1918(E)","2019-06-03","Mouling National Park","Q3143047","NONE",,,,,,,,,,,,,,
"S.O. 1923(E)","2022-04-25","Panidehing Bird Sanctuary","Q14623377","NONE",,,,,,,,,,,,,,
"S.O. 1924(E)","2022-04-25","Barail Wildlife Sanctuary","Q19326278","NONE",,,,,,,,,,,,,,
"S.O. 1927(E)","2019-06-07","Gangotri National Park","Q2281202","https://archive.org/details/in.gazette.central.e.2019-06-07.205357","description","in.gazette.central.e.2019-06-07.205357","gazetteofindia;JaiGyan","Government of India","2019-06-07","Ministry of Environment, Forests and Climate Change","Not Applicable","WHEREAS, a draft notification was published in the Gazette of India, Extraordinary, vide notification of the Government of India in the Ministry of Environment",,"https://editor.allmaps.org/images?url=https://iiif.archive.org/iiif/in.gazette.central.e.2019-06-07.205357/manifest.json&bg-preset=osm&bg-url=https://indianopenmaps.fly.dev/soi/osm/{z}/{x}/{y}.webp",,,,
"S.O. 1928(E)","2019-06-07","Udayamarthandapuram Bird Sanctuary","Q7877004","https://archive.org/details/in.gazette.central.e.2019-06-07.205440","description","in.gazette.central.e.2019-06-07.205440","gazetteofindia;JaiGyan","Government of India","2019-06-07","Ministry of Environment, Forests and Climate Change","Not Applicable","WHEREAS, a draft notification was published in the Gazette of India, Extraordinary, vide notification",,"https://editor.allmaps.org/images?url=https://iiif.archive.org/iiif/in.gazette.central.e.2019-06-07.205440/manifest.json&bg-preset=osm&bg-url=https://indianopenmaps.fly.dev/soi/osm/{z}/{x}/{y}.webp",,,,
"S.O. 1929 (E)","2021-05-18","Bandh Baretha Wildlife Sanctuary","Q123399066","NONE",,,,,,,,,,,,,,
"S.O. 1929(E)","2019-06-07","Chitrangudi Bird Sanctuary","Q5102342","https://archive.org/details/in.gazette.central.e.2019-06-07.205523","description","in.gazette.central.e.2019-06-07.205523","gazetteofindia;JaiGyan","Government of India","2019-06-07","Ministry of Environment, Forests and Climate Change","Not Applicable","WHEREAS a draft notification was published in the Gazette of India Extraordinary vide notification of the Government of India",,"https://editor.allmaps.org/images?url=https://iiif.archive.org/iiif/in.gazette.central.e.2019-06-07.205523/manifest.json&bg-preset=osm&bg-url=https://indianopenmaps.fly.dev/soi/osm/{z}/{x}/{y}.webp",,,,
"S.O. 1930(E)","2019-06-07","Koonthankulam Bird Sanctuary","Q2253195","https://archive.org/details/in.gazette.central.e.2019-06-07.205468","description","in.gazette.central.e.2019-06-07.205468","gazetteofindia;JaiGyan","Government of India","2019-06-07","Ministry of Environment, Forests and Climate Change","Not Applicable","WHEREAS, a draft notification was published in the Gazette of India, Extraordinary, vide notification of the Government",,"https://editor.allmaps.org/images?url=https://iiif.archive.org/iiif/in.gazette.central.e.2019-06-07.205468/manifest.json&bg-preset=osm&bg-url=https://indianopenmaps.fly.dev/soi/osm/{z}/{x}/{y}.webp",,,,
"S.O. 1930(E)","2019-06-07","Koonthankulam Bird Sanctuary,","Q2253195",,,,,,,,,,,,,,,
"S.O. 1931(E)","2019-06-07","Chapramari Wildlife Sanctuary","Q5073423","https://archive.org/details/in.gazette.central.e.2019-06-07.205332","description","in.gazette.central.e.2019-06-07.205332","gazetteofindia;JaiGyan","Government of India","2019-06-07","Ministry of Environment, Forests and Climate Change","Not Applicable","WHEREAS, a draft notification was published in the Gazette of India, Extraordinary, vide notification of the Government of the India in the Ministry of Environment",,"https://editor.allmaps.org/images?url=https://iiif.archive.org/iiif/in.gazette.central.e.2019-06-07.205332/manifest.json&bg-preset=osm&bg-url=https://indianopenmaps.fly.dev/soi/osm/{z}/{x}/{y}.webp",,,,
"S.O. 1942 (E)","2017-06-20","Hingolgadh Wildlife Sanctuary","Q124973261","https://archive.org/details/in.gazette.central.e.2017-06-20.176839","description","in.gazette.central.e.2017-06-20.176839","gazetteofindia;JaiGyan","Government of India","2017-06-20","Ministry of Environment, Forests and Climate Change","Not Applicable","WHEREAS a draft notification was published in the Gazette of India Extraordinary vide notification of the Government of the India in the Ministry of Environment",,"https://editor.allmaps.org/images?url=https://iiif.archive.org/iiif/in.gazette.central.e.2017-06-20.176839/manifest.json&bg-preset=osm&bg-url=https://indianopenmaps.fly.dev/soi/osm/{z}/{x}/{y}.webp",,,,
"S.O. 1942(E)","2019-06-11","Buxa Tiger Reserve","Q2340037","https://archive.org/details/in.gazette.central.e.2019-06-11.205830","description","in.gazette.central.e.2019-06-11.205830","gazetteofindia;JaiGyan","Government of India","2019-06-11","Ministry of Environment, Forests and Climate Change","Not Applicable","The following draft of the notification, which the Central Government proposes to issue in exercise",,"https://editor.allmaps.org/images?url=https://iiif.archive.org/iiif/in.gazette.central.e.2019-06-11.205830/manifest.json&bg-preset=osm&bg-url=https://indianopenmaps.fly.dev/soi/osm/{z}/{x}/{y}.webp",,,,
"S.O. 1943(E)","2019-06-11","Cuvery North Sanctuary","Q48724282","https://archive.org/details/in.gazette.central.e.2019-06-11.205833","description","in.gazette.central.e.2019-06-11.205833","gazetteofindia;JaiGyan","Government of India","2019-06-11","Ministry of Environment, Forests and Climate Change","Not Applicable","The following draft of the notification which the Central Government proposes to issue in exercise of the powers conferred by sub section",,"https://editor.allmaps.org/images?url=https://iiif.archive.org/iiif/in.gazette.central.e.2019-06-11.205833/manifest.json&bg-preset=osm&bg-url=https://indianopenmaps.fly.dev/soi/osm/{z}/{x}/{y}.webp",,,,
"S.O. 1944(E)","2019-06-11","National Chambal Santuary","Q6971439","https://archive.org/details/in.gazette.central.e.2019-06-11.205716","description","in.gazette.central.e.2019-06-11.205716","gazetteofindia;JaiGyan","Government of India","2019-06-11","Ministry of Environment, Forests and Climate Change","Not Applicable","The following draft of the notification, which the Central Government proposes to issue in exercise",,"https://editor.allmaps.org/images?url=https://iiif.archive.org/iiif/in.gazette.central.e.2019-06-11.205716/manifest.json&bg-preset=osm&bg-url=https://indianopenmaps.fly.dev/soi/osm/{z}/{x}/{y}.webp",,,,
"S.O. 1948","2015-06-17","Khaparwas Wildlife Sanctuary","Q17005614","NONE",,,,,,,,,,,,,,
"S.O. 1949","2015-07-17","Bandli Wildlife Sanctuary","Q123292405","https://archive.org/details/in.gazette.central.e.2015-07-17.165158","description","in.gazette.central.e.2015-07-17.165158","gazetteofindia;JaiGyan","Government of India","2015-07-17","Ministry of Environment, Forests and Climate Change",,"Environment (Protection) Rules, 1986, for the information of the public likely to be affected thereby and notice is hereby given that the said draft notification shall be taken into consideration on or after the expiry of a period of sixty days from the date on which copies of the Gazette containing this notification are made available to the public",,"https://editor.allmaps.org/images?url=https://iiif.archive.org/iiif/in.gazette.central.e.2015-07-17.165158/manifest.json&bg-preset=osm&bg-url=https://indianopenmaps.fly.dev/soi/osm/{z}/{x}/{y}.webp",,,,
"S.O. 1958(E)","2020-06-18","Rajparian Wildlife Sanctuary","Q17138383","NONE",,,,,,,,,,,,,,
"S.O. 1959(E)","2020-06-15","Yadagalli Chinkara Wildlife","Q112252408","NONE",,,,,,,,,,,,,,
"S.O. 1960(E)","2020-06-18","Kumbhalgarh Wildlife Sanctuary","Q6443733","NONE",,,,,,,,,,,,,,
"S.O. 1961(E)","2020-06-15","Bhadra Tiger Reserve","Q4900541","https://archive.org/details/in.gazette.central.e.2020-06-15.219956","description","in.gazette.central.e.2020-06-15.219956","gazetteofindia;JaiGyan","Government of India","2020-06-15","Election Commission of India","Not Applicable","In pursuance of subrule 2 of rule 11 of the Conduct of Elections Rules, 1961, the following is published for general information","https://egazette.nic.in/WriteReadData/2020/219956.pdf","https://editor.allmaps.org/images?url=https://iiif.archive.org/iiif/in.gazette.central.e.2020-06-15.219956/manifest.json&bg-preset=osm&bg-url=https://indianopenmaps.fly.dev/soi/osm/{z}/{x}/{y}.webp",,,,
"S.O. 1962(E)","2020-06-18","Ramnabagan Wildlife Santuary","Q7289748","NONE",,,,,,,,,,,,,,
"S.O. 1966(E)","2019-06-12","Pualreng Wildlife Sanctuary","Q135412386","NONE",,,,,,,,,,,,,,
"S.O. 1967(E)","2016-06-03","Kalatop Khajjiar Wildlife Sanctuary","Q6351618","https://archive.org/details/in.gazette.central.e.2016-06-03.170032","title","in.gazette.central.e.2016-06-03.170032","gazetteofindia;JaiGyan","Government of India","2016-06-03","Ministry of Environment, Forests and Climate Change","Not Applicable","The following draft of the notification, which the Central Government proposes to issue in exercise of the powers conferred by subsection",,"https://editor.allmaps.org/images?url=https://iiif.archive.org/iiif/in.gazette.central.e.2016-06-03.170032/manifest.json&bg-preset=osm&bg-url=https://indianopenmaps.fly.dev/soi/osm/{z}/{x}/{y}.webp",,,,
"S.O. 1967(E)","2019-06-12","Tawi Wildlife Sanctuary","Q137049306","NONE",,,,,,,,,,,,,,
"S.O. 1968(E)","2016-06-03","Parwati Arga Wildlife Sanctuary","Q48729855","https://archive.org/details/in.gazette.central.e.2016-06-03.170049","description","in.gazette.central.e.2016-06-03.170049","gazetteofindia;JaiGyan","Government of India","2016-06-03","Ministry of Environment, Forests and Climate Change","Not Applicable","The following draft of the notification which the Central Government proposes to issue in exercise of the powers conferred by sub section",,"https://editor.allmaps.org/images?url=https://iiif.archive.org/iiif/in.gazette.central.e.2016-06-03.170049/manifest.json&bg-preset=osm&bg-url=https://indianopenmaps.fly.dev/soi/osm/{z}/{x}/{y}.webp",,,,
"S.O. 1969(E)","2016-06-03","Talra Wildlife Sanctuary","Q111181960","https://archive.org/details/in.gazette.central.e.2016-06-03.170089","description","in.gazette.central.e.2016-06-03.170089","gazetteofindia;JaiGyan","Government of India","2016-06-03","Ministry of Environment, Forests and Climate Change","Not Applicable","The following draft of the notification which the Central Government proposes to issue in exercise of the powers conferred by sub section",,"https://editor.allmaps.org/images?url=https://iiif.archive.org/iiif/in.gazette.central.e.2016-06-03.170089/manifest.json&bg-preset=osm&bg-url=https://indianopenmaps.fly.dev/soi/osm/{z}/{x}/{y}.webp",,,,
"S.O. 1970(E)","2016-06-03","Sree Ramadevarabetta Vulture Sanctuary","Q112252443","https://archive.org/details/in.gazette.central.e.2016-06-03.170076","description","in.gazette.central.e.2016-06-03.170076","gazetteofindia;JaiGyan","Government of India","2016-06-03","Ministry of Environment, Forests and Climate Change","Not Applicable","The following draft of the notification which the Central Government proposes to issue in exercise of the powers conferred by sub section",,"https://editor.allmaps.org/images?url=https://iiif.archive.org/iiif/in.gazette.central.e.2016-06-03.170076/manifest.json&bg-preset=osm&bg-url=https://indianopenmaps.fly.dev/soi/osm/{z}/{x}/{y}.webp",,,,
"S.O. 1971(E)","2016-06-03","Ranganathittu Bird Sanctuary","Q3846171","https://archive.org/details/in.gazette.central.e.2016-06-03.170050","description","in.gazette.central.e.2016-06-03.170050","gazetteofindia;JaiGyan","Government of India","2016-06-03","Ministry of Environment, Forests and Climate Change","Not Applicable","The following draft of the notification which the Central Government proposes to issue in exercise of the powers conferred by sub section",,"https://editor.allmaps.org/images?url=https://iiif.archive.org/iiif/in.gazette.central.e.2016-06-03.170050/manifest.json&bg-preset=osm&bg-url=https://indianopenmaps.fly.dev/soi/osm/{z}/{x}/{y}.webp",,,,
"S.O. 1972(E)","2016-06-03","Nauradehi Wildlife Sanctuary","Q7050184","https://archive.org/details/in.gazette.central.e.2016-06-03.170039","description","in.gazette.central.e.2016-06-03.170039","gazetteofindia;JaiGyan","Government of India","2016-06-03","Ministry of Environment, Forests and Climate Change","Not Applicable","The following draft of the notification which the Central Government proposes to issue in exercise of the powers conferred by sub section",,"https://editor.allmaps.org/images?url=https://iiif.archive.org/iiif/in.gazette.central.e.2016-06-03.170039/manifest.json&bg-preset=osm&bg-url=https://indianopenmaps.fly.dev/soi/osm/{z}/{x}/{y}.webp",,,,
"S.O. 1974(E)","2016-06-03","Ranipur Wildlife Sanctuary","Q7293072","https://archive.org/details/in.gazette.central.e.2016-06-03.170042","description","in.gazette.central.e.2016-06-03.170042","gazetteofindia;JaiGyan","Government of India","2016-06-03","Ministry of Environment, Forests and Climate Change","Not Applicable","The following draft of the notification which the Central Government proposes to issue in exercise of the powers conferred by sub section",,"https://editor.allmaps.org/images?url=https://iiif.archive.org/iiif/in.gazette.central.e.2016-06-03.170042/manifest.json&bg-preset=osm&bg-url=https://indianopenmaps.fly.dev/soi/osm/{z}/{x}/{y}.webp",,,,
"S.O. 1975(E)","2016-06-03","Churdhar Wildlife Sanctuary","Q5118284","https://archive.org/details/in.gazette.central.e.2016-06-03.170051","description","in.gazette.central.e.2016-06-03.170051","gazetteofindia;JaiGyan","Government of India","2016-06-03","Ministry of Environment, Forests and Climate Change","Not Applicable","The following draft of the notification which the Central Government proposes to issue in exercise of the powers conferred by sub section",,"https://editor.allmaps.org/images?url=https://iiif.archive.org/iiif/in.gazette.central.e.2016-06-03.170051/manifest.json&bg-preset=osm&bg-url=https://indianopenmaps.fly.dev/soi/osm/{z}/{x}/{y}.webp",,,,
"S.O. 1978(E)","2016-06-03","Chandertal Wildlife Sanctuary","Q135838331","https://archive.org/details/in.gazette.central.e.2016-06-03.170053","description","in.gazette.central.e.2016-06-03.170053","gazetteofindia;JaiGyan","Government of India","2016-06-03","Ministry of Environment, Forests and Climate Change","Not Applicable","The following draft of the notification which the Central Government proposes to issue in exercise of the powers conferred by sub section",,"https://editor.allmaps.org/images?url=https://iiif.archive.org/iiif/in.gazette.central.e.2016-06-03.170053/manifest.json&bg-preset=osm&bg-url=https://indianopenmaps.fly.dev/soi/osm/{z}/{x}/{y}.webp",,,,
"S.O. 2020 (E)","2017-06-28","Pushpagiri Wildlife Sanctuary","Q7261843","NONE",,,,,,,,,,,,,,
"S.O. 2020(E)","2022-04-28","Mahatma Gandhi Marine National Park","Q3364527","NONE",,,,,,,,,,,,,,
"S.O. 2021(E)","2022-04-28","Pong Dam Wildlife Sanctuary","Q125881279","NONE",,,,,,,,,,,,,,
"S.O. 2029 (E)","2017-06-28","Ghataprabha Bird Sanctuary","Q137252985","https://archive.org/details/in.gazette.central.e.2017-06-28.177091","description","in.gazette.central.e.2017-06-28.177091","gazetteofindia;JaiGyan","Government of India","2017-06-28","Ministry of Environment, Forests and Climate Change","Not Applicable","WHEREAS a draft notification was published in the Gazette of India Extraordinary",,"https://editor.allmaps.org/images?url=https://iiif.archive.org/iiif/in.gazette.central.e.2017-06-28.177091/manifest.json&bg-preset=osm&bg-url=https://indianopenmaps.fly.dev/soi/osm/{z}/{x}/{y}.webp",,,,
"S.O. 2029(E)","2018-05-22","Dibru-Saikhowa National Park","Q1209353","https://archive.org/details/in.gazette.central.e.2018-05-22.185773","description","in.gazette.central.e.2018-05-22.185773","gazetteofindia;JaiGyan","Government of India","2018-05-22","Ministry of Environment, Forests and Climate Change","Not Applicable","In supersession of Ministrys draft notification SO 1363 E dated 8th April",,"https://editor.allmaps.org/images?url=https://iiif.archive.org/iiif/in.gazette.central.e.2018-05-22.185773/manifest.json&bg-preset=osm&bg-url=https://indianopenmaps.fly.dev/soi/osm/{z}/{x}/{y}.webp",,,,
"S.O. 2030 (E)","2017-06-28","Udaipur Wildlife Sanctuary","Q18355976","https://archive.org/details/in.gazette.central.e.2017-06-28.177015","description","in.gazette.central.e.2017-06-28.177015","gazetteofindia;JaiGyan","Government of India","2017-06-28","Ministry of Environment, Forests and Climate Change","Not Applicable","WHEREAS a draft notification was published in the Gazette of India Extraordinary vide notification of the Government of the India in the Ministry of Environment",,"https://editor.allmaps.org/images?url=https://iiif.archive.org/iiif/in.gazette.central.e.2017-06-28.177015/manifest.json&bg-preset=osm&bg-url=https://indianopenmaps.fly.dev/soi/osm/{z}/{x}/{y}.webp",,,,
"S.O. 2030(E)","2018-05-22","Pench NP Pench Mougali Sanctuary",,"NONE",,,,,,,,,,,,,,
"S.O. 2031(E)","2018-05-22","Rajaji National Park","Q181933","NONE",,,,,,,,,,,,,,
"S.O. 2045","2015-07-27","City Bird Sanctuary","Q21997171","https://archive.org/details/in.gazette.central.e.2015-07-27.165555","title","in.gazette.central.e.2015-07-27.165555","gazetteofindia;JaiGyan","Government of India","2015-07-27","Ministry of Environment, Forests and Climate Change",,"The following draft of the notification, which the Central Govt., proposes to issue in exercise of the powers conferred by sub-section (1), read with clause (v) and clause (xiv) of sub-section (2) and sub-section (3) of Section 3 of the Environment (Protection) Act, 1986.",,"https://editor.allmaps.org/images?url=https://iiif.archive.org/iiif/in.gazette.central.e.2015-07-27.165555/manifest.json&bg-preset=osm&bg-url=https://indianopenmaps.fly.dev/soi/osm/{z}/{x}/{y}.webp",,,,
"S.O. 2046","2015-07-27","Eturnagaram Wildlife Sanctuary","WIKIPEDIA:telangana:eturnagaram-wildlife-sanctuary","https://archive.org/details/in.gazette.central.e.2015-07-27.165451","title","in.gazette.central.e.2015-07-27.165451","gazetteofindia;JaiGyan","Government of India","2015-07-27","Ministry of Environment, Forests and Climate Change",,"The following draft of the notification, which the Central Govt., proposes to issue in exercise of the powers conferred by sub-section (1), read with clause (v) and clause (xiv) of sub-section (2) and sub-section (3) of section 3 of the Environment (Protection) Act.",,"https://editor.allmaps.org/images?url=https://iiif.archive.org/iiif/in.gazette.central.e.2015-07-27.165451/manifest.json&bg-preset=osm&bg-url=https://indianopenmaps.fly.dev/soi/osm/{z}/{x}/{y}.webp",,,,
"S.O. 2050(E)","2018-05-23","Kamlang WLS","Q22231355","NONE",,,,,,,,,,,,,,
"S.O. 2052(E)","2022-05-02","Kamlang Tiger Reserve","Q22231355","https://archive.org/details/in.gazette.central.e.2022-05-02.235523","description","in.gazette.central.e.2022-05-02.235523","gazetteofindia;JaiGyan","Government of India","2022-05-02","Ministry of Environment, Forest and Climate Change","ESZ Division","Draft Notification for declaration of Eco sensitive Zone around Kamlang Tiger Reserve Arunachal Pradesh","https://egazette.nic.in/WriteReadData/2022/235523.pdf","https://editor.allmaps.org/images?url=https://iiif.archive.org/iiif/in.gazette.central.e.2022-05-02.235523/manifest.json&bg-preset=osm&bg-url=https://indianopenmaps.fly.dev/soi/osm/{z}/{x}/{y}.webp",,,,
"S.O. 207(E)","2020-01-15","Chaparala Wildlife Santuary","Q99342657","NONE",,,,,,,,,,,,,,
"S.O. 2077(E)","2022-05-04","Koundinya Wildlife Sanctuary","Q6434637","https://archive.org/details/in.gazette.central.e.2022-05-04.235561","description","in.gazette.central.e.2022-05-04.235561","gazetteofindia;JaiGyan","Government of India","2022-05-04","Ministry of Environment, Forest and Climate Change","ESZ Division","Draft Notification for declaration of Eco sensitive Zone around Koundinya Wildlife Sanctuary Andhra Pradesh","https://egazette.nic.in/WriteReadData/2022/235561.pdf","https://editor.allmaps.org/images?url=https://iiif.archive.org/iiif/in.gazette.central.e.2022-05-04.235561/manifest.json&bg-preset=osm&bg-url=https://indianopenmaps.fly.dev/soi/osm/{z}/{x}/{y}.webp",,,,
"S.O. 2078(E)","2022-05-04","Kuno National Park","Q1143016","https://archive.org/details/in.gazette.central.e.2022-05-04.235554","description","in.gazette.central.e.2022-05-04.235554","gazetteofindia;JaiGyan","Government of India","2022-05-04","Ministry of Environment, Forest and Climate Change","ESZ Division","Draft Notification for declaration of Eco sensitive Zone around Kuno National Park Madhya Pradesh","https://egazette.nic.in/WriteReadData/2022/235554.pdf","https://editor.allmaps.org/images?url=https://iiif.archive.org/iiif/in.gazette.central.e.2022-05-04.235554/manifest.json&bg-preset=osm&bg-url=https://indianopenmaps.fly.dev/soi/osm/{z}/{x}/{y}.webp",,,,
"S.O. 2079","2015-07-30","Shoolpaneshwar Wildlife Sanctuary","Q7500463","https://archive.org/details/in.gazette.central.e.2015-07-30.165222","description","in.gazette.central.e.2015-07-30.165222","gazetteofindia;JaiGyan","Government of India","2015-07-30","Ministry of Environment, Forests and Climate Change",,"Environment (Protection) Act, 1986 (29 of 1986) is hereby published, as required under sub-rule (3) of rule 5 of the Environment (Protection) Rules, 1986, for the information of the public likely to be affected thereby and notice is hereby given that the said draft notification shall be taken into consideration on or after the expiry of a period of sixty days from the date on which copies of the Gazette containing this notification are made available to the public",,"https://editor.allmaps.org/images?url=https://iiif.archive.org/iiif/in.gazette.central.e.2015-07-30.165222/manifest.json&bg-preset=osm&bg-url=https://indianopenmaps.fly.dev/soi/osm/{z}/{x}/{y}.webp",,,,
"S.O. 2080 (E)","2015-07-30","Takhni-Rahmapur Wildlife Sanctuary","WIKIPEDIA:punjab:takhni-rehampur-wildlife-sanctuary","https://archive.org/details/in.gazette.central.e.2015-07-30.165471","description","in.gazette.central.e.2015-07-30.165471","gazetteofindia;JaiGyan","Government of India","2015-07-30","Ministry of Environment, Forests and Climate Change",,"Takhni-Rehmapur Wildlife Sanctuary located near Mehngrowal village in the district Hoshiarpur, Punjab is fifteen kilometres from Hoshiarpur on Hoshiarpur-Mehngrowal Road and it encompasses an area of 382 hectares and the sanctuary represents the Shiwalik biodiversity and has great ecological and biological significance",,"https://editor.allmaps.org/images?url=https://iiif.archive.org/iiif/in.gazette.central.e.2015-07-30.165471/manifest.json&bg-preset=osm&bg-url=https://indianopenmaps.fly.dev/soi/osm/{z}/{x}/{y}.webp",,,,
"S.O. 2114(E)","2016-06-15","Asola Bhatti Wildlife Sanctuary","Q4807575","https://archive.org/details/in.gazette.central.e.2016-06-15.170259","title","in.gazette.central.e.2016-06-15.170259","gazetteofindia;JaiGyan","Government of India","2016-06-15","Ministry of Environment, Forests and Climate Change","Not Applicable","The following draft of the notification, which the Central Government proposes to issue in exercise of the powers conferred by subsection",,"https://editor.allmaps.org/images?url=https://iiif.archive.org/iiif/in.gazette.central.e.2016-06-15.170259/manifest.json&bg-preset=osm&bg-url=https://indianopenmaps.fly.dev/soi/osm/{z}/{x}/{y}.webp",,,,
"S.O. 2114(E)","2018-05-25","Mouling National Park","Q3143047","https://archive.org/details/in.gazette.central.e.2018-05-25.185947","description","in.gazette.central.e.2018-05-25.185947","gazetteofindia;JaiGyan","Government of India","2018-05-25","Ministry of Environment, Forests and Climate Change","Not Applicable","In supersession of Ministry s draft notification S O 572 E, dated 24th February, 2016, the",,"https://editor.allmaps.org/images?url=https://iiif.archive.org/iiif/in.gazette.central.e.2018-05-25.185947/manifest.json&bg-preset=osm&bg-url=https://indianopenmaps.fly.dev/soi/osm/{z}/{x}/{y}.webp",,,,
"S.O. 2115(E)","2016-06-15","Sohagi Barwa Wildlife Sanctuary","Q7554593","https://archive.org/details/in.gazette.central.e.2016-06-15.170254","description","in.gazette.central.e.2016-06-15.170254","gazetteofindia;JaiGyan","Government of India","2016-06-15","Ministry of Environment, Forests and Climate Change","Not Applicable","The following draft of the notification which the Central Government proposes to issue in exercise of the powers conferred by sub section",,"https://editor.allmaps.org/images?url=https://iiif.archive.org/iiif/in.gazette.central.e.2016-06-15.170254/manifest.json&bg-preset=osm&bg-url=https://indianopenmaps.fly.dev/soi/osm/{z}/{x}/{y}.webp",,,,
"S.O. 2115(E)","2016-06-15","Sohagibarwa Wildlife Sanctuary","Q7554593",,,,,,,,,,,,,,,
"S.O. 2116(E)","2016-06-15","Bannerghatta National Park","Q2588520","https://archive.org/details/in.gazette.central.e.2016-06-15.170228","title","in.gazette.central.e.2016-06-15.170228","gazetteofindia;JaiGyan","Government of India","2016-06-15","Ministry of Environment, Forests and Climate Change","Not Applicable","The following draft of the notification, which the Central Government proposes to issue in exercise of the powers conferred by subsection",,"https://editor.allmaps.org/images?url=https://iiif.archive.org/iiif/in.gazette.central.e.2016-06-15.170228/manifest.json&bg-preset=osm&bg-url=https://indianopenmaps.fly.dev/soi/osm/{z}/{x}/{y}.webp",,,,
"S.O. 2128(E)","2021-06-01","Ramnagar Wildlife Sanctuary","WIKIPEDIA:jammu-and-kashmir:ramnagar-rakha-wildlife-sanctuary","NONE",,,,,,,,,,,,,,
"S.O. 2135(E)","2022-05-06","Kibber Wildlife Sanctuary","Q135404156","https://archive.org/details/in.gazette.central.e.2022-05-06.235637","description","in.gazette.central.e.2022-05-06.235637","gazetteofindia;JaiGyan","Government of India","2022-05-06","Ministry of Environment, Forest and Climate Change","ESZ Division","Final Notification for declaration of Eco sensitive Zone around Kibber Wildlife Sanctuary Himachal Pradesh","https://egazette.nic.in/WriteReadData/2022/235637.pdf","https://editor.allmaps.org/images?url=https://iiif.archive.org/iiif/in.gazette.central.e.2022-05-06.235637/manifest.json&bg-preset=osm&bg-url=https://indianopenmaps.fly.dev/soi/osm/{z}/{x}/{y}.webp",,,,
"S.O. 2143(E)","2018-05-25","Chitrangudi Bird Sanctuary","Q5102342","NONE",,,,,,,,,,,,,,
"S.O. 2144(E)","2018-05-25","KaraivetiWildlife Sanctuary",,"NONE",,,,,,,,,,,,,,
"S.O. 2145(E)","2018-05-25","Siwaram Crocodile Sanctuary","Q7499351","https://archive.org/details/in.gazette.central.e.2018-05-25.185943","description","in.gazette.central.e.2018-05-25.185943","gazetteofindia;JaiGyan","Government of India","2018-05-25","Ministry of Environment, Forests and Climate Change","Not Applicable","The following draft of the notification, which the Central Government proposes to issue in",,"https://editor.allmaps.org/images?url=https://iiif.archive.org/iiif/in.gazette.central.e.2018-05-25.185943/manifest.json&bg-preset=osm&bg-url=https://indianopenmaps.fly.dev/soi/osm/{z}/{x}/{y}.webp",,,,
"S.O. 2146 (E)","2017-07-06","Jiri - Makru Wildlife Sanctuary","Q137223329","https://archive.org/details/in.gazette.central.e.2017-07-06.177266","description","in.gazette.central.e.2017-07-06.177266","gazetteofindia;JaiGyan","Government of India","2017-07-06","Ministry of Environment, Forests and Climate Change","Not Applicable","WHEREAS a draft notification was published in the Gazette of India Extraordinary",,"https://editor.allmaps.org/images?url=https://iiif.archive.org/iiif/in.gazette.central.e.2017-07-06.177266/manifest.json&bg-preset=osm&bg-url=https://indianopenmaps.fly.dev/soi/osm/{z}/{x}/{y}.webp",,,,
"S.O. 2147 (E)","2017-07-06","Ranebennur Blackbuck Sanctuary","Q7293023","https://archive.org/details/in.gazette.central.e.2017-07-06.177336","title","in.gazette.central.e.2017-07-06.177336","gazetteofindia;JaiGyan","Government of India","2017-07-06","Ministry of Environment, Forests and Climate Change","Not Applicable","WHEREAS, a draft notification was published in the Gazette of India, Extraordinary, vide notification of the Government of the India",,"https://editor.allmaps.org/images?url=https://iiif.archive.org/iiif/in.gazette.central.e.2017-07-06.177336/manifest.json&bg-preset=osm&bg-url=https://indianopenmaps.fly.dev/soi/osm/{z}/{x}/{y}.webp",,,,
"S.O. 2148 (E)","2017-07-06","Gudavi Bird Sanctuary","Q5614543","https://archive.org/details/in.gazette.central.e.2017-07-06.177343","description","in.gazette.central.e.2017-07-06.177343","gazetteofindia;JaiGyan","Government of India","2017-07-06","Ministry of Environment, Forests and Climate Change","Not Applicable","Whereas a draft notification was published in the Gazette of India Extraordinary",,"https://editor.allmaps.org/images?url=https://iiif.archive.org/iiif/in.gazette.central.e.2017-07-06.177343/manifest.json&bg-preset=osm&bg-url=https://indianopenmaps.fly.dev/soi/osm/{z}/{x}/{y}.webp",,,,
"S.O. 2149 (E)","2017-07-06","Velavadhar Wild Life Sanctuary","Q880724","https://archive.org/details/in.gazette.central.e.2017-07-06.177349","description","in.gazette.central.e.2017-07-06.177349","gazetteofindia;JaiGyan","Government of India","2017-07-06","Ministry of Environment, Forests and Climate Change","Not Applicable","WHEREAS a draft notification was published in the Gazette of India Extraordinary Part II Section 3 Sub section",,"https://editor.allmaps.org/images?url=https://iiif.archive.org/iiif/in.gazette.central.e.2017-07-06.177349/manifest.json&bg-preset=osm&bg-url=https://indianopenmaps.fly.dev/soi/osm/{z}/{x}/{y}.webp",,,,
"S.O. 2154",,"Bandipur National Park","Q665110",,,,,,,,,,,,,,,
"S.O. 2154",,"Bandipur National Park","Q665110",,,,,,,,,,,,,,,
"S.O. 2154",,"Bandipur National Park","Q665110",,,,,,,,,,,,,,,
"S.O. 2154",,"Bandipur National Park","Q665110",,,,,,,,,,,,,,,
"S.O. 2154",,"Bandipur National Park","Q665110",,,,,,,,,,,,,,,
"S.O. 2154",,"Bandipur National Park","Q665110",,,,,,,,,,,,,,,
"S.O. 2154",,"Bandipur National Park","Q665110",,,,,,,,,,,,,,,
"S.O. 2154",,"Bandipur National Park","Q665110",,,,,,,,,,,,,,,
"S.O. 2154",,"Bandipur National Park","Q665110",,,,,,,,,,,,,,,
"S.O. 2154",,"Bandipur National Park","Q665110",,,,,,,,,,,,,,,
"S.O. 2154",,"Bandipur National Park","Q665110",,,,,,,,,,,,,,,
"S.O. 2154",,"Bandipur National Park","Q665110",,,,,,,,,,,,,,,
"S.O. 2154",,"Bandipur National Park","Q665110",,,,,,,,,,,,,,,
"S.O. 2154",,"Bandipur National Park","Q665110",,,,,,,,,,,,,,,
"S.O. 2154",,"Bandipur National Park","Q665110",,,,,,,,,,,,,,,
"S.O. 2154",,"Bandipur National Park","Q665110",,,,,,,,,,,,,,,
"S.O. 2154",,"Bandipur National Park","Q665110",,,,,,,,,,,,,,,
"S.O. 2154",,"Bandipur National Park","Q665110",,,,,,,,,,,,,,,
"S.O. 2154",,"Bandipur National Park","Q665110",,,,,,,,,,,,,,,
"S.O. 2154",,"Bandipur National Park","Q665110",,,,,,,,,,,,,,,
"S.O. 2154",,"Bandipur National Park","Q665110",,,,,,,,,,,,,,,
"S.O. 2154",,"Bandipur National Park","Q665110",,,,,,,,,,,,,,,
"S.O. 2154",,"Bandipur National Park","Q665110",,,,,,,,,,,,,,,
"S.O. 2154",,"Bandipur National Park","Q665110",,,,,,,,,,,,,,,
"S.O. 2154",,"Bandipur National Park","Q665110",,,,,,,,,,,,,,,
"S.O. 2154",,"Bandipur National Park","Q665110",,,,,,,,,,,,,,,
"S.O. 2154",,"Bandipur National Park","Q665110",,,,,,,,,,,,,,,
"S.O. 2154",,"Bandipur National Park","Q665110",,,,,,,,,,,,,,,
"S.O. 2154",,"Bandipur National Park","Q665110",,,,,,,,,,,,,,,
"S.O. 2154",,"Bandipur National Park","Q665110",,,,,,,,,,,,,,,
"S.O. 2154",,"Bandipur National Park","Q665110",,,,,,,,,,,,,,,
"S.O. 2154",,"Bandipur National Park","Q665110",,,,,,,,,,,,,,,
"S.O. 2154",,"Bandipur National Park","Q665110",,,,,,,,,,,,,,,
"S.O. 2154",,"Bandipur National Park","Q665110",,,,,,,,,,,,,,,
"S.O. 2154",,"Bandipur National Park","Q665110",,,,,,,,,,,,,,,
"S.O. 2154",,"Bandipur National Park","Q665110",,,,,,,,,,,,,,,
"S.O. 2154",,"Bandipur National Park","Q665110",,,,,,,,,,,,,,,
"S.O. 2154",,"Bandipur National Park","Q665110",,,,,,,,,,,,,,,
"S.O. 2154",,"Bandipur National Park","Q665110",,,,,,,,,,,,,,,
"S.O. 2154",,"Bandipur National Park","Q665110",,,,,,,,,,,,,,,
"S.O. 2154",,"Bandipur National Park","Q665110",,,,,,,,,,,,,,,
"S.O. 2154",,"Bandipur National Park","Q665110",,,,,,,,,,,,,,,
"S.O. 2154",,"Bandipur National Park","Q665110",,,,,,,,,,,,,,,
"S.O. 2154",,"Bandipur National Park","Q665110",,,,,,,,,,,,,,,
"S.O. 2154",,"Bandipur National Park","Q665110",,,,,,,,,,,,,,,
"S.O. 2154",,"Bandipur National Park","Q665110",,,,,,,,,,,,,,,
"S.O. 2154",,"Bandipur National Park","Q665110",,,,,,,,,,,,,,,
"S.O. 2154",,"Bandipur National Park","Q665110",,,,,,,,,,,,,,,
"S.O. 2154",,"Bandipur National Park","Q665110",,,,,,,,,,,,,,,
"S.O. 2154",,"Bandipur National Park","Q665110",,,,,,,,,,,,,,,
"S.O. 2154",,"Bandipur National Park","Q665110",,,,,,,,,,,,,,,
"S.O. 2154",,"Bandipur National Park","Q665110",,,,,,,,,,,,,,,
"S.O. 2154",,"Bandipur National Park","Q665110",,,,,,,,,,,,,,,
"S.O. 2154",,"Bandipur National Park","Q665110",,,,,,,,,,,,,,,
"S.O. 2154",,"Bandipur National Park","Q665110",,,,,,,,,,,,,,,
"S.O. 2154",,"Bandipur National Park","Q665110",,,,,,,,,,,,,,,
"S.O. 2154",,"Bandipur National Park","Q665110",,,,,,,,,,,,,,,
"S.O. 2154",,"Bandipur National Park","Q665110",,,,,,,,,,,,,,,
"S.O. 2165(E)","2019-06-25","Thorangtlang Wildlife Sanctuary","Q137049264","NONE",,,,,,,,,,,,,,
"S.O. 2166","2014-08-27","Khangchendzonga National Park","Q2605019","https://archive.org/details/in.gazette.central.e.2014-08-27.160796","title","in.gazette.central.e.2014-08-27.160796","gazetteofindia;JaiGyan","Government of India","2014-08-27","Ministry of Environment and Forests","Climate Change Division","The Central Govt. hereby notifies the area up to 200 metres from the boundary of the protected area of Khangchendzonga National Park in the State of Sikkim as the Eco-sensitive Zone, details of which are as under.",,"https://editor.allmaps.org/images?url=https://iiif.archive.org/iiif/in.gazette.central.e.2014-08-27.160796/manifest.json&bg-preset=osm&bg-url=https://indianopenmaps.fly.dev/soi/osm/{z}/{x}/{y}.webp",,,,
"S.O. 2167","2014-08-27","Kitam Bird Sanctuary","Q106257541","https://archive.org/details/in.gazette.central.e.2014-08-27.160860","title","in.gazette.central.e.2014-08-27.160860","gazetteofindia;JaiGyan","Government of India","2014-08-27","Ministry of Environment and Forests","Climate Change Division","The extent of Eco-sensitive Zone is 25 meters from the boundary of the Kitam Bird Sanctuary and in the south-western part, the extent of Eco-sensitive Zone shall be up to the outer bank of the river Rangit.",,"https://editor.allmaps.org/images?url=https://iiif.archive.org/iiif/in.gazette.central.e.2014-08-27.160860/manifest.json&bg-preset=osm&bg-url=https://indianopenmaps.fly.dev/soi/osm/{z}/{x}/{y}.webp",,,,
"S.O. 2168","2014-08-27","Kyongnosla Wildlife Sanctuary","Q6452052","https://archive.org/details/in.gazette.central.e.2014-08-27.160930","title","in.gazette.central.e.2014-08-27.160930","gazetteofindia;JaiGyan","Government of India","2014-08-27","Ministry of Environment and Forests","Climate Change Division","The Central Govt. hereby notifies an area up to 200 metres from the boundary of the Kyongnosla Alpine Sanctuary in the State of Sikkim as the Eco-sensitive Zone, details of which are as under.",,"https://editor.allmaps.org/images?url=https://iiif.archive.org/iiif/in.gazette.central.e.2014-08-27.160930/manifest.json&bg-preset=osm&bg-url=https://indianopenmaps.fly.dev/soi/osm/{z}/{x}/{y}.webp",,,,
"S.O. 2169","2014-08-27","Shingba Rhododendron Sanctuary","Q7497442","https://archive.org/details/in.gazette.central.e.2014-08-27.160861","title","in.gazette.central.e.2014-08-27.160861","gazetteofindia;JaiGyan","Government of India","2014-08-27","Ministry of Environment and Forests","Climate Change Division","The Eco-sensitive Zone varies from 25 meters to 50 meters from the boundary of the Shingba Rhododendron Sanctuary and the extent of the said Eco-sensitive Zone shall be 25 meters, where the slope is more than 45 degree and the places where the slope is less than 45 degree, the extent of Eco-sensitive zone shall be 50 metres.",,"https://editor.allmaps.org/images?url=https://iiif.archive.org/iiif/in.gazette.central.e.2014-08-27.160861/manifest.json&bg-preset=osm&bg-url=https://indianopenmaps.fly.dev/soi/osm/{z}/{x}/{y}.webp",,,,
"S.O. 2170","2014-08-27","Maenam Wildlife Sanctuary","Q17051622","https://archive.org/details/in.gazette.central.e.2014-08-27.160881","title","in.gazette.central.e.2014-08-27.160881","gazetteofindia;JaiGyan","Government of India","2014-08-27","Ministry of Environment and Forests","Climate Change Division","The Central Govt. hereby notifies an area of up to 50 meters from the boundary of the Maenam Wildlife Sanctuary in the State of Sikkim as the Eco-Sensitive Zone, details of which are as under.",,"https://editor.allmaps.org/images?url=https://iiif.archive.org/iiif/in.gazette.central.e.2014-08-27.160881/manifest.json&bg-preset=osm&bg-url=https://indianopenmaps.fly.dev/soi/osm/{z}/{x}/{y}.webp",,,,
"S.O. 2172","2014-08-27","Barsey Rhododendron Sanctuary","Q16902550","https://archive.org/details/in.gazette.central.e.2014-08-27.160782","title","in.gazette.central.e.2014-08-27.160782","gazetteofindia;JaiGyan","Government of India","2014-08-27","Ministry of Environment and Forests","Climate Change Division","Extent and boundaries of Eco-sensitive Zone. The Eco-sensitive Zone varies from 25 meters to 50 meters from the boundary of the Sanctuary.",,"https://editor.allmaps.org/images?url=https://iiif.archive.org/iiif/in.gazette.central.e.2014-08-27.160782/manifest.json&bg-preset=osm&bg-url=https://indianopenmaps.fly.dev/soi/osm/{z}/{x}/{y}.webp",,,,
"S.O. 2173","2014-08-27","Pangolakha Wildlife Sanctuary","Q16896392","https://archive.org/details/in.gazette.central.e.2014-08-27.160907","title","in.gazette.central.e.2014-08-27.160907","gazetteofindia;JaiGyan","Government of India","2014-08-27","Ministry of Environment and Forests","Climate Change Division","The Central Govt. hereby notifies an area up to 50 metres from the boundary of the Pangolakha Wildlife Sanctuary in the State of Sikkim as the Eco-sensitive Zone, details of which are as under.",,"https://editor.allmaps.org/images?url=https://iiif.archive.org/iiif/in.gazette.central.e.2014-08-27.160907/manifest.json&bg-preset=osm&bg-url=https://indianopenmaps.fly.dev/soi/osm/{z}/{x}/{y}.webp",,,,
"S.O. 2180(E)","2021-06-07","Kazinag National Park","Q111181101","NONE",,,,,,,,,,,,,,
"S.O. 2180(E)","2021-06-07","Limber Sanctuary","Q111181101","NONE",,,,,,,,,,,,,,
"S.O. 2180(E)","2021-06-07","Lachipora Sanctuary","Q134457402","NONE",,,,,,,,,,,,,,
"S.O. 2180(E)","2021-06-07","Kazinag National Park, Limber Sanctuary and Lachipora Sanctuary",,,,,,,,,,,,,,,,
"S.O. 2181(E)","2021-06-07","Borajan-Bherjan-Padumoni Wildlife Sanctuary","Q14623369","NONE",,,,,,,,,,,,,,
"S.O. 2182(E)","2021-06-07","Gulmarg Wildlife Sanctuary","Q102047437","https://archive.org/details/in.gazette.central.e.2021-06-07.227473","description","in.gazette.central.e.2021-06-07.227473","gazetteofindia;JaiGyan","Government of India","2021-06-07","Ministry of Environment, Forest and Climate Change","ESZ Division","Gulmarg Wildlife Sanctuary in the UT of Jammu and Kashmir","https://egazette.nic.in/WriteReadData/2021/227473.pdf","https://editor.allmaps.org/images?url=https://iiif.archive.org/iiif/in.gazette.central.e.2021-06-07.227473/manifest.json&bg-preset=osm&bg-url=https://indianopenmaps.fly.dev/soi/osm/{z}/{x}/{y}.webp",,,,
"S.O. 2183(E)","2021-06-07","Dhauladhar Wildlife Sanctuary","Q136289107","NONE",,,,,,,,,,,,,,
"S.O. 2184(E)","2021-06-07","Dachigham National Park","Q1156717","NONE",,,,,,,,,,,,,,
"S.O. 2184(E)","2021-06-07","Baltal Thajwas Sanctuary","Q137254449","NONE",,,,,,,,,,,,,,
"S.O. 2184(E)","2021-06-07","Overa-Aru Sanctuary","Q101471239","NONE",,,,,,,,,,,,,,
"S.O. 2184(E)","2021-06-07","Dachigham National Pak , Baltal Thajwas Sanctuary and Overa-Aru Sanctuary",,,,,,,,,,,,,,,,
"S.O. 2185(E)","2021-06-07","Jogimatti Wildlife Sanctuary","Q124115645","https://archive.org/details/in.gazette.central.e.2021-06-07.227475","description","in.gazette.central.e.2021-06-07.227475","gazetteofindia;JaiGyan","Government of India","2021-06-07","Ministry of Environment, Forest and Climate Change","ESZ Division","Jogimatti Wildlife Sanctuary in the state of Karnataka","https://egazette.nic.in/WriteReadData/2021/227475.pdf","https://editor.allmaps.org/images?url=https://iiif.archive.org/iiif/in.gazette.central.e.2021-06-07.227475/manifest.json&bg-preset=osm&bg-url=https://indianopenmaps.fly.dev/soi/osm/{z}/{x}/{y}.webp",,,,
"S.O. 2188(E)","2020-07-02","Kudremukh National Park","Q123439915","NONE",,,,,,,,,,,,,,
"S.O. 2197(E)","2016-06-24","Nakti Dam Bird Sanctuary","Q130974254","https://archive.org/details/in.gazette.central.e.2016-06-24.170425","description","in.gazette.central.e.2016-06-24.170425","gazetteofindia;JaiGyan","Government of India","2016-06-24","Ministry of Environment, Forests and Climate Change","Not Applicable","The following draft of the notification which the Central Government proposes to issue in exercise of the powers conferred by sub section",,"https://editor.allmaps.org/images?url=https://iiif.archive.org/iiif/in.gazette.central.e.2016-06-24.170425/manifest.json&bg-preset=osm&bg-url=https://indianopenmaps.fly.dev/soi/osm/{z}/{x}/{y}.webp",,,,
"S.O. 2198(E)","2016-06-24","Nagi Dam Bird Sanctuary","Q130974254","https://archive.org/details/in.gazette.central.e.2016-06-24.170426","description","in.gazette.central.e.2016-06-24.170426","gazetteofindia;JaiGyan","Government of India","2016-06-24","Ministry of Environment, Forests and Climate Change","Not Applicable","The following draft of the notification which the Central Government proposes to issue in exercise of the powers conferred by sub section",,"https://editor.allmaps.org/images?url=https://iiif.archive.org/iiif/in.gazette.central.e.2016-06-24.170426/manifest.json&bg-preset=osm&bg-url=https://indianopenmaps.fly.dev/soi/osm/{z}/{x}/{y}.webp",,,,
"S.O. 2200 (E)","2017-07-12","Gautam Buddha Wildlife Sanctuary","Q18343586","https://archive.org/details/in.gazette.central.e.2017-07-12.177414","title","in.gazette.central.e.2017-07-12.177414","gazetteofindia;JaiGyan","Government of India","2017-07-12","Ministry of Environment, Forests and Climate Change","Not Applicable","Whereas, a draft notification was published in the Gazette of India, Extraordinary, vide notification of the Government",,"https://editor.allmaps.org/images?url=https://iiif.archive.org/iiif/in.gazette.central.e.2017-07-12.177414/manifest.json&bg-preset=osm&bg-url=https://indianopenmaps.fly.dev/soi/osm/{z}/{x}/{y}.webp",,,,
"S.O. 2201 (E)","2017-07-12","Barnawapara Wildlife Sanctuary","Q104879966","https://archive.org/details/in.gazette.central.e.2017-07-12.177413","title","in.gazette.central.e.2017-07-12.177413","gazetteofindia;JaiGyan","Government of India","2017-07-12","Ministry of Environment, Forests and Climate Change","Not Applicable","WHEREAS, a draft notification was published in the Gazette of India, Extraordinary, vide notification of the Government of the India in the Ministry of Environment",,"https://editor.allmaps.org/images?url=https://iiif.archive.org/iiif/in.gazette.central.e.2017-07-12.177413/manifest.json&bg-preset=osm&bg-url=https://indianopenmaps.fly.dev/soi/osm/{z}/{x}/{y}.webp",,,,
"S.O. 2201(E)","2018-05-31","Gumuti Wildlife Sanctuary","Q5618257","NONE",,,,,,,,,,,,,,
"S.O. 2202 (E)","2017-07-12","Jaikawadi Bird Sanctuary","Q23581251","https://archive.org/details/in.gazette.central.e.2017-07-12.177419","description","in.gazette.central.e.2017-07-12.177419","gazetteofindia;JaiGyan","Government of India","2017-07-12","Ministry of Environment, Forests and Climate Change","Not Applicable","WHEREAS, a draft notification was published in the Gazette of India, Extraordinary, Part II, Section 3, Sub section",,"https://editor.allmaps.org/images?url=https://iiif.archive.org/iiif/in.gazette.central.e.2017-07-12.177419/manifest.json&bg-preset=osm&bg-url=https://indianopenmaps.fly.dev/soi/osm/{z}/{x}/{y}.webp",,,,
"S.O. 2202(E)","2018-05-31","Bandh Baretha Wildlife","Q123399066","NONE",,,,,,,,,,,,,,
"S.O. 22","2014-01-03","Pulicat Bird Sanctuary","Q3532790","https://archive.org/details/in.gazette.central.e.2014-01-03.157610","title","in.gazette.central.e.2014-01-03.157610","gazetteofindia;JaiGyan","Government of India","2014-01-03","Ministry of Environment and Forests",,"The Central Govt. proposes to issue in exercise of the powers conferred by sub-section (1), clauses (v) and (xiv) of sub-section (2) and sub-section (3) of section 3 of the Environment (Protection) Act, 1986 (29 of 1986) is hereby published.",,"https://editor.allmaps.org/images?url=https://iiif.archive.org/iiif/in.gazette.central.e.2014-01-03.157610/manifest.json&bg-preset=osm&bg-url=https://indianopenmaps.fly.dev/soi/osm/{z}/{x}/{y}.webp",,,,
"S.O. 2244","2015-08-18","Hazaribag Wildlife Sanctuary","Q3595683","https://archive.org/details/in.gazette.central.e.2015-08-18.166432","description","in.gazette.central.e.2015-08-18.166432","gazetteofindia;JaiGyan","Government of India","2015-08-18","Ministry of Environment, Forests and Climate Change",,"The following draft of the noctification which the central government proposes to isse in the exercise of the powers conferred by sub section.",,"https://editor.allmaps.org/images?url=https://iiif.archive.org/iiif/in.gazette.central.e.2015-08-18.166432/manifest.json&bg-preset=osm&bg-url=https://indianopenmaps.fly.dev/soi/osm/{z}/{x}/{y}.webp",,,,
"S.O. 2262 (E)",,"Okhla Bird Sanctuary","Q7081968",,,,,,,,,,,,,,,
"S.O. 2262 (E)",,"Okhla Bird Sanctuary","Q7081968",,,,,,,,,,,,,,,
"S.O. 2262 (E)",,"Okhla Bird Sanctuary","Q7081968",,,,,,,,,,,,,,,
"S.O. 2262 (E)",,"Okhla Bird Sanctuary","Q7081968",,,,,,,,,,,,,,,
"S.O. 2262 (E)",,"Okhla Bird Sanctuary","Q7081968",,,,,,,,,,,,,,,
"S.O. 2262 (E)",,"Okhla Bird Sanctuary","Q7081968",,,,,,,,,,,,,,,
"S.O. 2262 (E)",,"Okhla Bird Sanctuary","Q7081968",,,,,,,,,,,,,,,
"S.O. 2262 (E)",,"Okhla Bird Sanctuary","Q7081968",,,,,,,,,,,,,,,
"S.O. 2262 (E)",,"Okhla Bird Sanctuary","Q7081968",,,,,,,,,,,,,,,
"S.O. 2262 (E)",,"Okhla Bird Sanctuary","Q7081968",,,,,,,,,,,,,,,
"S.O. 2262 (E)",,"Okhla Bird Sanctuary","Q7081968",,,,,,,,,,,,,,,
"S.O. 2262 (E)",,"Okhla Bird Sanctuary","Q7081968",,,,,,,,,,,,,,,
"S.O. 2262 (E)",,"Okhla Bird Sanctuary","Q7081968",,,,,,,,,,,,,,,
"S.O. 2262 (E)",,"Okhla Bird Sanctuary","Q7081968",,,,,,,,,,,,,,,
"S.O. 2262 (E)",,"Okhla Bird Sanctuary","Q7081968",,,,,,,,,,,,,,,
"S.O. 2262 (E)",,"Okhla Bird Sanctuary","Q7081968",,,,,,,,,,,,,,,
"S.O. 2262 (E)",,"Okhla Bird Sanctuary","Q7081968",,,,,,,,,,,,,,,
"S.O. 2262 (E)",,"Okhla Bird Sanctuary","Q7081968",,,,,,,,,,,,,,,
"S.O. 2262 (E)",,"Okhla Bird Sanctuary","Q7081968",,,,,,,,,,,,,,,
"S.O. 2262 (E)",,"Okhla Bird Sanctuary","Q7081968",,,,,,,,,,,,,,,
"S.O. 2262 (E)",,"Okhla Bird Sanctuary","Q7081968",,,,,,,,,,,,,,,
"S.O. 2262 (E)",,"Okhla Bird Sanctuary","Q7081968",,,,,,,,,,,,,,,
"S.O. 2262 (E)",,"Okhla Bird Sanctuary","Q7081968",,,,,,,,,,,,,,,
"S.O. 2262 (E)",,"Okhla Bird Sanctuary","Q7081968",,,,,,,,,,,,,,,
"S.O. 2262 (E)",,"Okhla Bird Sanctuary","Q7081968",,,,,,,,,,,,,,,
"S.O. 2262 (E)",,"Okhla Bird Sanctuary","Q7081968",,,,,,,,,,,,,,,
"S.O. 2262 (E)",,"Okhla Bird Sanctuary","Q7081968",,,,,,,,,,,,,,,
"S.O. 2262 (E)",,"Okhla Bird Sanctuary","Q7081968",,,,,,,,,,,,,,,
"S.O. 2262 (E)",,"Okhla Bird Sanctuary","Q7081968",,,,,,,,,,,,,,,
"S.O. 2262 (E)",,"Okhla Bird Sanctuary","Q7081968",,,,,,,,,,,,,,,
"S.O. 2262 (E)",,"Okhla Bird Sanctuary","Q7081968",,,,,,,,,,,,,,,
"S.O. 2262 (E)",,"Okhla Bird Sanctuary","Q7081968",,,,,,,,,,,,,,,
"S.O. 2262 (E)",,"Okhla Bird Sanctuary","Q7081968",,,,,,,,,,,,,,,
"S.O. 2262 (E)",,"Okhla Bird Sanctuary","Q7081968",,,,,,,,,,,,,,,
"S.O. 2262 (E)",,"Okhla Bird Sanctuary","Q7081968",,,,,,,,,,,,,,,
"S.O. 2262 (E)",,"Okhla Bird Sanctuary","Q7081968",,,,,,,,,,,,,,,
"S.O. 2262 (E)",,"Okhla Bird Sanctuary","Q7081968",,,,,,,,,,,,,,,
"S.O. 2262 (E)",,"Okhla Bird Sanctuary","Q7081968",,,,,,,,,,,,,,,
"S.O. 2262 (E)",,"Okhla Bird Sanctuary","Q7081968",,,,,,,,,,,,,,,
"S.O. 2262 (E)",,"Okhla Bird Sanctuary","Q7081968",,,,,,,,,,,,,,,
"S.O. 2262 (E)",,"Okhla Bird Sanctuary","Q7081968",,,,,,,,,,,,,,,
"S.O. 2262 (E)",,"Okhla Bird Sanctuary","Q7081968",,,,,,,,,,,,,,,
"S.O. 2262 (E)",,"Okhla Bird Sanctuary","Q7081968",,,,,,,,,,,,,,,
"S.O. 2262 (E)",,"Okhla Bird Sanctuary","Q7081968",,,,,,,,,,,,,,,
"S.O. 2262 (E)",,"Okhla Bird Sanctuary","Q7081968",,,,,,,,,,,,,,,
"S.O. 2262 (E)",,"Okhla Bird Sanctuary","Q7081968",,,,,,,,,,,,,,,
"S.O. 2262 (E)",,"Okhla Bird Sanctuary","Q7081968",,,,,,,,,,,,,,,
"S.O. 2262 (E)",,"Okhla Bird Sanctuary","Q7081968",,,,,,,,,,,,,,,
"S.O. 2262 (E)",,"Okhla Bird Sanctuary","Q7081968",,,,,,,,,,,,,,,
"S.O. 2262 (E)",,"Okhla Bird Sanctuary","Q7081968",,,,,,,,,,,,,,,
"S.O. 2262 (E)",,"Okhla Bird Sanctuary","Q7081968",,,,,,,,,,,,,,,
"S.O. 2262 (E)",,"Okhla Bird Sanctuary","Q7081968",,,,,,,,,,,,,,,
"S.O. 2262 (E)",,"Okhla Bird Sanctuary","Q7081968",,,,,,,,,,,,,,,
"S.O. 2262 (E)",,"Okhla Bird Sanctuary","Q7081968",,,,,,,,,,,,,,,
"S.O. 2262 (E)",,"Okhla Bird Sanctuary","Q7081968",,,,,,,,,,,,,,,
"S.O. 2262 (E)",,"Okhla Bird Sanctuary","Q7081968",,,,,,,,,,,,,,,
"S.O. 2262 (E)",,"Okhla Bird Sanctuary","Q7081968",,,,,,,,,,,,,,,
"S.O. 2262 (E)",,"Okhla Bird Sanctuary","Q7081968",,,,,,,,,,,,,,,
"S.O. 227(E)","2018-01-15","Lengteng Wildlife Sanctuary","Q16894124","https://archive.org/details/in.gazette.central.e.2018-01-15.182110","description","in.gazette.central.e.2018-01-15.182110","gazetteofindia;JaiGyan","Government of India","2018-01-15","Ministry of Environment, Forests and Climate Change","Not Applicable","The following draft of Notification which the Central Government proposes to issue in exercise of the powers",,"https://editor.allmaps.org/images?url=https://iiif.archive.org/iiif/in.gazette.central.e.2018-01-15.182110/manifest.json&bg-preset=osm&bg-url=https://indianopenmaps.fly.dev/soi/osm/{z}/{x}/{y}.webp",,,,
"S.O. 2273 (E)","2017-07-20","Pamed Wildlife Sanctuary","Q130974386","https://archive.org/details/in.gazette.central.e.2017-07-20.177550","description","in.gazette.central.e.2017-07-20.177550","gazetteofindia;JaiGyan","Government of India","2017-07-20","Ministry of Environment, Forests and Climate Change","Not Applicable","WHEREAS, a draft notification was published in the Gazette of India, Extraordinary, vide notification of the Government",,"https://editor.allmaps.org/images?url=https://iiif.archive.org/iiif/in.gazette.central.e.2017-07-20.177550/manifest.json&bg-preset=osm&bg-url=https://indianopenmaps.fly.dev/soi/osm/{z}/{x}/{y}.webp",,,,
"S.O. 2274 (E)","2017-07-20","Surinsar Mansar Wildlife Sanctuary",,"https://archive.org/details/in.gazette.central.e.2017-07-20.177561","description","in.gazette.central.e.2017-07-20.177561","gazetteofindia;JaiGyan","Government of India","2017-07-20","Ministry of Environment, Forests and Climate Change","Not Applicable","The following draft of the notification which the Central Government proposes to issue in exercise of the powers",,"https://editor.allmaps.org/images?url=https://iiif.archive.org/iiif/in.gazette.central.e.2017-07-20.177561/manifest.json&bg-preset=osm&bg-url=https://indianopenmaps.fly.dev/soi/osm/{z}/{x}/{y}.webp",,,,
"S.O. 2275 (E)","2017-07-20","Sohelwa Wild Life Sanctuary","Q7635241","https://archive.org/details/in.gazette.central.e.2017-07-20.177564","description","in.gazette.central.e.2017-07-20.177564","gazetteofindia;JaiGyan","Government of India","2017-07-20","Ministry of Environment, Forests and Climate Change","Not Applicable","The following draft of the notification which the Central Government proposes to issue in exercise of the powers conferred by sub section",,"https://editor.allmaps.org/images?url=https://iiif.archive.org/iiif/in.gazette.central.e.2017-07-20.177564/manifest.json&bg-preset=osm&bg-url=https://indianopenmaps.fly.dev/soi/osm/{z}/{x}/{y}.webp",,,,
"S.O. 2275(E)","2016-07-01","Bir Gurdialpur Wildlife Sanctuary","WIKIPEDIA:punjab:bir-gurdialpura-wildlife-sanctuary","https://archive.org/details/in.gazette.central.e.2016-07-01.170535","description","in.gazette.central.e.2016-07-01.170535","gazetteofindia;JaiGyan","Government of India","2016-07-01","Ministry of Environment, Forests and Climate Change","Not Applicable","WHEREAS a draft notification was published in the Gazette of India Extraordinary vide notification of the Government of the India in the erstwhile Ministry of Environment",,"https://editor.allmaps.org/images?url=https://iiif.archive.org/iiif/in.gazette.central.e.2016-07-01.170535/manifest.json&bg-preset=osm&bg-url=https://indianopenmaps.fly.dev/soi/osm/{z}/{x}/{y}.webp",,,,
"S.O. 2276(E)","2016-07-01","Sechu Tuan Nala Wildlife Sanctuary","Q137008771","https://archive.org/details/in.gazette.central.e.2016-07-01.170544","title","in.gazette.central.e.2016-07-01.170544","gazetteofindia;JaiGyan","Government of India","2016-07-01","Ministry of Environment, Forests and Climate Change","Not Applicable","The following draft of the notification, which the Central Government proposes to issue in exercise of the powers conferred by sub section",,"https://editor.allmaps.org/images?url=https://iiif.archive.org/iiif/in.gazette.central.e.2016-07-01.170544/manifest.json&bg-preset=osm&bg-url=https://indianopenmaps.fly.dev/soi/osm/{z}/{x}/{y}.webp",,,,
"S.O. 2277(E)","2016-07-01","Bir Bhunerheri Wildlife Sanctuary","Q136707825","https://archive.org/details/in.gazette.central.e.2016-07-01.170551","description","in.gazette.central.e.2016-07-01.170551","gazetteofindia;JaiGyan","Government of India","2016-07-01","Ministry of Environment, Forests and Climate Change","Not Applicable","vide notification of the Government of the India in the Ministry of Environment Forest and Climate Change number SO 1779",,"https://editor.allmaps.org/images?url=https://iiif.archive.org/iiif/in.gazette.central.e.2016-07-01.170551/manifest.json&bg-preset=osm&bg-url=https://indianopenmaps.fly.dev/soi/osm/{z}/{x}/{y}.webp",,,,
"S.O. 228(E)","2018-01-15","Murlen National Park","Q3334361","https://archive.org/details/in.gazette.central.e.2018-01-15.182119","description","in.gazette.central.e.2018-01-15.182119","gazetteofindia;JaiGyan","Government of India","2018-01-15","Ministry of Environment, Forests and Climate Change","Not Applicable","The following draft of Notification which the Central Government proposes to issue in exercise of the powers conferred",,"https://editor.allmaps.org/images?url=https://iiif.archive.org/iiif/in.gazette.central.e.2018-01-15.182119/manifest.json&bg-preset=osm&bg-url=https://indianopenmaps.fly.dev/soi/osm/{z}/{x}/{y}.webp",,,,
"S.O. 228(E)","2018-01-15","Murlen National Park,","Q3334361",,,,,,,,,,,,,,,
"S.O. 229(E)","2018-01-15","Thorangtlang Wildlife Sanctuary","Q137049264","https://archive.org/details/in.gazette.central.e.2018-01-15.182120","description","in.gazette.central.e.2018-01-15.182120","gazetteofindia;JaiGyan","Government of India","2018-01-15","Ministry of Environment, Forests and Climate Change","Not Applicable","The following Draft of Notification which the Central Government proposes to issue in exercise of the powers",,"https://editor.allmaps.org/images?url=https://iiif.archive.org/iiif/in.gazette.central.e.2018-01-15.182120/manifest.json&bg-preset=osm&bg-url=https://indianopenmaps.fly.dev/soi/osm/{z}/{x}/{y}.webp",,,,
"S.O. 230(E)","2018-01-15","Chandraprbha Wildlife Sanctuary","Q5071304","https://archive.org/details/in.gazette.central.e.2018-01-15.182127","description","in.gazette.central.e.2018-01-15.182127","gazetteofindia;JaiGyan","Government of India","2018-01-15","Ministry of Environment, Forests and Climate Change","Not Applicable","The following draft of the notification, which the Central Government proposes to issue in exercise of the powers",,"https://editor.allmaps.org/images?url=https://iiif.archive.org/iiif/in.gazette.central.e.2018-01-15.182127/manifest.json&bg-preset=osm&bg-url=https://indianopenmaps.fly.dev/soi/osm/{z}/{x}/{y}.webp",,,,
"S.O. 230(E)","2018-01-15","Chandraprabha Wildlife Sanctuary","Q5071304",,,,,,,,,,,,,,,
"S.O. 231(E)","2018-01-15","Kutch Bustard Wildlife Sanctuary","Q2726467","https://archive.org/details/in.gazette.central.e.2018-01-15.182132","description","in.gazette.central.e.2018-01-15.182132","gazetteofindia;JaiGyan","Government of India","2018-01-15","Ministry of Environment, Forests and Climate Change","Not Applicable","The following draft of the notification, which the Central Government proposes to issue in exercise of the powers conferred",,"https://editor.allmaps.org/images?url=https://iiif.archive.org/iiif/in.gazette.central.e.2018-01-15.182132/manifest.json&bg-preset=osm&bg-url=https://indianopenmaps.fly.dev/soi/osm/{z}/{x}/{y}.webp",,,,
"S.O. 2321(E)","2019-07-03","Point Calimere Sanctuary","Q5614058","https://archive.org/details/in.gazette.central.e.2019-07-03.206503","description","in.gazette.central.e.2019-07-03.206503","gazetteofindia;JaiGyan","Government of India","2019-07-03","Ministry of Environment, Forests and Climate Change","Not Applicable","The following draft of the notification, which the Central Government proposes to issue in exercise of the powers",,"https://editor.allmaps.org/images?url=https://iiif.archive.org/iiif/in.gazette.central.e.2019-07-03.206503/manifest.json&bg-preset=osm&bg-url=https://indianopenmaps.fly.dev/soi/osm/{z}/{x}/{y}.webp",,,,
"S.O. 2323 (E)","2017-07-25","Nagarahole Tiger Reseve","Q1520200","https://archive.org/details/in.gazette.central.e.2017-07-25.177654","description","in.gazette.central.e.2017-07-25.177654","gazetteofindia;JaiGyan","Government of India","2017-07-25","Ministry of Environment, Forests and Climate Change","Not Applicable","The following draft of the notification which the Central Government proposes to issue in exercise",,"https://editor.allmaps.org/images?url=https://iiif.archive.org/iiif/in.gazette.central.e.2017-07-25.177654/manifest.json&bg-preset=osm&bg-url=https://indianopenmaps.fly.dev/soi/osm/{z}/{x}/{y}.webp",,,,
"S.O. 2358(E)","2019-07-02","Murlen National Park","Q3334361","NONE",,,,,,,,,,,,,,
"S.O. 2358(E)","2019-07-02","Murlen National Park,","Q3334361",,,,,,,,,,,,,,,
"S.O. 2359(E)","2019-07-02","Lengteng Wildlife Sanctuary","Q16894124","NONE",,,,,,,,,,,,,,
"S.O. 2382","2015-08-31","Bandh Baretha Wildlife Sanctuary","Q123399066","https://archive.org/details/in.gazette.central.e.2015-08-31.165855","title","in.gazette.central.e.2015-08-31.165855","gazetteofindia;JaiGyan","Government of India","2015-08-31","Ministry of Environment, Forests and Climate Change",,"The following draft of the notification, which the Central Govt., proposes to issue in exercise of the powers conferred by sub-section (1), read with clause (v) and clause (xiv) of sub-section (2) and sub-section (3) of section 3 of the Environment (Protection) Act, 1986.",,"https://editor.allmaps.org/images?url=https://iiif.archive.org/iiif/in.gazette.central.e.2015-08-31.165855/manifest.json&bg-preset=osm&bg-url=https://indianopenmaps.fly.dev/soi/osm/{z}/{x}/{y}.webp",,,,
"S.O. 2383","2105-08-31","Phulwari ki Nal Wildlife Sanctuary","Q30593531","NONE",,,,,,,,,,,,,,
"S.O. 2384","2015-08-31","Bir Mehas Wildlife Sanctuary","WIKIPEDIA:punjab:bir-mehaswala-wildlife-sanctuary","https://archive.org/details/in.gazette.central.e.2015-08-31.165817","description","in.gazette.central.e.2015-08-31.165817","gazetteofindia;JaiGyan","Government of India","2015-08-31","Ministry of Environment, Forests and Climate Change",,"the Environment (Protection) Rules, 1986, for the information of the public likely to be affected thereby and notice is hereby given that the said draft notification shall be taken into consideration on or after the expiry of a period of sixty days from the date on which copies of the Gazette containing this notification are made available to the public",,"https://editor.allmaps.org/images?url=https://iiif.archive.org/iiif/in.gazette.central.e.2015-08-31.165817/manifest.json&bg-preset=osm&bg-url=https://indianopenmaps.fly.dev/soi/osm/{z}/{x}/{y}.webp",,,,
"S.O. 2385 (E)","2015-08-31","Kailam Wildlife Sanctuary","WIKIPEDIA:manipur:kailam-wildlife-sanctuary","https://archive.org/details/in.gazette.central.e.2015-08-31.165961","title","in.gazette.central.e.2015-08-31.165961","gazetteofindia;JaiGyan","Government of India","2015-08-31","Ministry of Environment, Forests and Climate Change",,"The following draft of the notification, which the Central Govt., proposes to issue in exercise of the powers conferred by sub-section (1), read with clause (v) and clause (xiv) of sub-section (2) and sub-section (3) of Section 3 of the Environment (Protection) Act, 1986.",,"https://editor.allmaps.org/images?url=https://iiif.archive.org/iiif/in.gazette.central.e.2015-08-31.165961/manifest.json&bg-preset=osm&bg-url=https://indianopenmaps.fly.dev/soi/osm/{z}/{x}/{y}.webp",,,,
"S.O. 2386","2015-08-31","Baraila Lake Salim Ali Jubba Sahni Bird Sanctuary","Q130974238","https://archive.org/details/in.gazette.central.e.2015-08-31.165744","title","in.gazette.central.e.2015-08-31.165744","gazetteofindia;JaiGyan","Government of India","2015-08-31","Ministry of Environment, Forests and Climate Change",,"The notification, which the Central Govt., proposes to issue in exercise of the powers conferred by sub-section (1), read with clause (v) and clause (xiv) of sub-section (2) and sub-section (3) of section 3 of the Environment (Protection) Act, 1986 (29 of 1986) is hereby published.",,"https://editor.allmaps.org/images?url=https://iiif.archive.org/iiif/in.gazette.central.e.2015-08-31.165744/manifest.json&bg-preset=osm&bg-url=https://indianopenmaps.fly.dev/soi/osm/{z}/{x}/{y}.webp",,,,
"S.O. 2393 (E)","2020-07-20","Aralam Wildlife Sanctuary","Q4783879","NONE",,,,,,,,,,,,,,
"S.O. 2403 (E)","2017-07-28","Chilika",,"https://archive.org/details/in.gazette.central.e.2017-07-28.177752","description","in.gazette.central.e.2017-07-28.177752","gazetteofindia;JaiGyan","Government of India","2017-07-28","Ministry of Environment, Forests and Climate Change","Not Applicable","The following draft of the notification which the Central Government proposes to issue in exercise of the powers conferred by sub section",,"https://editor.allmaps.org/images?url=https://iiif.archive.org/iiif/in.gazette.central.e.2017-07-28.177752/manifest.json&bg-preset=osm&bg-url=https://indianopenmaps.fly.dev/soi/osm/{z}/{x}/{y}.webp",,,,
"S.O. 2404 (E)","2017-07-28","Rakchham-Chitkul Wildlife Sanctuary (previously known as Sangla Valley)",,"NONE",,,,,,,,,,,,,,
"S.O. 2404 (E)","2017-07-28","Rakchham Chitkul Wildlife Sanctuary","Q137027173",,,,,,,,,,,,,,,
"S.O. 2406(E)","2021-06-18","Hirapora Wildlife Sanctuary","Q17055079","NONE",,,,,,,,,,,,,,
"S.O. 2407(E)","2021-06-18","Karanja Sohol","Q85773598","NONE",,,,,,,,,,,,,,
"S.O. 2408(E)","2021-06-18","Baghmara Pitcher Plant Sanctuary","Q116044246","NONE",,,,,,,,,,,,,,
"S.O. 2408(E)","2021-06-18","Baghmara Pitcher Plant Sanctuary, Meghalaya","Q116044246",,,,,,,,,,,,,,,
"S.O. 2409(E)","2021-06-18","Sri Venkateshwara National Park Sanctuary","Q3174893","NONE",,,,,,,,,,,,,,
"S.O. 2413","2015-09-04","Dadra and Nagar Haveli WLS","Q115804851","https://archive.org/details/in.gazette.central.e.2015-09-04.166085","title","in.gazette.central.e.2015-09-04.166085","gazetteofindia;JaiGyan","Government of India","2015-09-04","Ministry of Environment, Forests and Climate Change",,"Whereas, a draft notification, for declaration of Eco-sensitive Zone around Dadra and Nagar Haveli Wildlife Sanctuary in the Union Territory of Dadra and Nagar Haveli was published in the Gazette of India, Extraordinary, vide notification of the Govt., of India in the Ministry of Environment, Forest and Climate Change vide number S.O. 2927 (E),",,"https://editor.allmaps.org/images?url=https://iiif.archive.org/iiif/in.gazette.central.e.2015-09-04.166085/manifest.json&bg-preset=osm&bg-url=https://indianopenmaps.fly.dev/soi/osm/{z}/{x}/{y}.webp",,,,
"S.O. 2436(E)","2020-07-24","Ghuga Fossil National Park",,"NONE",,,,,,,,,,,,,,
"S.O. 2437(E)","2020-07-24","Sepahijala Wildlife Sanctuary","Q7525566","NONE",,,,,,,,,,,,,,
"S.O. 2437(E)","2020-07-24","Clouded Leopard National Park","Q5135742",,,,,,,,,,,,,,,
"S.O. 2437(E)","2020-07-24","Sepahijala Wildlife Sanctuary, Clouded Leopard National Park","Q5135742",,,,,,,,,,,,,,,
"S.O. 2438(E)","2020-07-24","Kanha National Park","Q1480481","NONE",,,,,,,,,,,,,,
"S.O. 2438(E)","2020-07-24","Phen Sanctuary","Q137691018","NONE",,,,,,,,,,,,,,
"S.O. 2438(E)","2020-07-24","Kanha National Park and Phen Sanctuary",,,,,,,,,,,,,,,,
"S.O. 2455(E)","2019-07-10","Radhanagari Wildlife","Q2125633","https://archive.org/details/in.gazette.central.e.2019-07-10.206731","description","in.gazette.central.e.2019-07-10.206731","gazetteofindia;JaiGyan","Government of India","2019-07-10","Ministry of Environment, Forests and Climate Change","Not Applicable","The following draft of the notification, which the Central Government proposes to issue in exercise of the powers",,"https://editor.allmaps.org/images?url=https://iiif.archive.org/iiif/in.gazette.central.e.2019-07-10.206731/manifest.json&bg-preset=osm&bg-url=https://indianopenmaps.fly.dev/soi/osm/{z}/{x}/{y}.webp",,,,
"S.O. 247(E)","2016-01-27","Thattekkad Bird Sanctuary","Q6772512","https://archive.org/details/in.gazette.central.e.2016-01-27.167832","description","in.gazette.central.e.2016-01-27.167832","gazetteofindia;JaiGyan","Government of India","2016-01-27","Ministry of Environment, Forests and Climate Change",,"The following draft of the notification, which the Central Government proposes to issue in exercise of the powers conferred by sub-section",,"https://editor.allmaps.org/images?url=https://iiif.archive.org/iiif/in.gazette.central.e.2016-01-27.167832/manifest.json&bg-preset=osm&bg-url=https://indianopenmaps.fly.dev/soi/osm/{z}/{x}/{y}.webp",,,,
"S.O. 248(E)","2016-01-20","Nawabganj (saheed Chandra Shekhar Azad)Bird",,"NONE",,,,,,,,,,,,,,
"S.O. 248(E)","2016-01-20","Nawabganj Bird Sanctuary","Q6982793",,,,,,,,,,,,,,,
"S.O. 2480(E)","2016-07-21","Bir Dosanjh Wildlife Sanctuary","WIKIPEDIA:punjab:bir-dosanjh-wildlife-sanctuary","https://archive.org/details/in.gazette.central.e.2016-07-21.170939","description","in.gazette.central.e.2016-07-21.170939","gazetteofindia;JaiGyan","Government of India","2016-07-21","Ministry of Environment, Forests and Climate Change","Not Applicable","WHEREAS a draft notification was published in the Gazette of India Extraordinary Part II Section 3 Sub section ii vide notification",,"https://editor.allmaps.org/images?url=https://iiif.archive.org/iiif/in.gazette.central.e.2016-07-21.170939/manifest.json&bg-preset=osm&bg-url=https://indianopenmaps.fly.dev/soi/osm/{z}/{x}/{y}.webp",,,,
"S.O. 2481(E)","2016-07-21","Renuka Ji Wildlife Sanctuary","Q7313588","https://archive.org/details/in.gazette.central.e.2016-07-21.170984","description","in.gazette.central.e.2016-07-21.170984","gazetteofindia;JaiGyan","Government of India","2016-07-21","Ministry of Environment, Forests and Climate Change","Not Applicable","published as required sub rule 3 of rule 5 of the Environment Protection Rules 1986",,"https://editor.allmaps.org/images?url=https://iiif.archive.org/iiif/in.gazette.central.e.2016-07-21.170984/manifest.json&bg-preset=osm&bg-url=https://indianopenmaps.fly.dev/soi/osm/{z}/{x}/{y}.webp",,,,
"S.O. 2482(E)","2016-07-21","Inderkila National Park","Q31708488","https://archive.org/details/in.gazette.central.e.2016-07-21.170940","description","in.gazette.central.e.2016-07-21.170940","gazetteofindia;JaiGyan","Government of India","2016-07-21","Ministry of Environment, Forests and Climate Change","Not Applicable","The following draft of the notification which the Central Government proposes to issue in exercise of the powers conferred by sub section",,"https://editor.allmaps.org/images?url=https://iiif.archive.org/iiif/in.gazette.central.e.2016-07-21.170940/manifest.json&bg-preset=osm&bg-url=https://indianopenmaps.fly.dev/soi/osm/{z}/{x}/{y}.webp",,,,
"S.O. 2483(E)","2016-07-21","Bir Bhadson Wildlife Sanctuary","WIKIPEDIA:punjab:bir-bhadson-wildlife-sanctuary","https://archive.org/details/in.gazette.central.e.2016-07-21.170941","description","in.gazette.central.e.2016-07-21.170941","gazetteofindia;JaiGyan","Government of India","2016-07-21","Ministry of Environment, Forests and Climate Change","Not Applicable","WHEREAS a draft notification was published in the Gazette of India Extraordinary vide notification of the Government of the India in the Ministry of Environment",,"https://editor.allmaps.org/images?url=https://iiif.archive.org/iiif/in.gazette.central.e.2016-07-21.170941/manifest.json&bg-preset=osm&bg-url=https://indianopenmaps.fly.dev/soi/osm/{z}/{x}/{y}.webp",,,,
"S.O. 2499","2014-09-24","Okhla Bird Sanctuary","Q7081968","https://archive.org/details/in.gazette.central.e.2014-09-24.161180","title","in.gazette.central.e.2014-09-24.161180","gazetteofindia;JaiGyan","Government of India","2014-09-24","Ministry of Environment and Forests","Climate Change Division","The following draft of the notification, which the Central Govt. proposes to issue in exercise of the powers conferred by sub-section (1), clause (v) and clause (xiv) of sub-section (2) and sub-section (3) of section 3 of the Environment (Protection) Act, 1986 (29 of 1986) is hereby published, as required under sub-rule (3) of rule 5 of the Environment (Protection) Rules, 1986, for the information of the public likely to be affected thereby.",,"https://editor.allmaps.org/images?url=https://iiif.archive.org/iiif/in.gazette.central.e.2014-09-24.161180/manifest.json&bg-preset=osm&bg-url=https://indianopenmaps.fly.dev/soi/osm/{z}/{x}/{y}.webp",,,,
"S.O. 2519(E)","2019-07-15","Dampa Tiger Reserve","Q3457187","https://archive.org/details/in.gazette.central.e.2019-07-15.207117","description","in.gazette.central.e.2019-07-15.207117","gazetteofindia;JaiGyan","Government of India","2019-07-15","Ministry of Environment, Forests and Climate Change","Not Applicable","WHEREAS a draft notification was published in the Gazette of India",,"https://editor.allmaps.org/images?url=https://iiif.archive.org/iiif/in.gazette.central.e.2019-07-15.207117/manifest.json&bg-preset=osm&bg-url=https://indianopenmaps.fly.dev/soi/osm/{z}/{x}/{y}.webp",,,,
"S.O. 253(E)","2016-01-18","Samaspur Wildlife Sanctuary","Q7408881","NONE",,,,,,,,,,,,,,
"S.O. 2535","2015-09-03","Kane Wildlife Sanctuary","Q130974168","NONE",,,,,,,,,,,,,,
"S.O. 2536","2015-09-17","Pant Wildlife Sanctuary","Q85846882","https://archive.org/details/in.gazette.central.e.2015-09-17.166345","title","in.gazette.central.e.2015-09-17.166345","gazetteofindia;JaiGyan","Government of India","2015-09-17","Ministry of Environment, Forests and Climate Change",,"The following draft of the notification, which the Central Government proposes to issue in exercise of the powers conferred by sub-section (1),read with clause (v) and clause (xiv) of sub-section (2) and sub-section (3) of section 3 of the Environment (Protection) Act, 1986 (29 of 1986) is hereby published,",,"https://editor.allmaps.org/images?url=https://iiif.archive.org/iiif/in.gazette.central.e.2015-09-17.166345/manifest.json&bg-preset=osm&bg-url=https://indianopenmaps.fly.dev/soi/osm/{z}/{x}/{y}.webp",,,,
"S.O. 2537","2015-09-17","Yangoupokpi Lokchao Wildlife Sanctuary","Q110460281","https://archive.org/details/in.gazette.central.e.2015-09-17.166272","title","in.gazette.central.e.2015-09-17.166272","gazetteofindia;JaiGyan","Government of India","2015-09-17","Ministry of Environment, Forests and Climate Change",,"The following draft of the notification which the Central Government proposes to issue in exercise of the powers conferred",,"https://editor.allmaps.org/images?url=https://iiif.archive.org/iiif/in.gazette.central.e.2015-09-17.166272/manifest.json&bg-preset=osm&bg-url=https://indianopenmaps.fly.dev/soi/osm/{z}/{x}/{y}.webp",,,,
"S.O. 2538 (E)","2017-08-09","Satpura Tiger Reserve","Q733659","https://archive.org/details/in.gazette.central.e.2017-08-09.178021","description","in.gazette.central.e.2017-08-09.178021","gazetteofindia;JaiGyan","Government of India","2017-08-09","Ministry of Environment, Forests and Climate Change","Not Applicable","WHEREAS a draft notification was published in the Gazette of India Extraordinary vide notification of the Government of the India in the Ministry of Environment",,"https://editor.allmaps.org/images?url=https://iiif.archive.org/iiif/in.gazette.central.e.2017-08-09.178021/manifest.json&bg-preset=osm&bg-url=https://indianopenmaps.fly.dev/soi/osm/{z}/{x}/{y}.webp",,,,
"S.O. 2538","2015-09-17","Tale Wildlife Sanctuary","Q17033744","https://archive.org/details/in.gazette.central.e.2015-09-17.166238","title","in.gazette.central.e.2015-09-17.166238","gazetteofindia;JaiGyan","Government of India","2015-09-17","Ministry of Environment, Forests and Climate Change",,"The following draft of the notification, which the Central Government proposes to issue in exercise of the powers conferred by sub-section (1), read with clause (v) and clause (xiv) of sub-section (2) and sub-section (3) of section 3 of the Environment (Protection) Act, 1986",,"https://editor.allmaps.org/images?url=https://iiif.archive.org/iiif/in.gazette.central.e.2015-09-17.166238/manifest.json&bg-preset=osm&bg-url=https://indianopenmaps.fly.dev/soi/osm/{z}/{x}/{y}.webp",,,,
"S.O. 2539 (E)","2017-08-09","Kuldiha Wildlife Sanctuary","Q15723901","NONE",,,,,,,,,,,,,,
"S.O. 2539","2015-09-17","Daranghati Wildlife Sanctuary","Q5222092","https://archive.org/details/in.gazette.central.e.2015-09-17.166346","title","in.gazette.central.e.2015-09-17.166346","gazetteofindia;JaiGyan","Government of India","2015-09-17","Ministry of Environment, Forests and Climate Change",,"The following draft of the notification, which the Central Government proposes to issue in exercise of the powers conferred by sub-section (1), read with clause (v) and clause (xiv) of sub-section (2) and sub-section (3) of section 3 of the Environment (Protection) Act, 1986 (29 of 1986)",,"https://editor.allmaps.org/images?url=https://iiif.archive.org/iiif/in.gazette.central.e.2015-09-17.166346/manifest.json&bg-preset=osm&bg-url=https://indianopenmaps.fly.dev/soi/osm/{z}/{x}/{y}.webp",,,,
"S.O. 2540","2015-09-17","Kalesar National Park","Q2985156","https://archive.org/details/in.gazette.central.e.2015-09-17.166378","title","in.gazette.central.e.2015-09-17.166378","gazetteofindia;JaiGyan","Government of India","2015-09-17","Ministry of Environment, Forests and Climate Change",,"The following draft of the notification, which the Central Government proposes to issue in exercise of the powers conferred by sub-section (1), read with clause (v) and clause (xiv) of sub-section (2) and sub-section (3) of Section 3 of the Environment (Protection) Act, 1986 (29 of 1986) is hereby published, as required under",,"https://editor.allmaps.org/images?url=https://iiif.archive.org/iiif/in.gazette.central.e.2015-09-17.166378/manifest.json&bg-preset=osm&bg-url=https://indianopenmaps.fly.dev/soi/osm/{z}/{x}/{y}.webp",,,,
"S.O. 2541 (E)","2015-09-17","Sukhna Wildlife Sanctuary","Q23995986","https://archive.org/details/in.gazette.central.e.2015-09-17.166382","title","in.gazette.central.e.2015-09-17.166382","gazetteofindia;JaiGyan","Government of India","2015-09-17","Ministry of Environment, Forests and Climate Change",,"The following draft of the notification which the Central Government proposes to issue in exercise of the powers conferred",,"https://editor.allmaps.org/images?url=https://iiif.archive.org/iiif/in.gazette.central.e.2015-09-17.166382/manifest.json&bg-preset=osm&bg-url=https://indianopenmaps.fly.dev/soi/osm/{z}/{x}/{y}.webp",,,,
"S.O. 2542","2015-09-17","Todgarh Raoli Wildlife Sanctuary","Q24945625","NONE",,,,,,,,,,,,,,
"S.O. 2543","2015-09-15","Gandhi Sagar Wildlife Sanctuary","Q5520717","NONE",,,,,,,,,,,,,,
"S.O. 2544","2015-09-17","Umrer Karhandala Wildlife Sanctuary","Q16902313","https://archive.org/details/in.gazette.central.e.2015-09-17.166325","title","in.gazette.central.e.2015-09-17.166325","gazetteofindia;JaiGyan","Government of India","2015-09-17","Ministry of Environment, Forests and Climate Change",,"The following draft of the notification, which the Central Government proposes to issue in exercise of the powers conferred by sub-section (1), read with clause (v) and clause (xiv)",,"https://editor.allmaps.org/images?url=https://iiif.archive.org/iiif/in.gazette.central.e.2015-09-17.166325/manifest.json&bg-preset=osm&bg-url=https://indianopenmaps.fly.dev/soi/osm/{z}/{x}/{y}.webp",,,,
"S.O. 2561","2013-08-22","Marine National Park","Q2724481","https://archive.org/details/in.gazette.central.e.2013-08-22.004","title","in.gazette.central.e.2013-08-22.004","gazetteofindia;JaiGyan","Government of India","2013-08-22","Ministry of Environment and Forests",,"The Ministry of Environment and Forests No. S. O. 353(E) dt. 29 February, 2012 as required under sub-rule 3 of rule 5 of the inviting objections and suggestions from all persons.",,"https://editor.allmaps.org/images?url=https://iiif.archive.org/iiif/in.gazette.central.e.2013-08-22.004/manifest.json&bg-preset=osm&bg-url=https://indianopenmaps.fly.dev/soi/osm/{z}/{x}/{y}.webp",,,,
"S.O. 2561","2013-08-22","Marine Sanctuary","Q2724481","https://archive.org/details/in.gazette.central.e.2013-08-22.004","title","in.gazette.central.e.2013-08-22.004","gazetteofindia;JaiGyan","Government of India","2013-08-22","Ministry of Environment and Forests",,"The Ministry of Environment and Forests No. S. O. 353(E) dt. 29 February, 2012 as required under sub-rule 3 of rule 5 of the inviting objections and suggestions from all persons.",,"https://editor.allmaps.org/images?url=https://iiif.archive.org/iiif/in.gazette.central.e.2013-08-22.004/manifest.json&bg-preset=osm&bg-url=https://indianopenmaps.fly.dev/soi/osm/{z}/{x}/{y}.webp",,,,
"S.O. 2561","2013-08-22","Marine National and Marine Sanctuary",,,,,,,,,,,,,,,,
"S.O. 2566","2017-08-10","Tansa WLS","Q105847575","https://archive.org/details/in.gazette.central.e.2017-08-10.178009","description","in.gazette.central.e.2017-08-10.178009","gazetteofindia;JaiGyan","Government of India","2017-08-10","Ministry of Environment, Forests and Climate Change","Not Applicable","The following draft of the notification which the Central Government proposes to issue in exercise of the powers conferred by sub section",,"https://editor.allmaps.org/images?url=https://iiif.archive.org/iiif/in.gazette.central.e.2017-08-10.178009/manifest.json&bg-preset=osm&bg-url=https://indianopenmaps.fly.dev/soi/osm/{z}/{x}/{y}.webp",,,,
"S.O. 2567","2017-08-10","Tamhini WLS","WIKIPEDIA:maharashtra:tamhini-wildlife-sanctuary","https://archive.org/details/in.gazette.central.e.2017-08-10.178016","description","in.gazette.central.e.2017-08-10.178016","gazetteofindia;JaiGyan","Government of India","2017-08-10","Ministry of Environment, Forests and Climate Change","Not Applicable","The following draft of the notification which the Central Government proposes",,"https://editor.allmaps.org/images?url=https://iiif.archive.org/iiif/in.gazette.central.e.2017-08-10.178016/manifest.json&bg-preset=osm&bg-url=https://indianopenmaps.fly.dev/soi/osm/{z}/{x}/{y}.webp",,,,
"S.O. 2598","2015-09-22","Van Vihar Wildlife Sanctuary","Q134721122","NONE",,,,,,,,,,,,,,
"S.O. 2599","2015-09-22","Zeilad Wildlife Sanctuary","WIKIPEDIA:manipur:zeilad-wildlife-sanctuary","https://archive.org/details/in.gazette.central.e.2015-09-22.166330","title","in.gazette.central.e.2015-09-22.166330","gazetteofindia;JaiGyan","Government of India","2015-09-22","Ministry of Environment, Forests and Climate Change",,"The following draft of the notification, which the Central Government proposes to issue in exercise of the powers conferred by sub-section (1) read with clause (v) and clause (xiv)",,"https://editor.allmaps.org/images?url=https://iiif.archive.org/iiif/in.gazette.central.e.2015-09-22.166330/manifest.json&bg-preset=osm&bg-url=https://indianopenmaps.fly.dev/soi/osm/{z}/{x}/{y}.webp",,,,
"S.O. 2600","2015-09-22","Rajiv Gandhi Orang National Park","Q2989176","https://archive.org/details/in.gazette.central.e.2015-09-22.166383","title","in.gazette.central.e.2015-09-22.166383","gazetteofindia;JaiGyan","Government of India","2015-09-22","Ministry of Environment, Forests and Climate Change",,"The following draft of the notification, which the Central Government proposes to issue in exercise of the powers conferred by sub-section (1) read with clause",,"https://editor.allmaps.org/images?url=https://iiif.archive.org/iiif/in.gazette.central.e.2015-09-22.166383/manifest.json&bg-preset=osm&bg-url=https://indianopenmaps.fly.dev/soi/osm/{z}/{x}/{y}.webp",,,,
"S.O. 2601","2015-09-22","Kaimur Wildlife Sanctuary","Q15982945","https://archive.org/details/in.gazette.central.e.2015-09-22.166388","title","in.gazette.central.e.2015-09-22.166388","gazetteofindia;JaiGyan","Government of India","2015-09-22","Ministry of Environment, Forests and Climate Change",,"The following draft of the notification, which the Central Government proposes to issue in exercise of the powers conferred",,"https://editor.allmaps.org/images?url=https://iiif.archive.org/iiif/in.gazette.central.e.2015-09-22.166388/manifest.json&bg-preset=osm&bg-url=https://indianopenmaps.fly.dev/soi/osm/{z}/{x}/{y}.webp",,,,
"S.O. 2601","2015-09-22","Kaimur WLS, Mirzapur-SonbhadraESZ Notification",,,,,,,,,,,,,,,,
"S.O. 2605 (E)","2017-08-11","Ratapani WLS","Q7295480","https://archive.org/details/in.gazette.central.e.2017-08-11.178076","description","in.gazette.central.e.2017-08-11.178076","gazetteofindia;JaiGyan","Government of India","2017-08-11","Ministry of Environment, Forests and Climate Change","Not Applicable","WHEREAS a draft notification was published in the Gazette of India Extraordinary vide notification of the Government of the India in the Ministry of Environment Forest and Climate Change",,"https://editor.allmaps.org/images?url=https://iiif.archive.org/iiif/in.gazette.central.e.2017-08-11.178076/manifest.json&bg-preset=osm&bg-url=https://indianopenmaps.fly.dev/soi/osm/{z}/{x}/{y}.webp",,,,
"S.O. 2605 (E)","2017-08-11","Singhori WLS","Q136994694","https://archive.org/details/in.gazette.central.e.2017-08-11.178076","description","in.gazette.central.e.2017-08-11.178076","gazetteofindia;JaiGyan","Government of India","2017-08-11","Ministry of Environment, Forests and Climate Change","Not Applicable","WHEREAS a draft notification was published in the Gazette of India Extraordinary vide notification of the Government of the India in the Ministry of Environment Forest and Climate Change",,"https://editor.allmaps.org/images?url=https://iiif.archive.org/iiif/in.gazette.central.e.2017-08-11.178076/manifest.json&bg-preset=osm&bg-url=https://indianopenmaps.fly.dev/soi/osm/{z}/{x}/{y}.webp",,,,
"S.O. 2605 (E)","2017-08-11","Ratapani and Singhori WLS",,,,,,,,,,,,,,,,
"S.O. 2608(E)","2019-07-19","Keoladeo Wildlife","Q235878","NONE",,,,,,,,,,,,,,
"S.O. 2608","2015-09-23","Nahargarh Wildlife Sanctuary","Q134581467","NONE",,,,,,,,,,,,,,
"S.O. 2609","2015-09-22","Daroji Bear Sanctuary","Q17126760","NONE",,,,,,,,,,,,,,
"S.O. 262(E)","2018-01-16","Wild Ass Wildlife Sanctuary","Q1207543","https://archive.org/details/in.gazette.central.e.2018-01-16.182133","description","in.gazette.central.e.2018-01-16.182133","gazetteofindia;JaiGyan","Government of India","2018-01-16","Ministry of Environment, Forests and Climate Change","Not Applicable","The following draft of the notification which the Central Government proposes to issue in exercise of the powers conferred",,"https://editor.allmaps.org/images?url=https://iiif.archive.org/iiif/in.gazette.central.e.2018-01-16.182133/manifest.json&bg-preset=osm&bg-url=https://indianopenmaps.fly.dev/soi/osm/{z}/{x}/{y}.webp",,,,
"S.O. 2627(E)","2016-08-05","Nugu Wildlife Sanctuary","Q110078279","https://archive.org/details/in.gazette.central.e.2016-08-05.171144","description","in.gazette.central.e.2016-08-05.171144","gazetteofindia;JaiGyan","Government of India","2016-08-05","Ministry of Environment, Forests and Climate Change","Not Applicable","for the information of the public likely to be affected thereby and notice is hereby given that the said draft notification shall be taken into consideration",,"https://editor.allmaps.org/images?url=https://iiif.archive.org/iiif/in.gazette.central.e.2016-08-05.171144/manifest.json&bg-preset=osm&bg-url=https://indianopenmaps.fly.dev/soi/osm/{z}/{x}/{y}.webp",,,,
"S.O. 2628(E)","2016-08-05","Great Himalayan National Park Conservation Area","Q1544213","https://archive.org/details/in.gazette.central.e.2016-08-05.171211","title","in.gazette.central.e.2016-08-05.171211","gazetteofindia;JaiGyan","Government of India","2016-08-05","Ministry of Environment, Forests and Climate Change","Not Applicable","The following draft of the notification, which the Central Government proposes to issue in exercise of the powers conferred by subsection",,"https://editor.allmaps.org/images?url=https://iiif.archive.org/iiif/in.gazette.central.e.2016-08-05.171211/manifest.json&bg-preset=osm&bg-url=https://indianopenmaps.fly.dev/soi/osm/{z}/{x}/{y}.webp",,,,
"S.O. 2628(E)","2016-08-05","Khirganga National Park","Q31708713",,,,,,,,,,,,,,,
"S.O. 2628(E)","2016-08-05","Sainj Wildlife Sanctuary","WIKIPEDIA:himachal-pradesh:sainj-wildlife-sanctuary",,,,,,,,,,,,,,,
"S.O. 2628(E)","2016-08-05","Tirthan Wildlife Sanctuary","Q111169695",,,,,,,,,,,,,,,
"S.O. 2628(E)","2016-08-05","Great Himalayan National Park","Q1544213",,,,,,,,,,,,,,,
"S.O. 2629(E)","2016-08-05","Kinnerasani Wildlife Sanctuary","Q6414074","https://archive.org/details/in.gazette.central.e.2016-08-05.171241","title","in.gazette.central.e.2016-08-05.171241","gazetteofindia;JaiGyan","Government of India","2016-08-05","Ministry of Environment, Forests and Climate Change","Not Applicable","The following draft of the notification, which the Central Government proposes to issue in exercise of the powers conferred",,"https://editor.allmaps.org/images?url=https://iiif.archive.org/iiif/in.gazette.central.e.2016-08-05.171241/manifest.json&bg-preset=osm&bg-url=https://indianopenmaps.fly.dev/soi/osm/{z}/{x}/{y}.webp",,,,
"S.O. 2630(E)","2016-08-05","Mayureshwar Supe Wildlife Sanctuary","Q17072649","https://archive.org/details/in.gazette.central.e.2016-08-05.171154","title","in.gazette.central.e.2016-08-05.171154","gazetteofindia;JaiGyan","Government of India","2016-08-05","Ministry of Environment, Forests and Climate Change","Not Applicable","The following draft of the notification, which the Central Government proposes to issue in exercise of the powers conferred by subsection",,"https://editor.allmaps.org/images?url=https://iiif.archive.org/iiif/in.gazette.central.e.2016-08-05.171154/manifest.json&bg-preset=osm&bg-url=https://indianopenmaps.fly.dev/soi/osm/{z}/{x}/{y}.webp",,,,
"S.O. 2631(E)","2016-08-05","Biligirirangaswamy Temple Wildlife Sanctuary","Q106684744","https://archive.org/details/in.gazette.central.e.2016-08-05.171213","title","in.gazette.central.e.2016-08-05.171213","gazetteofindia;JaiGyan","Government of India","2016-08-05","Ministry of Environment, Forests and Climate Change","Not Applicable","The following draft of the notification, which the Central Government proposes to issue in exercise of the powers conferred by subsection",,"https://editor.allmaps.org/images?url=https://iiif.archive.org/iiif/in.gazette.central.e.2016-08-05.171213/manifest.json&bg-preset=osm&bg-url=https://indianopenmaps.fly.dev/soi/osm/{z}/{x}/{y}.webp",,,,
"S.O. 2631(E)","2020-08-06","Jaisamund Wildlife Sanctuary","Q11927133","NONE",,,,,,,,,,,,,,
"S.O. 2632(E)","2016-08-05","Chimmony Wildlife Sanctuary","Q6806784","https://archive.org/details/in.gazette.central.e.2016-08-05.171192","description","in.gazette.central.e.2016-08-05.171192","gazetteofindia;JaiGyan","Government of India","2016-08-05","Ministry of Environment, Forests and Climate Change","Not Applicable","The following draft of the notification which the Central Government proposes to issue in exercise of the powers conferred by sub section",,"https://editor.allmaps.org/images?url=https://iiif.archive.org/iiif/in.gazette.central.e.2016-08-05.171192/manifest.json&bg-preset=osm&bg-url=https://indianopenmaps.fly.dev/soi/osm/{z}/{x}/{y}.webp",,,,
"S.O. 2632(E)","2020-08-05","Krishna Wildlife Sanctuary","Q6437498","NONE",,,,,,,,,,,,,,
"S.O. 2633(E)","2016-08-05","Neyyar Sanctuaries",,"https://archive.org/details/in.gazette.central.e.2016-08-05.171194","description","in.gazette.central.e.2016-08-05.171194","gazetteofindia;JaiGyan","Government of India","2016-08-05","Ministry of Environment, Forests and Climate Change","Not Applicable","The following draft of the notification which the Central Government proposes to issue in exercise of the powers conferred by sub section 1 read with clause",,"https://editor.allmaps.org/images?url=https://iiif.archive.org/iiif/in.gazette.central.e.2016-08-05.171194/manifest.json&bg-preset=osm&bg-url=https://indianopenmaps.fly.dev/soi/osm/{z}/{x}/{y}.webp",,,,
"S.O. 2633(E)","2016-08-05","Peppara Wildlife Sanctuaries",,"https://archive.org/details/in.gazette.central.e.2016-08-05.171194","description","in.gazette.central.e.2016-08-05.171194","gazetteofindia;JaiGyan","Government of India","2016-08-05","Ministry of Environment, Forests and Climate Change","Not Applicable","The following draft of the notification which the Central Government proposes to issue in exercise of the powers conferred by sub section 1 read with clause",,"https://editor.allmaps.org/images?url=https://iiif.archive.org/iiif/in.gazette.central.e.2016-08-05.171194/manifest.json&bg-preset=osm&bg-url=https://indianopenmaps.fly.dev/soi/osm/{z}/{x}/{y}.webp",,,,
"S.O. 2633(E)","2016-08-05","Neyyar and Peppara Wildlife Sanctuaries",,,,,,,,,,,,,,,,
"S.O. 2633(E)","2020-08-05","Bhimashankar Wildlife","Q854971","NONE",,,,,,,,,,,,,,
"S.O. 2634(E)","2016-08-05","Idukki Wildlife Sanctuary","Q6808944","https://archive.org/details/in.gazette.central.e.2016-08-05.171195","description","in.gazette.central.e.2016-08-05.171195","gazetteofindia;JaiGyan","Government of India","2016-08-05","Ministry of Environment, Forests and Climate Change","Not Applicable","The following draft of the notification which the Central Government proposes to issue in exercise of the powers conferred by sub section 1 read with clause",,"https://editor.allmaps.org/images?url=https://iiif.archive.org/iiif/in.gazette.central.e.2016-08-05.171195/manifest.json&bg-preset=osm&bg-url=https://indianopenmaps.fly.dev/soi/osm/{z}/{x}/{y}.webp",,,,
"S.O. 2634(E)","2020-08-05","Malabar WLS","Q48727189","NONE",,,,,,,,,,,,,,
"S.O. 2634(E)","2020-08-05","Malabar Wildlife Sanctuary","Q48727189","NONE",,,,,,,,,,,,,,
"S.O. 2634(E)","2020-08-05","Malabar WLS, Kerala","Q48727189",,,,,,,,,,,,,,,
"S.O. 2634(E)","2020-08-05","Malabar Wildlife Sanctuary, Kerala (Malayalam version) (Disclaimer: The contents of this publication are purely on the basis of submission made by the State Government of Kerala vide its letter No. D2/85/2021/FWLD, dated 04/02/2022. In case there are any discrepancy in this Malayalam version, the English version of the draft ESZ Notification published vide S.O.No.2634(E) dated 05.08.2020 (ESZ around Malabar Wildlife Sanctuary) shall prevail.)",,,,,,,,,,,,,,,,
"S.O. 2635(E)","2016-08-05","Bhadra Wildlife Sanctuary","Q4900541","https://archive.org/details/in.gazette.central.e.2016-08-05.171237","title","in.gazette.central.e.2016-08-05.171237","gazetteofindia;JaiGyan","Government of India","2016-08-05","Ministry of Environment, Forests and Climate Change","Not Applicable","The following draft of the notification, which the Central Government proposes to issue in exercise of the powers conferred by subsection",,"https://editor.allmaps.org/images?url=https://iiif.archive.org/iiif/in.gazette.central.e.2016-08-05.171237/manifest.json&bg-preset=osm&bg-url=https://indianopenmaps.fly.dev/soi/osm/{z}/{x}/{y}.webp",,,,
"S.O. 2636(E)","2016-08-05","Chinchioli Wildlife Sanctuary","Q109974015","https://archive.org/details/in.gazette.central.e.2016-08-05.171210","title","in.gazette.central.e.2016-08-05.171210","gazetteofindia;JaiGyan","Government of India","2016-08-05","Ministry of Environment, Forests and Climate Change","Not Applicable","The following draft of the notification, which the Central Government proposes to issue in exercise of the powers conferred by subsection",,"https://editor.allmaps.org/images?url=https://iiif.archive.org/iiif/in.gazette.central.e.2016-08-05.171210/manifest.json&bg-preset=osm&bg-url=https://indianopenmaps.fly.dev/soi/osm/{z}/{x}/{y}.webp",,,,
"S.O. 2637(E)","2016-08-05","Parambikulam Tiger Reserve","Q3635169","https://archive.org/details/in.gazette.central.e.2016-08-05.171212","title","in.gazette.central.e.2016-08-05.171212","gazetteofindia;JaiGyan","Government of India","2016-08-05","Ministry of Environment, Forests and Climate Change","Not Applicable","The following draft of the notification, which the Central Government proposes to issue in exercise of the powers conferred by subsection",,"https://editor.allmaps.org/images?url=https://iiif.archive.org/iiif/in.gazette.central.e.2016-08-05.171212/manifest.json&bg-preset=osm&bg-url=https://indianopenmaps.fly.dev/soi/osm/{z}/{x}/{y}.webp",,,,
"S.O. 2638(E)","2016-08-05","Abohar Wildlife Sanctuary","Q110078182","https://archive.org/details/in.gazette.central.e.2016-08-05.171156","title","in.gazette.central.e.2016-08-05.171156","gazetteofindia;JaiGyan","Government of India","2016-08-05","Ministry of Environment, Forests and Climate Change","Not Applicable","WHEREAS, a draft notification was published in the Gazette of India, Extraordinary, vide notification of the Government of the India in the Ministry of Environment, Forest and Climate Change",,"https://editor.allmaps.org/images?url=https://iiif.archive.org/iiif/in.gazette.central.e.2016-08-05.171156/manifest.json&bg-preset=osm&bg-url=https://indianopenmaps.fly.dev/soi/osm/{z}/{x}/{y}.webp",,,,
"S.O. 2639(E)","2016-08-05","Eagle Nest Wildlife Sanctuary","Q3471771","https://archive.org/details/in.gazette.central.e.2016-08-05.171207","title","in.gazette.central.e.2016-08-05.171207","gazetteofindia;JaiGyan","Government of India","2016-08-05","Ministry of Environment, Forests and Climate Change","Not Applicable","The following draft of the notification, which the Central Government proposes to issue in exercise of the powers conferred by subsection",,"https://editor.allmaps.org/images?url=https://iiif.archive.org/iiif/in.gazette.central.e.2016-08-05.171207/manifest.json&bg-preset=osm&bg-url=https://indianopenmaps.fly.dev/soi/osm/{z}/{x}/{y}.webp",,,,
"S.O. 2641(E)","2020-08-28","Kesarbagh","Q135933288","NONE",,,,,,,,,,,,,,
"S.O. 2662(E)","2019-07-25","Bhimashankar Wildlife","Q854971","NONE",,,,,,,,,,,,,,
"S.O. 2669","2017-08-17","Dinosaur National Park","Q135111713","https://archive.org/details/in.gazette.central.e.2017-08-17.178192","description","in.gazette.central.e.2017-08-17.178192","gazetteofindia;JaiGyan","Government of India","2017-08-17","Ministry of Environment, Forests and Climate Change","Not Applicable","WHEREAS a draft notification was published in the Gazette of India Extraordinary",,"https://editor.allmaps.org/images?url=https://iiif.archive.org/iiif/in.gazette.central.e.2017-08-17.178192/manifest.json&bg-preset=osm&bg-url=https://indianopenmaps.fly.dev/soi/osm/{z}/{x}/{y}.webp",,,,
"S.O. 2681(E)","2019-07-25","Lakhary Wildlife Santuary","Q15725165","NONE",,,,,,,,,,,,,,
"S.O. 2699","2015-10-05","Jaisamund Wildlife Sanctuary","Q11927133","https://archive.org/details/in.gazette.central.e.2015-10-05.165988","description","in.gazette.central.e.2015-10-05.165988","gazetteofindia;JaiGyan","Government of India","2015-10-05","Ministry of Environment, Forests and Climate Change",,"The following draft of the notification, which the Central Government proposes to issue in exercise of the powers conferred by sub-section (1), read with clause (v) and clause (xiv) of sub-section (2) and sub-section (3) of Section 3 of the Environment (Protection)",,"https://editor.allmaps.org/images?url=https://iiif.archive.org/iiif/in.gazette.central.e.2015-10-05.165988/manifest.json&bg-preset=osm&bg-url=https://indianopenmaps.fly.dev/soi/osm/{z}/{x}/{y}.webp",,,,
"S.O. 27(E)","2019-01-03","Anerdam Wildlife Sanctuary","Q107404544","NONE",,,,,,,,,,,,,,
"S.O. 27(E)","2019-01-03","Zone around Anerdam Wildlife Sanctuary, Maharashtra",,,,,,,,,,,,,,,,
"S.O. 2700","2015-10-05","Ghatigoan Hukna Wildlife Sanctuary",,"https://archive.org/details/in.gazette.central.e.2015-10-05.165970","description","in.gazette.central.e.2015-10-05.165970","gazetteofindia;JaiGyan","Government of India","2015-10-05","Ministry of Environment, Forests and Climate Change",,"The following draft of the notification, which the Central Government proposes to issue in exercise of the powers conferred by sub-section (1), read with clause (v) and clause (xiv) of sub-section (2) and sub-section (3) of Section 3 of the Environment (Protection) Act, 1986 (29 of 1986) is hereby published",,"https://editor.allmaps.org/images?url=https://iiif.archive.org/iiif/in.gazette.central.e.2015-10-05.165970/manifest.json&bg-preset=osm&bg-url=https://indianopenmaps.fly.dev/soi/osm/{z}/{x}/{y}.webp",,,,
"S.O. 2733","2017-08-22","Cauvery Wildlife Sanctuary","Q5054715","https://archive.org/details/in.gazette.central.e.2017-08-22.178284","title","in.gazette.central.e.2017-08-22.178284","gazetteofindia;JaiGyan","Government of India","2017-08-22","Ministry of Environment, Forests and Climate Change","Not Applicable","WHEREAS, a draft notification was published in the Gazette of India, Extraordinary, vide notification of the Government of the India",,"https://editor.allmaps.org/images?url=https://iiif.archive.org/iiif/in.gazette.central.e.2017-08-22.178284/manifest.json&bg-preset=osm&bg-url=https://indianopenmaps.fly.dev/soi/osm/{z}/{x}/{y}.webp",,,,
"S.O. 2734","2017-08-22","Jaldapara National Park","Q3350362","https://archive.org/details/in.gazette.central.e.2017-08-22.178310","description","in.gazette.central.e.2017-08-22.178310","gazetteofindia;JaiGyan","Government of India","2017-08-22","Ministry of Environment, Forests and Climate Change","Not Applicable","WHEREAS, a draft notification was published in the Gazette of India, Extraordinary, vide notification of Government",,"https://editor.allmaps.org/images?url=https://iiif.archive.org/iiif/in.gazette.central.e.2017-08-22.178310/manifest.json&bg-preset=osm&bg-url=https://indianopenmaps.fly.dev/soi/osm/{z}/{x}/{y}.webp",,,,
"S.O. 2735","2017-08-22","Kusheshwar Asthan Bird Sanctuary","Q135350403","https://archive.org/details/in.gazette.central.e.2017-08-22.178315","title","in.gazette.central.e.2017-08-22.178315","gazetteofindia;JaiGyan","Government of India","2017-08-22","Ministry of Environment, Forests and Climate Change","Not Applicable","WHEREAS, a draft notification was published in the Gazette of India, Extraordinary, vide notification of the Government of the India",,"https://editor.allmaps.org/images?url=https://iiif.archive.org/iiif/in.gazette.central.e.2017-08-22.178315/manifest.json&bg-preset=osm&bg-url=https://indianopenmaps.fly.dev/soi/osm/{z}/{x}/{y}.webp",,,,
"S.O. 2765(E)","2021-07-09","Valmiki Wildlife Sanctuary","Q2428291","NONE",,,,,,,,,,,,,,
"S.O. 2765(E)","2021-07-09","Valmiki National Park","Q2428291","NONE",,,,,,,,,,,,,,
"S.O. 2765(E)","2021-07-09","Valmiki Tiger Reserve","Q2428291","NONE",,,,,,,,,,,,,,
"S.O. 2765(E)","2021-07-09","Valmiki Wildlife Sanctuary Valmiki National Park and Valmiki Tiger Reserve",,,,,,,,,,,,,,,,
"S.O. 277(E)","2018-01-17","Inderkila National Park","Q31708488","https://archive.org/details/in.gazette.central.e.2018-01-17.182147","description","in.gazette.central.e.2018-01-17.182147","gazetteofindia;JaiGyan","Government of India","2018-01-17","Ministry of Environment, Forests and Climate Change","Not Applicable","Whereas a draft notification was published in the Gazette of India Extraordinary vide notification of the Government of the India in the Ministry of Environment",,"https://editor.allmaps.org/images?url=https://iiif.archive.org/iiif/in.gazette.central.e.2018-01-17.182147/manifest.json&bg-preset=osm&bg-url=https://indianopenmaps.fly.dev/soi/osm/{z}/{x}/{y}.webp",,,,
"S.O. 2771(E)","2020-08-13","Mathikettan Shola WLS","Q3091867","NONE",,,,,,,,,,,,,,
"S.O. 2772(E)","2020-08-13","Idukki WLS","Q6808944","NONE",,,,,,,,,,,,,,
"S.O. 2773(E)","2019-08-01","Gangaikondan Spotted Deer Sanctuary","Q122363292","https://archive.org/details/in.gazette.central.e.2019-08-01.210076","description","in.gazette.central.e.2019-08-01.210076","gazetteofindia;JaiGyan","Government of India","2019-08-01","Ministry of Environment, Forests and Climate Change","Not Applicable","WHEREAS a draft notification was published in the Gazette of India Extraordinar",,"https://editor.allmaps.org/images?url=https://iiif.archive.org/iiif/in.gazette.central.e.2019-08-01.210076/manifest.json&bg-preset=osm&bg-url=https://indianopenmaps.fly.dev/soi/osm/{z}/{x}/{y}.webp",,,,
"S.O. 2774(E)","2019-08-01","Bird Sanctuary Jharkhand",,"https://archive.org/details/in.gazette.central.e.2019-08-01.210037","description","in.gazette.central.e.2019-08-01.210037","gazetteofindia;JaiGyan","Government of India","2019-08-01","Ministry of Environment, Forests and Climate Change","Not Applicable","WHEREAS, a draft notification was published in the Gazette of India, Extraordinary, vide notification of the Government",,"https://editor.allmaps.org/images?url=https://iiif.archive.org/iiif/in.gazette.central.e.2019-08-01.210037/manifest.json&bg-preset=osm&bg-url=https://indianopenmaps.fly.dev/soi/osm/{z}/{x}/{y}.webp",,,,
"S.O. 2775(E)","2019-08-01","Hazaribagh Wildlife","Q3595683","https://archive.org/details/in.gazette.central.e.2019-08-01.210080","description","in.gazette.central.e.2019-08-01.210080","gazetteofindia;JaiGyan","Government of India","2019-08-01","Ministry of Environment, Forests and Climate Change","Not Applicable","WHEREAS a draft notification was published in the Gazette of India Extraordinary",,"https://editor.allmaps.org/images?url=https://iiif.archive.org/iiif/in.gazette.central.e.2019-08-01.210080/manifest.json&bg-preset=osm&bg-url=https://indianopenmaps.fly.dev/soi/osm/{z}/{x}/{y}.webp",,,,
"S.O. 2776 (E)","2021-07-12","Nokrek National Park","Q3174875","NONE",,,,,,,,,,,,,,
"S.O. 2776 (E)","2021-07-12","Nokrek National Park, Meghalaya","Q3174875",,,,,,,,,,,,,,,
"S.O. 2776(E)","2019-08-01","Sandi Bird Sanctuary","Q7416307","https://archive.org/details/in.gazette.central.e.2019-08-01.209982","description","in.gazette.central.e.2019-08-01.209982","gazetteofindia;JaiGyan","Government of India","2019-08-01","Ministry of Environment, Forests and Climate Change","Not Applicable","WHEREAS a draft notification was published in the Gazette of India Extraordinary vide notification of the Government of India in the Ministry of Environment",,"https://editor.allmaps.org/images?url=https://iiif.archive.org/iiif/in.gazette.central.e.2019-08-01.209982/manifest.json&bg-preset=osm&bg-url=https://indianopenmaps.fly.dev/soi/osm/{z}/{x}/{y}.webp",,,,
"S.O. 2777(E)","2021-07-12","Rupi Bhabha Wildlife Sanctuary","Q136289123","NONE",,,,,,,,,,,,,,
"S.O. 278(E)","2018-01-17","Tipeshwar WLS","Q106673573","https://archive.org/details/in.gazette.central.e.2018-01-17.182455","description","in.gazette.central.e.2018-01-17.182455","gazetteofindia;JaiGyan","Government of India","2018-01-17","Ministry of Environment, Forests and Climate Change","Not Applicable","In supersession of Ministry s draft notification S O 72 E dated 7th January 2016 the following draft of the notification",,"https://editor.allmaps.org/images?url=https://iiif.archive.org/iiif/in.gazette.central.e.2018-01-17.182455/manifest.json&bg-preset=osm&bg-url=https://indianopenmaps.fly.dev/soi/osm/{z}/{x}/{y}.webp",,,,
"S.O. 2794(E)","2019-08-05","Nellai Wildlife","Q111181635","https://archive.org/details/in.gazette.central.e.2019-08-05.210390","description","in.gazette.central.e.2019-08-05.210390","gazetteofindia;JaiGyan","Government of India","2019-08-05","Ministry of Environment, Forests and Climate Change","Not Applicable","WHEREAS a draft notification was published in the Gazette of India Extraordinary",,"https://editor.allmaps.org/images?url=https://iiif.archive.org/iiif/in.gazette.central.e.2019-08-05.210390/manifest.json&bg-preset=osm&bg-url=https://indianopenmaps.fly.dev/soi/osm/{z}/{x}/{y}.webp",,,,
"S.O. 2795(E)","2019-08-05","Parasnath Sanctuary","WIKIPEDIA:jharkhand:parasnath-wildlife-sanctuary","https://archive.org/details/in.gazette.central.e.2019-08-05.210359","description","in.gazette.central.e.2019-08-05.210359","gazetteofindia;JaiGyan","Government of India","2019-08-05","Ministry of Environment, Forests and Climate Change","Not Applicable","WHEREAS, a draft notification was published in the Gazette of India, Extraordinary",,"https://editor.allmaps.org/images?url=https://iiif.archive.org/iiif/in.gazette.central.e.2019-08-05.210359/manifest.json&bg-preset=osm&bg-url=https://indianopenmaps.fly.dev/soi/osm/{z}/{x}/{y}.webp",,,,
"S.O. 2795(E)","2019-08-05","Topchanachi Sanctuary","Q116169552","https://archive.org/details/in.gazette.central.e.2019-08-05.210359","description","in.gazette.central.e.2019-08-05.210359","gazetteofindia;JaiGyan","Government of India","2019-08-05","Ministry of Environment, Forests and Climate Change","Not Applicable","WHEREAS, a draft notification was published in the Gazette of India, Extraordinary",,"https://editor.allmaps.org/images?url=https://iiif.archive.org/iiif/in.gazette.central.e.2019-08-05.210359/manifest.json&bg-preset=osm&bg-url=https://indianopenmaps.fly.dev/soi/osm/{z}/{x}/{y}.webp",,,,
"S.O. 2795(E)","2019-08-05","Parasnath and Topchanachi Sanctuary",,,,,,,,,,,,,,,,
"S.O. 2796(E)","2019-08-05","Gauatam Buddha Sanctuary","WIKIPEDIA:jharkhand:gautam-budha-wildlife-sanctuary","https://archive.org/details/in.gazette.central.e.2019-08-05.210433","description","in.gazette.central.e.2019-08-05.210433","gazetteofindia;JaiGyan","Government of India","2019-08-05","Ministry of Environment, Forests and Climate Change","Not Applicable","WHEREAS a draft notification was published in the Gazette of India Extraordinary vide notification of the Government of India in the Ministry of Environment",,"https://editor.allmaps.org/images?url=https://iiif.archive.org/iiif/in.gazette.central.e.2019-08-05.210433/manifest.json&bg-preset=osm&bg-url=https://indianopenmaps.fly.dev/soi/osm/{z}/{x}/{y}.webp",,,,
"S.O. 2807","2015-10-13","Sajjangarh Wildlife Sanctuary","Q65068086","https://archive.org/details/in.gazette.central.e.2015-10-13.166299","description","in.gazette.central.e.2015-10-13.166299","gazetteofindia;JaiGyan","Government of India","2015-10-13","Ministry of Environment, Forests and Climate Change",,"The following draft of the notification, which the Central Government proposes to issue in exercise of the powers conferred by sub-section",,"https://editor.allmaps.org/images?url=https://iiif.archive.org/iiif/in.gazette.central.e.2015-10-13.166299/manifest.json&bg-preset=osm&bg-url=https://indianopenmaps.fly.dev/soi/osm/{z}/{x}/{y}.webp",,,,
"S.O. 2808","2015-10-13","Bassi Wildlife Sanctuary","Q4868136","https://archive.org/details/in.gazette.central.e.2015-10-13.166220","description","in.gazette.central.e.2015-10-13.166220","gazetteofindia;JaiGyan","Government of India","2015-10-13","Ministry of Environment, Forests and Climate Change",,"The following draft of the notification, which the Central Government proposes to issue in exercise of the powers conferred by sub-section",,"https://editor.allmaps.org/images?url=https://iiif.archive.org/iiif/in.gazette.central.e.2015-10-13.166220/manifest.json&bg-preset=osm&bg-url=https://indianopenmaps.fly.dev/soi/osm/{z}/{x}/{y}.webp",,,,
"S.O. 2809","2015-10-13","Keoladeo National Park","Q235878","https://archive.org/details/in.gazette.central.e.2015-10-13.166269","description","in.gazette.central.e.2015-10-13.166269","gazetteofindia;JaiGyan","Government of India","2015-10-13","Ministry of Environment, Forests and Climate Change",,"The following draft of the notification, which the Central Government proposes to issue in exercise of the powers conferred by sub-section",,"https://editor.allmaps.org/images?url=https://iiif.archive.org/iiif/in.gazette.central.e.2015-10-13.166269/manifest.json&bg-preset=osm&bg-url=https://indianopenmaps.fly.dev/soi/osm/{z}/{x}/{y}.webp",,,,
"S.O. 2810 (E)","2017-08-29","Manglavanam Bird Sanctuary","Q6748692","https://archive.org/details/in.gazette.central.e.2017-08-29.178395","description","in.gazette.central.e.2017-08-29.178395","gazetteofindia;JaiGyan","Government of India","2017-08-29","Ministry of Environment, Forests and Climate Change","Not Applicable","The following draft of the notification which the Central Government proposes to issue in exercise of the powers conferred by sub section",,"https://editor.allmaps.org/images?url=https://iiif.archive.org/iiif/in.gazette.central.e.2017-08-29.178395/manifest.json&bg-preset=osm&bg-url=https://indianopenmaps.fly.dev/soi/osm/{z}/{x}/{y}.webp",,,,
"S.O. 2811","2017-08-29","Sanjay National Park","Q3092341","https://archive.org/details/in.gazette.central.e.2017-08-29.178399","description","in.gazette.central.e.2017-08-29.178399","gazetteofindia;JaiGyan","Government of India","2017-08-29","Ministry of Environment, Forests and Climate Change","Not Applicable","WHEREAS a draft notification was published in the Gazette of India Extraordinary",,"https://editor.allmaps.org/images?url=https://iiif.archive.org/iiif/in.gazette.central.e.2017-08-29.178399/manifest.json&bg-preset=osm&bg-url=https://indianopenmaps.fly.dev/soi/osm/{z}/{x}/{y}.webp",,,,
"S.O. 2811","2017-08-29","Sanjay Dubari Wildlife Sanctuary",,"https://archive.org/details/in.gazette.central.e.2017-08-29.178399","description","in.gazette.central.e.2017-08-29.178399","gazetteofindia;JaiGyan","Government of India","2017-08-29","Ministry of Environment, Forests and Climate Change","Not Applicable","WHEREAS a draft notification was published in the Gazette of India Extraordinary",,"https://editor.allmaps.org/images?url=https://iiif.archive.org/iiif/in.gazette.central.e.2017-08-29.178399/manifest.json&bg-preset=osm&bg-url=https://indianopenmaps.fly.dev/soi/osm/{z}/{x}/{y}.webp",,,,
"S.O. 2811","2017-08-29","Sanjay National Park and Sanjay Dubari Wildlife Sanctuary",,,,,,,,,,,,,,,,
"S.O. 2859","2017-09-01","Kinnerasani Wildlife Sanctuary","Q6414074","https://archive.org/details/in.gazette.central.e.2017-09-01.178516","title","in.gazette.central.e.2017-09-01.178516","gazetteofindia;JaiGyan","Government of India","2017-09-01","Ministry of Environment, Forests and Climate Change","Not Applicable","WHEREAS, a draft notification was published in the Gazette of India, Extraordinary, vide notification of the Government of the India",,"https://editor.allmaps.org/images?url=https://iiif.archive.org/iiif/in.gazette.central.e.2017-09-01.178516/manifest.json&bg-preset=osm&bg-url=https://indianopenmaps.fly.dev/soi/osm/{z}/{x}/{y}.webp",,,,
"S.O. 2868","2015-10-19","Shergarh Wildlife Sanctuary","Q134610688","https://archive.org/details/in.gazette.central.e.2015-10-19.166391","description","in.gazette.central.e.2015-10-19.166391","gazetteofindia;JaiGyan","Government of India","2015-10-19","Ministry of Environment, Forests and Climate Change",,"The following draft of the notification, which the Central Government proposes to issue in exercise of the powers conferred by",,"https://editor.allmaps.org/images?url=https://iiif.archive.org/iiif/in.gazette.central.e.2015-10-19.166391/manifest.json&bg-preset=osm&bg-url=https://indianopenmaps.fly.dev/soi/osm/{z}/{x}/{y}.webp",,,,
"S.O. 2869","2015-10-19","Mookambika Wildlife Sanctuary","Q60744029","https://archive.org/details/in.gazette.central.e.2015-10-19.166387","description","in.gazette.central.e.2015-10-19.166387","gazetteofindia;JaiGyan","Government of India","2015-10-19","Ministry of Environment, Forests and Climate Change",,"The following draft of the notification, which the Central Government proposes to issue in exercise of the powers conferred by",,"https://editor.allmaps.org/images?url=https://iiif.archive.org/iiif/in.gazette.central.e.2015-10-19.166387/manifest.json&bg-preset=osm&bg-url=https://indianopenmaps.fly.dev/soi/osm/{z}/{x}/{y}.webp",,,,
"S.O. 2870","2015-10-19","Ramsagar Wildlife Sanctuary","Q135741931","https://archive.org/details/in.gazette.central.e.2015-10-19.166369","title","in.gazette.central.e.2015-10-19.166369","gazetteofindia;JaiGyan","Government of India","2015-10-19","Ministry of Environment, Forests and Climate Change",,"The following draft of the notification, which the Central Government proposes to issue in exercise of the powers conferred by sub-section (1), read with clause (v) and clause (xiv) of sub-section (2) and sub-section (3) of section 3 of the Environment (Protection) Act, 1986",,"https://editor.allmaps.org/images?url=https://iiif.archive.org/iiif/in.gazette.central.e.2015-10-19.166369/manifest.json&bg-preset=osm&bg-url=https://indianopenmaps.fly.dev/soi/osm/{z}/{x}/{y}.webp",,,,
"S.O. 2871","2015-10-19","Sitamata Wildlife Sanctuary","Q7531584","https://archive.org/details/in.gazette.central.e.2015-10-19.166395","description","in.gazette.central.e.2015-10-19.166395","gazetteofindia;JaiGyan","Government of India","2015-10-19","Ministry of Environment, Forests and Climate Change",,"The following draft of the notification, which the Central Government proposes to issue in exercise of the powers conferred by s",,"https://editor.allmaps.org/images?url=https://iiif.archive.org/iiif/in.gazette.central.e.2015-10-19.166395/manifest.json&bg-preset=osm&bg-url=https://indianopenmaps.fly.dev/soi/osm/{z}/{x}/{y}.webp",,,,
"S.O. 2877(E)","2023-03-03","Nokrek National Park","Q3174875","NONE",,,,,,,,,,,,,,
"S.O. 2893(E)","2019-08-09","Chinchioli Wildlife","Q109974015","https://archive.org/details/in.gazette.central.e.2019-08-09.210588","description","in.gazette.central.e.2019-08-09.210588","gazetteofindia;JaiGyan","Government of India","2019-08-09","Ministry of Environment, Forests and Climate Change","Not Applicable","WHEREAS a draft notification was published in the Gazette of India Extraordinary",,"https://editor.allmaps.org/images?url=https://iiif.archive.org/iiif/in.gazette.central.e.2019-08-09.210588/manifest.json&bg-preset=osm&bg-url=https://indianopenmaps.fly.dev/soi/osm/{z}/{x}/{y}.webp",,,,
"S.O. 2894(E)","2019-08-09","Karlapat Santuary","Q6372473","https://archive.org/details/in.gazette.central.e.2019-08-09.210577","description","in.gazette.central.e.2019-08-09.210577","gazetteofindia;JaiGyan","Government of India","2019-08-09","Ministry of Environment, Forests and Climate Change","Not Applicable","The following draft of the notification which the Central Government proposes to issue in exercise of the powers",,"https://editor.allmaps.org/images?url=https://iiif.archive.org/iiif/in.gazette.central.e.2019-08-09.210577/manifest.json&bg-preset=osm&bg-url=https://indianopenmaps.fly.dev/soi/osm/{z}/{x}/{y}.webp",,,,
"S.O. 2895(E)","2019-08-09","Kederma Wildlife Sanctuary","Q104822465","https://archive.org/details/in.gazette.central.e.2019-08-09.210576","description","in.gazette.central.e.2019-08-09.210576","gazetteofindia;JaiGyan","Government of India","2019-08-09","Ministry of Environment, Forests and Climate Change","Not Applicable","WHEREAS a draft notification was published in the Gazette of India Extraordinary vide notification of the Government of India in the Ministry of Environment",,"https://editor.allmaps.org/images?url=https://iiif.archive.org/iiif/in.gazette.central.e.2019-08-09.210576/manifest.json&bg-preset=osm&bg-url=https://indianopenmaps.fly.dev/soi/osm/{z}/{x}/{y}.webp",,,,
"S.O. 2896(E)","2019-08-09","Lawalong Sanctuary","Q105044248","https://archive.org/details/in.gazette.central.e.2019-08-09.210536","description","in.gazette.central.e.2019-08-09.210536","gazetteofindia;JaiGyan","Government of India","2019-08-09","Ministry of Environment, Forests and Climate Change","Not Applicable","WHEREAS a draft notification was published in the Gazette of India Extraordinary vide notificatio",,"https://editor.allmaps.org/images?url=https://iiif.archive.org/iiif/in.gazette.central.e.2019-08-09.210536/manifest.json&bg-preset=osm&bg-url=https://indianopenmaps.fly.dev/soi/osm/{z}/{x}/{y}.webp",,,,
"S.O. 2897(E)","2019-08-09","Palkot Wildlife Sanctuary","Q85791919","https://archive.org/details/in.gazette.central.e.2019-08-09.210574","description","in.gazette.central.e.2019-08-09.210574","gazetteofindia;JaiGyan","Government of India","2019-08-09","Ministry of Environment, Forests and Climate Change","Not Applicable","WHEREAS a draft notification was published in the Gazette of India Extraordinary vide notification of the Government of India in the Ministry of Environment",,"https://editor.allmaps.org/images?url=https://iiif.archive.org/iiif/in.gazette.central.e.2019-08-09.210574/manifest.json&bg-preset=osm&bg-url=https://indianopenmaps.fly.dev/soi/osm/{z}/{x}/{y}.webp",,,,
"S.O. 2898(E)","2019-08-09","Palamau Tiger Reserve","Q7126657","https://archive.org/details/in.gazette.central.e.2019-08-09.210575","description","in.gazette.central.e.2019-08-09.210575","gazetteofindia;JaiGyan","Government of India","2019-08-09","Ministry of Environment, Forests and Climate Change","Not Applicable","WHEREAS a draft notification was published in the Gazette of India Extraordinary vide notification of the Government of India in the Ministry of Environment",,"https://editor.allmaps.org/images?url=https://iiif.archive.org/iiif/in.gazette.central.e.2019-08-09.210575/manifest.json&bg-preset=osm&bg-url=https://indianopenmaps.fly.dev/soi/osm/{z}/{x}/{y}.webp",,,,
"S.O. 2905(E)","2016-09-09","Kottiyoor Wildlife Sanctuary","Q31708100","https://archive.org/details/in.gazette.central.e.2016-09-09.171720","title","in.gazette.central.e.2016-09-09.171720","gazetteofindia;JaiGyan","Government of India","2016-09-09","Ministry of Environment, Forests and Climate Change","Not Applicable","The following draft of the notification, which the Central Government proposes to issue in exercise of the powers conferred by subsection",,"https://editor.allmaps.org/images?url=https://iiif.archive.org/iiif/in.gazette.central.e.2016-09-09.171720/manifest.json&bg-preset=osm&bg-url=https://indianopenmaps.fly.dev/soi/osm/{z}/{x}/{y}.webp",,,,
"S.O. 2906(E)","2016-09-09","Chandaka Dampara Wildlife Sanctuary",,"https://archive.org/details/in.gazette.central.e.2016-09-09.171718","title","in.gazette.central.e.2016-09-09.171718","gazetteofindia;JaiGyan","Government of India","2016-09-09","Ministry of Environment, Forests and Climate Change","Not Applicable","WHEREAS, a draft notification was published by the government of India in the Ministry of Environment, Forest and Climate Change",,"https://editor.allmaps.org/images?url=https://iiif.archive.org/iiif/in.gazette.central.e.2016-09-09.171718/manifest.json&bg-preset=osm&bg-url=https://indianopenmaps.fly.dev/soi/osm/{z}/{x}/{y}.webp",,,,
"S.O. 2907(E)","2016-09-09","Sonai Rupai Wildlife Sanctuary","Q3490050","https://archive.org/details/in.gazette.central.e.2016-09-09.171721","title","in.gazette.central.e.2016-09-09.171721","gazetteofindia;JaiGyan","Government of India","2016-09-09","Ministry of Environment, Forests and Climate Change","Not Applicable","The following draft of the notification, which the Central Government proposes to issue in exercise of the powers conferred by subsection",,"https://editor.allmaps.org/images?url=https://iiif.archive.org/iiif/in.gazette.central.e.2016-09-09.171721/manifest.json&bg-preset=osm&bg-url=https://indianopenmaps.fly.dev/soi/osm/{z}/{x}/{y}.webp",,,,
"S.O. 2918(E)","2021-07-23","Nandini Wildlife Sanctuary","WIKIPEDIA:jammu-and-kashmir:nandini-wildlife-sanctuary","NONE",,,,,,,,,,,,,,
"S.O. 2926","2014-11-17","ranahita (Blackbuck) Widlife Sanctuar",,"https://archive.org/details/in.gazette.central.e.2014-11-17.161855","title","in.gazette.central.e.2014-11-17.161855","gazetteofindia;JaiGyan","Government of India","2014-11-17","Ministry of Environment and Forests","Climate Change Division","The Central Govt. hereby notifies an extent of area ranging from 0.1 kilometer to 5.0 kilometer from the boundary of the Pranahita Wildlife Sanctuary as an Eco-Sensitive Zone (hereinafter called as an Eco-Sensitive Zone) details of which are as under.",,"https://editor.allmaps.org/images?url=https://iiif.archive.org/iiif/in.gazette.central.e.2014-11-17.161855/manifest.json&bg-preset=osm&bg-url=https://indianopenmaps.fly.dev/soi/osm/{z}/{x}/{y}.webp",,,,
"S.O. 2926","2014-11-17","Pranahita Wildlife Sanctuary","Q19895392",,,,,,,,,,,,,,,
"S.O. 2927","2014-11-17","Dadra Nagar Haveli","Q115804851","https://archive.org/details/in.gazette.central.e.2014-11-17.161890","title","in.gazette.central.e.2014-11-17.161890","gazetteofindia;JaiGyan","Government of India","2014-11-17","Ministry of Environment and Forests","Climate Change Division","The Central Govt. hereby notifies an area up to One Hundred Metres (100 Metres) from the boundary of the protected area of Dadra and Nagar Haveli Wildlife Sanctuary on all sides or up to the right of way (Sanctuary side) of an existing road passing near the Sanctuary, whichever is less, as an Eco-Sensitive Zone details of which are as under.",,"https://editor.allmaps.org/images?url=https://iiif.archive.org/iiif/in.gazette.central.e.2014-11-17.161890/manifest.json&bg-preset=osm&bg-url=https://indianopenmaps.fly.dev/soi/osm/{z}/{x}/{y}.webp",,,,
"S.O. 2927","2014-11-17","Dadra and Nagar Haveli WLS","Q115804851",,,,,,,,,,,,,,,
"S.O. 2935(E)","2020-08-28","Kharmor (Sardarpur) Santuary","Q136994418","NONE",,,,,,,,,,,,,,
"S.O. 2936(E)","2020-08-28","Sri Penusila","Q24906034","NONE",,,,,,,,,,,,,,
"S.O. 2937(E)","2020-08-28","Ballavpur","Q4851306","NONE",,,,,,,,,,,,,,
"S.O. 2938(E)","2020-08-28","Mayureshwar Supe Wildlife Sanctuary","Q17072649","NONE",,,,,,,,,,,,,,
"S.O. 2938(E)","2020-08-28","Mayureshwar Supe Wildlife Sanctuary, Maharashtra","Q17072649",,,,,,,,,,,,,,,
"S.O. 2939 (E)","2017-09-06","Cuthbert Bay Wildlife Sanctuary","Q131632374","NONE",,,,,,,,,,,,,,
"S.O. 2939 (E)","2017-09-06","Cuthbert Bay Wildlife","Q131632374",,,,,,,,,,,,,,,
"S.O. 2939(E)","2020-08-24","Shendurney WLS","Q7494223","NONE",,,,,,,,,,,,,,
"S.O. 2939(E)","2020-08-24","Shendurney WLS, Kerala","Q7494223",,,,,,,,,,,,,,,
"S.O. 2940 (E)","2017-09-06","Adichunchanagiri Peacock Sanctuary","Q135455927","https://archive.org/details/in.gazette.central.e.2017-09-06.178707","title","in.gazette.central.e.2017-09-06.178707","gazetteofindia;JaiGyan","Government of India","2017-09-06","Ministry of Environment, Forests and Climate Change","Not Applicable","The following draft of the notification, which the Central Government proposes to issue in exercise of the powers conferred",,"https://editor.allmaps.org/images?url=https://iiif.archive.org/iiif/in.gazette.central.e.2017-09-06.178707/manifest.json&bg-preset=osm&bg-url=https://indianopenmaps.fly.dev/soi/osm/{z}/{x}/{y}.webp",,,,
"S.O. 2940(E)","2020-08-24","Kottiyoor WLS Kerala","Q31708100","NONE",,,,,,,,,,,,,,
"S.O. 2941 (E)","2017-09-06","Khijadiya Wildlife Sanctuary","Q2730580","https://archive.org/details/in.gazette.central.e.2017-09-06.178709","title","in.gazette.central.e.2017-09-06.178709","gazetteofindia;JaiGyan","Government of India","2017-09-06","Ministry of Environment, Forests and Climate Change","Not Applicable","The following draft of the notification, which the Central Government proposes to issue in exercise of the powers conferred",,"https://editor.allmaps.org/images?url=https://iiif.archive.org/iiif/in.gazette.central.e.2017-09-06.178709/manifest.json&bg-preset=osm&bg-url=https://indianopenmaps.fly.dev/soi/osm/{z}/{x}/{y}.webp",,,,
"S.O. 2941 (E)","2017-09-06","Khijadia Wildlife Sanctuary","Q2730580",,,,,,,,,,,,,,,
"S.O. 2942 (E)","2020-08-28","Someshwara Wildlife","Q7559997","NONE",,,,,,,,,,,,,,
"S.O. 2942","2017-09-06","Narpuh Wildlife Sanctuary","Q137223381","https://archive.org/details/in.gazette.central.e.2017-09-06.178646","title","in.gazette.central.e.2017-09-06.178646","gazetteofindia;JaiGyan","Government of India","2017-09-06","Ministry of Environment, Forests and Climate Change","Not Applicable","WHEREAS, a draft notification was published in the Gazette of India, Extraordinary, vide notification of the Government of the India",,"https://editor.allmaps.org/images?url=https://iiif.archive.org/iiif/in.gazette.central.e.2017-09-06.178646/manifest.json&bg-preset=osm&bg-url=https://indianopenmaps.fly.dev/soi/osm/{z}/{x}/{y}.webp",,,,
"S.O. 2943(E)","2020-08-28","Eagle Nest Wildlife Sanctuary","Q3471771","NONE",,,,,,,,,,,,,,
"S.O. 2943(E)","2020-08-28","Eagle Nest Wildlife","Q3471771",,,,,,,,,,,,,,,
"S.O. 2948(E)","2018-06-19","Udayamarthandapuram Bird Sanctuary","Q7877004","https://archive.org/details/in.gazette.central.e.2018-06-19.186613","description","in.gazette.central.e.2018-06-19.186613","gazetteofindia;JaiGyan","Government of India","2018-06-19","Ministry of Environment, Forests and Climate Change","Not Applicable","The following draft of the notification, which the Central Government proposes",,"https://editor.allmaps.org/images?url=https://iiif.archive.org/iiif/in.gazette.central.e.2018-06-19.186613/manifest.json&bg-preset=osm&bg-url=https://indianopenmaps.fly.dev/soi/osm/{z}/{x}/{y}.webp",,,,
"S.O. 2949(E)","2018-06-19","Koonthankulam Bird Sanctuary","Q2253195","NONE",,,,,,,,,,,,,,
"S.O. 2950(E)","2018-06-19","Khijadiya Wildlife Sanctuary","Q2730580","https://archive.org/details/in.gazette.central.e.2018-06-19.186612","description","in.gazette.central.e.2018-06-19.186612","gazetteofindia;JaiGyan","Government of India","2018-06-19","Ministry of Environment, Forests and Climate Change","Not Applicable","WHEREAS, a draft notification was published in the Gazette of India, Extraordinary, vide notification of the Government of the India in the Ministry of Environment, Forest",,"https://editor.allmaps.org/images?url=https://iiif.archive.org/iiif/in.gazette.central.e.2018-06-19.186612/manifest.json&bg-preset=osm&bg-url=https://indianopenmaps.fly.dev/soi/osm/{z}/{x}/{y}.webp",,,,
"S.O. 2991","2015-11-02","Barda Wildlife Sanctuary","Q4860066","https://archive.org/details/in.gazette.central.e.2015-11-02.166584","title","in.gazette.central.e.2015-11-02.166584","gazetteofindia;JaiGyan","Government of India","2015-11-02","Ministry of Environment, Forests and Climate Change",,"The following draft of the notification, which the Central Government proposes to issue in exercise of the powers conferred by sub-section (1), read with clause (v) and clause (xiv) of sub-section (2) and sub-section (3) of section 3 of the Environment (Protection) Act",,"https://editor.allmaps.org/images?url=https://iiif.archive.org/iiif/in.gazette.central.e.2015-11-02.166584/manifest.json&bg-preset=osm&bg-url=https://indianopenmaps.fly.dev/soi/osm/{z}/{x}/{y}.webp",,,,
"S.O. 2993 (E)","2017-09-12","Ramadevarabetta Vulture Sanctuary","Q112252443","https://archive.org/details/in.gazette.central.e.2017-09-12.178815","description","in.gazette.central.e.2017-09-12.178815","gazetteofindia;JaiGyan","Government of India","2017-09-12","Ministry of Environment, Forests and Climate Change","Not Applicable","WHEREAS, a draft notification was published the Government of the India in the Ministry of Environment, Forest",,"https://editor.allmaps.org/images?url=https://iiif.archive.org/iiif/in.gazette.central.e.2017-09-12.178815/manifest.json&bg-preset=osm&bg-url=https://indianopenmaps.fly.dev/soi/osm/{z}/{x}/{y}.webp",,,,
"S.O. 2994 (E)","2017-09-12","Neora Valley National Park","Q2985788","https://archive.org/details/in.gazette.central.e.2017-09-12.178811","description","in.gazette.central.e.2017-09-12.178811","gazetteofindia;JaiGyan","Government of India","2017-09-12","Ministry of Environment, Forests and Climate Change","Not Applicable","WHEREAS, a draft notification was published in the Gazette of India, Extraordinary, vide notification of the Government",,"https://editor.allmaps.org/images?url=https://iiif.archive.org/iiif/in.gazette.central.e.2017-09-12.178811/manifest.json&bg-preset=osm&bg-url=https://indianopenmaps.fly.dev/soi/osm/{z}/{x}/{y}.webp",,,,
"S.O. 2995 (E)","2017-09-12","Nahargarh Wildlife Sanctuary","Q134581467","https://archive.org/details/in.gazette.central.e.2017-09-12.178814","description","in.gazette.central.e.2017-09-12.178814","gazetteofindia;JaiGyan","Government of India","2017-09-12","Ministry of Environment, Forests and Climate Change","Not Applicable","The following draft of the notification, which the Central Government proposes to issue in exercise of the powers conferred",,"https://editor.allmaps.org/images?url=https://iiif.archive.org/iiif/in.gazette.central.e.2017-09-12.178814/manifest.json&bg-preset=osm&bg-url=https://indianopenmaps.fly.dev/soi/osm/{z}/{x}/{y}.webp",,,,
"S.O. 2996 (E)","2017-09-12","Asola Bhatti Wildlife Sanctuary","Q4807575","https://archive.org/details/in.gazette.central.e.2017-09-12.178813","description","in.gazette.central.e.2017-09-12.178813","gazetteofindia;JaiGyan","Government of India","2017-09-12","Ministry of Environment, Forests and Climate Change","Not Applicable","WHEREAS, a draft notification was published in the Gazette of India, Extraordinary, vide notification of the Government",,"https://editor.allmaps.org/images?url=https://iiif.archive.org/iiif/in.gazette.central.e.2017-09-12.178813/manifest.json&bg-preset=osm&bg-url=https://indianopenmaps.fly.dev/soi/osm/{z}/{x}/{y}.webp",,,,
"S.O. 300(E)","2019-01-14","Maharashtra",,"https://archive.org/details/in.gazette.central.e.2019-01-14.195599","description","in.gazette.central.e.2019-01-14.195599","gazetteofindia;JaiGyan","Government of India","2019-01-14","Ministry of Environment, Forests and Climate Change","Not Applicable","The following draft of the notification which the Central Government proposes to issue in exercise of the powers conferred by sub section",,"https://editor.allmaps.org/images?url=https://iiif.archive.org/iiif/in.gazette.central.e.2019-01-14.195599/manifest.json&bg-preset=osm&bg-url=https://indianopenmaps.fly.dev/soi/osm/{z}/{x}/{y}.webp",,,,
"S.O. 3014","2015-11-05","Gangewadi New Great Indian Bustard Wildlife Sanctuary","Q5599356","https://archive.org/details/in.gazette.central.e.2015-11-05.166647","description","in.gazette.central.e.2015-11-05.166647","gazetteofindia;JaiGyan","Government of India","2015-11-05","Ministry of Environment, Forests and Climate Change",,"The following draft of the notification, which the Central Government proposes to issue in exercise of the powers conferred by sub-section",,"https://editor.allmaps.org/images?url=https://iiif.archive.org/iiif/in.gazette.central.e.2015-11-05.166647/manifest.json&bg-preset=osm&bg-url=https://indianopenmaps.fly.dev/soi/osm/{z}/{x}/{y}.webp",,,,
"S.O. 3026 (E)","2017-09-13","Valmiki Wildlife Sanctuary","Q2428291","https://archive.org/details/in.gazette.central.e.2017-09-13.178943","description","in.gazette.central.e.2017-09-13.178943","gazetteofindia;JaiGyan","Government of India","2017-09-13","Ministry of Environment, Forests and Climate Change","Not Applicable","WHEREAS a draft notification was published in the Gazette of India Extraordinary vide notification of the Government of the India in the Ministry of Environment",,"https://editor.allmaps.org/images?url=https://iiif.archive.org/iiif/in.gazette.central.e.2017-09-13.178943/manifest.json&bg-preset=osm&bg-url=https://indianopenmaps.fly.dev/soi/osm/{z}/{x}/{y}.webp",,,,
"S.O. 3026 (E)","2017-09-13","Valmiki National Park","Q2428291","https://archive.org/details/in.gazette.central.e.2017-09-13.178943","description","in.gazette.central.e.2017-09-13.178943","gazetteofindia;JaiGyan","Government of India","2017-09-13","Ministry of Environment, Forests and Climate Change","Not Applicable","WHEREAS a draft notification was published in the Gazette of India Extraordinary vide notification of the Government of the India in the Ministry of Environment",,"https://editor.allmaps.org/images?url=https://iiif.archive.org/iiif/in.gazette.central.e.2017-09-13.178943/manifest.json&bg-preset=osm&bg-url=https://indianopenmaps.fly.dev/soi/osm/{z}/{x}/{y}.webp",,,,
"S.O. 3026 (E)","2017-09-13","Valmiki Tiger Reserve","Q2428291","https://archive.org/details/in.gazette.central.e.2017-09-13.178943","description","in.gazette.central.e.2017-09-13.178943","gazetteofindia;JaiGyan","Government of India","2017-09-13","Ministry of Environment, Forests and Climate Change","Not Applicable","WHEREAS a draft notification was published in the Gazette of India Extraordinary vide notification of the Government of the India in the Ministry of Environment",,"https://editor.allmaps.org/images?url=https://iiif.archive.org/iiif/in.gazette.central.e.2017-09-13.178943/manifest.json&bg-preset=osm&bg-url=https://indianopenmaps.fly.dev/soi/osm/{z}/{x}/{y}.webp",,,,
"S.O. 3026 (E)","2017-09-13","Valmiki Wildlife Sanctuary Valmiki National Park and Valmiki Tiger Reserve",,,,,,,,,,,,,,,,
"S.O. 3027 (E)","2017-09-13","Madhav National Park","Q2604975","https://archive.org/details/in.gazette.central.e.2017-09-13.179001","description","in.gazette.central.e.2017-09-13.179001","gazetteofindia;JaiGyan","Government of India","2017-09-13","Ministry of Environment, Forests and Climate Change","Not Applicable","WHEREAS, a draft notification was published in the Gazette of India, Extraordinary, vide notification of the Government",,"https://editor.allmaps.org/images?url=https://iiif.archive.org/iiif/in.gazette.central.e.2017-09-13.179001/manifest.json&bg-preset=osm&bg-url=https://indianopenmaps.fly.dev/soi/osm/{z}/{x}/{y}.webp",,,,
"S.O. 3028 (E)","2017-09-13","Bagdara Wildlife Sanctuary","Q131995100","https://archive.org/details/in.gazette.central.e.2017-09-13.178924","description","in.gazette.central.e.2017-09-13.178924","gazetteofindia;JaiGyan","Government of India","2017-09-13","Ministry of Environment, Forests and Climate Change","Not Applicable","WHEREAS a draft notification was published in the Gazette of India Extraordinary vide notification of the Government of the India in the Ministry of Environment",,"https://editor.allmaps.org/images?url=https://iiif.archive.org/iiif/in.gazette.central.e.2017-09-13.178924/manifest.json&bg-preset=osm&bg-url=https://indianopenmaps.fly.dev/soi/osm/{z}/{x}/{y}.webp",,,,
"S.O. 3029 (E)","2017-09-13","Pench National Park","WIKIPEDIA:maharashtra:pench-tiger-reserve","https://archive.org/details/in.gazette.central.e.2017-09-13.178844","description","in.gazette.central.e.2017-09-13.178844","gazetteofindia;JaiGyan","Government of India","2017-09-13","Ministry of Environment, Forests and Climate Change","Not Applicable","WHEREAS a draft notification for notifying Eco sensitive Zone around Pench National Park",,"https://editor.allmaps.org/images?url=https://iiif.archive.org/iiif/in.gazette.central.e.2017-09-13.178844/manifest.json&bg-preset=osm&bg-url=https://indianopenmaps.fly.dev/soi/osm/{z}/{x}/{y}.webp",,,,
"S.O. 3029 (E)","2017-09-13","Mansinghdeo Wildlife Sanctuary","WIKIPEDIA:maharashtra:mansingdeo-wildlife-sanctuary","https://archive.org/details/in.gazette.central.e.2017-09-13.178844","description","in.gazette.central.e.2017-09-13.178844","gazetteofindia;JaiGyan","Government of India","2017-09-13","Ministry of Environment, Forests and Climate Change","Not Applicable","WHEREAS a draft notification for notifying Eco sensitive Zone around Pench National Park",,"https://editor.allmaps.org/images?url=https://iiif.archive.org/iiif/in.gazette.central.e.2017-09-13.178844/manifest.json&bg-preset=osm&bg-url=https://indianopenmaps.fly.dev/soi/osm/{z}/{x}/{y}.webp",,,,
"S.O. 3029 (E)","2017-09-13","Pench National Park and the Mansinghdeo Wildlife Sanctuary",,,,,,,,,,,,,,,,
"S.O. 3030(E)","2020-09-07","Pranhita Wildlife Santuary","Q137801052","NONE",,,,,,,,,,,,,,
"S.O. 3030","2015-11-09","Vikramshila Gangetic Dolphin WLS","Q7929607","NONE",,,,,,,,,,,,,,
"S.O. 3031 (E)","2017-09-14","Malai Mahadeshwara Wildlife","Q24948250","https://archive.org/details/in.gazette.central.e.2017-09-14.178925","description","in.gazette.central.e.2017-09-14.178925","gazetteofindia;JaiGyan","Government of India","2017-09-14","Ministry of Environment, Forests and Climate Change","Not Applicable","WHEREAS a draft notification was published in the Gazette of India Extraordinary vide notification number SO 1274",,"https://editor.allmaps.org/images?url=https://iiif.archive.org/iiif/in.gazette.central.e.2017-09-14.178925/manifest.json&bg-preset=osm&bg-url=https://indianopenmaps.fly.dev/soi/osm/{z}/{x}/{y}.webp",,,,
"S.O. 3031 (E)","2020-09-07","Buxa Tiger Reserve","Q2340037","NONE",,,,,,,,,,,,,,
"S.O. 3032(E)","2020-09-07","Adichunchanagri Peacock Sanctuary","Q135455927","NONE",,,,,,,,,,,,,,
"S.O. 3033(E)","2019-08-23","Eagle Nest Wildlife Sanctuary","Q3471771","https://archive.org/details/in.gazette.central.e.2019-08-23.211511","description","in.gazette.central.e.2019-08-23.211511","gazetteofindia;JaiGyan","Government of India","2019-08-23","Ministry of Environment, Forests and Climate Change","Not Applicable","In supersession of Ministrys draft notification SO 2639E dated the 25th July, 2016 the following",,"https://editor.allmaps.org/images?url=https://iiif.archive.org/iiif/in.gazette.central.e.2019-08-23.211511/manifest.json&bg-preset=osm&bg-url=https://indianopenmaps.fly.dev/soi/osm/{z}/{x}/{y}.webp",,,,
"S.O. 3033(E)","2020-09-07","Manglavanam Bird Sanctuary","Q6748692","NONE",,,,,,,,,,,,,,
"S.O. 3034(E)","2020-09-07","Naigaon Mayur Santuary","WIKIPEDIA:maharashtra:naigaon-mayur-wildlife-sanctuary","NONE",,,,,,,,,,,,,,
"S.O. 304",,"Khangchendzonga National Park","Q2605019",,,,,,,,,,,,,,,
"S.O. 304",,"Khangchendzonga National Park","Q2605019",,,,,,,,,,,,,,,
"S.O. 304",,"Khangchendzonga National Park","Q2605019",,,,,,,,,,,,,,,
"S.O. 304",,"Khangchendzonga National Park","Q2605019",,,,,,,,,,,,,,,
"S.O. 304",,"Khangchendzonga National Park","Q2605019",,,,,,,,,,,,,,,
"S.O. 304",,"Khangchendzonga National Park","Q2605019",,,,,,,,,,,,,,,
"S.O. 304",,"Khangchendzonga National Park","Q2605019",,,,,,,,,,,,,,,
"S.O. 304",,"Khangchendzonga National Park","Q2605019",,,,,,,,,,,,,,,
"S.O. 304",,"Khangchendzonga National Park","Q2605019",,,,,,,,,,,,,,,
"S.O. 304",,"Khangchendzonga National Park","Q2605019",,,,,,,,,,,,,,,
"S.O. 304",,"Khangchendzonga National Park","Q2605019",,,,,,,,,,,,,,,
"S.O. 304",,"Khangchendzonga National Park","Q2605019",,,,,,,,,,,,,,,
"S.O. 304",,"Khangchendzonga National Park","Q2605019",,,,,,,,,,,,,,,
"S.O. 304",,"Khangchendzonga National Park","Q2605019",,,,,,,,,,,,,,,
"S.O. 304",,"Khangchendzonga National Park","Q2605019",,,,,,,,,,,,,,,
"S.O. 304",,"Khangchendzonga National Park","Q2605019",,,,,,,,,,,,,,,
"S.O. 304",,"Khangchendzonga National Park","Q2605019",,,,,,,,,,,,,,,
"S.O. 304",,"Khangchendzonga National Park","Q2605019",,,,,,,,,,,,,,,
"S.O. 304",,"Khangchendzonga National Park","Q2605019",,,,,,,,,,,,,,,
"S.O. 304",,"Khangchendzonga National Park","Q2605019",,,,,,,,,,,,,,,
"S.O. 304",,"Khangchendzonga National Park","Q2605019",,,,,,,,,,,,,,,
"S.O. 304",,"Khangchendzonga National Park","Q2605019",,,,,,,,,,,,,,,
"S.O. 304",,"Khangchendzonga National Park","Q2605019",,,,,,,,,,,,,,,
"S.O. 304",,"Khangchendzonga National Park","Q2605019",,,,,,,,,,,,,,,
"S.O. 304",,"Khangchendzonga National Park","Q2605019",,,,,,,,,,,,,,,
"S.O. 304",,"Khangchendzonga National Park","Q2605019",,,,,,,,,,,,,,,
"S.O. 304",,"Khangchendzonga National Park","Q2605019",,,,,,,,,,,,,,,
"S.O. 304",,"Khangchendzonga National Park","Q2605019",,,,,,,,,,,,,,,
"S.O. 304",,"Khangchendzonga National Park","Q2605019",,,,,,,,,,,,,,,
"S.O. 304",,"Khangchendzonga National Park","Q2605019",,,,,,,,,,,,,,,
"S.O. 304",,"Khangchendzonga National Park","Q2605019",,,,,,,,,,,,,,,
"S.O. 304",,"Khangchendzonga National Park","Q2605019",,,,,,,,,,,,,,,
"S.O. 304",,"Khangchendzonga National Park","Q2605019",,,,,,,,,,,,,,,
"S.O. 304",,"Khangchendzonga National Park","Q2605019",,,,,,,,,,,,,,,
"S.O. 304",,"Khangchendzonga National Park","Q2605019",,,,,,,,,,,,,,,
"S.O. 304",,"Khangchendzonga National Park","Q2605019",,,,,,,,,,,,,,,
"S.O. 304",,"Khangchendzonga National Park","Q2605019",,,,,,,,,,,,,,,
"S.O. 304",,"Khangchendzonga National Park","Q2605019",,,,,,,,,,,,,,,
"S.O. 304",,"Khangchendzonga National Park","Q2605019",,,,,,,,,,,,,,,
"S.O. 304",,"Khangchendzonga National Park","Q2605019",,,,,,,,,,,,,,,
"S.O. 304",,"Khangchendzonga National Park","Q2605019",,,,,,,,,,,,,,,
"S.O. 304",,"Khangchendzonga National Park","Q2605019",,,,,,,,,,,,,,,
"S.O. 304",,"Khangchendzonga National Park","Q2605019",,,,,,,,,,,,,,,
"S.O. 304",,"Khangchendzonga National Park","Q2605019",,,,,,,,,,,,,,,
"S.O. 304",,"Khangchendzonga National Park","Q2605019",,,,,,,,,,,,,,,
"S.O. 304",,"Khangchendzonga National Park","Q2605019",,,,,,,,,,,,,,,
"S.O. 304",,"Khangchendzonga National Park","Q2605019",,,,,,,,,,,,,,,
"S.O. 304",,"Khangchendzonga National Park","Q2605019",,,,,,,,,,,,,,,
"S.O. 304",,"Khangchendzonga National Park","Q2605019",,,,,,,,,,,,,,,
"S.O. 304",,"Khangchendzonga National Park","Q2605019",,,,,,,,,,,,,,,
"S.O. 304",,"Khangchendzonga National Park","Q2605019",,,,,,,,,,,,,,,
"S.O. 304",,"Khangchendzonga National Park","Q2605019",,,,,,,,,,,,,,,
"S.O. 304",,"Khangchendzonga National Park","Q2605019",,,,,,,,,,,,,,,
"S.O. 304",,"Khangchendzonga National Park","Q2605019",,,,,,,,,,,,,,,
"S.O. 304",,"Khangchendzonga National Park","Q2605019",,,,,,,,,,,,,,,
"S.O. 304",,"Khangchendzonga National Park","Q2605019",,,,,,,,,,,,,,,
"S.O. 304",,"Khangchendzonga National Park","Q2605019",,,,,,,,,,,,,,,
"S.O. 304",,"Khangchendzonga National Park","Q2605019",,,,,,,,,,,,,,,
"S.O. 3063 (E)","2017-09-18","Karera Wildlife Sanctuary","Q17064063","https://archive.org/details/in.gazette.central.e.2017-09-18.179011","description","in.gazette.central.e.2017-09-18.179011","gazetteofindia;JaiGyan","Government of India","2017-09-18","Ministry of Environment, Forests and Climate Change","Not Applicable","WHEREAS a draft notification was published in the Gazette of India Extraordinary vide notification of the Government of the India in the Ministry of Environment Forest and Climate",,"https://editor.allmaps.org/images?url=https://iiif.archive.org/iiif/in.gazette.central.e.2017-09-18.179011/manifest.json&bg-preset=osm&bg-url=https://indianopenmaps.fly.dev/soi/osm/{z}/{x}/{y}.webp",,,,
"S.O. 3064 (E)","2017-09-18","Ghughua Fossil National Park","Q5557523","https://archive.org/details/in.gazette.central.e.2017-09-18.179013","description","in.gazette.central.e.2017-09-18.179013","gazetteofindia;JaiGyan","Government of India","2017-09-18","Ministry of Environment, Forests and Climate Change","Not Applicable","WHEREAS a draft notification was published in the Gazette of India Extraordinary vide notification of the Government of the India in the Ministry of Environment Forest and Climate Change",,"https://editor.allmaps.org/images?url=https://iiif.archive.org/iiif/in.gazette.central.e.2017-09-18.179013/manifest.json&bg-preset=osm&bg-url=https://indianopenmaps.fly.dev/soi/osm/{z}/{x}/{y}.webp",,,,
"S.O. 3082 (E)","2017-09-21","Ken Garial Wildlife Sanctuary","Q65090978","https://archive.org/details/in.gazette.central.e.2017-09-21.179125","description","in.gazette.central.e.2017-09-21.179125","gazetteofindia;JaiGyan","Government of India","2017-09-21","Ministry of Environment, Forests and Climate Change","Not Applicable","WHEREAS, a draft notification was published in the Gazette of India, Extraordinary, vide notification",,"https://editor.allmaps.org/images?url=https://iiif.archive.org/iiif/in.gazette.central.e.2017-09-21.179125/manifest.json&bg-preset=osm&bg-url=https://indianopenmaps.fly.dev/soi/osm/{z}/{x}/{y}.webp",,,,
"S.O. 3083 (E)","2017-09-21","Porbander Bird Sanctuary Gujarat","Q7229958","https://archive.org/details/in.gazette.central.e.2017-09-21.179126","description","in.gazette.central.e.2017-09-21.179126","gazetteofindia;JaiGyan","Government of India","2017-09-21","Ministry of Environment, Forests and Climate Change","Not Applicable","The following draft of the notification, which the Central Government proposes to issue in exercise",,"https://editor.allmaps.org/images?url=https://iiif.archive.org/iiif/in.gazette.central.e.2017-09-21.179126/manifest.json&bg-preset=osm&bg-url=https://indianopenmaps.fly.dev/soi/osm/{z}/{x}/{y}.webp",,,,
"S.O. 3084 (E)","2017-09-21","Melukote Wildlife Sanctuary","Q137699195","https://archive.org/details/in.gazette.central.e.2017-09-21.179123","description","in.gazette.central.e.2017-09-21.179123","gazetteofindia;JaiGyan","Government of India","2017-09-21","Ministry of Environment, Forests and Climate Change","Not Applicable","WHEREAS, a draft notification was published in the Gazette of India, Extraordinary, vide notification",,"https://editor.allmaps.org/images?url=https://iiif.archive.org/iiif/in.gazette.central.e.2017-09-21.179123/manifest.json&bg-preset=osm&bg-url=https://indianopenmaps.fly.dev/soi/osm/{z}/{x}/{y}.webp",,,,
"S.O. 309","2014-02-04","Fambonglho Wildlife Sanctuary","Q3471769","https://archive.org/details/in.gazette.central.e.2014-02-04.158119","title","in.gazette.central.e.2014-02-04.158119","gazetteofindia;JaiGyan","Government of India","2014-02-04","Ministry of Environment and Forests",,"The Central Govt. is hereby given that the said draft notification shall be taken into consideration on or after the expiry of a period of sixty days from the date on which copies of the Gazette of India containing this notification are made available to the Public.",,"https://editor.allmaps.org/images?url=https://iiif.archive.org/iiif/in.gazette.central.e.2014-02-04.158119/manifest.json&bg-preset=osm&bg-url=https://indianopenmaps.fly.dev/soi/osm/{z}/{x}/{y}.webp",,,,
"S.O. 3099(E)","2016-09-30","Areas in the Union Territory of Andaman and Nicobar Island",,"https://archive.org/details/in.gazette.central.e.2016-09-30.172028","description","in.gazette.central.e.2016-09-30.172028","gazetteofindia;JaiGyan","Government of India","2016-09-30","Ministry of Environment, Forests and Climate Change","Not Applicable","Whereas a draft notification for declaring eco sensitive",,"https://editor.allmaps.org/images?url=https://iiif.archive.org/iiif/in.gazette.central.e.2016-09-30.172028/manifest.json&bg-preset=osm&bg-url=https://indianopenmaps.fly.dev/soi/osm/{z}/{x}/{y}.webp",,,,
"S.O. 3099(E)","2016-09-30","North Button Island National Park","Q3364468",,,,,,,,,,,,,,,
"S.O. 3099(E)","2016-09-30","Middle Button Island National Park","Q3364465",,,,,,,,,,,,,,,
"S.O. 3099(E)","2016-09-30","South Button Island National Park","Q770855",,,,,,,,,,,,,,,
"S.O. 3099(E)","2016-09-30","Rani Jhansi Marine National Park","Q1544313",,,,,,,,,,,,,,,
"S.O. 3099(E)","2016-09-30","Arial Wildlife Sanctuary","Q140306443",,,,,,,,,,,,,,,
"S.O. 3099(E)","2016-09-30","Bamboo Wildlife Sanctuary","Q135350428",,,,,,,,,,,,,,,
"S.O. 3099(E)","2016-09-30","Barren Wildlife Sanctuary",,,,,,,,,,,,,,,,
"S.O. 3099(E)","2016-09-30","Batti Malv Wildlife Sanctuary",,,,,,,,,,,,,,,,
"S.O. 3099(E)","2016-09-30","Belle Wildlife Sanctuary",,,,,,,,,,,,,,,,
"S.O. 3099(E)","2016-09-30","Bennette Wildlife Sanctuary",,,,,,,,,,,,,,,,
"S.O. 3099(E)","2016-09-30","Bingham Wildlife Sanctuary","WIKIPEDIA:andaman-and-nicobar-islands:bingham-island-wildlife-sanctuary",,,,,,,,,,,,,,,
"S.O. 3099(E)","2016-09-30","Blister Wildlife Sanctuary","WIKIPEDIA:andaman-and-nicobar-islands:blister-island-wildlife-sanctuary",,,,,,,,,,,,,,,
"S.O. 3099(E)","2016-09-30","Bluff Wildlife Sanctuary",,,,,,,,,,,,,,,,
"S.O. 3099(E)","2016-09-30","Bondoville Wildlife Sanctuary","WIKIPEDIA:andaman-and-nicobar-islands:bondoville-island-wildlife-sanctuary",,,,,,,,,,,,,,,
"S.O. 3099(E)","2016-09-30","Brush Wildlife Sanctuary",,,,,,,,,,,,,,,,
"S.O. 3099(E)","2016-09-30","Buchanan Wildlife Sanctuary","WIKIPEDIA:andaman-and-nicobar-islands:buchanan-island-wildlife-sanctuary",,,,,,,,,,,,,,,
"S.O. 3099(E)","2016-09-30","Channel Wildlife Sanctuary",,,,,,,,,,,,,,,,
"S.O. 3099(E)","2016-09-30","Cinque Island Wildlife Sanctuary","WIKIPEDIA:andaman-and-nicobar-islands:cinque-islands-wildlife-sanctuary",,,,,,,,,,,,,,,
"S.O. 3099(E)","2016-09-30","Clyde Wildlife Sanctuary",,,,,,,,,,,,,,,,
"S.O. 3099(E)","2016-09-30","Cone Wildlife Sanctuary",,,,,,,,,,,,,,,,
"S.O. 3099(E)","2016-09-30","Curlew Bp Wildlife Sanctuary",,,,,,,,,,,,,,,,
"S.O. 3099(E)","2016-09-30","Curlew Wildlife Sanctuary",,,,,,,,,,,,,,,,
"S.O. 3099(E)","2016-09-30","Defence Wildlife Sanctuary","WIKIPEDIA:andaman-and-nicobar-islands:defence-island-wildlife-sanctuary",,,,,,,,,,,,,,,
"S.O. 3099(E)","2016-09-30","Dot Wildlife Sanctuary",,,,,,,,,,,,,,,,
"S.O. 3099(E)","2016-09-30","Dotrell Wildlife Sanctuary",,,,,,,,,,,,,,,,
"S.O. 3099(E)","2016-09-30","Duncan Wildlife Sanctuary",,,,,,,,,,,,,,,,
"S.O. 3099(E)","2016-09-30","East Wildlife Sanctuary",,,,,,,,,,,,,,,,
"S.O. 3099(E)","2016-09-30","Egg Wildlife Sanctuary",,,,,,,,,,,,,,,,
"S.O. 3099(E)","2016-09-30","Entrance Wildlife Sanctuary","WIKIPEDIA:andaman-and-nicobar-islands:entrance-island-wildlife-sanctuary",,,,,,,,,,,,,,,
"S.O. 3099(E)","2016-09-30","Flat Wildlife Sanctuary",,,,,,,,,,,,,,,,
"S.O. 3099(E)","2016-09-30","Gander Wildlife Sanctuary",,,,,,,,,,,,,,,,
"S.O. 3099(E)","2016-09-30","Goose Wildlife Sanctuary",,,,,,,,,,,,,,,,
"S.O. 3099(E)","2016-09-30","Gurjan Wildlife Sanctuary",,,,,,,,,,,,,,,,
"S.O. 3099(E)","2016-09-30","Hump Wildlife Sanctuary",,,,,,,,,,,,,,,,
"S.O. 3099(E)","2016-09-30","Inglis Wildlife Sanctuary",,,,,,,,,,,,,,,,
"S.O. 3099(E)","2016-09-30","Interview Wildlife Sanctuary","WIKIPEDIA:andaman-and-nicobar-islands:interview-island",,,,,,,,,,,,,,,
"S.O. 3099(E)","2016-09-30","James Wildlife Sanctuary",,,,,,,,,,,,,,,,
"S.O. 3099(E)","2016-09-30","Jungle Wildlife Sanctuary",,,,,,,,,,,,,,,,
"S.O. 3099(E)","2016-09-30","Kwang Tung Wildlife Sanctuary","Q135012839",,,,,,,,,,,,,,,
"S.O. 3099(E)","2016-09-30","Kyd Wildlife Sanctuary",,,,,,,,,,,,,,,,
"S.O. 3099(E)","2016-09-30","Landfall Wildlife Sanctuary","WIKIPEDIA:andaman-and-nicobar-islands:landfall-island-wildlife-sanctuary",,,,,,,,,,,,,,,
"S.O. 3099(E)","2016-09-30","Latouche Wildlife Sanctuary","WIKIPEDIA:andaman-and-nicobar-islands:latouche-island-wildlife-sanctuary",,,,,,,,,,,,,,,
"S.O. 3099(E)","2016-09-30","Mangrove Wildlife Sanctuary","WIKIPEDIA:andaman-and-nicobar-islands:mangrove-island-wildlife-sanctuary",,,,,,,,,,,,,,,
"S.O. 3099(E)","2016-09-30","Mask Wildlife Sanctuary",,,,,,,,,,,,,,,,
"S.O. 3099(E)","2016-09-30","Mayo Wildlife Sanctuary",,,,,,,,,,,,,,,,
"S.O. 3099(E)","2016-09-30","Megapode Wildlife Sanctuary","WIKIPEDIA:andaman-and-nicobar-islands:megapode-island-wildlife-sanctuary",,,,,,,,,,,,,,,
"S.O. 3099(E)","2016-09-30","Montgomery Wildlife Sanctuary",,,,,,,,,,,,,,,,
"S.O. 3099(E)","2016-09-30","Narcondam Wildlife Sanctuary","WIKIPEDIA:andaman-and-nicobar-islands:narcondam-island",,,,,,,,,,,,,,,
"S.O. 3099(E)","2016-09-30","North Brother Wildlife Sanctuary",,,,,,,,,,,,,,,,
"S.O. 3099(E)","2016-09-30","North Reef Wildlife Sanctuary","WIKIPEDIA:andaman-and-nicobar-islands:north-reef-island-wildlife-sanctuary",,,,,,,,,,,,,,,
"S.O. 3099(E)","2016-09-30","North Wildlife Sanctuary",,,,,,,,,,,,,,,,
"S.O. 3099(E)","2016-09-30","Oliver Wildlife Sanctuary",,,,,,,,,,,,,,,,
"S.O. 3099(E)","2016-09-30","Orchid Wildlife Sanctuary",,,,,,,,,,,,,,,,
"S.O. 3099(E)","2016-09-30","Ox Wildlife Sanctuary",,,,,,,,,,,,,,,,
"S.O. 3099(E)","2016-09-30","Oyester I Wildlife Sanctuary",,,,,,,,,,,,,,,,
"S.O. 3099(E)","2016-09-30","Oyester II Wildlife Sanctuary",,,,,,,,,,,,,,,,
"S.O. 3099(E)","2016-09-30","Paget Wildlife Sanctuary",,,,,,,,,,,,,,,,
"S.O. 3099(E)","2016-09-30","Parkinson Wildlife Sanctuary","WIKIPEDIA:andaman-and-nicobar-islands:parkinson-island-wildlife-sanctuary",,,,,,,,,,,,,,,
"S.O. 3099(E)","2016-09-30","Passage Wildlife Sanctuary","WIKIPEDIA:andaman-and-nicobar-islands:passage-island-wildlife-sanctuary",,,,,,,,,,,,,,,
"S.O. 3099(E)","2016-09-30","Petric Wildlife Sanctuary",,,,,,,,,,,,,,,,
"S.O. 3099(E)","2016-09-30","Pitman Wildlife Sanctuary",,,,,,,,,,,,,,,,
"S.O. 3099(E)","2016-09-30","Peacock Wildlife Sanctuary","WIKIPEDIA:andaman-and-nicobar-islands:peacock-island-wildlife-sanctuary",,,,,,,,,,,,,,,
"S.O. 3099(E)","2016-09-30","Point Wildlife Sanctuary",,,,,,,,,,,,,,,,
"S.O. 3099(E)","2016-09-30","Potanma Wildlife Sanctuary",,,,,,,,,,,,,,,,
"S.O. 3099(E)","2016-09-30","Ranger Wildlife Sanctuary",,,,,,,,,,,,,,,,
"S.O. 3099(E)","2016-09-30","Reef Wildlife Sanctuary",,,,,,,,,,,,,,,,
"S.O. 3099(E)","2016-09-30","Roper Wildlife Sanctuary",,,,,,,,,,,,,,,,
"S.O. 3099(E)","2016-09-30","Ross Wildlife Sanctuary",,,,,,,,,,,,,,,,
"S.O. 3099(E)","2016-09-30","Rowe Wildlife Sanctuary",,,,,,,,,,,,,,,,
"S.O. 3099(E)","2016-09-30","Sandy Wildlife Sanctuary",,,,,,,,,,,,,,,,
"S.O. 3099(E)","2016-09-30","Sea Serpent Wildlife Sanctuary","WIKIPEDIA:andaman-and-nicobar-islands:sea-serpent-island-wildlife-sanctuary",,,,,,,,,,,,,,,
"S.O. 3099(E)","2016-09-30","Shark Wildlife Sanctuary",,,,,,,,,,,,,,,,
"S.O. 3099(E)","2016-09-30","Shearme Wildlife Sanctuary","WIKIPEDIA:andaman-and-nicobar-islands:shearme-island-wildlife-sanctuary",,,,,,,,,,,,,,,
"S.O. 3099(E)","2016-09-30","Sir Hugh Rose Wildlife Sanctuary","WIKIPEDIA:andaman-and-nicobar-islands:sir-hugh-rose-island-wildlife-sanctuary",,,,,,,,,,,,,,,
"S.O. 3099(E)","2016-09-30","Sisters Wildlife Sanctuary","WIKIPEDIA:andaman-and-nicobar-islands:sisters-island-wildlife-sanctuary",,,,,,,,,,,,,,,
"S.O. 3099(E)","2016-09-30","Snake Island Wildlife Sanctuary","WIKIPEDIA:andaman-and-nicobar-islands:snake-island-i-wildlife-sanctuary",,,,,,,,,,,,,,,
"S.O. 3099(E)","2016-09-30","Snake-I Wildlife Sanctuary","WIKIPEDIA:andaman-and-nicobar-islands:snake-island-i-wildlife-sanctuary",,,,,,,,,,,,,,,
"S.O. 3099(E)","2016-09-30","South Brother Wildlife Sanctuary",,,,,,,,,,,,,,,,
"S.O. 3099(E)","2016-09-30","South Reef Wildlife Sanctuary","WIKIPEDIA:andaman-and-nicobar-islands:south-reef-island-wildlife-sanctuary",,,,,,,,,,,,,,,
"S.O. 3099(E)","2016-09-30","South Sentinel Wildlife Sanctuary",,,,,,,,,,,,,,,,
"S.O. 3099(E)","2016-09-30","Spike II Wildlife Sanctuary",,,,,,,,,,,,,,,,
"S.O. 3099(E)","2016-09-30","Spike-I Wildlife Sanctuary","WIKIPEDIA:andaman-and-nicobar-islands:spike-island-i-wildlife-sanctuary",,,,,,,,,,,,,,,
"S.O. 3099(E)","2016-09-30","Stoat Wildlife Sanctuary",,,,,,,,,,,,,,,,
"S.O. 3099(E)","2016-09-30","Surat Wildlife Sanctuary",,,,,,,,,,,,,,,,
"S.O. 3099(E)","2016-09-30","Swamp Wildlife Sanctuary",,,,,,,,,,,,,,,,
"S.O. 3099(E)","2016-09-30","Table Dalgarno Wildlife Sanctuary",,,,,,,,,,,,,,,,
"S.O. 3099(E)","2016-09-30","Table(Excelsior) Wildlife Sanctuary","WIKIPEDIA:andaman-and-nicobar-islands:table-excelsior-island-wildlife-sanctuary",,,,,,,,,,,,,,,
"S.O. 3099(E)","2016-09-30","Talabaicha Wildlife Sanctuary","WIKIPEDIA:andaman-and-nicobar-islands:talabaicha-island-wildlife-sanctuary",,,,,,,,,,,,,,,
"S.O. 3099(E)","2016-09-30","Temple Wildlife Sanctuary",,,,,,,,,,,,,,,,
"S.O. 3099(E)","2016-09-30","Tillongchong Wildlife Sanctuary",,,,,,,,,,,,,,,,
"S.O. 3099(E)","2016-09-30","Tree Wildlife Sanctuary",,,,,,,,,,,,,,,,
"S.O. 3099(E)","2016-09-30","Trilby Wildlife Sanctuary",,,,,,,,,,,,,,,,
"S.O. 3099(E)","2016-09-30","Tuft Wildlife Sanctuary",,,,,,,,,,,,,,,,
"S.O. 3099(E)","2016-09-30","Turtle Wildlife Sanctuary",,,,,,,,,,,,,,,,
"S.O. 3099(E)","2016-09-30","West Wildlife Sanctuary",,,,,,,,,,,,,,,,
"S.O. 3099(E)","2016-09-30","Wharf Wildlife Sanctuary",,,,,,,,,,,,,,,,
"S.O. 3099(E)","2016-09-30","White Cliff Wildlife Sanctuary","WIKIPEDIA:andaman-and-nicobar-islands:white-cliff-island-wildlife-sanctuary",,,,,,,,,,,,,,,
"S.O. 3099","2015-11-17","Pong Dam Wildlife Sanctuary","Q125881279","https://archive.org/details/in.gazette.central.e.2015-11-17.166741","title","in.gazette.central.e.2015-11-17.166741","gazetteofindia;JaiGyan","Government of India","2015-11-17","Ministry of Environment, Forests and Climate Change",,"The following draft of the notification, which the Central Government proposes to issue in exercise of the powers conferred by sub-section (1), read with clause (v) and clause (xiv) of sub-section (2) and sub-section",,"https://editor.allmaps.org/images?url=https://iiif.archive.org/iiif/in.gazette.central.e.2015-11-17.166741/manifest.json&bg-preset=osm&bg-url=https://indianopenmaps.fly.dev/soi/osm/{z}/{x}/{y}.webp",,,,
"S.O. 3100(E)","2016-09-30","Bhindawas Wildlife Sanctuary","Q16155392","https://archive.org/details/in.gazette.central.e.2016-09-30.172025","description","in.gazette.central.e.2016-09-30.172025","gazetteofindia;JaiGyan","Government of India","2016-09-30","Ministry of Environment, Forests and Climate Change","Not Applicable","Whereas, a draft notification was published in the Gazette of India, Extraordinary, vide notification of the Government of the India in the",,"https://editor.allmaps.org/images?url=https://iiif.archive.org/iiif/in.gazette.central.e.2016-09-30.172025/manifest.json&bg-preset=osm&bg-url=https://indianopenmaps.fly.dev/soi/osm/{z}/{x}/{y}.webp",,,,
"S.O. 3101(E)","2015-11-17","Daying Ering Wildlife Sanctuary","Q85755050","https://archive.org/details/in.gazette.central.e.2015-11-17.166766","title","in.gazette.central.e.2015-11-17.166766","gazetteofindia;JaiGyan","Government of India","2015-11-17","Ministry of Environment, Forests and Climate Change",,"The following draft of the notification, which the Central Government proposes to issue in exercise of the powers conferred by sub-section (1), read with clause (v) and clause (xiv) of sub-section (2) and sub-section (3) of section 3 of the Environment",,"https://editor.allmaps.org/images?url=https://iiif.archive.org/iiif/in.gazette.central.e.2015-11-17.166766/manifest.json&bg-preset=osm&bg-url=https://indianopenmaps.fly.dev/soi/osm/{z}/{x}/{y}.webp",,,,
"S.O. 310","2014-02-04","Kyongnosla Alpine Sanctuary","Q6452052","https://archive.org/details/in.gazette.central.e.2014-02-04.158118","title","in.gazette.central.e.2014-02-04.158118","gazetteofindia;JaiGyan","Government of India","2014-02-04","Ministry of Environment and Forests",,"The Central Govt. is hereby given that the said draft notification shall be taken into consideration on or after the expiry of a period of sixty days from the date on which copies of the Gazette of India containing this notification are made available to the public.",,"https://editor.allmaps.org/images?url=https://iiif.archive.org/iiif/in.gazette.central.e.2014-02-04.158118/manifest.json&bg-preset=osm&bg-url=https://indianopenmaps.fly.dev/soi/osm/{z}/{x}/{y}.webp",,,,
"S.O. 3103","2015-11-17","Harika Lake WLS","WIKIPEDIA:punjab:harike-lake-wildlife-sanctuary","https://archive.org/details/in.gazette.central.e.2015-11-17.166755","title","in.gazette.central.e.2015-11-17.166755","gazetteofindia;JaiGyan","Government of India","2015-11-17","Ministry of Environment, Forests and Climate Change",,"The following draft of the notification, which the Central Government proposes to issue in exercise of the powers conferred by sub-section 1, read with clause v and clause xiv of sub-section 2 and sub-section 3 of section 3 of the Environment",,"https://editor.allmaps.org/images?url=https://iiif.archive.org/iiif/in.gazette.central.e.2015-11-17.166755/manifest.json&bg-preset=osm&bg-url=https://indianopenmaps.fly.dev/soi/osm/{z}/{x}/{y}.webp",,,,
"S.O. 3103","2015-11-17","Harika Lake WLS ESZ Notification",,,,,,,,,,,,,,,,
"S.O. 3104","2015-11-17","Jhajjar bachauali WLS","WIKIPEDIA:punjab:jhajjar-bacholi-wildlife-sanctuary","https://archive.org/details/in.gazette.central.e.2015-11-17.166765","title","in.gazette.central.e.2015-11-17.166765","gazetteofindia;JaiGyan","Government of India","2015-11-17","Ministry of Environment, Forests and Climate Change",,"The following draft of the notification, which the Central Government proposes to issue in exercise of the powers conferred by sub-section (1) read with clause (v) and clause (xiv) of sub-section (2) and sub-section (3) of section 3 of the Environment",,"https://editor.allmaps.org/images?url=https://iiif.archive.org/iiif/in.gazette.central.e.2015-11-17.166765/manifest.json&bg-preset=osm&bg-url=https://indianopenmaps.fly.dev/soi/osm/{z}/{x}/{y}.webp",,,,
"S.O. 3104","2015-11-17","Jhajjar bachauali WLS ESZ Notification",,,,,,,,,,,,,,,,
"S.O. 3121(E)","2015-11-20","Dyanganga Wildlife","Q137670177","https://archive.org/details/in.gazette.central.e.2015-11-20.166802","title","in.gazette.central.e.2015-11-20.166802","gazetteofindia;JaiGyan","Government of India","2015-11-20","Ministry of Environment, Forests and Climate Change",,"The following draft of the notification, which the Central Government proposes to issue in exercise of the powers conferred by sub-section 1, read with clause v and clause xiv of sub-section 2 and sub-section 3 of Section 3 of the Environment",,"https://editor.allmaps.org/images?url=https://iiif.archive.org/iiif/in.gazette.central.e.2015-11-20.166802/manifest.json&bg-preset=osm&bg-url=https://indianopenmaps.fly.dev/soi/osm/{z}/{x}/{y}.webp",,,,
"S.O. 3126(E)","2015-11-20","Lonar Wildlife Sanctuary","Q107224583","https://archive.org/details/in.gazette.central.e.2015-11-20.166810","description","in.gazette.central.e.2015-11-20.166810","gazetteofindia;JaiGyan","Government of India","2015-11-20","Ministry of Environment, Forests and Climate Change",,"The following draft of the notification, which the Central Government proposes to issue in exercise of the powers conferred by sub",,"https://editor.allmaps.org/images?url=https://iiif.archive.org/iiif/in.gazette.central.e.2015-11-20.166810/manifest.json&bg-preset=osm&bg-url=https://indianopenmaps.fly.dev/soi/osm/{z}/{x}/{y}.webp",,,,
"S.O. 3128","2015-11-20","Chail Wildlife Sanctuary","Q5067785","https://archive.org/details/in.gazette.central.e.2015-11-20.166796","title","in.gazette.central.e.2015-11-20.166796","gazetteofindia;JaiGyan","Government of India","2015-11-20","Ministry of Environment, Forests and Climate Change",,"The following draft of the notification, which the Central Government proposes to issue in exercise of the powers conferred by sub-section 1, read with clause v and clause xiv of sub-section 2 and sub-section 3 of section 3 of the Environment",,"https://editor.allmaps.org/images?url=https://iiif.archive.org/iiif/in.gazette.central.e.2015-11-20.166796/manifest.json&bg-preset=osm&bg-url=https://indianopenmaps.fly.dev/soi/osm/{z}/{x}/{y}.webp",,,,
"S.O. 3129","2015-11-20","Porbander Wildlife Sanctuary","Q7229958","https://archive.org/details/in.gazette.central.e.2015-11-20.166783","title","in.gazette.central.e.2015-11-20.166783","gazetteofindia;JaiGyan","Government of India","2015-11-20","Ministry of Environment, Forests and Climate Change",,"The following draft of the notification, which the Central Government proposes to issue in exercise of the powers conferred by sub-section 1, read with clause v and clause xiv of sub-section",,"https://editor.allmaps.org/images?url=https://iiif.archive.org/iiif/in.gazette.central.e.2015-11-20.166783/manifest.json&bg-preset=osm&bg-url=https://indianopenmaps.fly.dev/soi/osm/{z}/{x}/{y}.webp",,,,
"S.O. 3132 (E)","2017-09-27","Nugu Wildlife Sanctuary","Q110078279","NONE",,,,,,,,,,,,,,
"S.O. 3133 (E)","2017-09-27","Nauradehi Wildlife Sanctuary","Q7050184","NONE",,,,,,,,,,,,,,
"S.O. 3149(E)","2019-08-30","Badrama Khalasuni","Q129677593","https://archive.org/details/in.gazette.central.e.2019-08-30.211990","description","in.gazette.central.e.2019-08-30.211990","gazetteofindia;JaiGyan","Government of India","2019-08-30","Ministry of Environment, Forests and Climate Change","Not Applicable","WHEREAS a draft notification was published in the Gazette of India Extraordinary",,"https://editor.allmaps.org/images?url=https://iiif.archive.org/iiif/in.gazette.central.e.2019-08-30.211990/manifest.json&bg-preset=osm&bg-url=https://indianopenmaps.fly.dev/soi/osm/{z}/{x}/{y}.webp",,,,
"S.O. 3150(E)","2019-08-30","Kutch Desert Sanctuary","Q17068229","https://archive.org/details/in.gazette.central.e.2019-08-30.211950","description","in.gazette.central.e.2019-08-30.211950","gazetteofindia;JaiGyan","Government of India","2019-08-30","Ministry of Environment, Forests and Climate Change","Not Applicable","WHEREAS, a draft notification was published in the Gazette of India, Extraordinary, vide notification of the Government",,"https://editor.allmaps.org/images?url=https://iiif.archive.org/iiif/in.gazette.central.e.2019-08-30.211950/manifest.json&bg-preset=osm&bg-url=https://indianopenmaps.fly.dev/soi/osm/{z}/{x}/{y}.webp",,,,
"S.O. 3151(E)","2019-08-30","Ramnabagan Wildlife Sanctuary","Q7289748","https://archive.org/details/in.gazette.central.e.2019-08-30.211905","description","in.gazette.central.e.2019-08-30.211905","gazetteofindia;JaiGyan","Government of India","2019-08-30","Ministry of Environment, Forests and Climate Change","Not Applicable","WHEREAS a draft notification was published in the Gazette of India, Extraordinary vide notification of the Government",,"https://editor.allmaps.org/images?url=https://iiif.archive.org/iiif/in.gazette.central.e.2019-08-30.211905/manifest.json&bg-preset=osm&bg-url=https://indianopenmaps.fly.dev/soi/osm/{z}/{x}/{y}.webp",,,,
"S.O. 3152(E)","2019-08-30","Lakh Bahosi Bird Sanctuary","Q6479478","https://archive.org/details/in.gazette.central.e.2019-08-30.211906","description","in.gazette.central.e.2019-08-30.211906","gazetteofindia;JaiGyan","Government of India","2019-08-30","Ministry of Environment, Forests and Climate Change","Not Applicable","WHEREAS, a draft re notification was published in the Gazette of India, Extraordinary, vide notification of the Government",,"https://editor.allmaps.org/images?url=https://iiif.archive.org/iiif/in.gazette.central.e.2019-08-30.211906/manifest.json&bg-preset=osm&bg-url=https://indianopenmaps.fly.dev/soi/osm/{z}/{x}/{y}.webp",,,,
"S.O. 3153(E)","2019-08-30","Nawabganj (saheed Chandra Shekhar Azad)Bird",,"https://archive.org/details/in.gazette.central.e.2019-08-30.211982","description","in.gazette.central.e.2019-08-30.211982","gazetteofindia;JaiGyan","Government of India","2019-08-30","Ministry of Environment, Forests and Climate Change","Not Applicable","WHEREAS, a draft re notification was published in the Gazette of India, Extraordinary,",,"https://editor.allmaps.org/images?url=https://iiif.archive.org/iiif/in.gazette.central.e.2019-08-30.211982/manifest.json&bg-preset=osm&bg-url=https://indianopenmaps.fly.dev/soi/osm/{z}/{x}/{y}.webp",,,,
"S.O. 3153(E)","2019-08-30","Nawabganj Bird Sanctuary","Q6982793",,,,,,,,,,,,,,,
"S.O. 3169(E)","2018-06-29","Mudumalai Tiger Reserve","Q2372700","https://archive.org/details/in.gazette.central.e.2018-06-29.186972","description","in.gazette.central.e.2018-06-29.186972","gazetteofindia;JaiGyan","Government of India","2018-06-29","Ministry of Environment, Forests and Climate Change","Not Applicable","The following draft of the notification, which the Central Government proposes to issue in exercise",,"https://editor.allmaps.org/images?url=https://iiif.archive.org/iiif/in.gazette.central.e.2018-06-29.186972/manifest.json&bg-preset=osm&bg-url=https://indianopenmaps.fly.dev/soi/osm/{z}/{x}/{y}.webp",,,,
"S.O. 318(E)","2019-01-15","Chintamoni Bird Sanctuary","Q5101326","https://archive.org/details/in.gazette.central.e.2019-01-15.195414","description","in.gazette.central.e.2019-01-15.195414","gazetteofindia;JaiGyan","Government of India","2019-01-15","Ministry of Environment, Forests and Climate Change","Not Applicable","WHEREAS a draft notification was published in the Gazette of India Extraordinary vide notification of the Government of the India in the Ministry of Environment",,"https://editor.allmaps.org/images?url=https://iiif.archive.org/iiif/in.gazette.central.e.2019-01-15.195414/manifest.json&bg-preset=osm&bg-url=https://indianopenmaps.fly.dev/soi/osm/{z}/{x}/{y}.webp",,,,
"S.O. 319(E)","2019-01-15","Senchal Wildlife Sanctuary","Q7450103","https://archive.org/details/in.gazette.central.e.2019-01-15.195420","description","in.gazette.central.e.2019-01-15.195420","gazetteofindia;JaiGyan","Government of India","2019-01-15","Ministry of Environment, Forests and Climate Change","Not Applicable","WHEREAS a draft notification was published in the Gazette of India Extraordinary vide notification of the Government of the India in the Ministry of Environment Forest",,"https://editor.allmaps.org/images?url=https://iiif.archive.org/iiif/in.gazette.central.e.2019-01-15.195420/manifest.json&bg-preset=osm&bg-url=https://indianopenmaps.fly.dev/soi/osm/{z}/{x}/{y}.webp",,,,
"S.O. 3193 (E)","2017-09-29","Sechu Tuan Nala Wildlife Sanctuary","Q137008771","https://archive.org/details/in.gazette.central.e.2017-09-29.179350","description","in.gazette.central.e.2017-09-29.179350","gazetteofindia;JaiGyan","Government of India","2017-09-29","Ministry of Environment, Forests and Climate Change","Not Applicable","WHEREAS, a draft notification was published in the Gazette of India, Extraordinary, vide notification of the Government",,"https://editor.allmaps.org/images?url=https://iiif.archive.org/iiif/in.gazette.central.e.2017-09-29.179350/manifest.json&bg-preset=osm&bg-url=https://indianopenmaps.fly.dev/soi/osm/{z}/{x}/{y}.webp",,,,
"S.O. 3194 (E)","2017-09-29","Yawal Wildlife Sanctuary","Q8050448","https://archive.org/details/in.gazette.central.e.2017-09-29.179355","title","in.gazette.central.e.2017-09-29.179355","gazetteofindia;JaiGyan","Government of India","2017-09-29","Ministry of Environment, Forests and Climate Change","Not Applicable","The following draft of the notification, which the Central Government proposes to issue in exercise of the powers conferred",,"https://editor.allmaps.org/images?url=https://iiif.archive.org/iiif/in.gazette.central.e.2017-09-29.179355/manifest.json&bg-preset=osm&bg-url=https://indianopenmaps.fly.dev/soi/osm/{z}/{x}/{y}.webp",,,,
"S.O. 3202","2013-10-18","Thol Wildlife Sanctuary","Q7786672","https://archive.org/details/in.gazette.central.e.2013-10-18.156750","title","in.gazette.central.e.2013-10-18.156750","gazetteofindia;JaiGyan","Government of India","2013-10-18","Ministry of Environment and Forests",,"The Central Govt. notice is hereby given that the said draft notification shall be taken into consideration on or after the expiry of a period of sixty days from the date on which copies of the Gazette of India containing this notification are made available to the Public.",,"https://editor.allmaps.org/images?url=https://iiif.archive.org/iiif/in.gazette.central.e.2013-10-18.156750/manifest.json&bg-preset=osm&bg-url=https://indianopenmaps.fly.dev/soi/osm/{z}/{x}/{y}.webp",,,,
"S.O. 3236(E)","2020-09-22","Kanyakumari Wildlife Sanctuary","Q16979364","NONE",,,,,,,,,,,,,,
"S.O. 3236(E)","2020-09-22","Kanniyakumari Wildlife Sanctuary","Q16979364",,,,,,,,,,,,,,,
"S.O. 3237(E)","2020-09-22","Mahananda","Q15243705","NONE",,,,,,,,,,,,,,
"S.O. 3243(E)","2024-08-09","Kamlang Wildlife Sanctuary","Q22231355","NONE",,,,,,,,,,,,,,
"S.O. 3243(E)","2024-08-09","Namdapha Tiger Reserve","Q1815612","NONE",,,,,,,,,,,,,,
"S.O. 3243(E)","2024-08-09","Kamlang Wildlife Sanctuary and Namdapha Tiger Reserve",,,,,,,,,,,,,,,,
"S.O. 3249(E)","2019-09-11","Tadoba Tiger National Park Andhari","Q2639563","https://archive.org/details/in.gazette.central.e.2019-09-11.212325","description","in.gazette.central.e.2019-09-11.212325","gazetteofindia;JaiGyan","Government of India","2019-09-11","Ministry of Environment, Forests and Climate Change","Not Applicable","WHEREAS, a draft notification was published in the Gazette of India, Extraordinary",,"https://editor.allmaps.org/images?url=https://iiif.archive.org/iiif/in.gazette.central.e.2019-09-11.212325/manifest.json&bg-preset=osm&bg-url=https://indianopenmaps.fly.dev/soi/osm/{z}/{x}/{y}.webp",,,,
"S.O. 3250(E)","2019-09-11","Tungareshwar Sanctuary","Q60753866","https://archive.org/details/in.gazette.central.e.2019-09-11.212461","description","in.gazette.central.e.2019-09-11.212461","gazetteofindia;JaiGyan","Government of India","2019-09-11","Ministry of Environment, Forests and Climate Change","Not Applicable","WHEREAS, a draft notification was published in the Gazette of India, Extraordinary vide notification of the Government of India in the Ministry of Environment",,"https://editor.allmaps.org/images?url=https://iiif.archive.org/iiif/in.gazette.central.e.2019-09-11.212461/manifest.json&bg-preset=osm&bg-url=https://indianopenmaps.fly.dev/soi/osm/{z}/{x}/{y}.webp",,,,
"S.O. 3262(E)","2018-07-05","Therthnagal Bird Sanctuary","Q135622710","https://archive.org/details/in.gazette.central.e.2018-07-05.187209","description","in.gazette.central.e.2018-07-05.187209","gazetteofindia;JaiGyan","Government of India","2018-07-05","Ministry of Environment, Forests and Climate Change","Not Applicable","The following draft of the notification which the Central Government proposes to issue in exercise of the powers",,"https://editor.allmaps.org/images?url=https://iiif.archive.org/iiif/in.gazette.central.e.2018-07-05.187209/manifest.json&bg-preset=osm&bg-url=https://indianopenmaps.fly.dev/soi/osm/{z}/{x}/{y}.webp",,,,
"S.O. 3263(E)","2018-07-05","Nandankanan WLS","Q106240301","https://archive.org/details/in.gazette.central.e.2018-07-05.187127","description","in.gazette.central.e.2018-07-05.187127","gazetteofindia;JaiGyan","Government of India","2018-07-05","Ministry of Environment, Forests and Climate Change","Not Applicable","The following draft of the notification which the Central Government proposes to issue in exercise of the powers",,"https://editor.allmaps.org/images?url=https://iiif.archive.org/iiif/in.gazette.central.e.2018-07-05.187127/manifest.json&bg-preset=osm&bg-url=https://indianopenmaps.fly.dev/soi/osm/{z}/{x}/{y}.webp",,,,
"S.O. 3306(E)","2019-09-16","Vaduvoor Bird Sanctuary","Q7908370","https://archive.org/details/in.gazette.central.e.2019-09-16.212532","description","in.gazette.central.e.2019-09-16.212532","gazetteofindia;JaiGyan","Government of India","2019-09-16","Ministry of Environment, Forests and Climate Change","Not Applicable","WHEREAS a draft notification was published in the Gazette of India Extraordinary vide notification of the Government of India in the Ministry of Environment",,"https://editor.allmaps.org/images?url=https://iiif.archive.org/iiif/in.gazette.central.e.2019-09-16.212532/manifest.json&bg-preset=osm&bg-url=https://indianopenmaps.fly.dev/soi/osm/{z}/{x}/{y}.webp",,,,
"S.O. 3327 (E)","2017-10-13","Sunabeda Wildlife Sanctuar",,"https://archive.org/details/in.gazette.central.e.2017-10-13.179624","description","in.gazette.central.e.2017-10-13.179624","gazetteofindia;JaiGyan","Government of India","2017-10-13","Ministry of Environment, Forests and Climate Change","Not Applicable","The following draft of the notification which the Central Government proposes to issue in exercise of the powers conferred",,"https://editor.allmaps.org/images?url=https://iiif.archive.org/iiif/in.gazette.central.e.2017-10-13.179624/manifest.json&bg-preset=osm&bg-url=https://indianopenmaps.fly.dev/soi/osm/{z}/{x}/{y}.webp",,,,
"S.O. 3328 (E)","2017-10-13","Saddle Peak National Park","Q775202","https://archive.org/details/in.gazette.central.e.2017-10-13.179637","description","in.gazette.central.e.2017-10-13.179637","gazetteofindia;JaiGyan","Government of India","2017-10-13","Ministry of Environment, Forests and Climate Change","Not Applicable","The following draft of the notification, which the Central Government proposes to issue in exercise of the powers conferred",,"https://editor.allmaps.org/images?url=https://iiif.archive.org/iiif/in.gazette.central.e.2017-10-13.179637/manifest.json&bg-preset=osm&bg-url=https://indianopenmaps.fly.dev/soi/osm/{z}/{x}/{y}.webp",,,,
"S.O. 3328(E)","2015-12-07","Sri Lankamalleswara Wildlife Sanctuary","Q19898458","NONE",,,,,,,,,,,,,,
"S.O. 3342(E)","2017-10-16","Jessore Wildlife Sanctuary","Q6187899","https://archive.org/details/in.gazette.central.e.2017-10-16.179661","description","in.gazette.central.e.2017-10-16.179661","gazetteofindia;JaiGyan","Government of India","2017-10-16","Ministry of Environment, Forests and Climate Change","Not Applicable","WHEREAS a draft notification was published in the Gazette of India Extraordinary vide notification",,"https://editor.allmaps.org/images?url=https://iiif.archive.org/iiif/in.gazette.central.e.2017-10-16.179661/manifest.json&bg-preset=osm&bg-url=https://indianopenmaps.fly.dev/soi/osm/{z}/{x}/{y}.webp",,,,
"S.O. 3343(E)","2017-10-16","Raiganj Wildlife Sanctuary","Q7283821","https://archive.org/details/in.gazette.central.e.2017-10-16.179665","description","in.gazette.central.e.2017-10-16.179665","gazetteofindia;JaiGyan","Government of India","2017-10-16","Ministry of Environment, Forests and Climate Change","Not Applicable","The following draft of the notification which the Central Government proposes to issue in exercise of the powers conferred by sub section",,"https://editor.allmaps.org/images?url=https://iiif.archive.org/iiif/in.gazette.central.e.2017-10-16.179665/manifest.json&bg-preset=osm&bg-url=https://indianopenmaps.fly.dev/soi/osm/{z}/{x}/{y}.webp",,,,
"S.O. 3344(E)","2017-10-16","Chintamoni Bird Sanctuary","Q5101326","https://archive.org/details/in.gazette.central.e.2017-10-16.179669","description","in.gazette.central.e.2017-10-16.179669","gazetteofindia;JaiGyan","Government of India","2017-10-16","Ministry of Environment, Forests and Climate Change","Not Applicable","The following draft of the notification which the Central Government proposes to issue in exercise of the powers conferred by sub section",,"https://editor.allmaps.org/images?url=https://iiif.archive.org/iiif/in.gazette.central.e.2017-10-16.179669/manifest.json&bg-preset=osm&bg-url=https://indianopenmaps.fly.dev/soi/osm/{z}/{x}/{y}.webp",,,,
"S.O. 3345(E)","2017-10-16","Kheoni Wildlife Sanctuary","Q55615923","https://archive.org/details/in.gazette.central.e.2017-10-16.179662","description","in.gazette.central.e.2017-10-16.179662","gazetteofindia;JaiGyan","Government of India","2017-10-16","Ministry of Environment, Forests and Climate Change","Not Applicable","The following draft of the notification which the Central Government proposes to issue in exercise of the powers",,"https://editor.allmaps.org/images?url=https://iiif.archive.org/iiif/in.gazette.central.e.2017-10-16.179662/manifest.json&bg-preset=osm&bg-url=https://indianopenmaps.fly.dev/soi/osm/{z}/{x}/{y}.webp",,,,
"S.O. 3361(E)","2018-07-09","Shergarh Wildlife Sanctuary","Q134610688","https://archive.org/details/in.gazette.central.e.2018-07-09.187289","description","in.gazette.central.e.2018-07-09.187289","gazetteofindia;JaiGyan","Government of India","2018-07-09","Ministry of Environment, Forests and Climate Change","Not Applicable","In supersession of Ministry s draft notification S O 2284 E dated 19th October 2015 the following draft of the notification which the Central",,"https://editor.allmaps.org/images?url=https://iiif.archive.org/iiif/in.gazette.central.e.2018-07-09.187289/manifest.json&bg-preset=osm&bg-url=https://indianopenmaps.fly.dev/soi/osm/{z}/{x}/{y}.webp",,,,
"S.O. 3361(E)","2018-07-09","Shergarh Wildlife Sanctuary, Rajasthan","Q134610688",,,,,,,,,,,,,,,
"S.O. 3362(E)","2018-07-09","Sakkarakottai Bird Sanctuary","Q135622961","https://archive.org/details/in.gazette.central.e.2018-07-09.187300","description","in.gazette.central.e.2018-07-09.187300","gazetteofindia;JaiGyan","Government of India","2018-07-09","Ministry of Environment, Forests and Climate Change","Not Applicable","The following draft of the notification which the Central Government proposes to issue in exercise of the powers conferred by sub section",,"https://editor.allmaps.org/images?url=https://iiif.archive.org/iiif/in.gazette.central.e.2018-07-09.187300/manifest.json&bg-preset=osm&bg-url=https://indianopenmaps.fly.dev/soi/osm/{z}/{x}/{y}.webp",,,,
"S.O. 3363(E)","2018-07-09","Srivilliputhur Grizzled Squirrel","Q5609778","https://archive.org/details/in.gazette.central.e.2018-07-09.187382","description","in.gazette.central.e.2018-07-09.187382","gazetteofindia;JaiGyan","Government of India","2018-07-09","Ministry of Environment, Forests and Climate Change","Not Applicable","The following draft of the notification, which the Central Government proposes to issue in exercise",,"https://editor.allmaps.org/images?url=https://iiif.archive.org/iiif/in.gazette.central.e.2018-07-09.187382/manifest.json&bg-preset=osm&bg-url=https://indianopenmaps.fly.dev/soi/osm/{z}/{x}/{y}.webp",,,,
"S.O. 3369 (E)","2016-11-03","Dandeli Wildlife Sanctuary","Q5215675","https://archive.org/details/in.gazette.central.e.2016-11-03.172484","description","in.gazette.central.e.2016-11-03.172484","gazetteofindia;JaiGyan","Government of India","2016-11-03","Ministry of Environment, Forests and Climate Change","Not Applicable","The following draft of the notification which the Central Government proposes to issue in exercise of the powers conferred by sub section",,"https://editor.allmaps.org/images?url=https://iiif.archive.org/iiif/in.gazette.central.e.2016-11-03.172484/manifest.json&bg-preset=osm&bg-url=https://indianopenmaps.fly.dev/soi/osm/{z}/{x}/{y}.webp",,,,
"S.O. 3369 (E)","2016-11-03","Anshi National Park","Q5215675","https://archive.org/details/in.gazette.central.e.2016-11-03.172484","description","in.gazette.central.e.2016-11-03.172484","gazetteofindia;JaiGyan","Government of India","2016-11-03","Ministry of Environment, Forests and Climate Change","Not Applicable","The following draft of the notification which the Central Government proposes to issue in exercise of the powers conferred by sub section",,"https://editor.allmaps.org/images?url=https://iiif.archive.org/iiif/in.gazette.central.e.2016-11-03.172484/manifest.json&bg-preset=osm&bg-url=https://indianopenmaps.fly.dev/soi/osm/{z}/{x}/{y}.webp",,,,
"S.O. 3369 (E)","2016-11-03","Dandeli Wildlife Sanctuary and Anshi National Park",,,,,,,,,,,,,,,,
"S.O. 3370 (E)","2016-11-03","Gir National Park","Q337028","https://archive.org/details/in.gazette.central.e.2016-11-03.172489","title","in.gazette.central.e.2016-11-03.172489","gazetteofindia;JaiGyan","Government of India","2016-11-03","Ministry of Environment, Forests and Climate Change","Not Applicable","The following draft of the notification, which the Central Government proposes to issue in exercise of the powers conferred by subsection",,"https://editor.allmaps.org/images?url=https://iiif.archive.org/iiif/in.gazette.central.e.2016-11-03.172489/manifest.json&bg-preset=osm&bg-url=https://indianopenmaps.fly.dev/soi/osm/{z}/{x}/{y}.webp",,,,
"S.O. 3371(E)","2021-08-18","Nahar Wildlife Sanctuary","Q17002923","NONE",,,,,,,,,,,,,,
"S.O. 3433(E)","2017-10-27","Kotagarh Wildlife Sanctuary","Q51137829","https://archive.org/details/in.gazette.central.e.2017-10-27.179896","description","in.gazette.central.e.2017-10-27.179896","gazetteofindia;JaiGyan","Government of India","2017-10-27","Ministry of Environment, Forests and Climate Change","Not Applicable","The following draft of the notification, which the Central Government proposes to issue in exercise of the powers conferred",,"https://editor.allmaps.org/images?url=https://iiif.archive.org/iiif/in.gazette.central.e.2017-10-27.179896/manifest.json&bg-preset=osm&bg-url=https://indianopenmaps.fly.dev/soi/osm/{z}/{x}/{y}.webp",,,,
"S.O. 3434(E)","2019-09-23","Vellode Bird Santuary","Q4122004","https://archive.org/details/in.gazette.central.e.2019-09-23.212769","description","in.gazette.central.e.2019-09-23.212769","gazetteofindia;JaiGyan","Government of India","2019-09-23","Ministry of Environment, Forests and Climate Change","Not Applicable","The following draft of the notification which the Central Government proposes to issue in exercise of the powers conferred",,"https://editor.allmaps.org/images?url=https://iiif.archive.org/iiif/in.gazette.central.e.2019-09-23.212769/manifest.json&bg-preset=osm&bg-url=https://indianopenmaps.fly.dev/soi/osm/{z}/{x}/{y}.webp",,,,
"S.O. 3438(E)","2018-07-13","Kanjirankulam Bird Sanctuary","Q15233552","NONE",,,,,,,,,,,,,,
"S.O. 3439(E)","2018-07-13","Vettangudi Bird Sanctuary","Q7923801","https://archive.org/details/in.gazette.central.e.2018-07-13.187380","description","in.gazette.central.e.2018-07-13.187380","gazetteofindia;JaiGyan","Government of India","2018-07-13","Ministry of Environment, Forests and Climate Change","Not Applicable","The following draft of the notification, which the Central Government proposes to issue in exercise of the powers",,"https://editor.allmaps.org/images?url=https://iiif.archive.org/iiif/in.gazette.central.e.2018-07-13.187380/manifest.json&bg-preset=osm&bg-url=https://indianopenmaps.fly.dev/soi/osm/{z}/{x}/{y}.webp",,,,
"S.O. 3440(E)","2018-07-13","Vallanadu Black Buck Sanctuary",,"https://archive.org/details/in.gazette.central.e.2018-07-13.187433","description","in.gazette.central.e.2018-07-13.187433","gazetteofindia;JaiGyan","Government of India","2018-07-13","Ministry of Environment, Forests and Climate Change","Not Applicable","The following draft of the notification, which the Central Government proposes to issue in exercise",,"https://editor.allmaps.org/images?url=https://iiif.archive.org/iiif/in.gazette.central.e.2018-07-13.187433/manifest.json&bg-preset=osm&bg-url=https://indianopenmaps.fly.dev/soi/osm/{z}/{x}/{y}.webp",,,,
"S.O. 3441(E)","2018-07-13","Tadoba-Andhari Tiger Reserve","Q2639563","NONE",,,,,,,,,,,,,,
"S.O. 3441(E)","2018-07-13","Tadoba and Andhari Wildlife Sanctuary, Maharashtra","Q2639563",,,,,,,,,,,,,,,
"S.O. 3461(E)","2019-09-25","Rajparian Santuary","Q17138383","https://archive.org/details/in.gazette.central.e.2019-09-25.212803","description","in.gazette.central.e.2019-09-25.212803","gazetteofindia;JaiGyan","Government of India","2019-09-25","Ministry of Environment, Forests and Climate Change","Not Applicable","The following draft of the notification, which the Central Government proposes to issue in exercise of the powers",,"https://editor.allmaps.org/images?url=https://iiif.archive.org/iiif/in.gazette.central.e.2019-09-25.212803/manifest.json&bg-preset=osm&bg-url=https://indianopenmaps.fly.dev/soi/osm/{z}/{x}/{y}.webp",,,,
"S.O. 3462(E)","2019-09-25","Hollongapur Gibbon Sanctuary","Q3471776","https://archive.org/details/in.gazette.central.e.2019-09-25.212794","description","in.gazette.central.e.2019-09-25.212794","gazetteofindia;JaiGyan","Government of India","2019-09-25","Ministry of Environment, Forests and Climate Change","Not Applicable","WHEREAS, a draft notification was published in the Gazette of India, Extraordinary,",,"https://editor.allmaps.org/images?url=https://iiif.archive.org/iiif/in.gazette.central.e.2019-09-25.212794/manifest.json&bg-preset=osm&bg-url=https://indianopenmaps.fly.dev/soi/osm/{z}/{x}/{y}.webp",,,,
"S.O. 3494(E)","2021-08-25","Deepar Beel Wildlife Sanctuary","Q136289030","NONE",,,,,,,,,,,,,,
"S.O. 3496(E)","2020-10-08","Sailana Wildlife Sanctuary","WIKIPEDIA:madhya-pradesh:sailana-wildlife-sanctuary","NONE",,,,,,,,,,,,,,
"S.O. 3497(E)","2020-10-08","Thimlapura Wildlife Santuary","Q111913930","NONE",,,,,,,,,,,,,,
"S.O. 35(E)","2018-01-03","Orchha Wildlife Sanctuary","Q132068974","https://archive.org/details/in.gazette.central.e.2018-01-03.181834","description","in.gazette.central.e.2018-01-03.181834","gazetteofindia;JaiGyan","Government of India","2018-01-03","Ministry of Environment, Forests and Climate Change","Not Applicable","WHEREAS a draft notification was published in the Gazette of India Extraordinary vide notification of the Government of India in the Ministry of Environment",,"https://editor.allmaps.org/images?url=https://iiif.archive.org/iiif/in.gazette.central.e.2018-01-03.181834/manifest.json&bg-preset=osm&bg-url=https://indianopenmaps.fly.dev/soi/osm/{z}/{x}/{y}.webp",,,,
"S.O. 3516(E)","2016-11-23","Bir Shikargarh Wildlife Sanctuary","Q17002798","https://archive.org/details/in.gazette.central.e.2016-11-23.172725","title","in.gazette.central.e.2016-11-23.172725","gazetteofindia;JaiGyan","Government of India","2016-11-23","Ministry of Environment, Forests and Climate Change","Not Applicable","WHEREAS, a draft notification was published in the Gazette of India, Extraordinary, vide notification of the Government of India in the Ministry of Environment, Forest and Climate Change",,"https://editor.allmaps.org/images?url=https://iiif.archive.org/iiif/in.gazette.central.e.2016-11-23.172725/manifest.json&bg-preset=osm&bg-url=https://indianopenmaps.fly.dev/soi/osm/{z}/{x}/{y}.webp",,,,
"S.O. 3517(E)","2016-11-23","Baraila Lake Salim Ali Jubba Sahni Bird Sanctuary","Q130974238","https://archive.org/details/in.gazette.central.e.2016-11-23.172726","title","in.gazette.central.e.2016-11-23.172726","gazetteofindia;JaiGyan","Government of India","2016-11-23","Ministry of Environment, Forests and Climate Change","Not Applicable","WHEREAS, a draft notification was published by the Government of India in the Ministry of Environment, Forest and Climate Change in the Gazette of India",,"https://editor.allmaps.org/images?url=https://iiif.archive.org/iiif/in.gazette.central.e.2016-11-23.172726/manifest.json&bg-preset=osm&bg-url=https://indianopenmaps.fly.dev/soi/osm/{z}/{x}/{y}.webp",,,,
"S.O. 3527(E)","2019-09-27","Ballavpur Santuary","Q4851306","https://archive.org/details/in.gazette.central.e.2019-09-27.212899","description","in.gazette.central.e.2019-09-27.212899","gazetteofindia;JaiGyan","Government of India","2019-09-27","Ministry of Environment, Forests and Climate Change","Not Applicable","The following draft of the notification, which the Central Government proposes to issue in exercise",,"https://editor.allmaps.org/images?url=https://iiif.archive.org/iiif/in.gazette.central.e.2019-09-27.212899/manifest.json&bg-preset=osm&bg-url=https://indianopenmaps.fly.dev/soi/osm/{z}/{x}/{y}.webp",,,,
"S.O. 3528(E)","2019-09-27","Daroji Bear Wildlife","Q17126760","https://archive.org/details/in.gazette.central.e.2019-09-27.212933","description","in.gazette.central.e.2019-09-27.212933","gazetteofindia;JaiGyan","Government of India","2019-09-27","Ministry of Environment, Forests and Climate Change","Not Applicable","WHEREAS, a draft notification was published in the Gazette of India, Extraordinary,",,"https://editor.allmaps.org/images?url=https://iiif.archive.org/iiif/in.gazette.central.e.2019-09-27.212933/manifest.json&bg-preset=osm&bg-url=https://indianopenmaps.fly.dev/soi/osm/{z}/{x}/{y}.webp",,,,
"S.O. 3529(E)","2019-09-27","Samaspur Wildlife Sanctuary","Q7408881","https://archive.org/details/in.gazette.central.e.2019-09-27.212947","description","in.gazette.central.e.2019-09-27.212947","gazetteofindia;JaiGyan","Government of India","2019-09-27","Ministry of Environment, Forests and Climate Change","Not Applicable","WHEREAS, a draft re notification was published in the Gazette of India, Extraordinary, vide notification of the Government",,"https://editor.allmaps.org/images?url=https://iiif.archive.org/iiif/in.gazette.central.e.2019-09-27.212947/manifest.json&bg-preset=osm&bg-url=https://indianopenmaps.fly.dev/soi/osm/{z}/{x}/{y}.webp",,,,
"S.O. 353 (E)","2012-02-29","Marine National Park","Q2724481","https://archive.org/details/in.gazette.central.e.2012-02-29.025","description","in.gazette.central.e.2012-02-29.025","gazetteofindia;JaiGyan","Government of India","2012-02-29","Ministry of Environment and Forests",,"Draft Notification - Marine National Park and Marine Sanctuary Eco-sensitive Zone.",,"https://editor.allmaps.org/images?url=https://iiif.archive.org/iiif/in.gazette.central.e.2012-02-29.025/manifest.json&bg-preset=osm&bg-url=https://indianopenmaps.fly.dev/soi/osm/{z}/{x}/{y}.webp",,,,
"S.O. 353 (E)","2012-02-29","Marine Sanctuary","Q2724481","https://archive.org/details/in.gazette.central.e.2012-02-29.025","description","in.gazette.central.e.2012-02-29.025","gazetteofindia;JaiGyan","Government of India","2012-02-29","Ministry of Environment and Forests",,"Draft Notification - Marine National Park and Marine Sanctuary Eco-sensitive Zone.",,"https://editor.allmaps.org/images?url=https://iiif.archive.org/iiif/in.gazette.central.e.2012-02-29.025/manifest.json&bg-preset=osm&bg-url=https://indianopenmaps.fly.dev/soi/osm/{z}/{x}/{y}.webp",,,,
"S.O. 353 (E)","2012-02-29","Marine National Park and Marine Sanctuary",,,,,,,,,,,,,,,,
"S.O. 3530(E)","2017-11-06","Jasrota Wildlife Sanctuary","WIKIPEDIA:jammu-and-kashmir:jasrota-wildlife-sanctuary","https://archive.org/details/in.gazette.central.e.2017-11-06.180066","description","in.gazette.central.e.2017-11-06.180066","gazetteofindia;JaiGyan","Government of India","2017-11-06","Ministry of Environment, Forests and Climate Change","Not Applicable","The following draft of the notification, which the Central Government proposes to issue in exercise of the powers",,"https://editor.allmaps.org/images?url=https://iiif.archive.org/iiif/in.gazette.central.e.2017-11-06.180066/manifest.json&bg-preset=osm&bg-url=https://indianopenmaps.fly.dev/soi/osm/{z}/{x}/{y}.webp",,,,
"S.O. 3544(E)","2018-07-20","Melaselvanur-Kelaselvanoor Bird Sanctuary","Q122363291","https://archive.org/details/in.gazette.central.e.2018-07-20.187741","description","in.gazette.central.e.2018-07-20.187741","gazetteofindia;JaiGyan","Government of India","2018-07-20","Ministry of Environment, Forests and Climate Change","Not Applicable","The following draft of the notification which the Central Government proposes to issue in exercise of the powers",,"https://editor.allmaps.org/images?url=https://iiif.archive.org/iiif/in.gazette.central.e.2018-07-20.187741/manifest.json&bg-preset=osm&bg-url=https://indianopenmaps.fly.dev/soi/osm/{z}/{x}/{y}.webp",,,,
"S.O. 3545(E)","2018-07-20","Kanyakumari Sanctuary","Q16979364","https://archive.org/details/in.gazette.central.e.2018-07-20.187812","description","in.gazette.central.e.2018-07-20.187812","gazetteofindia;JaiGyan","Government of India","2018-07-20","Ministry of Environment, Forests and Climate Change","Not Applicable","The following draft of the notification which the Central Government proposes to issue in exercise of the powers",,"https://editor.allmaps.org/images?url=https://iiif.archive.org/iiif/in.gazette.central.e.2018-07-20.187812/manifest.json&bg-preset=osm&bg-url=https://indianopenmaps.fly.dev/soi/osm/{z}/{x}/{y}.webp",,,,
"S.O. 3573(E)","2017-11-10","Ranipur Wildlife Sanctuary","Q7293072","https://archive.org/details/in.gazette.central.e.2017-11-10.180230","description","in.gazette.central.e.2017-11-10.180230","gazetteofindia;JaiGyan","Government of India","2017-11-10","Ministry of Environment, Forests and Climate Change","Not Applicable","WHEREAS a draft notification was published in the Gazette of India Extraordinary vide notification of the Government of the India in the Ministry of Environment",,"https://editor.allmaps.org/images?url=https://iiif.archive.org/iiif/in.gazette.central.e.2017-11-10.180230/manifest.json&bg-preset=osm&bg-url=https://indianopenmaps.fly.dev/soi/osm/{z}/{x}/{y}.webp",,,,
"S.O. 3574(E)","2017-11-10","Ratanmahal Wildlife Sanctuary","Q2769992","https://archive.org/details/in.gazette.central.e.2017-11-10.180244","description","in.gazette.central.e.2017-11-10.180244","gazetteofindia;JaiGyan","Government of India","2017-11-10","Ministry of Environment, Forests and Climate Change","Not Applicable","The following draft of the notification, which the Central Government proposes to issue in exercise of the powers",,"https://editor.allmaps.org/images?url=https://iiif.archive.org/iiif/in.gazette.central.e.2017-11-10.180244/manifest.json&bg-preset=osm&bg-url=https://indianopenmaps.fly.dev/soi/osm/{z}/{x}/{y}.webp",,,,
"S.O. 3575(E)","2017-11-10","Senchal Wildlife Sanctuary","Q7450103","https://archive.org/details/in.gazette.central.e.2017-11-10.180212","description","in.gazette.central.e.2017-11-10.180212","gazetteofindia;JaiGyan","Government of India","2017-11-10","Ministry of Environment, Forests and Climate Change","Not Applicable","The following draft of the notification, which the Central Government proposes to issue in exercise of the powers conferred",,"https://editor.allmaps.org/images?url=https://iiif.archive.org/iiif/in.gazette.central.e.2017-11-10.180212/manifest.json&bg-preset=osm&bg-url=https://indianopenmaps.fly.dev/soi/osm/{z}/{x}/{y}.webp",,,,
"S.O. 3575(E)","2017-11-10","Senchal Wildlife Sanctuary,","Q7450103",,,,,,,,,,,,,,,
"S.O. 3576(E)","2017-11-10","Kunopalpur Wildlife Sanctuary",,"https://archive.org/details/in.gazette.central.e.2017-11-10.180243","description","in.gazette.central.e.2017-11-10.180243","gazetteofindia;JaiGyan","Government of India","2017-11-10","Ministry of Environment, Forests and Climate Change","Not Applicable","The following draft of the notification, which the Central Government proposes to issue in exercise of the powers",,"https://editor.allmaps.org/images?url=https://iiif.archive.org/iiif/in.gazette.central.e.2017-11-10.180243/manifest.json&bg-preset=osm&bg-url=https://indianopenmaps.fly.dev/soi/osm/{z}/{x}/{y}.webp",,,,
"S.O. 3577(E)","2017-11-10","Ranganthittu Bird Sanctuary","Q3846171","https://archive.org/details/in.gazette.central.e.2017-11-10.180211","description","in.gazette.central.e.2017-11-10.180211","gazetteofindia;JaiGyan","Government of India","2017-11-10","Ministry of Environment, Forests and Climate Change","Not Applicable","WHEREAS, a draft notification was published in the Gazette of India, Extraordinary,",,"https://editor.allmaps.org/images?url=https://iiif.archive.org/iiif/in.gazette.central.e.2017-11-10.180211/manifest.json&bg-preset=osm&bg-url=https://indianopenmaps.fly.dev/soi/osm/{z}/{x}/{y}.webp",,,,
"S.O. 3581(E)","2020-10-13","Sri Renukaji Wildlife Sanctuary","Q7313588","NONE",,,,,,,,,,,,,,
"S.O. 3582(E)","2020-10-13","Ramnagar Wildlife Sanctuary","WIKIPEDIA:jammu-and-kashmir:ramnagar-rakha-wildlife-sanctuary","NONE",,,,,,,,,,,,,,
"S.O. 358","2014-02-06","Pangolakha Wildlife Sanctuary","Q16896392","https://archive.org/details/in.gazette.central.e.2014-02-06.158102","title","in.gazette.central.e.2014-02-06.158102","gazetteofindia;JaiGyan","Government of India","2014-02-06","Ministry of Environment and Forests",,"The Central Govt. is hereby given that the said draft notification shall be taken into consideration on or after the expiry of a period of sixty days from the date on which copies of the Gazette of India containing this notification are made available to the Public.",,"https://editor.allmaps.org/images?url=https://iiif.archive.org/iiif/in.gazette.central.e.2014-02-06.158102/manifest.json&bg-preset=osm&bg-url=https://indianopenmaps.fly.dev/soi/osm/{z}/{x}/{y}.webp",,,,
"S.O. 3595(E)","2016-11-30","Painganga Wildlife Sanctuary","Q113396038","https://archive.org/details/in.gazette.central.e.2016-11-30.172888","title","in.gazette.central.e.2016-11-30.172888","gazetteofindia;JaiGyan","Government of India","2016-11-30","Ministry of Environment, Forests and Climate Change","Not Applicable","WHEREAS, a draft notification was published in the Gazette of India, Extraordinary, by the Government of the India",,"https://editor.allmaps.org/images?url=https://iiif.archive.org/iiif/in.gazette.central.e.2016-11-30.172888/manifest.json&bg-preset=osm&bg-url=https://indianopenmaps.fly.dev/soi/osm/{z}/{x}/{y}.webp",,,,
"S.O. 3596 (E)","2016-11-30","Pakhal Wildlife Sanctuary","Q120756030","https://archive.org/details/in.gazette.central.e.2016-11-30.172905","description","in.gazette.central.e.2016-11-30.172905","gazetteofindia;JaiGyan","Government of India","2016-11-30","Ministry of Environment, Forests and Climate Change","Not Applicable","WHEREAS a draft notification was published in the Gazette of India Extraordinary vide notification of the Government of the India in the Ministry of Environment",,"https://editor.allmaps.org/images?url=https://iiif.archive.org/iiif/in.gazette.central.e.2016-11-30.172905/manifest.json&bg-preset=osm&bg-url=https://indianopenmaps.fly.dev/soi/osm/{z}/{x}/{y}.webp",,,,
"S.O. 3597(E)","2016-11-30","Takhni-Rahmapur Wildlife Sanctuary","WIKIPEDIA:punjab:takhni-rehampur-wildlife-sanctuary","https://archive.org/details/in.gazette.central.e.2016-11-30.172887","title","in.gazette.central.e.2016-11-30.172887","gazetteofindia;JaiGyan","Government of India","2016-11-30","Ministry of Environment, Forests and Climate Change","Not Applicable","WHEREAS, a draft notification was published in the Gazette of India, Extraordinary, vide notification of the Government of",,"https://editor.allmaps.org/images?url=https://iiif.archive.org/iiif/in.gazette.central.e.2016-11-30.172887/manifest.json&bg-preset=osm&bg-url=https://indianopenmaps.fly.dev/soi/osm/{z}/{x}/{y}.webp",,,,
"S.O. 36(E)","2018-01-03","Sri Penusila Narsimha Swamy Sanctuary","Q24906034","https://archive.org/details/in.gazette.central.e.2018-01-03.181845","description","in.gazette.central.e.2018-01-03.181845","gazetteofindia;JaiGyan","Government of India","2018-01-03","Ministry of Environment, Forests and Climate Change","Not Applicable","The following draft of the notification which the Central Government proposes to issue in exercise of the powers conferred",,"https://editor.allmaps.org/images?url=https://iiif.archive.org/iiif/in.gazette.central.e.2018-01-03.181845/manifest.json&bg-preset=osm&bg-url=https://indianopenmaps.fly.dev/soi/osm/{z}/{x}/{y}.webp",,,,
"S.O. 3613(E)","2017-11-17","Singalila National Park","Q2985193","https://archive.org/details/in.gazette.central.e.2017-11-17.180307","description","in.gazette.central.e.2017-11-17.180307","gazetteofindia;JaiGyan","Government of India","2017-11-17","Ministry of Environment, Forests and Climate Change","Not Applicable","WHEREAS, a draft notification was published in the Gazette of India, Extraordinary, vide notification of the Government",,"https://editor.allmaps.org/images?url=https://iiif.archive.org/iiif/in.gazette.central.e.2017-11-17.180307/manifest.json&bg-preset=osm&bg-url=https://indianopenmaps.fly.dev/soi/osm/{z}/{x}/{y}.webp",,,,
"S.O. 3631(E)","2020-10-15","Chail Wildlife Sanctuary","Q5067785","NONE",,,,,,,,,,,,,,
"S.O. 3632(E)","2020-10-15","Ramsagar Wildlife Sanctuary","Q135741931","NONE",,,,,,,,,,,,,,
"S.O. 364(E)","2009-01-29","Sultanpur National Park","Q2985097","NONE",,,,,,,,,,,,,,
"S.O. 3645 (E)","2016-12-05","Sanjay Gandhi National Park","Q648907","https://archive.org/details/in.gazette.central.e.2016-12-05.172914","title","in.gazette.central.e.2016-12-05.172914","gazetteofindia;JaiGyan","Government of India","2016-12-05","Ministry of Environment, Forests and Climate Change","Not Applicable","Whereas, a draft notification, declaring Ecosensitive Zone around Sanjay Gandhi National Park, Borivali in Mumbai of Maharashtra State",,"https://editor.allmaps.org/images?url=https://iiif.archive.org/iiif/in.gazette.central.e.2016-12-05.172914/manifest.json&bg-preset=osm&bg-url=https://indianopenmaps.fly.dev/soi/osm/{z}/{x}/{y}.webp",,,,
"S.O. 3648(E)","2019-10-10","Kharmor (Sardarpur) Santuary","Q136994418","https://archive.org/details/in.gazette.central.e.2019-10-10.213219","description","in.gazette.central.e.2019-10-10.213219","gazetteofindia;JaiGyan","Government of India","2019-10-10","Ministry of Environment, Forests and Climate Change","Not Applicable","The following draft of the notification, which the Central Government proposes to issue in exercise",,"https://editor.allmaps.org/images?url=https://iiif.archive.org/iiif/in.gazette.central.e.2019-10-10.213219/manifest.json&bg-preset=osm&bg-url=https://indianopenmaps.fly.dev/soi/osm/{z}/{x}/{y}.webp",,,,
"S.O. 3649(E)","2019-10-10","Soor Sarovar bird Sanctuary","WIKIPEDIA:uttar-pradesh:sur-sarovar-sanctuary","https://archive.org/details/in.gazette.central.e.2019-10-10.213221","description","in.gazette.central.e.2019-10-10.213221","gazetteofindia;JaiGyan","Government of India","2019-10-10","Ministry of Environment, Forests and Climate Change","Not Applicable","WHEREAS, a draft notification was published in the Gazette of India, Extraordinary, vide notification",,"https://editor.allmaps.org/images?url=https://iiif.archive.org/iiif/in.gazette.central.e.2019-10-10.213221/manifest.json&bg-preset=osm&bg-url=https://indianopenmaps.fly.dev/soi/osm/{z}/{x}/{y}.webp",,,,
"S.O. 3650(E)","2019-10-10","Melaselvanur-Kelaselvanoor Bird Sanctuary","Q122363291","https://archive.org/details/in.gazette.central.e.2019-10-10.213245","description","in.gazette.central.e.2019-10-10.213245","gazetteofindia;JaiGyan","Government of India","2019-10-10","Ministry of Environment, Forests and Climate Change","Not Applicable","WHEREAS, a draft notification was published in the Gazette of India, Extraordinary, vide notification of the Government of India in the Ministry of Environment, Forest and Climate Change",,"https://editor.allmaps.org/images?url=https://iiif.archive.org/iiif/in.gazette.central.e.2019-10-10.213245/manifest.json&bg-preset=osm&bg-url=https://indianopenmaps.fly.dev/soi/osm/{z}/{x}/{y}.webp",,,,
"S.O. 3651(E)","2019-10-10","Megamalai Sanctuary","WIKIPEDIA:tamil-nadu:megamalai-wildlife-sanctuary","https://archive.org/details/in.gazette.central.e.2019-10-10.213226","description","in.gazette.central.e.2019-10-10.213226","gazetteofindia;JaiGyan","Government of India","2019-10-10","Ministry of Environment, Forests and Climate Change","Not Applicable","WHEREAS a draft notification was published in the Gazette of India Extraordinary vide notification of the Government of India in the Ministry of Environment",,"https://editor.allmaps.org/images?url=https://iiif.archive.org/iiif/in.gazette.central.e.2019-10-10.213226/manifest.json&bg-preset=osm&bg-url=https://indianopenmaps.fly.dev/soi/osm/{z}/{x}/{y}.webp",,,,
"S.O. 3652(E)","2019-10-10","Bibhutibhushan Wildlife Sanctuary","Q4903011","https://archive.org/details/in.gazette.central.e.2019-10-10.213220","description","in.gazette.central.e.2019-10-10.213220","gazetteofindia;JaiGyan","Government of India","2019-10-10","Ministry of Environment, Forests and Climate Change","Not Applicable","WHEREAS, a draft notification was published in the Gazette of India, Extraordinary, vide notification",,"https://editor.allmaps.org/images?url=https://iiif.archive.org/iiif/in.gazette.central.e.2019-10-10.213220/manifest.json&bg-preset=osm&bg-url=https://indianopenmaps.fly.dev/soi/osm/{z}/{x}/{y}.webp",,,,
"S.O. 3653(E)","2019-10-10","Kanger Valley Wildlife Sanctuary","Q1723746","https://archive.org/details/in.gazette.central.e.2019-10-10.213227","description","in.gazette.central.e.2019-10-10.213227","gazetteofindia;JaiGyan","Government of India","2019-10-10","Ministry of Environment, Forests and Climate Change","Not Applicable","WHEREAS a draft notification was published in the Gazette of India Extraordinary vide notification of the Government of India in the Ministry of Environment",,"https://editor.allmaps.org/images?url=https://iiif.archive.org/iiif/in.gazette.central.e.2019-10-10.213227/manifest.json&bg-preset=osm&bg-url=https://indianopenmaps.fly.dev/soi/osm/{z}/{x}/{y}.webp",,,,
"S.O. 3653(E)","2021-09-09","Kanha NP & Phen Sanctuary",,"NONE",,,,,,,,,,,,,,
"S.O. 3654(E)","2019-10-10","Achanakmar Wildlife Sanctuary","Q4673468","https://archive.org/details/in.gazette.central.e.2019-10-10.213250","description","in.gazette.central.e.2019-10-10.213250","gazetteofindia;JaiGyan","Government of India","2019-10-10","Ministry of Environment, Forests and Climate Change","Not Applicable","WHEREAS, a draft notification was published in the Gazette of India Extraordinary vide notification of the Government of India in the Ministry of Environment Forest and Climate Change",,"https://editor.allmaps.org/images?url=https://iiif.archive.org/iiif/in.gazette.central.e.2019-10-10.213250/manifest.json&bg-preset=osm&bg-url=https://indianopenmaps.fly.dev/soi/osm/{z}/{x}/{y}.webp",,,,
"S.O. 3655(E)","2019-10-10","Vijay Sagar Bird Sanctuary","Q7929078","https://archive.org/details/in.gazette.central.e.2019-10-10.213228","description","in.gazette.central.e.2019-10-10.213228","gazetteofindia;JaiGyan","Government of India","2019-10-10","Ministry of Environment, Forests and Climate Change","Not Applicable","WHEREAS a draft notification was published in the Gazette of India Extraordinary vide notification of the Government of India in the Ministry of Environment",,"https://editor.allmaps.org/images?url=https://iiif.archive.org/iiif/in.gazette.central.e.2019-10-10.213228/manifest.json&bg-preset=osm&bg-url=https://indianopenmaps.fly.dev/soi/osm/{z}/{x}/{y}.webp",,,,
"S.O. 3688(E)","2018-07-27","Gulf of Mannar National Park","Q5617576","https://archive.org/details/in.gazette.central.e.2018-07-27.188079","description","in.gazette.central.e.2018-07-27.188079","gazetteofindia;JaiGyan","Government of India","2018-07-27","Ministry of Environment, Forests and Climate Change","Not Applicable","The following draft of the notification, which the Central Government proposes to issue in exercise",,"https://editor.allmaps.org/images?url=https://iiif.archive.org/iiif/in.gazette.central.e.2018-07-27.188079/manifest.json&bg-preset=osm&bg-url=https://indianopenmaps.fly.dev/soi/osm/{z}/{x}/{y}.webp",,,,
"S.O. 3689(E)","2018-07-27","Narsinghgarh Wildlife Sanctuary","Q135404149","https://archive.org/details/in.gazette.central.e.2018-07-27.188026","description","in.gazette.central.e.2018-07-27.188026","gazetteofindia;JaiGyan","Government of India","2018-07-27","Ministry of Environment, Forests and Climate Change","Not Applicable","WHEREAS, a draft notification was published in the Gazette of India, Extraordinary, vide notification of",,"https://editor.allmaps.org/images?url=https://iiif.archive.org/iiif/in.gazette.central.e.2018-07-27.188026/manifest.json&bg-preset=osm&bg-url=https://indianopenmaps.fly.dev/soi/osm/{z}/{x}/{y}.webp",,,,
"S.O. 3709(E)","2017-11-22","Saman Bird Sanctuary","Q7408557","https://archive.org/details/in.gazette.central.e.2017-11-22.180486","description","in.gazette.central.e.2017-11-22.180486","gazetteofindia;JaiGyan","Government of India","2017-11-22","Ministry of Environment, Forests and Climate Change","Not Applicable","WHEREAS a draft notification was published in the Gazette of India Extraordinary vide notification of the Government of the India in the Ministry of Environment",,"https://editor.allmaps.org/images?url=https://iiif.archive.org/iiif/in.gazette.central.e.2017-11-22.180486/manifest.json&bg-preset=osm&bg-url=https://indianopenmaps.fly.dev/soi/osm/{z}/{x}/{y}.webp",,,,
"S.O. 3710(E)","2017-11-22","Talra Wildlife Sanctuary","Q111181960","https://archive.org/details/in.gazette.central.e.2017-11-22.180497","title","in.gazette.central.e.2017-11-22.180497","gazetteofindia;JaiGyan","Government of India","2017-11-22","Ministry of Environment, Forests and Climate Change","Not Applicable","WHEREAS, a draft notification was published in the Gazette of India, Extraordinary, vide notification of the Government of the India",,"https://editor.allmaps.org/images?url=https://iiif.archive.org/iiif/in.gazette.central.e.2017-11-22.180497/manifest.json&bg-preset=osm&bg-url=https://indianopenmaps.fly.dev/soi/osm/{z}/{x}/{y}.webp",,,,
"S.O. 3711(E)","2017-11-22","Nanda Devi National Park","Q1648266","https://archive.org/details/in.gazette.central.e.2017-11-22.180471","description","in.gazette.central.e.2017-11-22.180471","gazetteofindia;JaiGyan","Government of India","2017-11-22","Ministry of Environment, Forests and Climate Change","Not Applicable","The following draft of the notification which the Central Government proposes to issue in exercise of the powers conferred by sub section",,"https://editor.allmaps.org/images?url=https://iiif.archive.org/iiif/in.gazette.central.e.2017-11-22.180471/manifest.json&bg-preset=osm&bg-url=https://indianopenmaps.fly.dev/soi/osm/{z}/{x}/{y}.webp",,,,
"S.O. 3711(E)","2017-11-22","Nandadevi National Park","Q1648266",,,,,,,,,,,,,,,
"S.O. 3711(E)","2017-11-22","Nandadevi National Park, Uttarakhand.","Q1648266",,,,,,,,,,,,,,,
"S.O. 3712(E)","2017-11-22","Udanti Sitanadi Tiger Reserve","Q106675711","https://archive.org/details/in.gazette.central.e.2017-11-22.180500","title","in.gazette.central.e.2017-11-22.180500","gazetteofindia;JaiGyan","Government of India","2017-11-22","Ministry of Environment, Forests and Climate Change","Not Applicable","The following draft of the notification, which the Central Government proposes to issue in exercise of the powers conferred",,"https://editor.allmaps.org/images?url=https://iiif.archive.org/iiif/in.gazette.central.e.2017-11-22.180500/manifest.json&bg-preset=osm&bg-url=https://indianopenmaps.fly.dev/soi/osm/{z}/{x}/{y}.webp",,,,
"S.O. 377(E)","2019-01-24","Sri Venkateshwara National Park Sanctuary","Q3174893","https://archive.org/details/in.gazette.central.e.2019-01-24.196195","description","in.gazette.central.e.2019-01-24.196195","gazetteofindia;JaiGyan","Government of India","2019-01-24","Ministry of Environment, Forests and Climate Change","Not Applicable","The following draft of the notification which the Central Government proposes to issue in exercise of the powers conferred by sub section",,"https://editor.allmaps.org/images?url=https://iiif.archive.org/iiif/in.gazette.central.e.2019-01-24.196195/manifest.json&bg-preset=osm&bg-url=https://indianopenmaps.fly.dev/soi/osm/{z}/{x}/{y}.webp",,,,
"S.O. 3775(E)","2017-11-29","Parwati Arga Wildlife Sanctuary","Q48729855","https://archive.org/details/in.gazette.central.e.2017-11-29.180531","description","in.gazette.central.e.2017-11-29.180531","gazetteofindia;JaiGyan","Government of India","2017-11-29","Ministry of Environment, Forests and Climate Change","Not Applicable","WHEREAS a draft notification was published in the Gazette of India Extraordinary vide notification of the Government of the India in the Ministry of Environment",,"https://editor.allmaps.org/images?url=https://iiif.archive.org/iiif/in.gazette.central.e.2017-11-29.180531/manifest.json&bg-preset=osm&bg-url=https://indianopenmaps.fly.dev/soi/osm/{z}/{x}/{y}.webp",,,,
"S.O. 3776(E)","2017-11-29","Sohagi Barwa Wildlife Sanctuary","Q7554593","https://archive.org/details/in.gazette.central.e.2017-11-29.180642","description","in.gazette.central.e.2017-11-29.180642","gazetteofindia;JaiGyan","Government of India","2017-11-29","Ministry of Environment, Forests and Climate Change","Not Applicable","WHEREAS a draft notification was published in the Gazette of India Extraordinary vide notification of the Government of the India in the Ministry",,"https://editor.allmaps.org/images?url=https://iiif.archive.org/iiif/in.gazette.central.e.2017-11-29.180642/manifest.json&bg-preset=osm&bg-url=https://indianopenmaps.fly.dev/soi/osm/{z}/{x}/{y}.webp",,,,
"S.O. 3777(E)","2017-11-29","Van Vihar National Park","Q3092357","NONE",,,,,,,,,,,,,,
"S.O. 3780(E)","2023-08-22","Sessa Orchid Wildlife Sanctuary","Q15276427","NONE",,,,,,,,,,,,,,
"S.O. 3858(E)","2019-10-25","Someshwara Wildlife","Q7559997","https://archive.org/details/in.gazette.central.e.2019-10-25.213523","description","in.gazette.central.e.2019-10-25.213523","gazetteofindia;JaiGyan","Government of India","2019-10-25","Ministry of Environment, Forests and Climate Change","Not Applicable","In supersession of Ministry s draft notification SO 140 E dated 13th January, 2016, the following draft",,"https://editor.allmaps.org/images?url=https://iiif.archive.org/iiif/in.gazette.central.e.2019-10-25.213523/manifest.json&bg-preset=osm&bg-url=https://indianopenmaps.fly.dev/soi/osm/{z}/{x}/{y}.webp",,,,
"S.O. 3859(E)","2019-10-25","Kudermukh National Park","Q123439915","https://archive.org/details/in.gazette.central.e.2019-10-25.213510","description","in.gazette.central.e.2019-10-25.213510","gazetteofindia;JaiGyan","Government of India","2019-10-25","Ministry of Environment, Forests and Climate Change","Not Applicable","In supersession of Ministry s draft notification S O 63 E dated 07th January 2016 the following draft of the notification which the Central Government proposes to issue in exercise of the powers",,"https://editor.allmaps.org/images?url=https://iiif.archive.org/iiif/in.gazette.central.e.2019-10-25.213510/manifest.json&bg-preset=osm&bg-url=https://indianopenmaps.fly.dev/soi/osm/{z}/{x}/{y}.webp",,,,
"S.O. 3871(E)","2019-10-29","Jasrota Wildlife Sanctuary","WIKIPEDIA:jammu-and-kashmir:jasrota-wildlife-sanctuary","https://archive.org/details/in.gazette.central.e.2019-10-29.213489","description","in.gazette.central.e.2019-10-29.213489","gazetteofindia;JaiGyan","Government of India","2019-10-29","Ministry of Environment, Forests and Climate Change","Not Applicable","WHEREAS, a draft notification was published in the Gazette of India, Extraordinary, vide notification",,"https://editor.allmaps.org/images?url=https://iiif.archive.org/iiif/in.gazette.central.e.2019-10-29.213489/manifest.json&bg-preset=osm&bg-url=https://indianopenmaps.fly.dev/soi/osm/{z}/{x}/{y}.webp",,,,
"S.O. 3873(E)","2020-10-28","Campbell Bay National Park","Q2979693","NONE",,,,,,,,,,,,,,
"S.O. 3873(E)","2020-10-28","Andaman & Nicobar Islands",,"NONE",,,,,,,,,,,,,,
"S.O. 3873(E)","2020-10-28","Campbell Bay National Park, Andaman & Nicobar Islands","Q2979693",,,,,,,,,,,,,,,
"S.O. 3874(E)","2020-10-28","Galathea Bay National Park","Q2979723","NONE",,,,,,,,,,,,,,
"S.O. 3874(E)","2020-10-28","Andaman & Nicobar Islands",,"NONE",,,,,,,,,,,,,,
"S.O. 3874(E)","2020-10-28","Galathea Bay National Park, Andaman & Nicobar Islands","Q2979723",,,,,,,,,,,,,,,
"S.O. 3875(E)","2020-10-27","Kalatop Khajjar Sanctuary Himachal Pradesh","Q6351618","NONE",,,,,,,,,,,,,,
"S.O. 3877(E)","2020-10-27","Chaparala Wildlife Santuary","Q99342657","NONE",,,,,,,,,,,,,,
"S.O. 3879(E)","2020-10-27","Kesu Brahmananda Reddy","Q969593","NONE",,,,,,,,,,,,,,
"S.O. 3880(E)","2017-12-14","Kedarnath Musk Deer Sanctuary","Q6382549","https://archive.org/details/in.gazette.central.e.2017-12-14.180904","description","in.gazette.central.e.2017-12-14.180904","gazetteofindia;JaiGyan","Government of India","2017-12-14","Ministry of Environment, Forests and Climate Change","Not Applicable","The following draft of the notification, which the Central Government proposes to issue in exercise",,"https://editor.allmaps.org/images?url=https://iiif.archive.org/iiif/in.gazette.central.e.2017-12-14.180904/manifest.json&bg-preset=osm&bg-url=https://indianopenmaps.fly.dev/soi/osm/{z}/{x}/{y}.webp",,,,
"S.O. 3880(E)","2020-10-27","Silent Valley National Park Kerala","Q176792","NONE",,,,,,,,,,,,,,
"S.O. 3880(E)","2020-10-27","Silent Valley National Park","Q176792","NONE",,,,,,,,,,,,,,
"S.O. 3880(E)","2020-10-27","Silent Valley National Park, Kerala (Malayalam version) (Disclaimer: The contents of this publication are purely on the basis of submission made by the State Government of Kerala vide its letter No. D2/85/2021/FWLD, dated 04/02/2022. In case there are any discrepancy in this Malayalam version, the English version of the draft ESZ Notification published vide S.O. No.3880(E) dated 27.10.2020 (ESZ around Silent Valley National Park) shall prevail.)",,,,,,,,,,,,,,,,
"S.O. 3881(E)","2017-12-14","Khawnglung Wildlife Sanctuary","Q137223750","https://archive.org/details/in.gazette.central.e.2017-12-14.180879","description","in.gazette.central.e.2017-12-14.180879","gazetteofindia;JaiGyan","Government of India","2017-12-14","Ministry of Environment, Forests and Climate Change","Not Applicable","The following Draft of Notification which the Central Government proposes to issue in exercise of the powers conferred by sub section",,"https://editor.allmaps.org/images?url=https://iiif.archive.org/iiif/in.gazette.central.e.2017-12-14.180879/manifest.json&bg-preset=osm&bg-url=https://indianopenmaps.fly.dev/soi/osm/{z}/{x}/{y}.webp",,,,
"S.O. 3881(E)","2020-10-27","Nameri National Park","Q2989157","NONE",,,,,,,,,,,,,,
"S.O. 3881(E)","2020-10-27","Sonai Rupai Wildlife Sanctuary","Q3490050","NONE",,,,,,,,,,,,,,
"S.O. 3881(E)","2020-10-27","Nameri National Park and Sonai-Rupai Wildlife","Q3490050",,,,,,,,,,,,,,,
"S.O. 3882(E)","2017-12-14","Nandhar WLS","Q6963221","https://archive.org/details/in.gazette.central.e.2017-12-14.180876","description","in.gazette.central.e.2017-12-14.180876","gazetteofindia;JaiGyan","Government of India","2017-12-14","Ministry of Environment, Forests and Climate Change","Not Applicable","which the Central Government proposes to issue in exercise of the powers conferred by sub section",,"https://editor.allmaps.org/images?url=https://iiif.archive.org/iiif/in.gazette.central.e.2017-12-14.180876/manifest.json&bg-preset=osm&bg-url=https://indianopenmaps.fly.dev/soi/osm/{z}/{x}/{y}.webp",,,,
"S.O. 3882(E)","2017-12-14","Nandhar WLS,","Q6963221",,,,,,,,,,,,,,,
"S.O. 3974(E)","2019-11-01","Srivilliputhur Grizzled Squirrel Sanctuar",,"https://archive.org/details/in.gazette.central.e.2019-11-01.213699","description","in.gazette.central.e.2019-11-01.213699","gazetteofindia;JaiGyan","Government of India","2019-11-01","Ministry of Environment, Forests and Climate Change","Not Applicable","WHEREAS, a draft notification was published in the Gazette of India, Extraordinary, vide notification of the Government",,"https://editor.allmaps.org/images?url=https://iiif.archive.org/iiif/in.gazette.central.e.2019-11-01.213699/manifest.json&bg-preset=osm&bg-url=https://indianopenmaps.fly.dev/soi/osm/{z}/{x}/{y}.webp",,,,
"S.O. 3974(E)","2023-09-06","Bhitarkanika National Park","Q2580141","NONE",,,,,,,,,,,,,,
"S.O. 3996","2016-12-09","Gautala Autramghat Wildlife Sanctuary","Q5527862","https://archive.org/details/in.gazette.central.e.2016-12-09.173007","title","in.gazette.central.e.2016-12-09.173007","gazetteofindia;JaiGyan","Government of India","2016-12-09","Ministry of Environment, Forests and Climate Change","Not Applicable","WHEREAS, a draft notification was published in the Gazette of India, Extraordinary, vide notification of the Government of India in the Ministry of Environment, Forest and Climate Change",,"https://editor.allmaps.org/images?url=https://iiif.archive.org/iiif/in.gazette.central.e.2016-12-09.173007/manifest.json&bg-preset=osm&bg-url=https://indianopenmaps.fly.dev/soi/osm/{z}/{x}/{y}.webp",,,,
"S.O. 4004(E)",,"sanjay gandhi national park","Q648907",,,,,,,,,,,,,,,
"S.O. 4004(E)",,"sanjay gandhi national park","Q648907",,,,,,,,,,,,,,,
"S.O. 4004(E)",,"sanjay gandhi national park","Q648907",,,,,,,,,,,,,,,
"S.O. 4004(E)",,"sanjay gandhi national park","Q648907",,,,,,,,,,,,,,,
"S.O. 4004(E)",,"sanjay gandhi national park","Q648907",,,,,,,,,,,,,,,
"S.O. 4004(E)",,"sanjay gandhi national park","Q648907",,,,,,,,,,,,,,,
"S.O. 4004(E)",,"sanjay gandhi national park","Q648907",,,,,,,,,,,,,,,
"S.O. 4004(E)",,"sanjay gandhi national park","Q648907",,,,,,,,,,,,,,,
"S.O. 4004(E)",,"sanjay gandhi national park","Q648907",,,,,,,,,,,,,,,
"S.O. 4004(E)",,"sanjay gandhi national park","Q648907",,,,,,,,,,,,,,,
"S.O. 4004(E)",,"sanjay gandhi national park","Q648907",,,,,,,,,,,,,,,
"S.O. 4004(E)",,"sanjay gandhi national park","Q648907",,,,,,,,,,,,,,,
"S.O. 4004(E)",,"sanjay gandhi national park","Q648907",,,,,,,,,,,,,,,
"S.O. 4004(E)",,"sanjay gandhi national park","Q648907",,,,,,,,,,,,,,,
"S.O. 4004(E)",,"sanjay gandhi national park","Q648907",,,,,,,,,,,,,,,
"S.O. 4004(E)",,"sanjay gandhi national park","Q648907",,,,,,,,,,,,,,,
"S.O. 4004(E)",,"sanjay gandhi national park","Q648907",,,,,,,,,,,,,,,
"S.O. 4004(E)",,"sanjay gandhi national park","Q648907",,,,,,,,,,,,,,,
"S.O. 4004(E)",,"sanjay gandhi national park","Q648907",,,,,,,,,,,,,,,
"S.O. 4004(E)",,"sanjay gandhi national park","Q648907",,,,,,,,,,,,,,,
"S.O. 4004(E)",,"sanjay gandhi national park","Q648907",,,,,,,,,,,,,,,
"S.O. 4004(E)",,"sanjay gandhi national park","Q648907",,,,,,,,,,,,,,,
"S.O. 4004(E)",,"sanjay gandhi national park","Q648907",,,,,,,,,,,,,,,
"S.O. 4004(E)",,"sanjay gandhi national park","Q648907",,,,,,,,,,,,,,,
"S.O. 4004(E)",,"sanjay gandhi national park","Q648907",,,,,,,,,,,,,,,
"S.O. 4004(E)",,"sanjay gandhi national park","Q648907",,,,,,,,,,,,,,,
"S.O. 4004(E)",,"sanjay gandhi national park","Q648907",,,,,,,,,,,,,,,
"S.O. 4004(E)",,"sanjay gandhi national park","Q648907",,,,,,,,,,,,,,,
"S.O. 4004(E)",,"sanjay gandhi national park","Q648907",,,,,,,,,,,,,,,
"S.O. 4004(E)",,"sanjay gandhi national park","Q648907",,,,,,,,,,,,,,,
"S.O. 4004(E)",,"sanjay gandhi national park","Q648907",,,,,,,,,,,,,,,
"S.O. 4004(E)",,"sanjay gandhi national park","Q648907",,,,,,,,,,,,,,,
"S.O. 4004(E)",,"sanjay gandhi national park","Q648907",,,,,,,,,,,,,,,
"S.O. 4004(E)",,"sanjay gandhi national park","Q648907",,,,,,,,,,,,,,,
"S.O. 4004(E)",,"sanjay gandhi national park","Q648907",,,,,,,,,,,,,,,
"S.O. 4004(E)",,"sanjay gandhi national park","Q648907",,,,,,,,,,,,,,,
"S.O. 4004(E)",,"sanjay gandhi national park","Q648907",,,,,,,,,,,,,,,
"S.O. 4004(E)",,"sanjay gandhi national park","Q648907",,,,,,,,,,,,,,,
"S.O. 4004(E)",,"sanjay gandhi national park","Q648907",,,,,,,,,,,,,,,
"S.O. 4004(E)",,"sanjay gandhi national park","Q648907",,,,,,,,,,,,,,,
"S.O. 4004(E)",,"sanjay gandhi national park","Q648907",,,,,,,,,,,,,,,
"S.O. 4004(E)",,"sanjay gandhi national park","Q648907",,,,,,,,,,,,,,,
"S.O. 4004(E)",,"sanjay gandhi national park","Q648907",,,,,,,,,,,,,,,
"S.O. 4004(E)",,"sanjay gandhi national park","Q648907",,,,,,,,,,,,,,,
"S.O. 4004(E)",,"sanjay gandhi national park","Q648907",,,,,,,,,,,,,,,
"S.O. 4004(E)",,"sanjay gandhi national park","Q648907",,,,,,,,,,,,,,,
"S.O. 4004(E)",,"sanjay gandhi national park","Q648907",,,,,,,,,,,,,,,
"S.O. 4004(E)",,"sanjay gandhi national park","Q648907",,,,,,,,,,,,,,,
"S.O. 4004(E)",,"sanjay gandhi national park","Q648907",,,,,,,,,,,,,,,
"S.O. 4004(E)",,"sanjay gandhi national park","Q648907",,,,,,,,,,,,,,,
"S.O. 4004(E)",,"sanjay gandhi national park","Q648907",,,,,,,,,,,,,,,
"S.O. 4004(E)",,"sanjay gandhi national park","Q648907",,,,,,,,,,,,,,,
"S.O. 4004(E)",,"sanjay gandhi national park","Q648907",,,,,,,,,,,,,,,
"S.O. 4004(E)",,"sanjay gandhi national park","Q648907",,,,,,,,,,,,,,,
"S.O. 4004(E)",,"sanjay gandhi national park","Q648907",,,,,,,,,,,,,,,
"S.O. 4004(E)",,"sanjay gandhi national park","Q648907",,,,,,,,,,,,,,,
"S.O. 4004(E)",,"sanjay gandhi national park","Q648907",,,,,,,,,,,,,,,
"S.O. 4004(E)",,"sanjay gandhi national park","Q648907",,,,,,,,,,,,,,,
"S.O. 4007(E)","2019-11-06","Kanjirankulam Bird Sanctuary","Q15233552","https://archive.org/details/in.gazette.central.e.2019-11-06.213748","description","in.gazette.central.e.2019-11-06.213748","gazetteofindia;JaiGyan","Government of India","2019-11-06","Ministry of Environment, Forests and Climate Change","Not Applicable","WHEREAS a draft notification was published in the Gazette of India Extraordinary vide notification of the",,"https://editor.allmaps.org/images?url=https://iiif.archive.org/iiif/in.gazette.central.e.2019-11-06.213748/manifest.json&bg-preset=osm&bg-url=https://indianopenmaps.fly.dev/soi/osm/{z}/{x}/{y}.webp",,,,
"S.O. 4008(E)","2019-11-06","Bassi Wildlife Sanctuary","Q4868136","https://archive.org/details/in.gazette.central.e.2019-11-06.213807","description","in.gazette.central.e.2019-11-06.213807","gazetteofindia;JaiGyan","Government of India","2019-11-06","Ministry of Environment, Forests and Climate Change","Not Applicable","In supersession of Ministrys draft notification S O 2808 E dated 12th October",,"https://editor.allmaps.org/images?url=https://iiif.archive.org/iiif/in.gazette.central.e.2019-11-06.213807/manifest.json&bg-preset=osm&bg-url=https://indianopenmaps.fly.dev/soi/osm/{z}/{x}/{y}.webp",,,,
"S.O. 4009(E)","2019-11-06","National Park Pench Mougali Sanctuary",,"https://archive.org/details/in.gazette.central.e.2019-11-06.213806","description","in.gazette.central.e.2019-11-06.213806","gazetteofindia;JaiGyan","Government of India","2019-11-06","Ministry of Environment, Forests and Climate Change","Not Applicable","WHEREAS, a draft notification was published in the Gazette of India, Extraordinary, vide notification of the Government of India in the Ministry of Environment,",,"https://editor.allmaps.org/images?url=https://iiif.archive.org/iiif/in.gazette.central.e.2019-11-06.213806/manifest.json&bg-preset=osm&bg-url=https://indianopenmaps.fly.dev/soi/osm/{z}/{x}/{y}.webp",,,,
"S.O. 4021(E)","2021-09-28","Panidehing Wildlife Sanctuary","Q14623377","NONE",,,,,,,,,,,,,,
"S.O. 4025(E)","2019-11-07","Thane Creek Flamingo Santuary","WIKIPEDIA:maharashtra:thane-creek-wildlife-sanctuary","https://archive.org/details/in.gazette.central.e.2019-11-07.213850","description","in.gazette.central.e.2019-11-07.213850","gazetteofindia;JaiGyan","Government of India","2019-11-07","Ministry of Environment, Forests and Climate Change","Not Applicable","The following draft of the notification, which the Central Government proposes to issue in exercise of the powers conferred by sub section 1",,"https://editor.allmaps.org/images?url=https://iiif.archive.org/iiif/in.gazette.central.e.2019-11-07.213850/manifest.json&bg-preset=osm&bg-url=https://indianopenmaps.fly.dev/soi/osm/{z}/{x}/{y}.webp",,,,
"S.O. 4027 (E)","2016-12-14","Bandhavgarh National Park","Q806310","https://archive.org/details/in.gazette.central.e.2016-12-14.173159","description","in.gazette.central.e.2016-12-14.173159","gazetteofindia;JaiGyan","Government of India","2016-12-14","Ministry of Environment, Forests and Climate Change","Not Applicable","Government of the India in the Ministry of Environment Forest and Climate Change number SO 1244",,"https://editor.allmaps.org/images?url=https://iiif.archive.org/iiif/in.gazette.central.e.2016-12-14.173159/manifest.json&bg-preset=osm&bg-url=https://indianopenmaps.fly.dev/soi/osm/{z}/{x}/{y}.webp",,,,
"S.O. 4027 (E)","2016-12-14","Panpatha Wildlife Sanctuary","Q135483626","https://archive.org/details/in.gazette.central.e.2016-12-14.173159","description","in.gazette.central.e.2016-12-14.173159","gazetteofindia;JaiGyan","Government of India","2016-12-14","Ministry of Environment, Forests and Climate Change","Not Applicable","Government of the India in the Ministry of Environment Forest and Climate Change number SO 1244",,"https://editor.allmaps.org/images?url=https://iiif.archive.org/iiif/in.gazette.central.e.2016-12-14.173159/manifest.json&bg-preset=osm&bg-url=https://indianopenmaps.fly.dev/soi/osm/{z}/{x}/{y}.webp",,,,
"S.O. 4027 (E)","2016-12-14","Bandhavgarh National Park and Panpatha Wildlife Sanctuary",,,,,,,,,,,,,,,,
"S.O. 4028 (E)","2016-12-14","Bunning Wildlife Sanctuary","WIKIPEDIA:manipur:bunning-wildlife-sanctuary","https://archive.org/details/in.gazette.central.e.2016-12-14.173160","description","in.gazette.central.e.2016-12-14.173160","gazetteofindia;JaiGyan","Government of India","2016-12-14","Ministry of Environment, Forests and Climate Change","Not Applicable","Government of the India in the Ministry of Environment Forest and Climate Change number SO 3237",,"https://editor.allmaps.org/images?url=https://iiif.archive.org/iiif/in.gazette.central.e.2016-12-14.173160/manifest.json&bg-preset=osm&bg-url=https://indianopenmaps.fly.dev/soi/osm/{z}/{x}/{y}.webp",,,,
"S.O. 4030 (E)","2016-12-14","Son Gharial Wildlife Sanctuary","Q132126728","https://archive.org/details/in.gazette.central.e.2016-12-14.173161","description","in.gazette.central.e.2016-12-14.173161","gazetteofindia;JaiGyan","Government of India","2016-12-14","Ministry of Environment, Forests and Climate Change","Not Applicable","Government of the India in the Ministry of Environment Forest and Climate Change number SO 1780",,"https://editor.allmaps.org/images?url=https://iiif.archive.org/iiif/in.gazette.central.e.2016-12-14.173161/manifest.json&bg-preset=osm&bg-url=https://indianopenmaps.fly.dev/soi/osm/{z}/{x}/{y}.webp",,,,
"S.O. 4031 (E)","2016-12-14","Ghatigaon Hukna Wildlife Sanctuary","Q5555916","https://archive.org/details/in.gazette.central.e.2016-12-14.173162","description","in.gazette.central.e.2016-12-14.173162","gazetteofindia;JaiGyan","Government of India","2016-12-14","Ministry of Environment, Forests and Climate Change","Not Applicable","draft notification was published in the Gazette of India Extraordinary vide notification of the Government of the India in the Ministry of Environment Forest and Climate Change number",,"https://editor.allmaps.org/images?url=https://iiif.archive.org/iiif/in.gazette.central.e.2016-12-14.173162/manifest.json&bg-preset=osm&bg-url=https://indianopenmaps.fly.dev/soi/osm/{z}/{x}/{y}.webp",,,,
"S.O. 4036(E)","2023-09-13","Panna National Park & Gangau Sanctuary",,"NONE",,,,,,,,,,,,,,
"S.O. 4048(E)","2020-11-11","Nargu Wildlife Sanctuary","Q6965894","https://archive.org/details/in.gazette.central.e.2020-11-11.223050","description","in.gazette.central.e.2020-11-11.223050","gazetteofindia;JaiGyan","Government of India","2020-11-11","MINISTRY OF ENVIRONMENT, FOREST AND CLIMATE CHANGE",,"WHEREAS the Nargu Wildlife Sanctuary is situated at a distance around 55 kilometres from Mandi 30 kilometres from Joginder nagar in Mandi and Kullu district of Himachal Pradesh","http://egazette.nic.in/WriteReadData/2020/223050.pdf","https://editor.allmaps.org/images?url=https://iiif.archive.org/iiif/in.gazette.central.e.2020-11-11.223050/manifest.json&bg-preset=osm&bg-url=https://indianopenmaps.fly.dev/soi/osm/{z}/{x}/{y}.webp",,,,
"S.O. 4064(E)","2021-10-01","Borail Wildlife Sanctuary","Q19326278","NONE",,,,,,,,,,,,,,
"S.O. 4075(E)","2019-11-11","Vallanadu Black Buck Sanctuary",,"https://archive.org/details/in.gazette.central.e.2019-11-11.213856","description","in.gazette.central.e.2019-11-11.213856","gazetteofindia;JaiGyan","Government of India","2019-11-11","Ministry of Environment, Forests and Climate Change","Not Applicable","WHEREAS a draft notification was published in the Gazette of India Extraordinary vide notification of the Government of India in the Ministry of Environment Forest and Climate Change",,"https://editor.allmaps.org/images?url=https://iiif.archive.org/iiif/in.gazette.central.e.2019-11-11.213856/manifest.json&bg-preset=osm&bg-url=https://indianopenmaps.fly.dev/soi/osm/{z}/{x}/{y}.webp",,,,
"S.O. 4076(E)","2019-11-11","Gumuti Wildlife Sanctuary","Q5618257","https://archive.org/details/in.gazette.central.e.2019-11-11.213855","description","in.gazette.central.e.2019-11-11.213855","gazetteofindia;JaiGyan","Government of India","2019-11-11","Ministry of Environment, Forests and Climate Change","Not Applicable","WHEREAS a draft notification was published in the Gazette of India Extraordinary vide notification of the Government of India in the Ministry of Environment",,"https://editor.allmaps.org/images?url=https://iiif.archive.org/iiif/in.gazette.central.e.2019-11-11.213855/manifest.json&bg-preset=osm&bg-url=https://indianopenmaps.fly.dev/soi/osm/{z}/{x}/{y}.webp",,,,
"S.O. 4077(E)","2019-11-11","Trishna Wildlife Sanctuary","Q7844042","https://archive.org/details/in.gazette.central.e.2019-11-11.213858","description","in.gazette.central.e.2019-11-11.213858","gazetteofindia;JaiGyan","Government of India","2019-11-11","Ministry of Environment, Forests and Climate Change","Not Applicable","WHEREAS a draft notification was published in the Gazette of India Extraordinary vide notification of the Government of India in the Ministry of",,"https://editor.allmaps.org/images?url=https://iiif.archive.org/iiif/in.gazette.central.e.2019-11-11.213858/manifest.json&bg-preset=osm&bg-url=https://indianopenmaps.fly.dev/soi/osm/{z}/{x}/{y}.webp",,,,
"S.O. 4077(E)","2019-11-11","Rajbari National Park","Q7285897",,,,,,,,,,,,,,,
"S.O. 4077(E)","2019-11-11","Trishna Wildlife Sanctuary, Rajbari National Park",,,,,,,,,,,,,,,,
"S.O. 410(E)","2020-01-28","Point Calimere Sanctuary (including block B",,"NONE",,,,,,,,,,,,,,
"S.O. 410(E)","2020-01-28","Point Calimere Wildlife Bird Sanctuary","Q5614058",,,,,,,,,,,,,,,
"S.O. 4106(E)","2017-12-29","Pualreng Wildlife Sanctuary","Q135412386","https://archive.org/details/in.gazette.central.e.2017-12-29.181685","description","in.gazette.central.e.2017-12-29.181685","gazetteofindia;JaiGyan","Government of India","2017-12-29","Ministry of Environment, Forests and Climate Change","Not Applicable","The following Draft of Notification, which the Central Government proposes to issue in exercise of the powers conferred",,"https://editor.allmaps.org/images?url=https://iiif.archive.org/iiif/in.gazette.central.e.2017-12-29.181685/manifest.json&bg-preset=osm&bg-url=https://indianopenmaps.fly.dev/soi/osm/{z}/{x}/{y}.webp",,,,
"S.O. 4107(E)","2017-12-29","Tawi Wildlife Sanctuary","Q137049306","https://archive.org/details/in.gazette.central.e.2017-12-29.181635","description","in.gazette.central.e.2017-12-29.181635","gazetteofindia;JaiGyan","Government of India","2017-12-29","Ministry of Environment, Forests and Climate Change","Not Applicable","The following Draft of Notification, which the Central Government proposes to issue in exercise of the powers conferred",,"https://editor.allmaps.org/images?url=https://iiif.archive.org/iiif/in.gazette.central.e.2017-12-29.181635/manifest.json&bg-preset=osm&bg-url=https://indianopenmaps.fly.dev/soi/osm/{z}/{x}/{y}.webp",,,,
"S.O. 4108(E)","2017-12-29","Rampara Wildlife Sanctuary","Q125503789","https://archive.org/details/in.gazette.central.e.2017-12-29.181636","description","in.gazette.central.e.2017-12-29.181636","gazetteofindia;JaiGyan","Government of India","2017-12-29","Ministry of Environment, Forests and Climate Change","Not Applicable","WHEREAS, a draft notification was published in the Gazette of India, Extraordinary, vide notification of the Government",,"https://editor.allmaps.org/images?url=https://iiif.archive.org/iiif/in.gazette.central.e.2017-12-29.181636/manifest.json&bg-preset=osm&bg-url=https://indianopenmaps.fly.dev/soi/osm/{z}/{x}/{y}.webp",,,,
"S.O. 4109 (E)","2016-12-21","Ratapani Wildlife Sanctuary","Q7295480","https://archive.org/details/in.gazette.central.e.2016-12-21.173186","title","in.gazette.central.e.2016-12-21.173186","gazetteofindia;JaiGyan","Government of India","2016-12-21","Ministry of Environment, Forests and Climate Change","Not Applicable","The following draft of the notification, which the Central Government proposes to issue in exercise of the powers conferred by sub section",,"https://editor.allmaps.org/images?url=https://iiif.archive.org/iiif/in.gazette.central.e.2016-12-21.173186/manifest.json&bg-preset=osm&bg-url=https://indianopenmaps.fly.dev/soi/osm/{z}/{x}/{y}.webp",,,,
"S.O. 4109 (E)","2016-12-21","Singhori Wildlife Sanctuary","Q136994694","https://archive.org/details/in.gazette.central.e.2016-12-21.173186","title","in.gazette.central.e.2016-12-21.173186","gazetteofindia;JaiGyan","Government of India","2016-12-21","Ministry of Environment, Forests and Climate Change","Not Applicable","The following draft of the notification, which the Central Government proposes to issue in exercise of the powers conferred by sub section",,"https://editor.allmaps.org/images?url=https://iiif.archive.org/iiif/in.gazette.central.e.2016-12-21.173186/manifest.json&bg-preset=osm&bg-url=https://indianopenmaps.fly.dev/soi/osm/{z}/{x}/{y}.webp",,,,
"S.O. 4109 (E)","2016-12-21","Ratapani and Singhori Wildlife Sanctuary",,,,,,,,,,,,,,,,
"S.O. 4109(E)","2017-12-29","Jambugodha Wildlife Sanctuary","Q2757724","https://archive.org/details/in.gazette.central.e.2017-12-29.181687","description","in.gazette.central.e.2017-12-29.181687","gazetteofindia;JaiGyan","Government of India","2017-12-29","Ministry of Environment, Forests and Climate Change","Not Applicable","The following draft of the notification, which the Central Government proposes to issue in exercise of the powers conferred",,"https://editor.allmaps.org/images?url=https://iiif.archive.org/iiif/in.gazette.central.e.2017-12-29.181687/manifest.json&bg-preset=osm&bg-url=https://indianopenmaps.fly.dev/soi/osm/{z}/{x}/{y}.webp",,,,
"S.O. 411(E)","2020-01-28","Point Calimere Sanctuary (including block A)",,"NONE",,,,,,,,,,,,,,
"S.O. 411(E)","2020-01-28","Point Calimere Wildlife Bird Sanctuary","Q5614058",,,,,,,,,,,,,,,
"S.O. 4110(E)","2017-12-29","Asolabhattie Wildlife Sanctuary",,"https://archive.org/details/in.gazette.central.e.2017-12-29.181628","description","in.gazette.central.e.2017-12-29.181628","gazetteofindia;JaiGyan","Government of India","2017-12-29","Ministry of Environment, Forests and Climate Change","Not Applicable","The following draft of the notification, which the Central Government proposes to issue in exercise of the powers conferred",,"https://editor.allmaps.org/images?url=https://iiif.archive.org/iiif/in.gazette.central.e.2017-12-29.181628/manifest.json&bg-preset=osm&bg-url=https://indianopenmaps.fly.dev/soi/osm/{z}/{x}/{y}.webp",,,,
"S.O. 4110(E)","2017-12-29","Asola Bhatti Wildlife Sanctuary",,,,,,,,,,,,,,,,
"S.O. 412(E)","2020-01-28","Kodaikanal Sanctuary","Q3696260","NONE",,,,,,,,,,,,,,
"S.O. 4132(E)","2023-09-20","Nagzira Wildlife Sanctuary","Q6959133","https://archive.org/details/in.gazette.central.e.2023-09-20.248884","description","in.gazette.central.e.2023-09-20.248884","gazetteofindia;JaiGyan","Government of India","2023-09-20","Ministry of Environment, Forest and Climate Change","ESZ Division","Final Notification for declaration of ESZ around Nagzira Wildlife Sanctuary Maharashtra","https://egazette.gov.in/WriteReadData/2023/248884.pdf","https://editor.allmaps.org/images?url=https://iiif.archive.org/iiif/in.gazette.central.e.2023-09-20.248884/manifest.json&bg-preset=osm&bg-url=https://indianopenmaps.fly.dev/soi/osm/{z}/{x}/{y}.webp",,,,
"S.O. 4132(E)","2023-09-20","New Nagzira Wildlife Sanctuary","Q6959133","https://archive.org/details/in.gazette.central.e.2023-09-20.248884","description","in.gazette.central.e.2023-09-20.248884","gazetteofindia;JaiGyan","Government of India","2023-09-20","Ministry of Environment, Forest and Climate Change","ESZ Division","Final Notification for declaration of ESZ around Nagzira Wildlife Sanctuary Maharashtra","https://egazette.gov.in/WriteReadData/2023/248884.pdf","https://editor.allmaps.org/images?url=https://iiif.archive.org/iiif/in.gazette.central.e.2023-09-20.248884/manifest.json&bg-preset=osm&bg-url=https://indianopenmaps.fly.dev/soi/osm/{z}/{x}/{y}.webp",,,,
"S.O. 4132(E)","2023-09-20","Koka Wildlife Sanctuary","Q107283783","https://archive.org/details/in.gazette.central.e.2023-09-20.248884","description","in.gazette.central.e.2023-09-20.248884","gazetteofindia;JaiGyan","Government of India","2023-09-20","Ministry of Environment, Forest and Climate Change","ESZ Division","Final Notification for declaration of ESZ around Nagzira Wildlife Sanctuary Maharashtra","https://egazette.gov.in/WriteReadData/2023/248884.pdf","https://editor.allmaps.org/images?url=https://iiif.archive.org/iiif/in.gazette.central.e.2023-09-20.248884/manifest.json&bg-preset=osm&bg-url=https://indianopenmaps.fly.dev/soi/osm/{z}/{x}/{y}.webp",,,,
"S.O. 4132(E)","2023-09-20","Navegaon Wildlife Sanctuary","Q763034","https://archive.org/details/in.gazette.central.e.2023-09-20.248884","description","in.gazette.central.e.2023-09-20.248884","gazetteofindia;JaiGyan","Government of India","2023-09-20","Ministry of Environment, Forest and Climate Change","ESZ Division","Final Notification for declaration of ESZ around Nagzira Wildlife Sanctuary Maharashtra","https://egazette.gov.in/WriteReadData/2023/248884.pdf","https://editor.allmaps.org/images?url=https://iiif.archive.org/iiif/in.gazette.central.e.2023-09-20.248884/manifest.json&bg-preset=osm&bg-url=https://indianopenmaps.fly.dev/soi/osm/{z}/{x}/{y}.webp",,,,
"S.O. 4132(E)","2023-09-20","Navegaon National Park","Q763034","https://archive.org/details/in.gazette.central.e.2023-09-20.248884","description","in.gazette.central.e.2023-09-20.248884","gazetteofindia;JaiGyan","Government of India","2023-09-20","Ministry of Environment, Forest and Climate Change","ESZ Division","Final Notification for declaration of ESZ around Nagzira Wildlife Sanctuary Maharashtra","https://egazette.gov.in/WriteReadData/2023/248884.pdf","https://editor.allmaps.org/images?url=https://iiif.archive.org/iiif/in.gazette.central.e.2023-09-20.248884/manifest.json&bg-preset=osm&bg-url=https://indianopenmaps.fly.dev/soi/osm/{z}/{x}/{y}.webp",,,,
"S.O. 4132(E)","2023-09-20","Nagzira WildlifeSanctuary, New Nagzira Wildlife Sanctuary, Koka Wildlife Sanctuary, Navegaon Wildlife Sanctuary and Navegaon National Park",,,,,,,,,,,,,,,,
"S.O. 4150(E)","2019-11-19","Keoladeo Wildlife","Q235878","https://archive.org/details/in.gazette.central.e.2019-11-19.214075","description","in.gazette.central.e.2019-11-19.214075","gazetteofindia;JaiGyan","Government of India","2019-11-19","Ministry of Environment, Forests and Climate Change","Not Applicable","The following draft of the notification further to amend the notification of the Government of India in the Ministry of Environment",,"https://editor.allmaps.org/images?url=https://iiif.archive.org/iiif/in.gazette.central.e.2019-11-19.214075/manifest.json&bg-preset=osm&bg-url=https://indianopenmaps.fly.dev/soi/osm/{z}/{x}/{y}.webp",,,,
"S.O. 4150(E)","2019-11-19","Keoldaeo Wildlife Santuary",,,,,,,,,,,,,,,,
"S.O. 4150(E)","2019-11-19","Keoldaeo Wildlife Santuary, Rajasthan",,,,,,,,,,,,,,,,
"S.O. 4151(E)","2019-11-19","KesarbaghWildlife Sanctuary","Q135933288","https://archive.org/details/in.gazette.central.e.2019-11-19.214205","description","in.gazette.central.e.2019-11-19.214205","gazetteofindia;JaiGyan","Government of India","2019-11-19","Ministry of Environment, Forests and Climate Change","Not Applicable","In supersession of Ministrys draft notification S O 138 E dated the 13th January 2016 the following draft of the notification",,"https://editor.allmaps.org/images?url=https://iiif.archive.org/iiif/in.gazette.central.e.2019-11-19.214205/manifest.json&bg-preset=osm&bg-url=https://indianopenmaps.fly.dev/soi/osm/{z}/{x}/{y}.webp",,,,
"S.O. 4152(E)","2019-11-19","Billigirangana Swamy Tiger Reserve","Q3631211","https://archive.org/details/in.gazette.central.e.2019-11-19.214206","description","in.gazette.central.e.2019-11-19.214206","gazetteofindia;JaiGyan","Government of India","2019-11-19","Ministry of Environment, Forests and Climate Change","Not Applicable","WHEREAS, a draft re notification was published in the Gazette of India, Extraordinary, vide notification of the Government of India in the Ministry of Environment,",,"https://editor.allmaps.org/images?url=https://iiif.archive.org/iiif/in.gazette.central.e.2019-11-19.214206/manifest.json&bg-preset=osm&bg-url=https://indianopenmaps.fly.dev/soi/osm/{z}/{x}/{y}.webp",,,,
"S.O. 4153(E)","2019-11-19","Naigaon Mayur Santuary","WIKIPEDIA:maharashtra:naigaon-mayur-wildlife-sanctuary","https://archive.org/details/in.gazette.central.e.2019-11-19.214216","description","in.gazette.central.e.2019-11-19.214216","gazetteofindia;JaiGyan","Government of India","2019-11-19","Ministry of Environment, Forests and Climate Change","Not Applicable","The following draft of the notification, which the Central Government proposes to issue in exercise of the powers",,"https://editor.allmaps.org/images?url=https://iiif.archive.org/iiif/in.gazette.central.e.2019-11-19.214216/manifest.json&bg-preset=osm&bg-url=https://indianopenmaps.fly.dev/soi/osm/{z}/{x}/{y}.webp",,,,
"S.O. 4204(E)","2016-12-28","Kathlaur-Kushalia Wildlife Sanctuary","Q136955738","https://archive.org/details/in.gazette.central.e.2016-12-28.173332","description","in.gazette.central.e.2016-12-28.173332","gazetteofindia;JaiGyan","Government of India","2016-12-28","Ministry of Environment, Forests and Climate Change","Not Applicable","notification of the Government of the India in the Ministry of Environment Forest and Climate Change number SO 1778",,"https://editor.allmaps.org/images?url=https://iiif.archive.org/iiif/in.gazette.central.e.2016-12-28.173332/manifest.json&bg-preset=osm&bg-url=https://indianopenmaps.fly.dev/soi/osm/{z}/{x}/{y}.webp",,,,
"S.O. 4205(E)","2016-12-28","Melghat Tiger Reserve","Q2429161","https://archive.org/details/in.gazette.central.e.2016-12-28.173334","description","in.gazette.central.e.2016-12-28.173334","gazetteofindia;JaiGyan","Government of India","2016-12-28","Ministry of Environment, Forests and Climate Change","Not Applicable","WHEREAS a draft notification was published in the Gazette of India Extraordinary vide notification of the Government of the India in the Ministry of Environment",,"https://editor.allmaps.org/images?url=https://iiif.archive.org/iiif/in.gazette.central.e.2016-12-28.173334/manifest.json&bg-preset=osm&bg-url=https://indianopenmaps.fly.dev/soi/osm/{z}/{x}/{y}.webp",,,,
"S.O. 421",,"Thol Wildlife Sanctuary","Q7786672",,,,,,,,,,,,,,,
"S.O. 421",,"Thol Wildlife Sanctuary","Q7786672",,,,,,,,,,,,,,,
"S.O. 421",,"Thol Wildlife Sanctuary","Q7786672",,,,,,,,,,,,,,,
"S.O. 421",,"Thol Wildlife Sanctuary","Q7786672",,,,,,,,,,,,,,,
"S.O. 421",,"Thol Wildlife Sanctuary","Q7786672",,,,,,,,,,,,,,,
"S.O. 421",,"Thol Wildlife Sanctuary","Q7786672",,,,,,,,,,,,,,,
"S.O. 421",,"Thol Wildlife Sanctuary","Q7786672",,,,,,,,,,,,,,,
"S.O. 421",,"Thol Wildlife Sanctuary","Q7786672",,,,,,,,,,,,,,,
"S.O. 421",,"Thol Wildlife Sanctuary","Q7786672",,,,,,,,,,,,,,,
"S.O. 421",,"Thol Wildlife Sanctuary","Q7786671",,,,,,,,,,,,,,,
"S.O. 421",,"Thol Wildlife Sanctuary","Q7786671",,,,,,,,,,,,,,,
"S.O. 421",,"Thol Wildlife Sanctuary","Q7786671",,,,,,,,,,,,,,,
"S.O. 421",,"Thol Wildlife Sanctuary","Q7786671",,,,,,,,,,,,,,,
"S.O. 421",,"Thol Wildlife Sanctuary","Q7786671",,,,,,,,,,,,,,,
"S.O. 421",,"Thol Wildlife Sanctuary","Q7786671",,,,,,,,,,,,,,,
"S.O. 421",,"Thol Wildlife Sanctuary","Q7786671",,,,,,,,,,,,,,,
"S.O. 421",,"Thol Wildlife Sanctuary","Q7786671",,,,,,,,,,,,,,,
"S.O. 421",,"Thol Wildlife Sanctuary","Q7786671",,,,,,,,,,,,,,,
"S.O. 421",,"Thol Wildlife Sanctuary","Q7786671",,,,,,,,,,,,,,,
"S.O. 421",,"Thol Wildlife Sanctuary","Q7786671",,,,,,,,,,,,,,,
"S.O. 421",,"Thol Wildlife Sanctuary","Q7786671",,,,,,,,,,,,,,,
"S.O. 421",,"Thol Wildlife Sanctuary","Q7786671",,,,,,,,,,,,,,,
"S.O. 421",,"Thol Wildlife Sanctuary","Q7786671",,,,,,,,,,,,,,,
"S.O. 421",,"Thol Wildlife Sanctuary","Q7786671",,,,,,,,,,,,,,,
"S.O. 421",,"Thol Wildlife Sanctuary","Q7786671",,,,,,,,,,,,,,,
"S.O. 421",,"Thol Wildlife Sanctuary","Q7786671",,,,,,,,,,,,,,,
"S.O. 421",,"Thol Wildlife Sanctuary","Q7786671",,,,,,,,,,,,,,,
"S.O. 421",,"Thol Wildlife Sanctuary","Q7786671",,,,,,,,,,,,,,,
"S.O. 421",,"Thol Wildlife Sanctuary","Q7786671",,,,,,,,,,,,,,,
"S.O. 421",,"Thol Wildlife Sanctuary","Q7786671",,,,,,,,,,,,,,,
"S.O. 421",,"Thol Wildlife Sanctuary","Q7786671",,,,,,,,,,,,,,,
"S.O. 421",,"Thol Wildlife Sanctuary","Q7786671",,,,,,,,,,,,,,,
"S.O. 421",,"Thol Wildlife Sanctuary","Q7786671",,,,,,,,,,,,,,,
"S.O. 421",,"Thol Wildlife Sanctuary","Q7786671",,,,,,,,,,,,,,,
"S.O. 421",,"Thol Wildlife Sanctuary","Q7786671",,,,,,,,,,,,,,,
"S.O. 421",,"Thol Wildlife Sanctuary","Q7786672",,,,,,,,,,,,,,,
"S.O. 421",,"Thol Wildlife Sanctuary","Q7786672",,,,,,,,,,,,,,,
"S.O. 421",,"Thol Wildlife Sanctuary","Q7786672",,,,,,,,,,,,,,,
"S.O. 421",,"Thol Wildlife Sanctuary","Q7786672",,,,,,,,,,,,,,,
"S.O. 421",,"Thol Wildlife Sanctuary","Q7786672",,,,,,,,,,,,,,,
"S.O. 421",,"Thol Wildlife Sanctuary","Q7786672",,,,,,,,,,,,,,,
"S.O. 421",,"Thol Wildlife Sanctuary","Q7786672",,,,,,,,,,,,,,,
"S.O. 421",,"Thol Wildlife Sanctuary","Q7786672",,,,,,,,,,,,,,,
"S.O. 421",,"Thol Wildlife Sanctuary","Q7786672",,,,,,,,,,,,,,,
"S.O. 421",,"Thol Wildlife Sanctuary","Q7786672",,,,,,,,,,,,,,,
"S.O. 421",,"Thol Wildlife Sanctuary","Q7786671",,,,,,,,,,,,,,,
"S.O. 421",,"Thol Wildlife Sanctuary","Q7786672",,,,,,,,,,,,,,,
"S.O. 421",,"Thol Wildlife Sanctuary","Q7786672",,,,,,,,,,,,,,,
"S.O. 421",,"Thol Wildlife Sanctuary","Q7786672",,,,,,,,,,,,,,,
"S.O. 421",,"Thol Wildlife Sanctuary","Q7786672",,,,,,,,,,,,,,,
"S.O. 421",,"Thol Wildlife Sanctuary","Q7786672",,,,,,,,,,,,,,,
"S.O. 421",,"Thol Wildlife Sanctuary","Q7786672",,,,,,,,,,,,,,,
"S.O. 421",,"Thol Wildlife Sanctuary","Q7786672",,,,,,,,,,,,,,,
"S.O. 421",,"Thol Wildlife Sanctuary","Q7786672",,,,,,,,,,,,,,,
"S.O. 421",,"Thol Wildlife Sanctuary","Q7786671",,,,,,,,,,,,,,,
"S.O. 421",,"Thol Wildlife Sanctuary","Q7786672",,,,,,,,,,,,,,,
"S.O. 421",,"Thol Wildlife Sanctuary","Q7786672",,,,,,,,,,,,,,,
"S.O. 421",,"Thol Wildlife Sanctuary","Q7786672",,,,,,,,,,,,,,,
"S.O. 4269(E)","2020-11-25","Chimmony Wildlife Sanctuary","Q6806784","NONE",,,,,,,,,,,,,,
"S.O. 4270(E)","2020-11-25","Choolannur Pea Fowl Sanctuary","Q13111992","NONE",,,,,,,,,,,,,,
"S.O. 4271(E)","2020-11-25","Peechi Wildlife Sanctuary",,"NONE",,,,,,,,,,,,,,
"S.O. 4272(E)","2020-11-27","Nahar Wildlife Sanctuary","Q17002923","NONE",,,,,,,,,,,,,,
"S.O. 4273(E)","2020-11-27","Bandli Wildlife Sanctuary","Q123292405","NONE",,,,,,,,,,,,,,
"S.O. 4274(E)","2020-11-27","Kanawar Wildlife Sanctuary","Q16948098","NONE",,,,,,,,,,,,,,
"S.O. 431(E)","2018-01-30","Bakhira WLS","Q4251269","https://archive.org/details/in.gazette.central.e.2018-01-30.182620","description","in.gazette.central.e.2018-01-30.182620","gazetteofindia;JaiGyan","Government of India","2018-01-30","Ministry of Environment, Forests and Climate Change","Not Applicable","In supersession of Ministry s draft notification S O 3493 E dated 22nd December 2015 the following draft of the notification",,"https://editor.allmaps.org/images?url=https://iiif.archive.org/iiif/in.gazette.central.e.2018-01-30.182620/manifest.json&bg-preset=osm&bg-url=https://indianopenmaps.fly.dev/soi/osm/{z}/{x}/{y}.webp",,,,
"S.O. 431(E)","2018-01-30","Bakhira WLS, Uttar Pradesh","Q4251269",,,,,,,,,,,,,,,
"S.O. 4322(E)","2019-11-29","Krishna Wildlife Sanctuary","Q6437498","https://archive.org/details/in.gazette.central.e.2019-11-29.214465","description","in.gazette.central.e.2019-11-29.214465","gazetteofindia;JaiGyan","Government of India","2019-11-29","Ministry of Environment, Forests and Climate Change","Not Applicable","The following draft of the notification, which the Central Government proposes to issue in exercise of the powers conferred",,"https://editor.allmaps.org/images?url=https://iiif.archive.org/iiif/in.gazette.central.e.2019-11-29.214465/manifest.json&bg-preset=osm&bg-url=https://indianopenmaps.fly.dev/soi/osm/{z}/{x}/{y}.webp",,,,
"S.O. 436(E)","2021-01-28","Kishtewar National Park","Q727091","NONE",,,,,,,,,,,,,,
"S.O. 436(E)","2021-01-28","Tata Kutti Wildlife Sanctuary","WIKIPEDIA:jammu-and-kashmir:tratte-koot",,,,,,,,,,,,,,,
"S.O. 437(E)","2021-01-28","Nahargarh Wildlife Sanctuary","Q134581467","NONE",,,,,,,,,,,,,,
"S.O. 437(E)","2021-01-28","Bhainsrodgarh Wildlife Sanctuary","Q131612272",,,,,,,,,,,,,,,
"S.O. 4372(E)","2019-12-06","Khawanglung Sanctuary","Q137223750","https://archive.org/details/in.gazette.central.e.2019-12-06.214535","description","in.gazette.central.e.2019-12-06.214535","gazetteofindia;JaiGyan","Government of India","2019-12-06","Ministry of Environment, Forests and Climate Change","Not Applicable","WHEREAS, a draft notification was published in the Gazette of India, Extraordinary, vide notification",,"https://editor.allmaps.org/images?url=https://iiif.archive.org/iiif/in.gazette.central.e.2019-12-06.214535/manifest.json&bg-preset=osm&bg-url=https://indianopenmaps.fly.dev/soi/osm/{z}/{x}/{y}.webp",,,,
"S.O. 438(E)","2021-01-28","Chimmony Wildlife Sanctuary","Q6806784","NONE",,,,,,,,,,,,,,
"S.O. 438(E)","2021-01-28","Wayanad Wildlife Sanctuary","Q3595858",,,,,,,,,,,,,,,
"S.O. 4381(E)","2023-10-09","Bhoramdeo Wildlife Sanctuary","Q135350399","https://archive.org/details/in.gazette.central.e.2023-10-09.249304","description","in.gazette.central.e.2023-10-09.249304","gazetteofindia;JaiGyan","Government of India","2023-10-09","Ministry of Environment, Forest and Climate Change","ESZ Division","ESZ proposal around the Bhoramdeo Wildlife Sanctuary Chattisgarh","https://egazette.gov.in/WriteReadData/2023/249304.pdf","https://editor.allmaps.org/images?url=https://iiif.archive.org/iiif/in.gazette.central.e.2023-10-09.249304/manifest.json&bg-preset=osm&bg-url=https://indianopenmaps.fly.dev/soi/osm/{z}/{x}/{y}.webp",,,,
"S.O. 439(E)","2021-01-28","Tokalo Wildlife Sanctuary","Q137144512","NONE",,,,,,,,,,,,,,
"S.O. 440(E)","2021-01-28","Nahargarh Wildlife Sanctuary",,"NONE",,,,,,,,,,,,,,
"S.O. 440(E)","2021-01-28","Parambikulam Tiger Reserve","Q3635169",,,,,,,,,,,,,,,
"S.O. 4440(E)","2019-12-11","Sakkarakottai Bird Sanctuary","Q135622961","https://archive.org/details/in.gazette.central.e.2019-12-11.214706","description","in.gazette.central.e.2019-12-11.214706","gazetteofindia;JaiGyan","Government of India","2019-12-11","Ministry of Environment, Forests and Climate Change","Not Applicable","WHEREAS a draft notification was published in the Gazette of India Extraordinary",,"https://editor.allmaps.org/images?url=https://iiif.archive.org/iiif/in.gazette.central.e.2019-12-11.214706/manifest.json&bg-preset=osm&bg-url=https://indianopenmaps.fly.dev/soi/osm/{z}/{x}/{y}.webp",,,,
"S.O. 4441(E)","2019-12-11","Adichunchanagri Peacock Sanctuary","Q135455927","https://archive.org/details/in.gazette.central.e.2019-12-11.214715","description","in.gazette.central.e.2019-12-11.214715","gazetteofindia;JaiGyan","Government of India","2019-12-11","Ministry of Environment, Forests and Climate Change","Not Applicable","In supersession of Ministrys draft notification S O 2940 E dated the 13th January 2016 the following draft of the notification",,"https://editor.allmaps.org/images?url=https://iiif.archive.org/iiif/in.gazette.central.e.2019-12-11.214715/manifest.json&bg-preset=osm&bg-url=https://indianopenmaps.fly.dev/soi/osm/{z}/{x}/{y}.webp",,,,
"S.O. 4442(E)","2019-12-11","Mahananda Wildlife Santuary","Q15243705","https://archive.org/details/in.gazette.central.e.2019-12-11.214723","description","in.gazette.central.e.2019-12-11.214723","gazetteofindia;JaiGyan","Government of India","2019-12-11","Ministry of Environment, Forests and Climate Change","Not Applicable","The following draft of the notification which the Central Government proposes to issue in exercise",,"https://editor.allmaps.org/images?url=https://iiif.archive.org/iiif/in.gazette.central.e.2019-12-11.214723/manifest.json&bg-preset=osm&bg-url=https://indianopenmaps.fly.dev/soi/osm/{z}/{x}/{y}.webp",,,,
"S.O. 4443(E)","2019-12-11","Mayureshwar Supe Wildlife Sanctuary","Q17072649","https://archive.org/details/in.gazette.central.e.2019-12-11.214711","description","in.gazette.central.e.2019-12-11.214711","gazetteofindia;JaiGyan","Government of India","2019-12-11","Ministry of Environment, Forests and Climate Change","Not Applicable","In supersession of Ministrys draft notification S O 2630 E dated 28th July 2016 the following draft of the notification",,"https://editor.allmaps.org/images?url=https://iiif.archive.org/iiif/in.gazette.central.e.2019-12-11.214711/manifest.json&bg-preset=osm&bg-url=https://indianopenmaps.fly.dev/soi/osm/{z}/{x}/{y}.webp",,,,
"S.O. 4444(E)","2019-12-11","Nandankanan WLS","Q106240301","https://archive.org/details/in.gazette.central.e.2019-12-11.214714","description","in.gazette.central.e.2019-12-11.214714","gazetteofindia;JaiGyan","Government of India","2019-12-11","Ministry of Environment, Forests and Climate Change","Not Applicable","WHEREAS a draft notification was published in the Gazette of India Extraordinary vide notification of the Government of India in the Ministry of Environment",,"https://editor.allmaps.org/images?url=https://iiif.archive.org/iiif/in.gazette.central.e.2019-12-11.214714/manifest.json&bg-preset=osm&bg-url=https://indianopenmaps.fly.dev/soi/osm/{z}/{x}/{y}.webp",,,,
"S.O. 4498(E)","2019-12-17","Mudumalai Tiger Reserve","Q2372700","https://archive.org/details/in.gazette.central.e.2019-12-17.214862","description","in.gazette.central.e.2019-12-17.214862","gazetteofindia;JaiGyan","Government of India","2019-12-17","Ministry of Environment, Forests and Climate Change","Not Applicable","WHEREAS a draft notification was published in the Gazette of India Extraordinary vide notification of the Government of India",,"https://editor.allmaps.org/images?url=https://iiif.archive.org/iiif/in.gazette.central.e.2019-12-17.214862/manifest.json&bg-preset=osm&bg-url=https://indianopenmaps.fly.dev/soi/osm/{z}/{x}/{y}.webp",,,,
"S.O. 4499(E)","2019-12-17","Therthnagal Bird Sanctuary","Q135622710","https://archive.org/details/in.gazette.central.e.2019-12-17.214784","description","in.gazette.central.e.2019-12-17.214784","gazetteofindia;JaiGyan","Government of India","2019-12-17","Ministry of Environment, Forests and Climate Change","Not Applicable","WHEREAS a draft notification was published in the Gazette of India Extraordinary vide notification of the Government of India",,"https://editor.allmaps.org/images?url=https://iiif.archive.org/iiif/in.gazette.central.e.2019-12-17.214784/manifest.json&bg-preset=osm&bg-url=https://indianopenmaps.fly.dev/soi/osm/{z}/{x}/{y}.webp",,,,
"S.O. 4500(E)","2019-12-17","Vettangudi Bird Sanctuary","Q7923801","https://archive.org/details/in.gazette.central.e.2019-12-17.214768","description","in.gazette.central.e.2019-12-17.214768","gazetteofindia;JaiGyan","Government of India","2019-12-17","Ministry of Environment, Forests and Climate Change","Not Applicable","WHEREAS a draft notification was published in the Gazette of India Extraordinary vide notification of the Government",,"https://editor.allmaps.org/images?url=https://iiif.archive.org/iiif/in.gazette.central.e.2019-12-17.214768/manifest.json&bg-preset=osm&bg-url=https://indianopenmaps.fly.dev/soi/osm/{z}/{x}/{y}.webp",,,,
"S.O. 460(E)","2020-01-28","Dibru Saikhowa National","Q1209353","NONE",,,,,,,,,,,,,,
"S.O. 461(E)","2020-01-30","Tamhini WLS","WIKIPEDIA:maharashtra:tamhini-wildlife-sanctuary","NONE",,,,,,,,,,,,,,
"S.O. 4612(E)","2019-12-24","Ramsagar Wildlife Sanctuary","Q135741931","NONE",,,,,,,,,,,,,,
"S.O. 4616(E)","2021-11-08","Sailana Wildlife Sanctuary","WIKIPEDIA:madhya-pradesh:sailana-wildlife-sanctuary","NONE",,,,,,,,,,,,,,
"S.O. 4668(E)","2021-10-03","Sitamata Wildlife Sanctuary","Q7531584","NONE",,,,,,,,,,,,,,
"S.O. 4694(E)","2020-12-24","Mahatma Gandhi Marine (Wandoor) National Park","Q3364527","NONE",,,,,,,,,,,,,,
"S.O. 4697(E)","2020-12-24","Col Sher Jun National Park Earlier Simbalbara National Park",,"NONE",,,,,,,,,,,,,,
"S.O. 4697(E)","2020-12-24","Simbalbara National Park","Q22080908",,,,,,,,,,,,,,,
"S.O. 4698(E)","2020-12-24","Khokhan Wildlife Sanctuary","WIKIPEDIA:himachal-pradesh:khokhan-wildlife-sanctuary","NONE",,,,,,,,,,,,,,
"S.O. 4747 (E)","2017-10-27","Gudekote Sloth Bear Sanctuary","Q65091528","NONE",,,,,,,,,,,,,,
"S.O. 4766(E)","2023-11-02","Sariska Tiger Reserve","Q2572177","https://archive.org/details/in.gazette.central.e.2023-11-02.249864","description","in.gazette.central.e.2023-11-02.249864","gazetteofindia;JaiGyan","Government of India","2023-11-02","Ministry of Environment, Forest and Climate Change","ESZ Division","Sariska Tiger Reserve Rajasthan","https://egazette.gov.in/WriteReadData/2023/249864.pdf","https://editor.allmaps.org/images?url=https://iiif.archive.org/iiif/in.gazette.central.e.2023-11-02.249864/manifest.json&bg-preset=osm&bg-url=https://indianopenmaps.fly.dev/soi/osm/{z}/{x}/{y}.webp",,,,
"S.O. 4773(E)","2018-09-11","Patna Bird Sanctuary","Q17082192","https://archive.org/details/in.gazette.central.e.2018-09-11.189550","description","in.gazette.central.e.2018-09-11.189550","gazetteofindia;JaiGyan","Government of India","2018-09-11","Ministry of Environment, Forests and Climate Change","Not Applicable","WHEREAS a draft notification was published in the Gazette of India Extraordinary",,"https://editor.allmaps.org/images?url=https://iiif.archive.org/iiif/in.gazette.central.e.2018-09-11.189550/manifest.json&bg-preset=osm&bg-url=https://indianopenmaps.fly.dev/soi/osm/{z}/{x}/{y}.webp",,,,
"S.O. 4774(E)","2018-09-11","Megamalai Sanctuary","WIKIPEDIA:tamil-nadu:megamalai-wildlife-sanctuary","https://archive.org/details/in.gazette.central.e.2018-09-11.189747","description","in.gazette.central.e.2018-09-11.189747","gazetteofindia;JaiGyan","Government of India","2018-09-11","Ministry of Environment, Forests and Climate Change","Not Applicable","The following draft of the notification which the Central Government proposes to issue in exercise of the powers",,"https://editor.allmaps.org/images?url=https://iiif.archive.org/iiif/in.gazette.central.e.2018-09-11.189747/manifest.json&bg-preset=osm&bg-url=https://indianopenmaps.fly.dev/soi/osm/{z}/{x}/{y}.webp",,,,
"S.O. 4775(E)","2018-09-11","Kutch Desert Sanctuary","Q17068229","https://archive.org/details/in.gazette.central.e.2018-09-11.189541","description","in.gazette.central.e.2018-09-11.189541","gazetteofindia;JaiGyan","Government of India","2018-09-11","Ministry of Environment, Forests and Climate Change","Not Applicable","The following draft of the notification, which the Central Government proposes to issue in exercise",,"https://editor.allmaps.org/images?url=https://iiif.archive.org/iiif/in.gazette.central.e.2018-09-11.189541/manifest.json&bg-preset=osm&bg-url=https://indianopenmaps.fly.dev/soi/osm/{z}/{x}/{y}.webp",,,,
"S.O. 4776(E)","2018-09-11","Trishna Wildlife Sanctuary","Q7844042","https://archive.org/details/in.gazette.central.e.2018-09-11.189637","description","in.gazette.central.e.2018-09-11.189637","gazetteofindia;JaiGyan","Government of India","2018-09-11","Ministry of Environment, Forests and Climate Change","Not Applicable","The following draft of the notification which the Central Government proposes to issue in exercise of the powers",,"https://editor.allmaps.org/images?url=https://iiif.archive.org/iiif/in.gazette.central.e.2018-09-11.189637/manifest.json&bg-preset=osm&bg-url=https://indianopenmaps.fly.dev/soi/osm/{z}/{x}/{y}.webp",,,,
"S.O. 4776(E)","2018-09-11","Rajbari National Park","Q7285897",,,,,,,,,,,,,,,
"S.O. 4776(E)","2018-09-11","Trishna Wildlife Sanctuary, Rajbari National Park",,,,,,,,,,,,,,,,
"S.O. 4777(E)","2020-12-30","Ramgarh Vishdhari Sanctuary","Q121754153","NONE",,,,,,,,,,,,,,
"S.O. 479(E)","2018-01-31","Patna Bird Sanctuary","Q17082192","https://archive.org/details/in.gazette.central.e.2018-01-31.182669","description","in.gazette.central.e.2018-01-31.182669","gazetteofindia;JaiGyan","Government of India","2018-01-31","Ministry of Environment, Forests and Climate Change","Not Applicable","The following draft of the notification, which the Central Government proposes to issue in exercise",,"https://editor.allmaps.org/images?url=https://iiif.archive.org/iiif/in.gazette.central.e.2018-01-31.182669/manifest.json&bg-preset=osm&bg-url=https://indianopenmaps.fly.dev/soi/osm/{z}/{x}/{y}.webp",,,,
"S.O. 4799(E)","2023-11-02","Ralamandal Wildlife Sanctuary","Q65041648","NONE",,,,,,,,,,,,,,
"S.O. 480(E)","2018-01-31","Jai Prakash Narayan (Surahatal) Bird Sanctuary",,"https://archive.org/details/in.gazette.central.e.2018-01-31.182675","description","in.gazette.central.e.2018-01-31.182675","gazetteofindia;JaiGyan","Government of India","2018-01-31","Ministry of Environment, Forests and Climate Change","Not Applicable","The following draft of the notification which the Central Government proposes to issue in exercise of the powers",,"https://editor.allmaps.org/images?url=https://iiif.archive.org/iiif/in.gazette.central.e.2018-01-31.182675/manifest.json&bg-preset=osm&bg-url=https://indianopenmaps.fly.dev/soi/osm/{z}/{x}/{y}.webp",,,,
"S.O. 480(E)","2018-01-31","Surha Tal Bird Sanctuary","Q137699192",,,,,,,,,,,,,,,
"S.O. 4890(E)","2018-09-19","Hastinapur Wildlife Sanctuary","Q5680205","https://archive.org/details/in.gazette.central.e.2018-09-19.189940","description","in.gazette.central.e.2018-09-19.189940","gazetteofindia;JaiGyan","Government of India","2018-09-19","Ministry of Environment, Forests and Climate Change","Not Applicable","WHEREAS a draft notification was published in the Gazette of India Extraordinary vide notification of the Government of the India in the Ministry of Environment",,"https://editor.allmaps.org/images?url=https://iiif.archive.org/iiif/in.gazette.central.e.2018-09-19.189940/manifest.json&bg-preset=osm&bg-url=https://indianopenmaps.fly.dev/soi/osm/{z}/{x}/{y}.webp",,,,
"S.O. 4891(E)","2018-09-19","Ramnabagan Wildlife Sanctuary","Q7289748","https://archive.org/details/in.gazette.central.e.2018-09-19.189931","description","in.gazette.central.e.2018-09-19.189931","gazetteofindia;JaiGyan","Government of India","2018-09-19","Ministry of Environment, Forests and Climate Change","Not Applicable","The following draft of the notification which the Central Government proposes to issue in exercise of the powers",,"https://editor.allmaps.org/images?url=https://iiif.archive.org/iiif/in.gazette.central.e.2018-09-19.189931/manifest.json&bg-preset=osm&bg-url=https://indianopenmaps.fly.dev/soi/osm/{z}/{x}/{y}.webp",,,,
"S.O. 4892(E)","2018-09-19","Tipeshwar Wildlife Sanctuary","Q106673573","https://archive.org/details/in.gazette.central.e.2018-09-19.189941","description","in.gazette.central.e.2018-09-19.189941","gazetteofindia;JaiGyan","Government of India","2018-09-19","Ministry of Environment, Forests and Climate Change","Not Applicable","WHEREAS a draft re notification was published in the Gazette of India Extraordinary vide notification of the Government of the India in the Ministry of Environment",,"https://editor.allmaps.org/images?url=https://iiif.archive.org/iiif/in.gazette.central.e.2018-09-19.189941/manifest.json&bg-preset=osm&bg-url=https://indianopenmaps.fly.dev/soi/osm/{z}/{x}/{y}.webp",,,,
"S.O. 4893(E)","2018-09-19","Daroji Bear WLS","Q17126760","https://archive.org/details/in.gazette.central.e.2018-09-19.189930","description","in.gazette.central.e.2018-09-19.189930","gazetteofindia;JaiGyan","Government of India","2018-09-19","Ministry of Environment, Forests and Climate Change","Not Applicable","In supersession of Ministrys draft notification SO 2609 E dated 22 September 2015 the following draft",,"https://editor.allmaps.org/images?url=https://iiif.archive.org/iiif/in.gazette.central.e.2018-09-19.189930/manifest.json&bg-preset=osm&bg-url=https://indianopenmaps.fly.dev/soi/osm/{z}/{x}/{y}.webp",,,,
"S.O. 4893(E)","2023-11-10","Kamlang Wildlife Sanctuary","Q22231355","NONE",,,,,,,,,,,,,,
"S.O. 4894(E)","2018-09-19","Sharavathi Valley WLS","Q85800682","https://archive.org/details/in.gazette.central.e.2018-09-19.189933","description","in.gazette.central.e.2018-09-19.189933","gazetteofindia;JaiGyan","Government of India","2018-09-19","Ministry of Environment, Forests and Climate Change","Not Applicable","In supersession of Ministry s draft notification SO 3351 E dated 29 December 2015 the following draft",,"https://editor.allmaps.org/images?url=https://iiif.archive.org/iiif/in.gazette.central.e.2018-09-19.189933/manifest.json&bg-preset=osm&bg-url=https://indianopenmaps.fly.dev/soi/osm/{z}/{x}/{y}.webp",,,,
"S.O. 4950(E)","2023-11-16","Sharavathi Valley Wildlife Sanctuary","Q85800682","NONE",,,,,,,,,,,,,,
"S.O. 505(E)","2018-02-02","Hastinapur Wildlife Sanctuary","Q5680205","https://archive.org/details/in.gazette.central.e.2018-02-02.182693","description","in.gazette.central.e.2018-02-02.182693","gazetteofindia;JaiGyan","Government of India","2018-02-02","Ministry of Environment, Forests and Climate Change","Not Applicable","The following draft of the notification, which the Central Government proposes to issue in exercise of the powers",,"https://editor.allmaps.org/images?url=https://iiif.archive.org/iiif/in.gazette.central.e.2018-02-02.182693/manifest.json&bg-preset=osm&bg-url=https://indianopenmaps.fly.dev/soi/osm/{z}/{x}/{y}.webp",,,,
"S.O. 505(E)","2019-01-29","Simlipal Tiger Reserve","Q61529","https://archive.org/details/in.gazette.central.e.2019-01-29.196458","description","in.gazette.central.e.2019-01-29.196458","gazetteofindia;JaiGyan","Government of India","2019-01-29","Ministry of Environment, Forests and Climate Change","Not Applicable","The following draft of the notification which the Central Government proposes to issue in exercise of the powers conferred by sub section",,"https://editor.allmaps.org/images?url=https://iiif.archive.org/iiif/in.gazette.central.e.2019-01-29.196458/manifest.json&bg-preset=osm&bg-url=https://indianopenmaps.fly.dev/soi/osm/{z}/{x}/{y}.webp",,,,
"S.O. 505(E)","2019-01-29","Hadagarh Sanctuary","Q18125400","https://archive.org/details/in.gazette.central.e.2019-01-29.196458","description","in.gazette.central.e.2019-01-29.196458","gazetteofindia;JaiGyan","Government of India","2019-01-29","Ministry of Environment, Forests and Climate Change","Not Applicable","The following draft of the notification which the Central Government proposes to issue in exercise of the powers conferred by sub section",,"https://editor.allmaps.org/images?url=https://iiif.archive.org/iiif/in.gazette.central.e.2019-01-29.196458/manifest.json&bg-preset=osm&bg-url=https://indianopenmaps.fly.dev/soi/osm/{z}/{x}/{y}.webp",,,,
"S.O. 505(E)","2019-01-29","Simlipal Tiger Reserve and Hadagarh Sanctuary",,,,,,,,,,,,,,,,
"S.O. 506(E)","2018-02-02","Dampa Tiger Reserve","Q3457187","NONE",,,,,,,,,,,,,,
"S.O. 507(E)","2018-02-02","Jamwaramgarh Wildlife Sanctuary","Q134581460","https://archive.org/details/in.gazette.central.e.2018-02-02.182560","description","in.gazette.central.e.2018-02-02.182560","gazetteofindia;JaiGyan","Government of India","2018-02-02","Ministry of Environment, Forests and Climate Change","Not Applicable","The following draft of the notification, which the Central Government proposes to issue in exercise of the powers conferred",,"https://editor.allmaps.org/images?url=https://iiif.archive.org/iiif/in.gazette.central.e.2018-02-02.182560/manifest.json&bg-preset=osm&bg-url=https://indianopenmaps.fly.dev/soi/osm/{z}/{x}/{y}.webp",,,,
"S.O. 5136(E)","2018-10-04","Nanda Devi National Park","Q1648266","https://archive.org/details/in.gazette.central.e.2018-10-04.190775","description","in.gazette.central.e.2018-10-04.190775","gazetteofindia;JaiGyan","Government of India","2018-10-04","Ministry of Environment, Forests and Climate Change","Not Applicable","WHEREAS a draft notification was published in the Gazette of India, Extraordinary, vide notification of the Government of India",,"https://editor.allmaps.org/images?url=https://iiif.archive.org/iiif/in.gazette.central.e.2018-10-04.190775/manifest.json&bg-preset=osm&bg-url=https://indianopenmaps.fly.dev/soi/osm/{z}/{x}/{y}.webp",,,,
"S.O. 5138(E)","2018-10-04","Wild Ass Wildlife Sanctuary","Q1207543","NONE",,,,,,,,,,,,,,
"S.O. 5139(E)","2018-10-04","Bibhutibhushan Wildlife Sanctuary","Q4903011","https://archive.org/details/in.gazette.central.e.2018-10-04.190737","description","in.gazette.central.e.2018-10-04.190737","gazetteofindia;JaiGyan","Government of India","2018-10-04","Ministry of Environment, Forests and Climate Change","Not Applicable","The following draft of the notification which the Central Government proposes to issue in exercise of the powers",,"https://editor.allmaps.org/images?url=https://iiif.archive.org/iiif/in.gazette.central.e.2018-10-04.190737/manifest.json&bg-preset=osm&bg-url=https://indianopenmaps.fly.dev/soi/osm/{z}/{x}/{y}.webp",,,,
"S.O. 542","2014-03-03","Dr Salim Ali Wildlife Sanctuary","Q4806672","NONE",,,,,,,,,,,,,,
"S.O. 548(E)","2019-01-30","Askot Sanctuary","Q4807241","https://archive.org/details/in.gazette.central.e.2019-01-30.196596","description","in.gazette.central.e.2019-01-30.196596","gazetteofindia;JaiGyan","Government of India","2019-01-30","Ministry of Environment, Forests and Climate Change","Not Applicable","The following draft of the notification which the Central Government proposes to issue in exercise of the powers conferred by sub section",,"https://editor.allmaps.org/images?url=https://iiif.archive.org/iiif/in.gazette.central.e.2019-01-30.196596/manifest.json&bg-preset=osm&bg-url=https://indianopenmaps.fly.dev/soi/osm/{z}/{x}/{y}.webp",,,,
"S.O. 549(E)","2019-01-30","Ratanmahal Wildlife Sanctuary","Q2769992","https://archive.org/details/in.gazette.central.e.2019-01-30.196592","description","in.gazette.central.e.2019-01-30.196592","gazetteofindia;JaiGyan","Government of India","2019-01-30","Ministry of Environment, Forests and Climate Change","Not Applicable","WHEREAS, a draft notification was published in the Gazette of India, Extraordinary, vide notification of the Government",,"https://editor.allmaps.org/images?url=https://iiif.archive.org/iiif/in.gazette.central.e.2019-01-30.196592/manifest.json&bg-preset=osm&bg-url=https://indianopenmaps.fly.dev/soi/osm/{z}/{x}/{y}.webp",,,,
"S.O. 55(E)","2021-01-05","Balaram Ambaji Sanctuary","Q19833696","NONE",,,,,,,,,,,,,,
"S.O. 550","2014-02-25","Barsey Rhododendron Sanctuary","Q16902550","https://archive.org/details/in.gazette.central.e.2014-02-25.158474","title","in.gazette.central.e.2014-02-25.158474","gazetteofindia;JaiGyan","Government of India","2014-02-25","Ministry of Environment and Forests",,"The Central Govt. hereby notifies an area up to 50 metres from the boundary of the Sanctuary in the State of Sikkim as the Eco-sensitive Zone, details of which are as under.",,"https://editor.allmaps.org/images?url=https://iiif.archive.org/iiif/in.gazette.central.e.2014-02-25.158474/manifest.json&bg-preset=osm&bg-url=https://indianopenmaps.fly.dev/soi/osm/{z}/{x}/{y}.webp",,,,
"S.O. 551","2014-02-25","Kitam Bird Sanctuary","Q106257541","https://archive.org/details/in.gazette.central.e.2014-02-25.158505","title","in.gazette.central.e.2014-02-25.158505","gazetteofindia;JaiGyan","Government of India","2014-02-25","Ministry of Environment and Forests",,"The Central Govt. hereby notifies an area up to 25 metres around the boundary of the Kitam Bird Sanctuary in the State of Sikkim as the Eco-sensitive Zone, details of which are as under.",,"https://editor.allmaps.org/images?url=https://iiif.archive.org/iiif/in.gazette.central.e.2014-02-25.158505/manifest.json&bg-preset=osm&bg-url=https://indianopenmaps.fly.dev/soi/osm/{z}/{x}/{y}.webp",,,,
"S.O. 552","2014-02-25","Maenam Wildlife Sanctuary","Q17051622","https://archive.org/details/in.gazette.central.e.2014-02-25.158506","title","in.gazette.central.e.2014-02-25.158506","gazetteofindia;JaiGyan","Government of India","2014-02-25","Ministry of Environment and Forests",,"The Central Govt. hereby notifies an area of up to 200 meters from the boundary of the Maenam Wildlife Sanctuary in the State of Sikkim as the Eco-sensitive Zone, details of which are as under.",,"https://editor.allmaps.org/images?url=https://iiif.archive.org/iiif/in.gazette.central.e.2014-02-25.158506/manifest.json&bg-preset=osm&bg-url=https://indianopenmaps.fly.dev/soi/osm/{z}/{x}/{y}.webp",,,,
"S.O. 5639(E)","2018-11-02","Bannerghatta National Park","Q2588520","https://archive.org/details/in.gazette.central.e.2018-11-02.191741","description","in.gazette.central.e.2018-11-02.191741","gazetteofindia;JaiGyan","Government of India","2018-11-02","Ministry of Environment, Forests and Climate Change","Not Applicable","In supersession of Ministrys draft notification SO 2116 E dated 15 June 2016",,"https://editor.allmaps.org/images?url=https://iiif.archive.org/iiif/in.gazette.central.e.2018-11-02.191741/manifest.json&bg-preset=osm&bg-url=https://indianopenmaps.fly.dev/soi/osm/{z}/{x}/{y}.webp",,,,
"S.O. 5639(E)","2018-11-02","Banerghatta National Park","Q2588520",,,,,,,,,,,,,,,
"S.O. 5644(E)","2018-11-05","Point Calimere Sanctuary","Q5614058","https://archive.org/details/in.gazette.central.e.2018-11-05.192853","description","in.gazette.central.e.2018-11-05.192853","gazetteofindia;JaiGyan","Government of India","2018-11-05","Ministry of Environment, Forests and Climate Change","Not Applicable","The following draft of the notification, which the Central Government proposes to issue in exercise",,"https://editor.allmaps.org/images?url=https://iiif.archive.org/iiif/in.gazette.central.e.2018-11-05.192853/manifest.json&bg-preset=osm&bg-url=https://indianopenmaps.fly.dev/soi/osm/{z}/{x}/{y}.webp",,,,
"S.O. 5645(E)","2018-11-05","Gangaikondan Spotted Deer Sanctuary","Q122363292","https://archive.org/details/in.gazette.central.e.2018-11-05.191867","description","in.gazette.central.e.2018-11-05.191867","gazetteofindia;JaiGyan","Government of India","2018-11-05","Ministry of Environment, Forests and Climate Change","Not Applicable","The following draft of the notification, which the Central Government proposes to issue in exercise",,"https://editor.allmaps.org/images?url=https://iiif.archive.org/iiif/in.gazette.central.e.2018-11-05.191867/manifest.json&bg-preset=osm&bg-url=https://indianopenmaps.fly.dev/soi/osm/{z}/{x}/{y}.webp",,,,
"S.O. 5646(E)","2018-11-05","Kesu Brahmananda Reddy National Park","Q969593","https://archive.org/details/in.gazette.central.e.2018-11-05.192852","description","in.gazette.central.e.2018-11-05.192852","gazetteofindia;JaiGyan","Government of India","2018-11-05","Ministry of Environment, Forests and Climate Change","Not Applicable","In supersession of Ministry s draft notification SO 3496 E dated 18th December,",,"https://editor.allmaps.org/images?url=https://iiif.archive.org/iiif/in.gazette.central.e.2018-11-05.192852/manifest.json&bg-preset=osm&bg-url=https://indianopenmaps.fly.dev/soi/osm/{z}/{x}/{y}.webp",,,,
"S.O. 5646(E)","2018-11-05","Kesu Brahmananda Reddy National Park,","Q969593",,,,,,,,,,,,,,,
"S.O. 5647(E)","2018-11-05","Kanha National Park Phen Sanctuary","Q1480481","https://archive.org/details/in.gazette.central.e.2018-11-05.192830","description","in.gazette.central.e.2018-11-05.192830","gazetteofindia;JaiGyan","Government of India","2018-11-05","Ministry of Environment, Forests and Climate Change","Not Applicable","The following draft of the notification, which the Central Government proposes to issue in exercise of the powers",,"https://editor.allmaps.org/images?url=https://iiif.archive.org/iiif/in.gazette.central.e.2018-11-05.192830/manifest.json&bg-preset=osm&bg-url=https://indianopenmaps.fly.dev/soi/osm/{z}/{x}/{y}.webp",,,,
"S.O. 565(E)","2021-02-05","Bor","Q4944241","NONE",,,,,,,,,,,,,,
"S.O. 566(E)","2021-02-05","Kais Wildlife Sanctuary","WIKIPEDIA:himachal-pradesh:kais-wildlife-sanctuary","NONE",,,,,,,,,,,,,,
"S.O. 568(E)","2016-02-19","Yordi Rabe Supse Wildlife Sanctuary","Q130974183","NONE",,,,,,,,,,,,,,
"S.O. 569(E)","2016-02-19","Kuldiha Wildlife Sanctuary","Q15723901","NONE",,,,,,,,,,,,,,
"S.O. 572(E)","2016-02-23","Mouling National Park","Q3143047","NONE",,,,,,,,,,,,,,
"S.O. 573(E)","2016-02-19","Khokhan Wildlife Sanctuary","WIKIPEDIA:himachal-pradesh:khokhan-wildlife-sanctuary","NONE",,,,,,,,,,,,,,
"S.O. 5834(E)","2018-11-26","Kodaikanal Sanctuary","Q3696260","https://archive.org/details/in.gazette.central.e.2018-11-26.193368","description","in.gazette.central.e.2018-11-26.193368","gazetteofindia;JaiGyan","Government of India","2018-11-26","Ministry of Environment, Forests and Climate Change","Not Applicable","The following draft of the notification which the Central Government proposes to issue in exercise of the powers conferred by sub section",,"https://editor.allmaps.org/images?url=https://iiif.archive.org/iiif/in.gazette.central.e.2018-11-26.193368/manifest.json&bg-preset=osm&bg-url=https://indianopenmaps.fly.dev/soi/osm/{z}/{x}/{y}.webp",,,,
"S.O. 5835(E)","2018-11-26","Nellai Wildlife Sanctuary","Q111181635","https://archive.org/details/in.gazette.central.e.2018-11-26.193321","description","in.gazette.central.e.2018-11-26.193321","gazetteofindia;JaiGyan","Government of India","2018-11-26","Ministry of Environment, Forests and Climate Change","Not Applicable","The following draft of the notification which the Central Government proposes to issue in exercise of the powers conferred by sub section",,"https://editor.allmaps.org/images?url=https://iiif.archive.org/iiif/in.gazette.central.e.2018-11-26.193321/manifest.json&bg-preset=osm&bg-url=https://indianopenmaps.fly.dev/soi/osm/{z}/{x}/{y}.webp",,,,
"S.O. 5836(E)","2018-11-26","Raiganj Wildlife Sanctuary","Q7283821","https://archive.org/details/in.gazette.central.e.2018-11-26.193287","description","in.gazette.central.e.2018-11-26.193287","gazetteofindia;JaiGyan","Government of India","2018-11-26","Ministry of Environment, Forests and Climate Change","Not Applicable","WHEREAS a draft notification was published in the Gazette of India Extraordinar vide notification of the Government of the India in the Ministry of Environment",,"https://editor.allmaps.org/images?url=https://iiif.archive.org/iiif/in.gazette.central.e.2018-11-26.193287/manifest.json&bg-preset=osm&bg-url=https://indianopenmaps.fly.dev/soi/osm/{z}/{x}/{y}.webp",,,,
"S.O. 5844(E)","2018-11-28","Keoladeo WLS Sanctuary","Q235878","https://archive.org/details/in.gazette.central.e.2018-11-28.193366","description","in.gazette.central.e.2018-11-28.193366","gazetteofindia;JaiGyan","Government of India","2018-11-28","Ministry of Environment, Forests and Climate Change","Not Applicable","In supersession of Ministry s draft notification S O 2809 E dated the 13th October, 2015,",,"https://editor.allmaps.org/images?url=https://iiif.archive.org/iiif/in.gazette.central.e.2018-11-28.193366/manifest.json&bg-preset=osm&bg-url=https://indianopenmaps.fly.dev/soi/osm/{z}/{x}/{y}.webp",,,,
"S.O. 590","2015-02-20","Nagazira Wildlife Sanctuary","Q6959133","https://archive.org/details/in.gazette.central.e.2015-02-20.163057","title","in.gazette.central.e.2015-02-20.163057","gazetteofindia;JaiGyan","Government of India","2015-02-20","Ministry of Environment and Forests","Climate Change Division","The Central Govt. hereby notifies the area to an extent of upto 12 kms from the boundary of Nagzira Wild life Sanctuary, New Nagzira Wild life Sanctuary, Koka Wild life Sanctuary, Navegaon Wildlife Sanctuary and Navegaon National Park in the State of Maharashtra as the Navegaon-Nagzira Tiger Reserve Eco-sensitive Zone (hereinafter referred to as the Eco-sensitive Zone) details of which are as under.",,"https://editor.allmaps.org/images?url=https://iiif.archive.org/iiif/in.gazette.central.e.2015-02-20.163057/manifest.json&bg-preset=osm&bg-url=https://indianopenmaps.fly.dev/soi/osm/{z}/{x}/{y}.webp",,,,
"S.O. 6035(E)","2018-12-05","Binsar Wildlife Sanctuary","Q3635045","https://archive.org/details/in.gazette.central.e.2018-12-05.193807","description","in.gazette.central.e.2018-12-05.193807","gazetteofindia;JaiGyan","Government of India","2018-12-05","Ministry of Environment, Forests and Climate Change","Not Applicable","The following draft of the notification, which the Central Government proposes to issue in exercise of the powers conferred by sub section",,"https://editor.allmaps.org/images?url=https://iiif.archive.org/iiif/in.gazette.central.e.2018-12-05.193807/manifest.json&bg-preset=osm&bg-url=https://indianopenmaps.fly.dev/soi/osm/{z}/{x}/{y}.webp",,,,
"S.O. 609(E)","2016-02-24","Shikari Devi Wildlife Sanctuary","WIKIPEDIA:himachal-pradesh:shikari-devi-wildlife-sanctuary","NONE",,,,,,,,,,,,,,
"S.O. 6117(E)","2018-12-11","Kutch Bustard Sanctuary","Q2726467","https://archive.org/details/in.gazette.central.e.2018-12-11.193961","description","in.gazette.central.e.2018-12-11.193961","gazetteofindia;JaiGyan","Government of India","2018-12-11","Ministry of Environment, Forests and Climate Change","Not Applicable","WHEREAS a draft notification was published in the Gazette of India Extraordinary vide notification of the Government of the India",,"https://editor.allmaps.org/images?url=https://iiif.archive.org/iiif/in.gazette.central.e.2018-12-11.193961/manifest.json&bg-preset=osm&bg-url=https://indianopenmaps.fly.dev/soi/osm/{z}/{x}/{y}.webp",,,,
"S.O. 615","2015-01-25","Bondla WLS","Q4941423","NONE",,,,,,,,,,,,,,
"S.O. 616","2015-02-25","Madei WLS","Q6826847","https://archive.org/details/in.gazette.central.e.2015-02-25.163128","title","in.gazette.central.e.2015-02-25.163128","gazetteofindia;JaiGyan","Government of India","2015-02-25","Ministry of Environment and Forests","Climate Change Division","The Central Govt. hereby notifies an area to an extent of one kilometre of land or the water body, whichever is nearer to the boundary of the Madei Wildlife Sanctuary in the State of Goa, as the Eco-sensitive Zone, details of which are as under.",,"https://editor.allmaps.org/images?url=https://iiif.archive.org/iiif/in.gazette.central.e.2015-02-25.163128/manifest.json&bg-preset=osm&bg-url=https://indianopenmaps.fly.dev/soi/osm/{z}/{x}/{y}.webp",,,,
"S.O. 6212(E)","2018-12-18","Jamwaramgarh Wildlife Sanctuary","Q134581460","https://archive.org/details/in.gazette.central.e.2018-12-18.194226","description","in.gazette.central.e.2018-12-18.194226","gazetteofindia;JaiGyan","Government of India","2018-12-18","Ministry of Environment, Forests and Climate Change","Not Applicable","WHEREAS a draft notification was published in the Gazette of India Extraordinary vide notification of the Government of the India",,"https://editor.allmaps.org/images?url=https://iiif.archive.org/iiif/in.gazette.central.e.2018-12-18.194226/manifest.json&bg-preset=osm&bg-url=https://indianopenmaps.fly.dev/soi/osm/{z}/{x}/{y}.webp",,,,
"S.O. 6212(E)","2018-12-18","Jamwaramgarh Wildlife Sanctuary, Rajasthan","Q134581460",,,,,,,,,,,,,,,
"S.O. 6229(E)","2018-12-21","Samaspur Bird Sanctuary","Q7408881","https://archive.org/details/in.gazette.central.e.2018-12-21.194088","description","in.gazette.central.e.2018-12-21.194088","gazetteofindia;JaiGyan","Government of India","2018-12-21","Ministry of Petroleum and Natural Gas","Not Applicable","Whereas it appears to the Central Government that it is necessary in the public interest that a pipeline should be laid by the Indian Oil Corporation Limited in Dist",,"https://editor.allmaps.org/images?url=https://iiif.archive.org/iiif/in.gazette.central.e.2018-12-21.194088/manifest.json&bg-preset=osm&bg-url=https://indianopenmaps.fly.dev/soi/osm/{z}/{x}/{y}.webp",,,,
"S.O. 624(E)","2018-02-09","Udwa lake Bird Sanctuary","WIKIPEDIA:jharkhand:udhwa-lake-wildlife-sanctuary","https://archive.org/details/in.gazette.central.e.2018-02-09.182915","description","in.gazette.central.e.2018-02-09.182915","gazetteofindia;JaiGyan","Government of India","2018-02-09","Ministry of Environment, Forests and Climate Change","Not Applicable","The following draft of the notification, which the Central Government proposes to issue in exercise",,"https://editor.allmaps.org/images?url=https://iiif.archive.org/iiif/in.gazette.central.e.2018-02-09.182915/manifest.json&bg-preset=osm&bg-url=https://indianopenmaps.fly.dev/soi/osm/{z}/{x}/{y}.webp",,,,
"S.O. 630","2014-03-03","Cotigao Wildlife Sanctuary","Q5175367","https://archive.org/details/in.gazette.central.e.2014-03-03.158533","title","in.gazette.central.e.2014-03-03.158533","gazetteofindia;JaiGyan","Government of India","2014-03-03","Ministry of Environment and Forests",,"and notice is hereby given that the said draft notification shall be taken into consideration on or after the expiry of a period of sixty days from the date on which copies of the Gazette of India containing this notification are made available to the Public",,"https://editor.allmaps.org/images?url=https://iiif.archive.org/iiif/in.gazette.central.e.2014-03-03.158533/manifest.json&bg-preset=osm&bg-url=https://indianopenmaps.fly.dev/soi/osm/{z}/{x}/{y}.webp",,,,
"S.O. 631","2014-03-03","Netravali Wildlife Sanctuary","Q16887542","https://archive.org/details/in.gazette.central.e.2014-03-03.158534","title","in.gazette.central.e.2014-03-03.158534","gazetteofindia;JaiGyan","Government of India","2014-03-03","Ministry of Environment and Forests",,"and notice is hereby given that the said draft notification shall be taken into consideration on or after the expiry of a period of sixty days from the date on which copies of the Gazette of India containing this notification are made available to the Public",,"https://editor.allmaps.org/images?url=https://iiif.archive.org/iiif/in.gazette.central.e.2014-03-03.158534/manifest.json&bg-preset=osm&bg-url=https://indianopenmaps.fly.dev/soi/osm/{z}/{x}/{y}.webp",,,,
"S.O. 6319(E)","2018-12-26","Bandh Baretha Wildlife","Q123399066","https://archive.org/details/in.gazette.central.e.2018-12-26.194534","description","in.gazette.central.e.2018-12-26.194534","gazetteofindia;JaiGyan","Government of India","2018-12-26","Ministry of Environment, Forests and Climate Change","Not Applicable","WHEREAS a draft re notification was published in the Gazette of India Extraordinary vide notification of the Government of the India in the Ministry of Environment",,"https://editor.allmaps.org/images?url=https://iiif.archive.org/iiif/in.gazette.central.e.2018-12-26.194534/manifest.json&bg-preset=osm&bg-url=https://indianopenmaps.fly.dev/soi/osm/{z}/{x}/{y}.webp",,,,
"S.O. 632","2014-03-03","Madei Wildlife Sanctuary","Q6826847","https://archive.org/details/in.gazette.central.e.2014-03-03.158535","title","in.gazette.central.e.2014-03-03.158535","gazetteofindia;JaiGyan","Government of India","2014-03-03","Ministry of Environment and Forests",,"and notice is hereby given that the said draft notification shall be taken into consideration on or after the expiry of a period of sixty days from the date on which copies of the Gazette of India containing this notification are made available to the Public",,"https://editor.allmaps.org/images?url=https://iiif.archive.org/iiif/in.gazette.central.e.2014-03-03.158535/manifest.json&bg-preset=osm&bg-url=https://indianopenmaps.fly.dev/soi/osm/{z}/{x}/{y}.webp",,,,
"S.O. 633(E)","2014-03-03","Bondla Wildlife Sanctuary","Q4941423","https://archive.org/details/in.gazette.central.e.2014-03-03.158536","title","in.gazette.central.e.2014-03-03.158536","gazetteofindia;JaiGyan","Government of India","2014-03-03","Ministry of Environment and Forests",,"and notice is hereby given that the said draft notification shall be taken into consideration on or after the expiry of a period of sixty days from the date on which copies of the Gazette of India containing this notification are made available to the Public",,"https://editor.allmaps.org/images?url=https://iiif.archive.org/iiif/in.gazette.central.e.2014-03-03.158536/manifest.json&bg-preset=osm&bg-url=https://indianopenmaps.fly.dev/soi/osm/{z}/{x}/{y}.webp",,,,
"S.O. 635","2014-03-13","Bhagwan Mahaveer Wildlife Sanctuary","Q2397554","NONE",,,,,,,,,,,,,,
"S.O. 635","2014-03-13","Bhagwan Mahaveer National Park","Q2397554","NONE",,,,,,,,,,,,,,
"S.O. 635","2014-03-13","Bhagwan Mahaveer Wildlife Sanctuary and National Park","Q2397554",,,,,,,,,,,,,,,
"S.O. 637(E)","2020-02-10","Pranhita Wildlife Santuary","Q137801052","NONE",,,,,,,,,,,,,,
"S.O. 652(E)","2019-02-04","Mount Harriet National Park","Q3091762","https://archive.org/details/in.gazette.central.e.2019-02-04.197102","description","in.gazette.central.e.2019-02-04.197102","gazetteofindia;JaiGyan","Government of India","2019-02-04","Ministry of Environment, Forests and Climate Change","Not Applicable","WHEREAS a draft notification was published in the Gazette of India Extraordinary vide notification",,"https://editor.allmaps.org/images?url=https://iiif.archive.org/iiif/in.gazette.central.e.2019-02-04.197102/manifest.json&bg-preset=osm&bg-url=https://indianopenmaps.fly.dev/soi/osm/{z}/{x}/{y}.webp",,,,
"S.O. 653(E)","2019-02-04","Nameri National Park","Q2989157","https://archive.org/details/in.gazette.central.e.2019-02-04.197040","description","in.gazette.central.e.2019-02-04.197040","gazetteofindia;JaiGyan","Government of India","2019-02-04","Ministry of Environment, Forests and Climate Change","Not Applicable","In supersession of Ministry s draft notification S O 3335 E dated 9th December 2015 the following draft of the notification",,"https://editor.allmaps.org/images?url=https://iiif.archive.org/iiif/in.gazette.central.e.2019-02-04.197040/manifest.json&bg-preset=osm&bg-url=https://indianopenmaps.fly.dev/soi/osm/{z}/{x}/{y}.webp",,,,
"S.O. 653(E)","2020-02-11","Nagarjunasagar Srisailam Tiger Reserve Wildlife Santuary","Q3895706","NONE",,,,,,,,,,,,,,
"S.O. 654(E)","2020-02-11","Great Indian Bustard Sanctuar","Q5599356","NONE",,,,,,,,,,,,,,
"S.O. 655(E)","2016-03-02","Satpura Tiger Reserve","Q733659","NONE",,,,,,,,,,,,,,
"S.O. 68(E)","2015-01-07","Gudavi Bird Sanctuary","Q5614543","NONE",,,,,,,,,,,,,,
"S.O. 680","2012-03-29","Dalma Wildlife Sanctuary","Q12433409","https://archive.org/details/in.gazette.central.e.2012-03-29.015","description","in.gazette.central.e.2012-03-29.015","gazetteofindia;JaiGyan","Government of India","2012-03-29","Ministry of Environment and Forests",,"The Central Government notifies the area up to five Kilometers from the boundery af the protected area of the Dalma Wildlife Sanctuary in the state of Jharkhand as the Eco-sensitive Zone.",,"https://editor.allmaps.org/images?url=https://iiif.archive.org/iiif/in.gazette.central.e.2012-03-29.015/manifest.json&bg-preset=osm&bg-url=https://indianopenmaps.fly.dev/soi/osm/{z}/{x}/{y}.webp",,,,
"S.O. 695(E)","2018-02-16","Hazaribagh WLS","Q3595683","https://archive.org/details/in.gazette.central.e.2018-02-16.182929","description","in.gazette.central.e.2018-02-16.182929","gazetteofindia;JaiGyan","Government of India","2018-02-16","Ministry of Environment, Forests and Climate Change","Not Applicable","In supersession of Ministry s draft notification SO 2244E, dated 17th August, 2015, the following draft of the notification",,"https://editor.allmaps.org/images?url=https://iiif.archive.org/iiif/in.gazette.central.e.2018-02-16.182929/manifest.json&bg-preset=osm&bg-url=https://indianopenmaps.fly.dev/soi/osm/{z}/{x}/{y}.webp",,,,
"S.O. 7(E)","2020-01-01","Cuvery North Sanctuary","Q48724282","NONE",,,,,,,,,,,,,,
"S.O. 71(E)","2017-01-10","Rajgir Wildlife Sanctuary",,"https://archive.org/details/in.gazette.central.e.2017-01-10.173588","description","in.gazette.central.e.2017-01-10.173588","gazetteofindia;JaiGyan","Government of India","2017-01-10","Ministry of Environment, Forests and Climate Change","Not Applicable","Whereas a draft notification was published in the Gazette of India Extraordinary vide notification of the Government of the India in the Ministry of Environment",,"https://editor.allmaps.org/images?url=https://iiif.archive.org/iiif/in.gazette.central.e.2017-01-10.173588/manifest.json&bg-preset=osm&bg-url=https://indianopenmaps.fly.dev/soi/osm/{z}/{x}/{y}.webp",,,,
"S.O. 72 (E)","2017-01-10","Rampara Wildlife Sanctuary","Q125503789","https://archive.org/details/in.gazette.central.e.2017-01-10.173643","description","in.gazette.central.e.2017-01-10.173643","gazetteofindia;JaiGyan","Government of India","2017-01-10","Ministry of Environment, Forests and Climate Change","Not Applicable","The following draft of the notification which the Central Government proposes to issue in exercise of the powers conferred",,"https://editor.allmaps.org/images?url=https://iiif.archive.org/iiif/in.gazette.central.e.2017-01-10.173643/manifest.json&bg-preset=osm&bg-url=https://indianopenmaps.fly.dev/soi/osm/{z}/{x}/{y}.webp",,,,
"S.O. 72(E)","2016-01-07","Tipeswar Wildlife Sanctuary","Q106673573","NONE",,,,,,,,,,,,,,
"S.O. 740(E)","2021-02-17","Sultanpur National Park","Q2985097","NONE",,,,,,,,,,,,,,
"S.O. 772(E)","2018-02-22","Mehao WLS","Q16895017","https://archive.org/details/in.gazette.central.e.2018-02-22.183346","description","in.gazette.central.e.2018-02-22.183346","gazetteofindia;JaiGyan","Government of India","2018-02-22","Ministry of Environment, Forests and Climate Change","Not Applicable","In supersession of Ministry s draft notification S O 3546 E, dated 30th December, 2015, the following draft of the notification",,"https://editor.allmaps.org/images?url=https://iiif.archive.org/iiif/in.gazette.central.e.2018-02-22.183346/manifest.json&bg-preset=osm&bg-url=https://indianopenmaps.fly.dev/soi/osm/{z}/{x}/{y}.webp",,,,
"S.O. 773(E)","2018-02-22","Chapramari WLS","Q5073423","https://archive.org/details/in.gazette.central.e.2018-02-22.183349","description","in.gazette.central.e.2018-02-22.183349","gazetteofindia;JaiGyan","Government of India","2018-02-22","Ministry of Environment, Forests and Climate Change","Not Applicable","The following draft of the notification, which the Central Government proposes to issue in exercise of the powers conferred by sub section",,"https://editor.allmaps.org/images?url=https://iiif.archive.org/iiif/in.gazette.central.e.2018-02-22.183349/manifest.json&bg-preset=osm&bg-url=https://indianopenmaps.fly.dev/soi/osm/{z}/{x}/{y}.webp",,,,
"S.O. 774(E)","2018-02-22","Kederma WLS","Q104822465","https://archive.org/details/in.gazette.central.e.2018-02-22.183348","description","in.gazette.central.e.2018-02-22.183348","gazetteofindia;JaiGyan","Government of India","2018-02-22","Ministry of Environment, Forests and Climate Change","Not Applicable","The following draft of the notification, which the Central Government proposes to issue in exercise of the powers conferred by sub section",,"https://editor.allmaps.org/images?url=https://iiif.archive.org/iiif/in.gazette.central.e.2018-02-22.183348/manifest.json&bg-preset=osm&bg-url=https://indianopenmaps.fly.dev/soi/osm/{z}/{x}/{y}.webp",,,,
"S.O. 775(E)","2018-02-21","Lawalong WLS","Q105044248","NONE",,,,,,,,,,,,,,
"S.O. 776(E)","2018-02-22","Palkot WLS","Q85791919","https://archive.org/details/in.gazette.central.e.2018-02-22.183350","description","in.gazette.central.e.2018-02-22.183350","gazetteofindia;JaiGyan","Government of India","2018-02-22","Ministry of Environment, Forests and Climate Change","Not Applicable","The following draft of the notification, which the Central Government proposes to issue in exercise of the powers conferred by sub section",,"https://editor.allmaps.org/images?url=https://iiif.archive.org/iiif/in.gazette.central.e.2018-02-22.183350/manifest.json&bg-preset=osm&bg-url=https://indianopenmaps.fly.dev/soi/osm/{z}/{x}/{y}.webp",,,,
"S.O. 778(E)","2018-02-22","Anerdam WLS","Q107404544","https://archive.org/details/in.gazette.central.e.2018-02-22.183489","description","in.gazette.central.e.2018-02-22.183489","gazetteofindia;JaiGyan","Government of India","2018-02-22","Ministry of Environment, Forests and Climate Change","Not Applicable","In supersession of Ministry s draft notification S O 3228 E dated 23rd November 2015 the following draft of the notification which the Central Government proposes",,"https://editor.allmaps.org/images?url=https://iiif.archive.org/iiif/in.gazette.central.e.2018-02-22.183489/manifest.json&bg-preset=osm&bg-url=https://indianopenmaps.fly.dev/soi/osm/{z}/{x}/{y}.webp",,,,
"S.O. 778(E)","2018-02-22","Anerdam WLS, Maharashtra","Q107404544",,,,,,,,,,,,,,,
"S.O. 779(E)","2018-02-22","Betla National Park","Q2663264","https://archive.org/details/in.gazette.central.e.2018-02-22.183362","description","in.gazette.central.e.2018-02-22.183362","gazetteofindia;JaiGyan","Government of India","2018-02-22","Ministry of Environment, Forests and Climate Change","Not Applicable","In supersession of Ministrys draft notification SO 3336E dated 10th December 2015 the following draft of the notification,",,"https://editor.allmaps.org/images?url=https://iiif.archive.org/iiif/in.gazette.central.e.2018-02-22.183362/manifest.json&bg-preset=osm&bg-url=https://indianopenmaps.fly.dev/soi/osm/{z}/{x}/{y}.webp",,,,
"S.O. 779(E)","2018-02-22","Palamau Wildlife Sanctuary","Q7126657","https://archive.org/details/in.gazette.central.e.2018-02-22.183362","description","in.gazette.central.e.2018-02-22.183362","gazetteofindia;JaiGyan","Government of India","2018-02-22","Ministry of Environment, Forests and Climate Change","Not Applicable","In supersession of Ministrys draft notification SO 3336E dated 10th December 2015 the following draft of the notification,",,"https://editor.allmaps.org/images?url=https://iiif.archive.org/iiif/in.gazette.central.e.2018-02-22.183362/manifest.json&bg-preset=osm&bg-url=https://indianopenmaps.fly.dev/soi/osm/{z}/{x}/{y}.webp",,,,
"S.O. 779(E)","2018-02-22","Mahuadanr Wolf Sanctuary","Q113336061","https://archive.org/details/in.gazette.central.e.2018-02-22.183362","description","in.gazette.central.e.2018-02-22.183362","gazetteofindia;JaiGyan","Government of India","2018-02-22","Ministry of Environment, Forests and Climate Change","Not Applicable","In supersession of Ministrys draft notification SO 3336E dated 10th December 2015 the following draft of the notification,",,"https://editor.allmaps.org/images?url=https://iiif.archive.org/iiif/in.gazette.central.e.2018-02-22.183362/manifest.json&bg-preset=osm&bg-url=https://indianopenmaps.fly.dev/soi/osm/{z}/{x}/{y}.webp",,,,
"S.O. 779(E)","2018-02-22","Betla National Park Palamau Wildlife Sanctuary and Mahuadanr Wolf Sanctuary WLS",,,,,,,,,,,,,,,,
"S.O. 794(E)","2020-02-21","Oussudu Sanctuary",,"NONE",,,,,,,,,,,,,,
"S.O. 795(E)","2020-02-21","Kanyakumari Wildlife Sanctuary","Q16979364","NONE",,,,,,,,,,,,,,
"S.O. 796(E)","2020-02-21","Chambal Sanctuary",,"NONE",,,,,,,,,,,,,,
"S.O. 798(E)","2018-02-26","Parasnath Sanctuary","WIKIPEDIA:jharkhand:parasnath-wildlife-sanctuary","NONE",,,,,,,,,,,,,,
"S.O. 798(E)","2018-02-26","Topchanachi Sanctuary","Q116169552","NONE",,,,,,,,,,,,,,
"S.O. 798(E)","2018-02-26","Parasnath and Topchanachi Sanctuary",,,,,,,,,,,,,,,,
"S.O. 799(E)","2018-02-26","Mount Harriet National Park","Q3091762","https://archive.org/details/in.gazette.central.e.2018-02-26.183459","description","in.gazette.central.e.2018-02-26.183459","gazetteofindia;JaiGyan","Government of India","2018-02-26","Ministry of Environment, Forests and Climate Change","Not Applicable","The following draft of the notification, which the Central Government proposes to issue in exercise of the powers",,"https://editor.allmaps.org/images?url=https://iiif.archive.org/iiif/in.gazette.central.e.2018-02-26.183459/manifest.json&bg-preset=osm&bg-url=https://indianopenmaps.fly.dev/soi/osm/{z}/{x}/{y}.webp",,,,
"S.O. 799(E)","2018-02-26","Mount harriet National Park","Q3091762",,,,,,,,,,,,,,,
"S.O. 814(E)","2020-02-21","Keoladeo WLS Sanctuary","Q235878","NONE",,,,,,,,,,,,,,
"S.O. 821(E)","2022-02-23","Bhitarkanika National Park","Q2580141","NONE",,,,,,,,,,,,,,
"S.O. 837 (E)","2017-03-16","Umred Karhandla Wildlife","Q16902313","https://archive.org/details/in.gazette.central.e.2017-03-16.174803","title","in.gazette.central.e.2017-03-16.174803","gazetteofindia;JaiGyan","Government of India","2017-03-16","Ministry of Environment, Forests and Climate Change","Not Applicable","WHEREAS, a draft notification, declaring EcoSensitive Zone around Umred Karhandla Wildlife Sanctuary in Nagpur and Bhandara",,"https://editor.allmaps.org/images?url=https://iiif.archive.org/iiif/in.gazette.central.e.2017-03-16.174803/manifest.json&bg-preset=osm&bg-url=https://indianopenmaps.fly.dev/soi/osm/{z}/{x}/{y}.webp",,,,
"S.O. 838 (E)","2017-03-16","Daranghati Wildlife Sanctuary","Q5222092","https://archive.org/details/in.gazette.central.e.2017-03-16.174804","description","in.gazette.central.e.2017-03-16.174804","gazetteofindia;JaiGyan","Government of India","2017-03-16","Ministry of Environment, Forests and Climate Change","Not Applicable","WHEREAS a draft notification was published in the Gazette of India Extraordinary vide notification of the Government of the India in the Ministry of Environment",,"https://editor.allmaps.org/images?url=https://iiif.archive.org/iiif/in.gazette.central.e.2017-03-16.174804/manifest.json&bg-preset=osm&bg-url=https://indianopenmaps.fly.dev/soi/osm/{z}/{x}/{y}.webp",,,,
"S.O. 839 (E)","2017-03-16","Jhajjar bachauali WLS","WIKIPEDIA:punjab:jhajjar-bacholi-wildlife-sanctuary","https://archive.org/details/in.gazette.central.e.2017-03-16.174810","title","in.gazette.central.e.2017-03-16.174810","gazetteofindia;JaiGyan","Government of India","2017-03-16","Ministry of Environment, Forests and Climate Change","Not Applicable","Whereas, a draft notification was published in the Gazette of India, Extraordinary",,"https://editor.allmaps.org/images?url=https://iiif.archive.org/iiif/in.gazette.central.e.2017-03-16.174810/manifest.json&bg-preset=osm&bg-url=https://indianopenmaps.fly.dev/soi/osm/{z}/{x}/{y}.webp",,,,
"S.O. 839 (E)","2017-03-16","Jhajjar bachauali WLS ESZ Notification",,,,,,,,,,,,,,,,
"S.O. 840 (E)","2017-03-16","Nangal WLS","Q109905245","https://archive.org/details/in.gazette.central.e.2017-03-16.174811","title","in.gazette.central.e.2017-03-16.174811","gazetteofindia;JaiGyan","Government of India","2017-03-16","Ministry of Environment, Forests and Climate Change","Not Applicable","Whereas, a draft notification was published in the Gazette of India, Extraordinary",,"https://editor.allmaps.org/images?url=https://iiif.archive.org/iiif/in.gazette.central.e.2017-03-16.174811/manifest.json&bg-preset=osm&bg-url=https://indianopenmaps.fly.dev/soi/osm/{z}/{x}/{y}.webp",,,,
"S.O. 840 (E)","2017-03-16","Nangal WLS,","Q109905245",,,,,,,,,,,,,,,
"S.O. 891 (E)","2017-03-20","Kaimur Wild Life Sanctuary","Q15982945","https://archive.org/details/in.gazette.central.e.2017-03-20.174873","description","in.gazette.central.e.2017-03-20.174873","gazetteofindia;JaiGyan","Government of India","2017-03-20","Ministry of Environment, Forests and Climate Change","Not Applicable","WHEREAS a draft notification was published in the Gazette of India Extraordinary vide notification of the Government of the India in the Ministry of Environment",,"https://editor.allmaps.org/images?url=https://iiif.archive.org/iiif/in.gazette.central.e.2017-03-20.174873/manifest.json&bg-preset=osm&bg-url=https://indianopenmaps.fly.dev/soi/osm/{z}/{x}/{y}.webp",,,,
"S.O. 938(E)","2017-03-23","Van Vihar Wildlife Sanctuary","Q134721122","https://archive.org/details/in.gazette.central.e.2017-03-23.175038","description","in.gazette.central.e.2017-03-23.175038","gazetteofindia;JaiGyan","Government of India","2017-03-23","Ministry of Environment, Forests and Climate Change","Not Applicable","WHEREAS a draft notification was published in the Gazette of India Extraordinary vide notification of the Government of the India in the Ministry of Environment Forest and Climate Change",,"https://editor.allmaps.org/images?url=https://iiif.archive.org/iiif/in.gazette.central.e.2017-03-23.175038/manifest.json&bg-preset=osm&bg-url=https://indianopenmaps.fly.dev/soi/osm/{z}/{x}/{y}.webp",,,,
"S.O. No 191","2010-01-27","Sultanpur NP","Q2985097","NONE",,,,,,,,,,,,,,
"S.O. No 274","2015-01-28","Kaimur Wildlife Sanctuarry",,"https://archive.org/details/in.gazette.central.e.2015-01-28.162706","title","in.gazette.central.e.2015-01-28.162706","gazetteofindia;JaiGyan","Government of India","2015-01-28","Ministry of Environment and Forests","Climate Change Division","The Central Govt. hereby notifies an area upto 2 kilometer from the boundary of the protected area of Kaimur Wildlife Sanctuary in the State of Bihar as the Eco-sensitive Zone (hereinafter called as the Eco-sensitive Zone), details of which are as under.",,"https://editor.allmaps.org/images?url=https://iiif.archive.org/iiif/in.gazette.central.e.2015-01-28.162706/manifest.json&bg-preset=osm&bg-url=https://indianopenmaps.fly.dev/soi/osm/{z}/{x}/{y}.webp",,,,
"S.O. No 274","2015-01-28","Kaimur Wildlife Sanctuary","Q15232550",,,,,,,,,,,,,,,
"S.O. No 997","2015-04-10","Tadoba-Andhari Tiger Reserve","Q2639563","https://archive.org/details/in.gazette.central.e.2015-04-10.164108","title","in.gazette.central.e.2015-04-10.164108","gazetteofindia;JaiGyan","Government of India","2015-04-10","Ministry of Environment and Forests","Climate Change Division","The Central Govt. is hereby published, as required under sub-rule (3) of rule 5 of the Environment (Protection) Rules, 1986, for the information of the public likely to be affected thereby.",,"https://editor.allmaps.org/images?url=https://iiif.archive.org/iiif/in.gazette.central.e.2015-04-10.164108/manifest.json&bg-preset=osm&bg-url=https://indianopenmaps.fly.dev/soi/osm/{z}/{x}/{y}.webp",,,,
"S.O. No 997","2015-04-10","Tadoba Tiger Reserve and Andheri WLS ESZ Notification",,,,,,,,,,,,,,,,
"S.O. No. 119 (E)","2026-01-08","Lippa-Asrang Wildlife Sanctuary","WIKIPEDIA:himachal-pradesh:lippa-asrang-wildlife-sanctuary","NONE",,,,,,,,,,,,,,
"S.O. No. 1258","2012-05-31","Vansda NP","Q2669063","NONE",,,,,,,,,,,,,,
"S.O. No. 2000(E)","2023-05-02","Tal Chapar Wildlife Sanctuary","Q7678698","NONE",,,,,,,,,,,,,,
"S.O. No. 221","2015-01-23","Bhagwan Mahaveer WLS","Q2397554","https://archive.org/details/in.gazette.central.e.2015-01-23.162904","title","in.gazette.central.e.2015-01-23.162904","gazetteofindia;JaiGyan","Government of India","2015-01-23","Ministry of Environment and Forests","Climate Change Division","The Central Govt. hereby notifies an area to an extent of one kilometre of land or the water body, whichever is nearer to the boundary of the Bhagwan Mahaveer Wildlife Sanctuary and National Park in the State of Goa, as the Eco-sensitive Zone, details of which are as under.",,"https://editor.allmaps.org/images?url=https://iiif.archive.org/iiif/in.gazette.central.e.2015-01-23.162904/manifest.json&bg-preset=osm&bg-url=https://indianopenmaps.fly.dev/soi/osm/{z}/{x}/{y}.webp",,,,
"S.O. No. 2364","2012-10-04","Bandipur NP","Q665110","NONE",,,,,,,,,,,,,,
"S.O. No. 238 (E)","2026-01-16","Kumbhalgarh Wildlife Sanctuary","Q6443733","https://archive.org/details/in.gazette.central.e.2026-01-16.269376","description","in.gazette.central.e.2026-01-16.269376","gazetteofindia;JaiGyan","Government of India","2026-01-16","Ministry of Environment, Forest and Climate Change","ESZ Division","Final Notification ESZ around Kumbhalgarh Wildlife Sanctuary Rajasthan","https://egazette.gov.in/WriteReadData/2026/269376.pdf","https://editor.allmaps.org/images?url=https://iiif.archive.org/iiif/in.gazette.central.e.2026-01-16.269376/manifest.json&bg-preset=osm&bg-url=https://indianopenmaps.fly.dev/soi/osm/{z}/{x}/{y}.webp",,,,
"S.O. No. 3026(E)","2024-07-29","Bondla Mahaveer Wildlife Sanctuary",,"NONE",,,,,,,,,,,,,,
"S.O. No. 3026(E)","2024-07-29","Bondla Wildlife Sanctuary","Q4941423","NONE",,,,,,,,,,,,,,
"S.O. No. 3029","2015-11-10","Manjeera Crocodile Sanctuary",,"https://archive.org/details/in.gazette.central.e.2015-11-10.166677","title","in.gazette.central.e.2015-11-10.166677","gazetteofindia;JaiGyan","Government of India","2015-11-10","Ministry of Environment, Forests and Climate Change",,"The following draft of the notification, which the Central Government proposes to issue in exercise of the powers conferred by sub section 1, read with clause v and clause xiv of sub section 2 and sub section 3 of section 3 of the Environment",,"https://editor.allmaps.org/images?url=https://iiif.archive.org/iiif/in.gazette.central.e.2015-11-10.166677/manifest.json&bg-preset=osm&bg-url=https://indianopenmaps.fly.dev/soi/osm/{z}/{x}/{y}.webp",,,,
"S.O. No. 3039(E)","2024-07-30","Nugu Wildlife Sanctuary","Q110078279","https://archive.org/details/in.gazette.central.e.2024-07-30.255920","description","in.gazette.central.e.2024-07-30.255920","gazetteofindia;JaiGyan","Government of India","2024-07-30","Ministry of Environment, Forest and Climate Change","ESZ Division","AMENDMENT NOTIFICATION OF THE ESZ AROUND NUGU WILDLIFE SANCTUARY KARNATAKA","https://egazette.gov.in/WriteReadData/2024/255920.pdf",,,,,
"S.O. No. 3100","2015-11-17","Nokrek NP","Q3174875","https://archive.org/details/in.gazette.central.e.2015-11-17.166737","title","in.gazette.central.e.2015-11-17.166737","gazetteofindia;JaiGyan","Government of India","2015-11-17","Ministry of Environment, Forests and Climate Change",,"The following draft of the notification, which the Central Government proposes to issue in exercise of the powers conferred by sub-section 1, read with clause v and clause xiv of sub-section 2 and sub-section 3 of section 3 of the Environment",,"https://editor.allmaps.org/images?url=https://iiif.archive.org/iiif/in.gazette.central.e.2015-11-17.166737/manifest.json&bg-preset=osm&bg-url=https://indianopenmaps.fly.dev/soi/osm/{z}/{x}/{y}.webp",,,,
"S.O. No. 3100","2015-11-17","Nokrek NP ESZ Notification",,,,,,,,,,,,,,,,
"S.O. No. 3105","2015-11-17","Sagareshwar WLS","Q7399055","https://archive.org/details/in.gazette.central.e.2015-11-17.166754","title","in.gazette.central.e.2015-11-17.166754","gazetteofindia;JaiGyan","Government of India","2015-11-17","Ministry of Environment, Forests and Climate Change",,"The following draft of the notification, which the Central Government proposes to issue in exercise of the powers conferred by sub-section 1, read with clause v and clause xiv of sub-section 2 and sub-section 3 of section 3 of the Environment",,"https://editor.allmaps.org/images?url=https://iiif.archive.org/iiif/in.gazette.central.e.2015-11-17.166754/manifest.json&bg-preset=osm&bg-url=https://indianopenmaps.fly.dev/soi/osm/{z}/{x}/{y}.webp",,,,
"S.O. No. 3105","2015-11-17","Sagareshwar WLS ESZ Notification",,,,,,,,,,,,,,,,
"S.O. No. 3123","2015-11-20","Balukhanda-Konark WLS","Q18110145","https://archive.org/details/in.gazette.central.e.2015-11-20.166794","title","in.gazette.central.e.2015-11-20.166794","gazetteofindia;JaiGyan","Government of India","2015-11-20","Ministry of Environment, Forests and Climate Change",,"The following draft of the notification, which the Central Government proposes to issue in exercise of the powers conferred by sub-section 1, read with clause v and clause xiv of sub-section 2 and sub-section 3 of section 3 of the Environment",,"https://editor.allmaps.org/images?url=https://iiif.archive.org/iiif/in.gazette.central.e.2015-11-20.166794/manifest.json&bg-preset=osm&bg-url=https://indianopenmaps.fly.dev/soi/osm/{z}/{x}/{y}.webp",,,,
"S.O. No. 3123","2015-11-20","Balukhanda-Konark WLS ESZ Notification",,,,,,,,,,,,,,,,
"S.O. No. 3124","2015-11-20","Narpuh","Q137223381","https://archive.org/details/in.gazette.central.e.2015-11-20.166786","description","in.gazette.central.e.2015-11-20.166786","gazetteofindia;JaiGyan","Government of India","2015-11-20","Ministry of Environment, Forests and Climate Change",,"The following draft of the notification, which the Central Government proposes to issue in exercise of the powers conferred by sub-section",,"https://editor.allmaps.org/images?url=https://iiif.archive.org/iiif/in.gazette.central.e.2015-11-20.166786/manifest.json&bg-preset=osm&bg-url=https://indianopenmaps.fly.dev/soi/osm/{z}/{x}/{y}.webp",,,,
"S.O. No. 3124","2015-11-20","Narpuh ESZ Notification",,,,,,,,,,,,,,,,
"S.O. No. 3125","2015-11-20","Bhaindrogarh WL Sanctuary",,"https://archive.org/details/in.gazette.central.e.2015-11-20.166799","title","in.gazette.central.e.2015-11-20.166799","gazetteofindia;JaiGyan","Government of India","2015-11-20","Ministry of Environment, Forests and Climate Change",,"The following draft of the notification, which the Central Government proposes to issue in exercise of the powers conferred by sub-section 1, read with clause v and clause xiv of sub-section 2 and sub-section 3 of section 3 of the Environment",,"https://editor.allmaps.org/images?url=https://iiif.archive.org/iiif/in.gazette.central.e.2015-11-20.166799/manifest.json&bg-preset=osm&bg-url=https://indianopenmaps.fly.dev/soi/osm/{z}/{x}/{y}.webp",,,,
"S.O. No. 3141(E)","2023-07-14","Dalma Wildlife Sanctuary","Q12433409","https://archive.org/details/in.gazette.central.e.2023-07-14.247345","description","in.gazette.central.e.2023-07-14.247345","gazetteofindia;JaiGyan","Government of India","2023-07-14","Ministry of Environment, Forest and Climate Change","ESZ Division","Dalma Wildlife Sanctuary Jharkhand Amendment","https://egazette.gov.in/WriteReadData/2023/247345.pdf",,,,,
"S.O. No. 3142(E)","2023-07-14","Van Vihar Wildlife Sanctuary","Q3092357","https://archive.org/details/in.gazette.central.e.2023-07-14.247346","description","in.gazette.central.e.2023-07-14.247346","gazetteofindia;JaiGyan","Government of India","2023-07-14","Ministry of Environment, Forest and Climate Change","ESZ Division","Van Vihar Wildlife Sanctuary Rajasthan Amendment","https://egazette.gov.in/WriteReadData/2023/247346.pdf",,,,,
"S.O. No. 3144(E)","2023-07-14","Bir Motibagh Wildlife Sanctuary","WIKIPEDIA:punjab:bir-motibagh-wildlife-sanctuary","NONE",,,,,,,,,,,,,,
"S.O. No. 3513(E)","2023-08-07","Bhagwan Mahaveer Wildlife Sanctuary","Q2397554","https://archive.org/details/in.gazette.central.e.2023-08-07.247900","description","in.gazette.central.e.2023-08-07.247900","gazetteofindia;JaiGyan","Government of India","2023-08-07","Ministry of Environment, Forest and Climate Change","Hazardous Substances Management Division","BHAGWAN MAHAVEER WILDLIFE SANCTUARY GOA AMENDMENT","https://egazette.gov.in/WriteReadData/2023/247900.pdf",,,,,
"S.O. No. 3514(E)","2023-08-07","Dr. Salim Ali Bird Sanctuary","Q4806672","https://archive.org/details/in.gazette.central.e.2023-08-07.247901","description","in.gazette.central.e.2023-08-07.247901","gazetteofindia;JaiGyan","Government of India","2023-08-07","Ministry of Environment, Forest and Climate Change","Hazardous Substances Management Division","DR SALIM ALI BIRD SANCTUARY GOA AMENDMENT","https://egazette.gov.in/WriteReadData/2023/247901.pdf",,,,,
"S.O. No. 3515(E)","2023-08-07","Narayan Sarovar Wildlife Sanctuary","Q6965495","https://archive.org/details/in.gazette.central.e.2023-08-07.247902","description","in.gazette.central.e.2023-08-07.247902","gazetteofindia;JaiGyan","Government of India","2023-08-07","Ministry of Environment, Forest and Climate Change","Hazardous Substances Management Division","NARAYAN SAROVAR WILDLIFE SANCTUARY GUJARAT AMENDMENT","https://egazette.gov.in/WriteReadData/2023/247902.pdf",,,,,
"S.O. No. 3516(E)","2023-08-07","Pangolakha Wildlife Sanctuary","Q16896392","https://archive.org/details/in.gazette.central.e.2023-08-07.247903","description","in.gazette.central.e.2023-08-07.247903","gazetteofindia;JaiGyan","Government of India","2023-08-07","Ministry of Environment, Forest and Climate Change","Hazardous Substances Management Division","PANGOLAKHA WILDLIFE SANCTUARY SIKKIM AMENDMENT","https://egazette.gov.in/WriteReadData/2023/247903.pdf",,,,,
"S.O. No. 359","2014-02-06","Shingba Rhododendron Sanctuary","Q7497442","https://archive.org/details/in.gazette.central.e.2014-02-06.158103","title","in.gazette.central.e.2014-02-06.158103","gazetteofindia;JaiGyan","Government of India","2014-02-06","Ministry of Environment and Forests",,"The Central Govt. is hereby given that the said draft notification shall be taken into consideration on or after the expiry of a period of sixty days from the date on which copies of the Gazette of India containing this notification are made available to the public.",,"https://editor.allmaps.org/images?url=https://iiif.archive.org/iiif/in.gazette.central.e.2014-02-06.158103/manifest.json&bg-preset=osm&bg-url=https://indianopenmaps.fly.dev/soi/osm/{z}/{x}/{y}.webp",,,,
"S.O. No. 3832(E)","2024-09-06","Mahananda Wildlife Sanctuary","Q15243705","https://archive.org/details/in.gazette.central.e.2024-09-06.257005","description","in.gazette.central.e.2024-09-06.257005","gazetteofindia;JaiGyan","Government of India","2024-09-06","Ministry of Environment, Forest and Climate Change","ESZ Division","Draft notification of Mahananda Wildlife Sanctuary West Bengal","https://egazette.gov.in/WriteReadData/2024/257005.pdf",,,,,
"S.O. No. 3974(E)","2023-09-06","Bhitarkanika National Park","Q2580141","NONE",,,,,,,,,,,,,,
"S.O. No. 3997(E)","2024-09-18","Gir National Park","Q337028","https://archive.org/details/in.gazette.central.e.2024-09-18.257288","description","in.gazette.central.e.2024-09-18.257288","gazetteofindia;JaiGyan","Government of India","2024-09-18","Ministry of Environment, Forest and Climate Change","ESZ Division","Draft notification of Gir National Park in the state of Gujarat","https://egazette.gov.in/WriteReadData/2024/257288.pdf",,,,,
"S.O. No. 401 (E)","2026-01-28","Jaldapara National Park","Q3350362","https://archive.org/details/in.gazette.central.e.2026-01-28.269649","description","in.gazette.central.e.2026-01-28.269649","gazetteofindia;JaiGyan","Government of India","2026-01-28","Ministry of Environment, Forest and Climate Change","ESZ Division","Final Notification of ESZ around Jaldapara National Park West Bengal","https://egazette.gov.in/WriteReadData/2026/269649.pdf",,,,,
"S.O. No. 4217(E)","2023-09-22","Phulwari Ki Nal Wildlife Sanctuary","Q30593531","https://archive.org/details/in.gazette.central.e.2023-09-22.248996","description","in.gazette.central.e.2023-09-22.248996","gazetteofindia;JaiGyan","Government of India","2023-09-22","Ministry of Environment, Forest and Climate Change","ESZ Division","Declaration of Eco sensitive Zone around Phulwari ki Nal Wildlife Sanctuary Rajasthan","https://egazette.gov.in/WriteReadData/2023/248996.pdf",,,,,
"S.O. No. 4227(E)","2023-09-26","Dachigham National Park","Q1156717","NONE",,,,,,,,,,,,,,
"S.O. No. 4242(E)","2024-09-27","Tal Chhapar Wildlife Sanctuary","Q7678698","https://archive.org/details/in.gazette.central.e.2024-09-27.257583","description","in.gazette.central.e.2024-09-27.257583","gazetteofindia;JaiGyan","Government of India","2024-09-27","Ministry of Environment, Forest and Climate Change","ESZ Division","Final notification Eco sensitive Zone around Tal Chhapar Wildlife Sanctuary Rajasthan","https://egazette.gov.in/WriteReadData/2024/257583.pdf","https://editor.allmaps.org/images?url=https://iiif.archive.org/iiif/in.gazette.central.e.2024-09-27.257583/manifest.json&bg-preset=osm&bg-url=https://indianopenmaps.fly.dev/soi/osm/{z}/{x}/{y}.webp",,,,
"S.O. No. 4245(E)","2023-09-26","Barsey Wildlife Sanctuary",,"NONE",,,,,,,,,,,,,,
"S.O. No. 4246(E)","2023-09-26","Maenam Wildlife Sanctuary","Q17051622","NONE",,,,,,,,,,,,,,
"S.O. No. 4262(E)","2024-09-30","Kappathagudda Wildlife Sanctuary","Q135419116","https://archive.org/details/in.gazette.central.e.2024-09-30.257716","description","in.gazette.central.e.2024-09-30.257716","gazetteofindia;JaiGyan","Government of India","2024-09-30","Ministry of Environment, Forest and Climate Change","ESZ Division","Draft Notification of ESZ around Kappathagudda Wildlife Sanctuary Karnataka","https://egazette.gov.in/WriteReadData/2024/257716.pdf","https://editor.allmaps.org/images?url=https://iiif.archive.org/iiif/in.gazette.central.e.2024-09-30.257716/manifest.json&bg-preset=osm&bg-url=https://indianopenmaps.fly.dev/soi/osm/{z}/{x}/{y}.webp",,,,
"S.O. No. 4325(E)","2024-10-03","Tral Wildlife Sanctuary","Q123532242","https://archive.org/details/in.gazette.central.e.2024-10-03.257705","description","in.gazette.central.e.2024-10-03.257705","gazetteofindia;JaiGyan","Government of India","2024-10-03","Ministry of Environment, Forest and Climate Change","ESZ Division","Draft Notification of ESZ around Tral Wildlife Sanctuary Jammu and Kashmir","https://egazette.gov.in/WriteReadData/2024/257705.pdf","https://editor.allmaps.org/images?url=https://iiif.archive.org/iiif/in.gazette.central.e.2024-10-03.257705/manifest.json&bg-preset=osm&bg-url=https://indianopenmaps.fly.dev/soi/osm/{z}/{x}/{y}.webp",,,,
"S.O. No. 438","2015-02-24","Cotigao WLS","Q5175367","NONE",,,,,,,,,,,,,,
"S.O. No. 4421(E)","2023-10-11","Rangayyanadurga Four Horned Antelope Wildlife Sanctuary","Q112252433","https://archive.org/details/in.gazette.central.e.2023-10-11.249323","description","in.gazette.central.e.2023-10-11.249323","gazetteofindia;JaiGyan","Government of India","2023-10-11","Ministry of Environment, Forest and Climate Change","ESZ Division","Amendment of Rangayyanadurga Four Horned Antelope Wildlife Sanctuary Karnataka","https://egazette.gov.in/WriteReadData/2023/249323.pdf",,,,,
"S.O. No. 4422(E)","2023-10-11","Bir Bhadson Wildlife Sanctuary","WIKIPEDIA:punjab:bir-bhadson-wildlife-sanctuary","https://archive.org/details/in.gazette.central.e.2023-10-11.249327","description","in.gazette.central.e.2023-10-11.249327","gazetteofindia;JaiGyan","Government of India","2023-10-11","Ministry of Environment, Forest and Climate Change","ESZ Division","Amendment of Bir Bhadson Wildlife Sanctuary Punjab","https://egazette.gov.in/WriteReadData/2023/249327.pdf",,,,,
"S.O. No. 4446(E)","2023-10-12","Bir Gurdialpur Wildlife Sanctuary","WIKIPEDIA:punjab:bir-gurdialpura-wildlife-sanctuary","NONE",,,,,,,,,,,,,,
"S.O. No. 4500(E)","2024-10-14","Neora Valley National Park","Q2985788","https://archive.org/details/in.gazette.central.e.2024-10-14.257957","description","in.gazette.central.e.2024-10-14.257957","gazetteofindia;JaiGyan","Government of India","2024-10-14","Ministry of Environment, Forest and Climate Change","ESZ Division","Amendment of ESZ around Neora Valley National Park West Bengal","https://egazette.gov.in/WriteReadData/2024/257957.pdf",,,,,
"S.O. No. 4748(E)","2023-10-27","Kyongnosla Alpine Wildlife Sanctuary","Q6452052","NONE",,,,,,,,,,,,,,
"S.O. No. 4749(E)","2023-10-27","Shingaba Wildlife Sanctuary",,"NONE",,,,,,,,,,,,,,
"S.O. No. 4761(E)","2024-10-28","Halliday Island","Q5642082","NONE",,,,,,,,,,,,,,
"S.O. No. 4843(E)","2023-11-08","Sajjangarh Wildlife Sanctuary","Q65068086","https://archive.org/details/in.gazette.central.e.2023-11-08.249962","description","in.gazette.central.e.2023-11-08.249962","gazetteofindia;JaiGyan","Government of India","2023-11-08","Ministry of Environment, Forest and Climate Change","ESZ Division","Amendment of Sajjangarh Wildlife Sanctuary Rajasthan","https://egazette.gov.in/WriteReadData/2023/249962.pdf",,,,,
"S.O. No. 4949(E)","2023-11-16","Khangchendzenga National Park","Q2605019","NONE",,,,,,,,,,,,,,
"S.O. No. 4952(E)","2023-11-16","Gorumara National Park","Q2985148","https://archive.org/details/in.gazette.central.e.2023-11-16.250098","description","in.gazette.central.e.2023-11-16.250098","gazetteofindia;JaiGyan","Government of India","2023-11-16","Ministry of Environment, Forest and Climate Change","ESZ Division","Gorumara National Park West Bengal","https://egazette.gov.in/WriteReadData/2023/250098.pdf","https://editor.allmaps.org/images?url=https://iiif.archive.org/iiif/in.gazette.central.e.2023-11-16.250098/manifest.json&bg-preset=osm&bg-url=https://indianopenmaps.fly.dev/soi/osm/{z}/{x}/{y}.webp",,,,
"S.O. No. 5236 (E)","2022-11-10","Girnar Reserve Forest","Q131939336","NONE",,,,,,,,,,,,,,
"S.O. No. 5237(E)","2022-11-10","Girnar Reserve Forest",,"https://archive.org/details/in.gazette.central.e.2022-11-10.240199","description","in.gazette.central.e.2022-11-10.240199","gazetteofindia;JaiGyan","Government of India","2022-11-10","Ministry of Environment, Forest and Climate Change","ESZ Division","Amendment in the final Notification of Eco sensitive Zone around Bandipur National Park and Tiger Reserve Karnataka","https://egazette.nic.in/WriteReadData/2022/240199.pdf",,,,,
"S.O. No. 5237(E)","2022-11-10","Bandipur National Park","Q665110","https://archive.org/details/in.gazette.central.e.2022-11-10.240199","description","in.gazette.central.e.2022-11-10.240199","gazetteofindia;JaiGyan","Government of India","2022-11-10","Ministry of Environment, Forest and Climate Change","ESZ Division","Amendment in the final Notification of Eco sensitive Zone around Bandipur National Park and Tiger Reserve Karnataka","https://egazette.nic.in/WriteReadData/2022/240199.pdf",,,,,
"S.O. No. 5237(E)","2022-11-10","Bandipur Tiger Reserve","Q665110","https://archive.org/details/in.gazette.central.e.2022-11-10.240199","description","in.gazette.central.e.2022-11-10.240199","gazetteofindia;JaiGyan","Government of India","2022-11-10","Ministry of Environment, Forest and Climate Change","ESZ Division","Amendment in the final Notification of Eco sensitive Zone around Bandipur National Park and Tiger Reserve Karnataka","https://egazette.nic.in/WriteReadData/2022/240199.pdf",,,,,
"S.O. No. 5237(E)","2022-11-10","in the state of Karnataka. (ESZ)",,"https://archive.org/details/in.gazette.central.e.2022-11-10.240199","description","in.gazette.central.e.2022-11-10.240199","gazetteofindia;JaiGyan","Government of India","2022-11-10","Ministry of Environment, Forest and Climate Change","ESZ Division","Amendment in the final Notification of Eco sensitive Zone around Bandipur National Park and Tiger Reserve Karnataka","https://egazette.nic.in/WriteReadData/2022/240199.pdf",,,,,
"S.O. No. 5237(E)","2022-11-10","Amendment in the Final Notification of Eco-sensitive Zone around Bandipur National Park and Tiger Reserve, in the state of Karnataka. (ESZ)",,,,,,,,,,,,,,,,
"S.O. No. 5313(E)","2023-12-12","Amendment in the Final Notification of Eco-sensitive Zone around Purna Wildlife Sanctuary",,"https://archive.org/details/in.gazette.central.e.2023-12-12.250606","description","in.gazette.central.e.2023-12-12.250606","gazetteofindia;JaiGyan","Government of India","2023-12-12","Ministry of Environment, Forest and Climate Change","ESZ Division","Amendment in ESZ notification of Purna Wildlife Sanctuary Gujarat","https://egazette.gov.in/WriteReadData/2023/250606.pdf",,,,,
"S.O. No. 5313(E)","2023-12-12","in the state of Gujarat",,"https://archive.org/details/in.gazette.central.e.2023-12-12.250606","description","in.gazette.central.e.2023-12-12.250606","gazetteofindia;JaiGyan","Government of India","2023-12-12","Ministry of Environment, Forest and Climate Change","ESZ Division","Amendment in ESZ notification of Purna Wildlife Sanctuary Gujarat","https://egazette.gov.in/WriteReadData/2023/250606.pdf",,,,,
"S.O. No. 5313(E)","2023-12-12","Purna Wildlife Sanctuary","Q19895529","https://archive.org/details/in.gazette.central.e.2023-12-12.250606","description","in.gazette.central.e.2023-12-12.250606","gazetteofindia;JaiGyan","Government of India","2023-12-12","Ministry of Environment, Forest and Climate Change","ESZ Division","Amendment in ESZ notification of Purna Wildlife Sanctuary Gujarat","https://egazette.gov.in/WriteReadData/2023/250606.pdf",,,,,
"S.O. No. 5313(E)","2023-12-12","Amendment in the Final Notification of Eco-sensitive Zone around Purna Wildlife Sanctuary, in the state of Gujarat",,,,,,,,,,,,,,,,
"S.O. No. 5316(E)","2023-12-12","Amendment in the Final Notification of Eco-sensitive Zone around Vansda National Park",,"https://archive.org/details/in.gazette.central.e.2023-12-12.250630","description","in.gazette.central.e.2023-12-12.250630","gazetteofindia;JaiGyan","Government of India","2023-12-12","Ministry of Environment, Forest and Climate Change","ESZ Division","AMDNDMENT IN ESZ NOTIFICATION OF VANSDA NATIONAL PARK GUJARAT","https://egazette.gov.in/WriteReadData/2023/250630.pdf",,,,,
"S.O. No. 5316(E)","2023-12-12","in the state of Gujarat",,"https://archive.org/details/in.gazette.central.e.2023-12-12.250630","description","in.gazette.central.e.2023-12-12.250630","gazetteofindia;JaiGyan","Government of India","2023-12-12","Ministry of Environment, Forest and Climate Change","ESZ Division","AMDNDMENT IN ESZ NOTIFICATION OF VANSDA NATIONAL PARK GUJARAT","https://egazette.gov.in/WriteReadData/2023/250630.pdf",,,,,
"S.O. No. 5316(E)","2023-12-12","Vansda National Park","Q2669063","https://archive.org/details/in.gazette.central.e.2023-12-12.250630","description","in.gazette.central.e.2023-12-12.250630","gazetteofindia;JaiGyan","Government of India","2023-12-12","Ministry of Environment, Forest and Climate Change","ESZ Division","AMDNDMENT IN ESZ NOTIFICATION OF VANSDA NATIONAL PARK GUJARAT","https://egazette.gov.in/WriteReadData/2023/250630.pdf",,,,,
"S.O. No. 5316(E)","2023-12-12","Amendment in the Final Notification of Eco-sensitive Zone around Vansda National Park, in the state of Gujarat",,,,,,,,,,,,,,,,
"S.O. No. 5397(E)","2024-12-13","Pranhita Wildlife Santuary","Q137801052","NONE",,,,,,,,,,,,,,
"S.O. No. 5471(E)","2024-12-18","KARNALA Wildlife Sanctuary","Q6372818","https://archive.org/details/in.gazette.central.e.2024-12-18.259522","description","in.gazette.central.e.2024-12-18.259522","gazetteofindia;JaiGyan","Government of India","2024-12-18","Ministry of Environment, Forest and Climate Change","ESZ Division","Amendment of ESZ around Karnala Wildlife Sanctuary Maharashtra","https://egazette.gov.in/WriteReadData/2024/259522.pdf",,,,,
"S.O. No. 555","2015-02-17","Netravali WLS","Q16887542","https://archive.org/details/in.gazette.central.e.2015-02-17.163095","title","in.gazette.central.e.2015-02-17.163095","gazetteofindia;JaiGyan","Government of India","2015-02-17","Ministry of Environment and Forests","Climate Change Division","The Central Govt. hereby notifies an area to an extent of one kilometre of land or the water body, whichever is nearer to the boundary of the Netravali Wildlife Sanctuary in the State of Goa, as the Eco-sensitive Zone(herein after referred to as Eco-sensitive Zone) details of which are as under.",,"https://editor.allmaps.org/images?url=https://iiif.archive.org/iiif/in.gazette.central.e.2015-02-17.163095/manifest.json&bg-preset=osm&bg-url=https://indianopenmaps.fly.dev/soi/osm/{z}/{x}/{y}.webp",,,,
"S.O. No. 5638(E)","2024-12-30","Lothain Island","Q6684762","NONE",,,,,,,,,,,,,,
"S.O. No. 5694(E)","2022-12-07","Kitam Bird Sanctuary","Q106257541","https://archive.org/details/in.gazette.central.e.2022-12-07.240872","description","in.gazette.central.e.2022-12-07.240872","gazetteofindia;JaiGyan","Government of India","2022-12-07","Ministry of Environment, Forest and Climate Change","ESZ Division","Amendment of Eco sensitive Zone around Kitam Bird Sanctuary Sikkim","https://egazette.nic.in/WriteReadData/2022/240872.pdf",,,,,
"S.O. No. 5702(E)","2022-12-07","Cotigao WLS","Q5175367","NONE",,,,,,,,,,,,,,
"S.O. No. 6014(E)","2022-12-22","Mount Harriet National Park","Q3091762","https://archive.org/details/in.gazette.central.e.2022-12-22.241352","description","in.gazette.central.e.2022-12-22.241352","gazetteofindia;JaiGyan","Government of India","2022-12-22","Ministry of Environment, Forest and Climate Change","ESZ Division","Amendment in Notification of ESZ around Mount Harriet National Park in the UT of Andaman and Nicobar Islands","https://egazette.nic.in/WriteReadData/2022/241352.pdf",,,,,
"S.O. No. 607","2015-02-23","Dr. Salim Ali Wildlife Sanctuary","Q4806672","NONE",,,,,,,,,,,,,,
"S.O. No.3028","2015-11-10","Kalsubai Harishchandragad WLS","Q137008662","https://archive.org/details/in.gazette.central.e.2015-11-10.166678","title","in.gazette.central.e.2015-11-10.166678","gazetteofindia;JaiGyan","Government of India","2015-11-10","Ministry of Environment, Forests and Climate Change",,"The following draft of the notification, which the Central Government proposes to issue in exercise of the powers conferred by sub section 1, read with clause v and clause xiv of sub section 2 and sub section 3 of section 3 of the Environment",,"https://editor.allmaps.org/images?url=https://iiif.archive.org/iiif/in.gazette.central.e.2015-11-10.166678/manifest.json&bg-preset=osm&bg-url=https://indianopenmaps.fly.dev/soi/osm/{z}/{x}/{y}.webp",,,,
"S.O. No.3028","2015-11-10","Kalsubai Harishchandragad WLS ESZ Notification","Q137008662",,,,,,,,,,,,,,,
"S.O.1166(E)","2016-03-21","Amchang Wildlife Sanctuary","Q19361617","https://archive.org/details/in.gazette.central.e.2016-03-21.168948","description","in.gazette.central.e.2016-03-21.168948","gazetteofindia;JaiGyan","Government of India","2016-03-21","Ministry of Environment, Forests and Climate Change","Not Applicable","The following draft of the notification which the Central Government proposes to issue in exercise of the powers conferred by sub section",,"https://editor.allmaps.org/images?url=https://iiif.archive.org/iiif/in.gazette.central.e.2016-03-21.168948/manifest.json&bg-preset=osm&bg-url=https://indianopenmaps.fly.dev/soi/osm/{z}/{x}/{y}.webp",,,,
"S.O.1193(E)","2021-03-12","Mount Harriet National Park","Q3091762","NONE",,,,,,,,,,,,,,
"S.O.1193(E)","2021-03-12","Campbell Bay National Park","Q2979693",,,,,,,,,,,,,,,
"S.O.1194(E)","2021-03-12","Galathea Bay National Park","Q2979723","NONE",,,,,,,,,,,,,,
"S.O.1194(E)","2021-03-12","Andaman & Nicobar Islands",,"NONE",,,,,,,,,,,,,,
"S.O.1194(E)","2021-03-12","Galathea Bay National Park, Andaman & Nicobar Islands","Q2979723",,,,,,,,,,,,,,,
"S.O.1196(E)","2021-03-12","Katepurna Wildlife Santuary","WIKIPEDIA:maharashtra:katepurna-wildlife-sanctuary","NONE",,,,,,,,,,,,,,
"S.O.1198(E)","2021-03-12","Kanha National Park Phen Sanctuary","Q1480481","NONE",,,,,,,,,,,,,,
"S.O.1247(E)","2016-03-29","Jaldapara National Park","Q3350362","https://archive.org/details/in.gazette.central.e.2016-03-29.168887","description","in.gazette.central.e.2016-03-29.168887","gazetteofindia;JaiGyan","Government of India","2016-03-29","Ministry of Environment, Forests and Climate Change","Not Applicable","The following draft of the notification which the Central Government proposes to issue in exercise of the powers",,"https://editor.allmaps.org/images?url=https://iiif.archive.org/iiif/in.gazette.central.e.2016-03-29.168887/manifest.json&bg-preset=osm&bg-url=https://indianopenmaps.fly.dev/soi/osm/{z}/{x}/{y}.webp",,,,
"S.O.1271(E)","2016-03-31","Ghughua Fossil National Park","Q5557523","https://archive.org/details/in.gazette.central.e.2016-03-31.168912","description","in.gazette.central.e.2016-03-31.168912","gazetteofindia;JaiGyan","Government of India","2016-03-31","Ministry of Environment, Forests and Climate Change","Not Applicable","The following draft of the notification which the Central Government proposes to issue in exercise of the powers conferred by subsection",,"https://editor.allmaps.org/images?url=https://iiif.archive.org/iiif/in.gazette.central.e.2016-03-31.168912/manifest.json&bg-preset=osm&bg-url=https://indianopenmaps.fly.dev/soi/osm/{z}/{x}/{y}.webp",,,,
"S.O.1272(E)","2016-03-31","Bagdara Wildlife Sanctuary","Q131995100","https://archive.org/details/in.gazette.central.e.2016-03-31.168963","description","in.gazette.central.e.2016-03-31.168963","gazetteofindia;JaiGyan","Government of India","2016-03-31","Ministry of Environment, Forests and Climate Change","Not Applicable","The following draft of the notification which the Central Government proposes to issue in exercise of the powers conferred by subsection",,"https://editor.allmaps.org/images?url=https://iiif.archive.org/iiif/in.gazette.central.e.2016-03-31.168963/manifest.json&bg-preset=osm&bg-url=https://indianopenmaps.fly.dev/soi/osm/{z}/{x}/{y}.webp",,,,
"S.O.1273(E)","2016-03-31","Ken Garial Wildlife Sanctuary","Q65090978","https://archive.org/details/in.gazette.central.e.2016-03-31.168934","title","in.gazette.central.e.2016-03-31.168934","gazetteofindia;JaiGyan","Government of India","2016-03-31","Ministry of Environment, Forests and Climate Change","Not Applicable","The following draft of the notification, which the Central Government proposes to issue in exercise of the powers conferred by sub section 1, read with clause v and clause xiv of subsection 2 and subsection 3 of section 3 of the Environment",,"https://editor.allmaps.org/images?url=https://iiif.archive.org/iiif/in.gazette.central.e.2016-03-31.168934/manifest.json&bg-preset=osm&bg-url=https://indianopenmaps.fly.dev/soi/osm/{z}/{x}/{y}.webp",,,,
"S.O.1274(E)","2016-03-31","Malai Mahadeshwara Wildlife Sanctuary","Q24948250","https://archive.org/details/in.gazette.central.e.2016-03-31.168935","title","in.gazette.central.e.2016-03-31.168935","gazetteofindia;JaiGyan","Government of India","2016-03-31","Ministry of Environment, Forests and Climate Change","Not Applicable","The following draft of the notification, which the Central Government proposes to issue in exercise of the powers conferred by subsection 1, read with clause v and clause xiv of subsection",,"https://editor.allmaps.org/images?url=https://iiif.archive.org/iiif/in.gazette.central.e.2016-03-31.168935/manifest.json&bg-preset=osm&bg-url=https://indianopenmaps.fly.dev/soi/osm/{z}/{x}/{y}.webp",,,,
"S.O.138(E)","2016-01-13","Kesarbagh Wildlife Sanctuary","Q135933288","NONE",,,,,,,,,,,,,,
"S.O.1394","2014-05-30","Bir Bhadson WLS","WIKIPEDIA:punjab:bir-bhadson-wildlife-sanctuary","NONE",,,,,,,,,,,,,,
"S.O.142(E)","2016-01-15","Talacauvery Wildlife Sanctuary","Q7678819","https://archive.org/details/in.gazette.central.e.2016-01-15.167675","description","in.gazette.central.e.2016-01-15.167675","gazetteofindia;JaiGyan","Government of India","2016-01-15","Ministry of Environment, Forests and Climate Change",,"The following draft of the notification, which the Central Government proposes to issue in exercise of the powers conferred by sub-section (1), read with clause",,"https://editor.allmaps.org/images?url=https://iiif.archive.org/iiif/in.gazette.central.e.2016-01-15.167675/manifest.json&bg-preset=osm&bg-url=https://indianopenmaps.fly.dev/soi/osm/{z}/{x}/{y}.webp",,,,
"S.O.1512","2015-06-09","Bhindawas Wildlife Sanctuary","Q16155392","https://archive.org/details/in.gazette.central.e.2015-06-09.164675","title","in.gazette.central.e.2015-06-09.164675","gazetteofindia;JaiGyan","Government of India","2015-06-09","Ministry of Environment and Forests","Climate Change Division","The Central Govt., proposes to issue in exercise of the powers conferred by sub-section (1), read with clause (v) and clause (xiv) of sub section (2) and sub section (3) of Section 3 of the Environment (Protection) Act, 1986 (29 of 1986) is hereby published, as required under sub rule (3) of rule 5 of the Environment (Protection) Rules, 1986.",,"https://editor.allmaps.org/images?url=https://iiif.archive.org/iiif/in.gazette.central.e.2015-06-09.164675/manifest.json&bg-preset=osm&bg-url=https://indianopenmaps.fly.dev/soi/osm/{z}/{x}/{y}.webp",,,,
"S.O.152(E)","2022-01-12","Khokhan Wildlife Sanctuary","WIKIPEDIA:himachal-pradesh:khokhan-wildlife-sanctuary","NONE",,,,,,,,,,,,,,
"S.O.1653(E)","2016-05-05","Shoolpaneshwar Wildlife Sanctuary","Q7500463","https://archive.org/details/in.gazette.central.e.2016-05-05.169507","title","in.gazette.central.e.2016-05-05.169507","gazetteofindia;JaiGyan","Government of India","2016-05-05","Ministry of Environment, Forests and Climate Change","Not Applicable","Whereas, a draft notification, declaring Ecosensitive Zone around Shoolpaneshwar Wildlife Sanctuary in Gujarat, was published in the Gazette of India, Extraordinary",,"https://editor.allmaps.org/images?url=https://iiif.archive.org/iiif/in.gazette.central.e.2016-05-05.169507/manifest.json&bg-preset=osm&bg-url=https://indianopenmaps.fly.dev/soi/osm/{z}/{x}/{y}.webp",,,,
"S.O.1690","2014-07-04","Kapilash Wildlife Sanctuary","Q28174315","https://archive.org/details/in.gazette.central.e.2014-07-04.160153","title","in.gazette.central.e.2014-07-04.160153","gazetteofindia;JaiGyan","Government of India","2014-07-04","Ministry of Environment and Forests",,"Draft Notification. Whereas, the Kapilash Wildlife Sanctuary lies in the Dhenkanal District of Odisha State within the KapilashReserve Forest covering an area of 125.50 sq.km without any human settlement.",,"https://editor.allmaps.org/images?url=https://iiif.archive.org/iiif/in.gazette.central.e.2014-07-04.160153/manifest.json&bg-preset=osm&bg-url=https://indianopenmaps.fly.dev/soi/osm/{z}/{x}/{y}.webp",,,,
"S.O.172(E)","2022-01-13","Col. Sher Jung National Park also known as Simbalbara National Park",,"NONE",,,,,,,,,,,,,,
"S.O.172(E)","2022-01-13","Simbalbara National Park","Q22080908",,,,,,,,,,,,,,,
"S.O.1777","2015-06-30","Melghat Tiger Reserve","Q2429161","https://archive.org/details/in.gazette.central.e.2015-06-30.165081","title","in.gazette.central.e.2015-06-30.165081","gazetteofindia;JaiGyan","Government of India","2015-06-30","Ministry of Environment, Forests and Climate Change",,"The Central Govt., proposes to issue in exercise of the powers conferred by sub-section (1), read with clause (v) and clause (xiv) of sub-section (2) and sub-section (3) of section 3 of the Environment (Protection) Act, 1986.",,"https://editor.allmaps.org/images?url=https://iiif.archive.org/iiif/in.gazette.central.e.2015-06-30.165081/manifest.json&bg-preset=osm&bg-url=https://indianopenmaps.fly.dev/soi/osm/{z}/{x}/{y}.webp",,,,
"S.O.1822(E)","2016-05-19","Kugti Wildlife Sanctuary","Q17067959","https://archive.org/details/in.gazette.central.e.2016-05-19.169768","title","in.gazette.central.e.2016-05-19.169768","gazetteofindia;JaiGyan","Government of India","2016-05-19","Ministry of Environment, Forests and Climate Change","Not Applicable","The following draft of the notification, which the Central Government proposes to issue in exercise of the powers conferred by sub section 1",,"https://editor.allmaps.org/images?url=https://iiif.archive.org/iiif/in.gazette.central.e.2016-05-19.169768/manifest.json&bg-preset=osm&bg-url=https://indianopenmaps.fly.dev/soi/osm/{z}/{x}/{y}.webp",,,,
"S.O.1973(E)","2016-06-03","Saman Bird Sanctuary","Q7408557","https://archive.org/details/in.gazette.central.e.2016-06-03.170040","description","in.gazette.central.e.2016-06-03.170040","gazetteofindia;JaiGyan","Government of India","2016-06-03","Ministry of Environment, Forests and Climate Change","Not Applicable","The following draft of the notification which the Central Government proposes to issue in exercise of the powers conferred by sub section",,"https://editor.allmaps.org/images?url=https://iiif.archive.org/iiif/in.gazette.central.e.2016-06-03.170040/manifest.json&bg-preset=osm&bg-url=https://indianopenmaps.fly.dev/soi/osm/{z}/{x}/{y}.webp",,,,
"S.O.1976(E)","2016-06-03","Sangla Valley Rakchham Chitkul Wildlife Sanctuary","Q137027173","https://archive.org/details/in.gazette.central.e.2016-06-03.170043","description","in.gazette.central.e.2016-06-03.170043","gazetteofindia;JaiGyan","Government of India","2016-06-03","Ministry of Environment, Forests and Climate Change","Not Applicable","The following draft of the notification which the Central Government proposes to issue in exercise of the powers conferred by sub",,"https://editor.allmaps.org/images?url=https://iiif.archive.org/iiif/in.gazette.central.e.2016-06-03.170043/manifest.json&bg-preset=osm&bg-url=https://indianopenmaps.fly.dev/soi/osm/{z}/{x}/{y}.webp",,,,
"S.O.210(E)","2022-01-17","Surinsar-Mansar Wildlife Sanctuary",,"NONE",,,,,,,,,,,,,,
"S.O.2117","2015-08-04","Mrugvani National Park","Q3092307","https://archive.org/details/in.gazette.central.e.2015-08-04.165556","title","in.gazette.central.e.2015-08-04.165556","gazetteofindia;JaiGyan","Government of India","2015-08-04","Ministry of Environment, Forests and Climate Change",,"The following draft of the notification, which the Central Govt., proposes to issue in exercise of the powers conferred by sub-section (1), read with clause (v) and clause (xiv) of sub-section (2) and sub-section (3) of Section 3 of the Environment (Protection) Act, 1986.",,"https://editor.allmaps.org/images?url=https://iiif.archive.org/iiif/in.gazette.central.e.2015-08-04.165556/manifest.json&bg-preset=osm&bg-url=https://indianopenmaps.fly.dev/soi/osm/{z}/{x}/{y}.webp",,,,
"S.O.213(E)","2022-01-17","Bor Tiger Reserve","Q4944241","NONE",,,,,,,,,,,,,,
"S.O.2141(E)","2022-05-06","Gulmarg Wildlife Sanctuary","Q102047437","NONE",,,,,,,,,,,,,,
"S.O.2141(E)","2022-05-06","Jammu & Kashmir",,"NONE",,,,,,,,,,,,,,
"S.O.2141(E)","2022-05-06","Gulmarg Wildlife Sanctuary, Jammu & Kashmir.","Q102047437",,,,,,,,,,,,,,,
"S.O.2171","2014-08-27","Fambonglho Wildlife Sanctuary","Q3471769","https://archive.org/details/in.gazette.central.e.2014-08-27.160882","title","in.gazette.central.e.2014-08-27.160882","gazetteofindia;JaiGyan","Government of India","2014-08-27","Ministry of Environment and Forests","Climate Change Division","The Central Govt. hereby notifies an area up to 25metres all around the boundary of the Fambonglho Wildlife Sanctuary in the State of Sikkim as the Eco-sensitive Zone, details of which are as under.",,"https://editor.allmaps.org/images?url=https://iiif.archive.org/iiif/in.gazette.central.e.2014-08-27.160882/manifest.json&bg-preset=osm&bg-url=https://indianopenmaps.fly.dev/soi/osm/{z}/{x}/{y}.webp",,,,
"S.O.249(E)","2016-01-20","Sandi Bird Sanctuary","Q7416307","NONE",,,,,,,,,,,,,,
"S.O.250(E)","2016-01-15","Nelapattu Bird Sanctuary","Q18128630","NONE",,,,,,,,,,,,,,
"S.O.251(E)","2016-01-14","Barnawapara Wildlife","Q104879966","NONE",,,,,,,,,,,,,,
"S.O.2775(E)","2021-07-12","Kugti Wildlife Sanctuary","Q17067959","NONE",,,,,,,,,,,,,,
"S.O.3029 (E)","2020-09-07","Lakhary Sanctuary","Q15725165","NONE",,,,,,,,,,,,,,
"S.O.3122(E)","2015-11-20","Mt. Abu Wildlife Sanctuary","Q3326008","https://archive.org/details/in.gazette.central.e.2015-11-20.166819","title","in.gazette.central.e.2015-11-20.166819","gazetteofindia;JaiGyan","Government of India","2015-11-20","Ministry of Environment, Forests and Climate Change",,"The following draft of the notification, which the Central Government proposes to issue in exercise of the powers conferred by sub-section 1, read with clause v and clause xiv of sub-section 2 and sub-section 3 of section 3 of the Environment",,"https://editor.allmaps.org/images?url=https://iiif.archive.org/iiif/in.gazette.central.e.2015-11-20.166819/manifest.json&bg-preset=osm&bg-url=https://indianopenmaps.fly.dev/soi/osm/{z}/{x}/{y}.webp",,,,
"S.O.3454(E)","2020-09-25","Thattekkad Bird Sanctuary","Q6772512","NONE",,,,,,,,,,,,,,
"S.O.3454(E)","2020-09-25","Thattekkada Bird Sanctuary","Q6772512",,,,,,,,,,,,,,,
"S.O.3583(E)","2020-10-12","Manali Bird Sanctuary","Q6746838","NONE",,,,,,,,,,,,,,
"S.O.3630(E)","2020-10-15","Radhanagari Wildlife","Q2125633","NONE",,,,,,,,,,,,,,
"S.O.3682(E)","2021-09-10","Renuka Ji Wildlife Sanctuary","Q7313588","NONE",,,,,,,,,,,,,,
"S.O.3682(E)","2021-09-10","Shri Renukaji Wildlife Sanctuary",,,,,,,,,,,,,,,,
"S.O.3682(E)","2021-09-10","Shri Renukaji Wildlife Sanctuary,",,,,,,,,,,,,,,,,
"S.O.3683(E)","2021-09-10","Bhaindrogarh WL Sanctuary",,"NONE",,,,,,,,,,,,,,
"S.O.3683(E)","2021-09-10","Bhainsrodgarh Wildlife Sanctuary","Q131612272",,,,,,,,,,,,,,,
"S.O.3878(E)","2020-10-27","Mahavir Swami Sanctuary","Q6733577","NONE",,,,,,,,,,,,,,
"S.O.3878(E)","2020-10-27","Mahavir Swami Sanctuary, Uttar Pradesh","Q6733577",,,,,,,,,,,,,,,
"S.O.39(E)","2022-01-05","Chail Wildlife Sanctuary","Q5067785","NONE",,,,,,,,,,,,,,
"S.O.3921(E)","2021-09-21","Binsar Wildlife Sanctuary","Q3635045","NONE",,,,,,,,,,,,,,
"S.O.3922(E)","2021-09-21","Coringa Wildlife Sanctuary","Q5170559","NONE",,,,,,,,,,,,,,
"S.O.4047(E)","2020-11-11","Mt. Abu Wildlife Sanctuary","Q3326008","NONE",,,,,,,,,,,,,,
"S.O.409(E)","2022-02-01","Tundah Wildlife Sanctuary","WIKIPEDIA:himachal-pradesh:tundah-wildlife-sanctuary","NONE",,,,,,,,,,,,,,
"S.O.41(E)","2022-01-05","Shikari Devi Sanctuary","WIKIPEDIA:himachal-pradesh:shikari-devi-wildlife-sanctuary","NONE",,,,,,,,,,,,,,
"S.O.415(E)","2022-02-01","Gamgul Siyabehi Wildlife Sanctuary","Q5520164","NONE",,,,,,,,,,,,,,
"S.O.4262(E)","2021-10-13","Kishtewar National Park","Q727091","NONE",,,,,,,,,,,,,,
"S.O.4268(E)","2020-11-25","Mukundra Hills Tiger Reserve","WIKIPEDIA:rajasthan:mukundara-hills-national-park","NONE",,,,,,,,,,,,,,
"S.O.4268(E)","2020-11-25","Mukundra hills Tiger Reserve Sanctuary,","WIKIPEDIA:rajasthan:mukundara-hills-national-park",,,,,,,,,,,,,,,
"S.O.4293(E)","2021-10-14","Thane Creek Flamingo Santuary","WIKIPEDIA:maharashtra:thane-creek-wildlife-sanctuary","NONE",,,,,,,,,,,,,,
"S.O.436(E)","2016-02-04","Rajiv Gandhi National Park","Q96401141","NONE",,,,,,,,,,,,,,
"S.O.4373(E)","2021-10-18","Nagarjunasagar Srisailam Tiger Reserve Wildlife Santuary","Q3895706","NONE",,,,,,,,,,,,,,
"S.O.4615(E)","2021-11-08","Kanawar Wildlife Sanctuary","Q16948098","NONE",,,,,,,,,,,,,,
"S.O.4617(E)","2021-11-08","Veerangana Durgawati WLS","Q48731965","NONE",,,,,,,,,,,,,,
"S.O.4618(E)","2021-11-08","Balaram Ambaji Sanctuary","Q19833696","NONE",,,,,,,,,,,,,,
"S.O.4695(E)","2020-12-24","Nandhaur Wildlife Sanctuary","Q6963221","NONE",,,,,,,,,,,,,,
"S.O.4695(E)","2020-12-24","Nandhaur Wildlife Sanctuary, Uttarakhand.","Q6963221",,,,,,,,,,,,,,,
"S.O.4696(E)","2020-12-24","Dibang Wildlife Sanctuary","Q5272213","NONE",,,,,,,,,,,,,,
"S.O.4729(E)","2020-12-28","Mathikettan Wildlife Sanctuary","Q3091867","NONE",,,,,,,,,,,,,,
"S.O.4793(E)","2021-11-22","Kais Wildlife Sanctuary","WIKIPEDIA:himachal-pradesh:kais-wildlife-sanctuary","NONE",,,,,,,,,,,,,,
"S.O.4793(E)","2021-11-22","Kais Wildlife Sanctuary, Himachal Pradesh","WIKIPEDIA:himachal-pradesh:kais-wildlife-sanctuary",,,,,,,,,,,,,,,
"S.O.4929(E)","2021-12-02","Askot Wildlife Sanctuary","Q4807241","NONE",,,,,,,,,,,,,,
"S.O.4929(E)","2021-12-02","Askot Wildlife Sanctuary, Uttarakhand.","Q4807241",,,,,,,,,,,,,,,
"S.O.5251(E)","2021-12-17","Jogimatti Wildlife Sanctuary","Q124115645","NONE",,,,,,,,,,,,,,
"S.O.570(E)","2016-02-19","Gomarda Wildlife Sanctuary","Q130974367","NONE",,,,,,,,,,,,,,
"S.O.571 (E)","2016-02-23","Manali Wildlife Sanctuary","Q6746838","NONE",,,,,,,,,,,,,,
"S.O.608(E)","2016-02-24","Nargu Wildlife Sanctuary","Q6965894","NONE",,,,,,,,,,,,,,
"S.O.65(E)","2022-01-05","Dhauladhar Wildlife Sanctuary","Q136289107","NONE",,,,,,,,,,,,,,
"S.O.656(E)","2016-03-03","Cauvery Wildlife Sanctuary","Q5054715","NONE",,,,,,,,,,,,,,
"S.O.657(E)","2016-03-03","Peechi-Vazhani Wildlife Sanctuary","Q7160147","NONE",,,,,,,,,,,,,,
"S.O.658 (E)","2016-03-02","Dinosaur National Park","Q135111713","NONE",,,,,,,,,,,,,,
"S.O.787(E)","2021-02-19","Yadagalli Chinkara Wildlife","Q112252408","NONE",,,,,,,,,,,,,,
"S.O.788(E)","2021-02-19","Satyamangalam Tiger Reserve","Q2226064","NONE",,,,,,,,,,,,,,
"S.O.789(E)","2021-02-19","Sepahijala Wildlife Sanctuary","Q7525566","NONE",,,,,,,,,,,,,,
"S.O.789(E)","2021-02-19","Clouded Leopard National Park","Q5135742",,,,,,,,,,,,,,,
"S.O.789(E)","2021-02-19","Sepahijala Wildlife Sanctuary, Clouded Leopard National Park","Q5135742",,,,,,,,,,,,,,,
"S.O.918(E)","2021-02-25","Tamhini WLS","WIKIPEDIA:maharashtra:tamhini-wildlife-sanctuary","NONE",,,,,,,,,,,,,,
"SO 229(E)","2016-01-22","Sanjay Gandhi National Park","Q648907","https://archive.org/details/in.gazette.central.e.2016-01-22.167718","description","in.gazette.central.e.2016-01-22.167718","gazetteofindia;JaiGyan","Government of India","2016-01-22","Ministry of Environment, Forests and Climate Change",,"The following draft of the notification, which the Central Government proposes to issue in exercise of the powers conferred by sub-section",,"https://editor.allmaps.org/images?url=https://iiif.archive.org/iiif/in.gazette.central.e.2016-01-22.167718/manifest.json&bg-preset=osm&bg-url=https://indianopenmaps.fly.dev/soi/osm/{z}/{x}/{y}.webp",,,,
"SO 3102(E)","2015-11-16","Nangal Wildlife Sanctuary","Q109905245","NONE",,,,,,,,,,,,,,
"SO 3127(E)","2015-11-20","Great Indian Bustard Rollapadu Wildlife Sanctuary","Q17087471","https://archive.org/details/in.gazette.central.e.2015-11-20.166829","description","in.gazette.central.e.2015-11-20.166829","gazetteofindia;JaiGyan","Government of India","2015-11-20","Ministry of Environment, Forests and Climate Change",,"The following draft of the notification, which the Central Government proposes to issue in exercise of the powers conferred by",,"https://editor.allmaps.org/images?url=https://iiif.archive.org/iiif/in.gazette.central.e.2015-11-20.166829/manifest.json&bg-preset=osm&bg-url=https://indianopenmaps.fly.dev/soi/osm/{z}/{x}/{y}.webp",,,,
"SO 3222(E)","2015-11-30","Phansad Wildlife Sanctuary","Q7180496","NONE",,,,,,,,,,,,,,
"SO 3223(E)","2015-11-23","Pocharam Wildlife Sanctuary","Q7206319","NONE",,,,,,,,,,,,,,
"SO 3224(E)","2015-11-23","Bhamragarh Wildlife Sanctuary","WIKIPEDIA:maharashtra:bhamragarh-wildlife-sanctuary","NONE",,,,,,,,,,,,,,
"SO 3226(E)","2015-11-23","brahmagiri Wildlife Sanctuary","Q4955532","NONE",,,,,,,,,,,,,,
"SO 3227(E)","2015-11-23","Yedsi Ramling Wildlife Sanctuary","Q107410544","NONE",,,,,,,,,,,,,,
"SO 3228(E)","2015-11-23","Aner Dam Wildlife Sanctuary","Q107404544","NONE",,,,,,,,,,,,,,
"SO 3229(E)","2015-11-23","Mahavir Harina vanasthali National park","Q3092314","NONE",,,,,,,,,,,,,,
"SO 3230(E)","2015-11-26","Rowa Wildlife Sanctuary","Q7371766","NONE",,,,,,,,,,,,,,
"SO 3233(E)","2015-11-26","Lippa-Asrang Wildlife Sanctuary","WIKIPEDIA:himachal-pradesh:lippa-asrang-wildlife-sanctuary","NONE",,,,,,,,,,,,,,
"SO 3234(E)","2015-11-27","Sunabeda Wildlife Sanctuary","WIKIPEDIA:odisha:sunabeda-wildlife-sanctuary","NONE",,,,,,,,,,,,,,
"SO 3235(E)","2015-11-27","valley of flowers Wildlife Sanctuary","Q605897","NONE",,,,,,,,,,,,,,
"SO 3236(E)","2015-11-27","Laokhowa-Burhachapori Wildlife Sanctuary","Q3217688","NONE",,,,,,,,,,,,,,
"SO 3237(E)","2015-11-30","Bunning Wildlife Sanctuary","WIKIPEDIA:manipur:bunning-wildlife-sanctuary","NONE",,,,,,,,,,,,,,
"SO 3238(E)","2015-11-27","Gumuti Wildlife Sanctuary","Q5618257","NONE",,,,,,,,,,,,,,
"SO 3327(E)","2015-12-07","Chulannur Peafowl Sanctuary","Q13111992","NONE",,,,,,,,,,,,,,
"SO 3329(E)","2015-12-07","Arabithittu Wildlife Sanctuary","Q110078183","NONE",,,,,,,,,,,,,,
"SO 3330(E)","2015-12-09","Simbalbara Wildlife Sanctuary","Q22080908","NONE",,,,,,,,,,,,,,
"SO 3331(E)","2015-12-08","Namdapa Wildlife Sanctuary","Q1815612","NONE",,,,,,,,,,,,,,
"SO 3332(E)","2015-12-09","MajathalWildlife Sanctuary",,"NONE",,,,,,,,,,,,,,
"SO 3332(E)","2015-12-09","Majathal Wildlife Sanctuary","Q6738481",,,,,,,,,,,,,,,
"SO 3333(E)","2015-12-10","Debrigarh Wildlife Sanctuary","Q18111621","https://archive.org/details/in.gazette.central.e.2015-12-10.167101","title","in.gazette.central.e.2015-12-10.167101","gazetteofindia;JaiGyan","Government of India","2015-12-10","Ministry of Environment, Forests and Climate Change",,"The following draft of the notification, which the Central Government proposes to issue in exercise of the powers conferred by sub-section 1, read with clause v and clause xiv of sub-section 2 and sub-section 3 of section 3 of the Environment",,"https://editor.allmaps.org/images?url=https://iiif.archive.org/iiif/in.gazette.central.e.2015-12-10.167101/manifest.json&bg-preset=osm&bg-url=https://indianopenmaps.fly.dev/soi/osm/{z}/{x}/{y}.webp",,,,
"SO 3334(E)","2015-12-09","Bherjan-Borajan Padumoni Wildlife Sanctuary","Q14623369","NONE",,,,,,,,,,,,,,
"SO 3335(E)","2015-12-09","Nameri Wildlife Sanctuary","Q2989157","NONE",,,,,,,,,,,,,,
"SO 3336(E)","2015-11-30","Betla National Park","Q2663264","NONE",,,,,,,,,,,,,,
"SO 3336(E)","2015-11-30","Palamau Wildlife Sanctuary","Q7126657","NONE",,,,,,,,,,,,,,
"SO 3336(E)","2015-11-30","Mahuadanr Wolf Sanctuary","Q113336061","NONE",,,,,,,,,,,,,,
"SO 3336(E)","2015-11-30","Betla National Park, Palamau Wildlife Sanctuary and Mahuadanr Wolf Sanctuary Sanctuary",,,,,,,,,,,,,,,,
"SO 3337(E)","2015-12-09","keibul Lamjao National Park","Q1737898","NONE",,,,,,,,,,,,,,
"SO 3338(E)","2015-12-09","Gaga Wildlife Sanctuary","Q2731635","NONE",,,,,,,,,,,,,,
"SO 3339(E)","2015-12-09","Shimla Water Catchment Wildlife Sanctuary",,"NONE",,,,,,,,,,,,,,
"SO 3340(E)","2015-12-09","Attiveri Bird Sanctuary","Q4818551","NONE",,,,,,,,,,,,,,
"SO 3341(E)","2015-12-07","Nalsarovar Bird Sanctuary","Q2723560","NONE",,,,,,,,,,,,,,
"SO 3493(E)","2015-12-22","Bhakira Wild Life Sanctuary","Q4251269","https://archive.org/details/in.gazette.central.e.2015-12-22.167287","description","in.gazette.central.e.2015-12-22.167287","gazetteofindia;JaiGyan","Government of India","2015-12-22","Ministry of Environment, Forests and Climate Change",,"The following draft of the notification, which the Central Government proposes to issue in exercise of the powers conferred by sub-section",,"https://editor.allmaps.org/images?url=https://iiif.archive.org/iiif/in.gazette.central.e.2015-12-22.167287/manifest.json&bg-preset=osm&bg-url=https://indianopenmaps.fly.dev/soi/osm/{z}/{x}/{y}.webp",,,,
"SO 3494(E)","2015-12-18","Dhauladhar Wildlife Sanctuary","Q136289107","NONE",,,,,,,,,,,,,,
"SO 3495(E)","2015-12-18","Hingolgadh Wildlife Sanctuary","Q124973261","NONE",,,,,,,,,,,,,,
"SO 3496(E)","2015-12-18","Kesu Brahmananda Reddy","Q969593","NONE",,,,,,,,,,,,,,
"SO 3497(E)","2015-12-18","Nongkhylleum Wildlife Sanctuary","Q61363881","NONE",,,,,,,,,,,,,,
"SO 3498(E)","2015-12-22","Lakh Bahosi Bird Sanctuary Park","Q6479478","https://archive.org/details/in.gazette.central.e.2015-12-22.167284","description","in.gazette.central.e.2015-12-22.167284","gazetteofindia;JaiGyan","Government of India","2015-12-22","Ministry of Environment, Forests and Climate Change",,"The following draft of the notification, which the Central Government proposes to issue in exercise of the powers conferred by sub-section",,"https://editor.allmaps.org/images?url=https://iiif.archive.org/iiif/in.gazette.central.e.2015-12-22.167284/manifest.json&bg-preset=osm&bg-url=https://indianopenmaps.fly.dev/soi/osm/{z}/{x}/{y}.webp",,,,
"SO 3546(E)","2015-12-30","Mehao Wildlife Sanctuary","Q16895017","https://archive.org/details/in.gazette.central.e.2015-12-30.167370","title","in.gazette.central.e.2015-12-30.167370","gazetteofindia;JaiGyan","Government of India","2015-12-30","Ministry of Environment, Forests and Climate Change",,"The following draft of the notification, which the Central Government proposes to issue in exercise of the powers conferred by sub-section 1, clause v and clause xiv of sub-section 2 and sub-section 3 of section 3 of the Environment",,"https://editor.allmaps.org/images?url=https://iiif.archive.org/iiif/in.gazette.central.e.2015-12-30.167370/manifest.json&bg-preset=osm&bg-url=https://indianopenmaps.fly.dev/soi/osm/{z}/{x}/{y}.webp",,,,
"SO 3547(E)","2015-12-30","Udaipur Wildlife Sanctuary","Q18355976","https://archive.org/details/in.gazette.central.e.2015-12-30.167365","title","in.gazette.central.e.2015-12-30.167365","gazetteofindia;JaiGyan","Government of India","2015-12-30","Ministry of Environment, Forests and Climate Change",,"The following draft of the notification, which the Central Government proposes to issue in exercise of the powers conferred by sub-section 1, read with clause v and clause xiv of sub-section 2 and sub-section 3 of section 3 of the Environment",,"https://editor.allmaps.org/images?url=https://iiif.archive.org/iiif/in.gazette.central.e.2015-12-30.167365/manifest.json&bg-preset=osm&bg-url=https://indianopenmaps.fly.dev/soi/osm/{z}/{x}/{y}.webp",,,,
"SO 3548(E)","2015-12-30","Chhilchhila Wildlife Sanctuary","Q17003846","https://archive.org/details/in.gazette.central.e.2015-12-30.167419","title","in.gazette.central.e.2015-12-30.167419","gazetteofindia;JaiGyan","Government of India","2015-12-30","Ministry of Environment, Forests and Climate Change",,"The following draft of the notification, which the Central Government proposes to issue in exercise of the powers conferred by sub-section 1, read with clause v and clause xiv of sub-section 2 and sub-section 3 of section 3 of the Environment",,"https://editor.allmaps.org/images?url=https://iiif.archive.org/iiif/in.gazette.central.e.2015-12-30.167419/manifest.json&bg-preset=osm&bg-url=https://indianopenmaps.fly.dev/soi/osm/{z}/{x}/{y}.webp",,,,
"SO 3549(E)","2015-12-30","Kaimur-Wildlife-Sanctuary","Q15232550","https://archive.org/details/in.gazette.central.e.2015-12-30.167414","title","in.gazette.central.e.2015-12-30.167414","gazetteofindia;JaiGyan","Government of India","2015-12-30","Ministry of Environment, Forests and Climate Change",,"Where a draft notification was published in the Gazette of India, Extraordinary, vide notification of the Government of the India in the erstwhile Ministry of Environment, Forest and Climate Change number S.O. 274",,"https://editor.allmaps.org/images?url=https://iiif.archive.org/iiif/in.gazette.central.e.2015-12-30.167414/manifest.json&bg-preset=osm&bg-url=https://indianopenmaps.fly.dev/soi/osm/{z}/{x}/{y}.webp",,,,
"SO 3550(E)","2015-12-29","Ghataprabha Bird Sanctuary","Q137252985","NONE",,,,,,,,,,,,,,
"SO 3565(E)","2023-08-09","Bhimgad Wildlife Sanctuary","WIKIPEDIA:karnataka:bhimgad-wildlife-sanctuary","https://archive.org/details/in.gazette.central.e.2023-08-09.248003","description","in.gazette.central.e.2023-08-09.248003","gazetteofindia;JaiGyan","Government of India","2023-08-09","Ministry of Environment, Forest and Climate Change","Hazardous Substances Management Division","Declaration of ESZ around Bhimgad Wildlife Sanctuary Karnataka","https://egazette.gov.in/WriteReadData/2023/248003.pdf","https://editor.allmaps.org/images?url=https://iiif.archive.org/iiif/in.gazette.central.e.2023-08-09.248003/manifest.json&bg-preset=osm&bg-url=https://indianopenmaps.fly.dev/soi/osm/{z}/{x}/{y}.webp",,,,
"SO 62(E)","2016-01-07","Kambalakonda Wildlife Sanctuary","Q12060948","NONE",,,,,,,,,,,,,,
"SO 62(E)","2016-01-07","Kambalkonda Wildlife Sanctuary","Q12060948",,,,,,,,,,,,,,,
"SO 63(E)","2016-01-07","Kudremukh National Park","Q123439915","https://archive.org/details/in.gazette.central.e.2016-01-07.180046","description","in.gazette.central.e.2016-01-07.180046","gazetteofindia;JaiGyan","Government of India","2016-01-07","Government of The National Capital Territory of Delhi","Weights & Measures Department","In exercise of powers conferred by Sub Section I of the Section 14 of the Legal Metrology Act 2009 (1 of 2010)",,"https://editor.allmaps.org/images?url=https://iiif.archive.org/iiif/in.gazette.central.e.2016-01-07.180046/manifest.json&bg-preset=osm&bg-url=https://indianopenmaps.fly.dev/soi/osm/{z}/{x}/{y}.webp",,,,
"SO 64(E)","2016-01-07","Ranebennur Black Buck","Q7293023","https://archive.org/details/in.gazette.central.e.2016-01-07.167500","description","in.gazette.central.e.2016-01-07.167500","gazetteofindia;JaiGyan","Government of India","2016-01-07","Ministry of Road Transport and Highways",,"In exercise of the powers conferred by Sections 27, 64, 110 and 137 of the Motor Vehicles Act, 1988 (59 of 1988)",,"https://editor.allmaps.org/images?url=https://iiif.archive.org/iiif/in.gazette.central.e.2016-01-07.167500/manifest.json&bg-preset=osm&bg-url=https://indianopenmaps.fly.dev/soi/osm/{z}/{x}/{y}.webp",,,,
"SO 65(E)","2016-01-07","Shendurney Wildlife Sanctuary","Q7494223","NONE",,,,,,,,,,,,,,
"SO 66(E)","2016-01-07","Eravikulam National Park","Q1194252","NONE",,,,,,,,,,,,,,
"SO 66(E)","2016-01-07","Chinnar Wildlife Sanctuary","Q3522009","NONE",,,,,,,,,,,,,,
"SO 66(E)","2016-01-07","Anamudi Shola National Park","Q3333420","NONE",,,,,,,,,,,,,,
"SO 66(E)","2016-01-07","Pampadum Shola National Park","Q3330156","NONE",,,,,,,,,,,,,,
"SO 66(E)","2016-01-07","Kurinjimala Sanctuary","Q6446058","NONE",,,,,,,,,,,,,,
"SO 66(E)","2016-01-07","Eravikulam National Park, Chinnar Wildlife Sanctuary, Anamudi Shola National Park, Pampadum Shola National Park and Kurinjimala Sanctuary",,,,,,,,,,,,,,,,
"SO 67(E)","2015-12-21","Velvadar Black Buck Wildlife Sanctuary",,"NONE",,,,,,,,,,,,,,
"SO 67(E)","2015-12-21","Blackbuck National Park","Q880724",,,,,,,,,,,,,,,
"SO 69(E)","2015-12-31","Malabar Wildlife Sanctuary","Q48727189","NONE",,,,,,,,,,,,,,
"SO 71(E)","2016-01-07","Rangayyadurga Four Horned Antelope Wildlife Sanctuary Sanctuary","Q112252433","NONE",,,,,,,,,,,,,,
"SO 73(E)","2016-01-07","Nandhaur Wildlife Sanctuary","Q6963221","NONE",,,,,,,,,,,,,,
"SO 73(E)","2016-01-07","Nandhaur Wildlife Sanctuary, Uttarakhand.","Q6963221",,,,,,,,,,,,,,,
