{
  "type": "FeatureCollection",
  "features": [
    {
      "type": "Feature",
      "geometry": {
        "type": "Point",
        "coordinates": [
          76.50257,
          26.01733
        ]
      },
      "properties": {
        "wikidataId": "Q1466242",
        "wikidataUrl": "https://www.wikidata.org/wiki/Q1466242",
        "name": "Ranthambore National Park",
        "protectedAreaType": "Tiger Reserve",
        "state": "Rajasthan",
        "iucnCategory": "IUCN category II: National Park",
        "area": 392,
        "osmRelationIds": [
          "3494941"
        ],
        "enwikiUrl": "https://en.wikipedia.org/wiki/Ranthambore_National_Park",
        "eszStatus": "none",
        "notificationCount": 0,
        "notificationStatus": null,
        "notificationDate": null,
        "orderNumber": null,
        "notificationPdfLink": null,
        "notificationArchiveLink": null
      }
    },
    {
      "type": "Feature",
      "geometry": {
        "type": "Point",
        "coordinates": [
          80.645,
          22.2275
        ]
      },
      "properties": {
        "wikidataId": "Q1480481",
        "wikidataUrl": "https://www.wikidata.org/wiki/Q1480481",
        "name": "Kanha National Park",
        "protectedAreaType": "Tiger Reserve",
        "state": "Madhya Pradesh",
        "iucnCategory": "IUCN category II: National Park",
        "area": 940,
        "osmRelationIds": [
          "15588876"
        ],
        "enwikiUrl": "https://en.wikipedia.org/wiki/Kanha_Tiger_Reserve",
        "eszStatus": "final",
        "notificationCount": 3,
        "notificationStatus": "Final",
        "notificationDate": "2021-03-12",
        "orderNumber": "S.O.1198(E)",
        "notificationPdfLink": "https://moef.gov.in/uploads/2021/03/kanha.pdf"
      }
    },
    {
      "type": "Feature",
      "geometry": {
        "type": "Point",
        "coordinates": [
          76.151111111,
          12.06
        ]
      },
      "properties": {
        "wikidataId": "Q1520200",
        "wikidataUrl": "https://www.wikidata.org/wiki/Q1520200",
        "name": "Nagarhole National Park",
        "protectedAreaType": "Tiger Reserve",
        "state": "Karnataka",
        "iucnCategory": "IUCN category II: National Park",
        "area": 643.4,
        "osmRelationIds": [],
        "enwikiUrl": "https://en.wikipedia.org/wiki/Nagarhole_National_Park",
        "eszStatus": "draft",
        "notificationCount": 1,
        "notificationStatus": "Draft",
        "notificationDate": "2017-07-25",
        "orderNumber": "S.O. 2323 (E)",
        "notificationPdfLink": "https://moef.gov.in/uploads/2017/06/Nagarahole%20Tiger%20Reserve%2C%20Karnataka.pdf"
      }
    },
    {
      "type": "Feature",
      "geometry": {
        "type": "Point",
        "coordinates": [
          77.951021,
          31.804288
        ]
      },
      "properties": {
        "wikidataId": "Q1544213",
        "wikidataUrl": "https://www.wikidata.org/wiki/Q1544213",
        "name": "Great Himalayan National Park",
        "protectedAreaType": "National Park",
        "state": "Himachal Pradesh",
        "iucnCategory": "IUCN category II: National Park",
        "area": 90540,
        "osmRelationIds": [
          "8815513"
        ],
        "enwikiUrl": "https://en.wikipedia.org/wiki/Great_Himalayan_National_Park",
        "eszStatus": "draft",
        "notificationCount": 1,
        "notificationStatus": "Draft",
        "notificationDate": "2016-08-05",
        "orderNumber": "S.O. 2628(E)",
        "notificationPdfLink": "https://moef.gov.in/uploads/2017/06/Great%20Himalayan%20National%20Park%2C%20HP.pdf"
      }
    },
    {
      "type": "Feature",
      "geometry": {
        "type": "Point",
        "coordinates": [
          79.849722222,
          30.418611111
        ]
      },
      "properties": {
        "wikidataId": "Q1648266",
        "wikidataUrl": "https://www.wikidata.org/wiki/Q1648266",
        "name": "Nanda Devi National Park",
        "protectedAreaType": "National Park",
        "state": "Uttarakhand",
        "iucnCategory": "IUCN category Ia: Strict Nature Reserve",
        "area": 624.6,
        "osmRelationIds": [],
        "enwikiUrl": "https://en.wikipedia.org/wiki/Nanda_Devi_National_Park",
        "eszStatus": "final",
        "notificationCount": 2,
        "notificationStatus": "Final",
        "notificationDate": "2018-10-04",
        "orderNumber": "S.O. 5136(E)",
        "notificationPdfLink": "https://moef.gov.in/uploads/2018/11/nanda-devi_0.pdf"
      }
    },
    {
      "type": "Feature",
      "geometry": {
        "type": "Point",
        "coordinates": [
          77.05666667,
          10.41694444
        ]
      },
      "properties": {
        "wikidataId": "Q1661434",
        "wikidataUrl": "https://www.wikidata.org/wiki/Q1661434",
        "name": "Anaimalai Tiger Reserve",
        "protectedAreaType": "Tiger Reserve",
        "state": "Tamil Nadu",
        "iucnCategory": "IUCN category II: National Park",
        "area": 1479.87,
        "osmRelationIds": [],
        "enwikiUrl": "https://en.wikipedia.org/wiki/Anamalai_Tiger_Reserve",
        "eszStatus": "none",
        "notificationCount": 0,
        "notificationStatus": null,
        "notificationDate": null,
        "orderNumber": null,
        "notificationPdfLink": null,
        "notificationArchiveLink": null
      }
    },
    {
      "type": "Feature",
      "geometry": {
        "type": "Point",
        "coordinates": [
          79.4291,
          20.267
        ]
      },
      "properties": {
        "wikidataId": "Q2639563",
        "wikidataUrl": "https://www.wikidata.org/wiki/Q2639563",
        "name": "Tadoba-Andhari Tiger Reserve",
        "protectedAreaType": "Tiger Reserve",
        "state": "Maharashtra",
        "iucnCategory": "IUCN category II: National Park",
        "area": 1727.5911,
        "osmRelationIds": [],
        "enwikiUrl": "https://en.wikipedia.org/wiki/Tadoba_Andhari_Tiger_Reserve",
        "eszStatus": "final",
        "notificationCount": 4,
        "notificationStatus": "Final",
        "notificationDate": "2019-09-11",
        "orderNumber": "S.O. 3249(E)",
        "notificationPdfLink": "https://moef.gov.in/uploads/2018/12/tadoba-andheri.pdf"
      }
    },
    {
      "type": "Feature",
      "geometry": {
        "type": "Point",
        "coordinates": [
          79.3033,
          21.6716
        ]
      },
      "properties": {
        "wikidataId": "Q2720864",
        "wikidataUrl": "https://www.wikidata.org/wiki/Q2720864",
        "name": "Pench National Park",
        "protectedAreaType": "Tiger Reserve",
        "state": "Madhya Pradesh",
        "iucnCategory": "IUCN category II: National Park",
        "area": null,
        "osmRelationIds": [],
        "enwikiUrl": "https://en.wikipedia.org/wiki/Pench_National_Park",
        "eszStatus": "none",
        "notificationCount": 0,
        "notificationStatus": null,
        "notificationDate": null,
        "orderNumber": null,
        "notificationPdfLink": null,
        "notificationArchiveLink": null
      }
    },
    {
      "type": "Feature",
      "geometry": {
        "type": "Point",
        "coordinates": [
          69.6167,
          22.4667
        ]
      },
      "properties": {
        "wikidataId": "Q2724481",
        "wikidataUrl": "https://www.wikidata.org/wiki/Q2724481",
        "name": "Marine National Park, Gulf of Kutch",
        "protectedAreaType": "National Park",
        "state": "Gujarat",
        "iucnCategory": "IUCN category II: National Park",
        "area": 162.89,
        "osmRelationIds": [],
        "enwikiUrl": "https://en.wikipedia.org/wiki/Marine_National_Park,_Gulf_of_Kutch",
        "eszStatus": "final",
        "notificationCount": 4,
        "notificationStatus": "Final",
        "notificationDate": "2013-08-22",
        "orderNumber": "S.O. 2561",
        "notificationPdfLink": "https://moef.gov.in/uploads/2017/06/S.O.%202561%20%5B22.08.2013%5D%20Final%20ESZ%20Notification%20on%20Marine%20National%20and%20Marine%20Sanctuary%2C%20Gujarat.pdf"
      }
    },
    {
      "type": "Feature",
      "geometry": {
        "type": "Point",
        "coordinates": [
          68.714,
          23.219
        ]
      },
      "properties": {
        "wikidataId": "Q2726467",
        "wikidataUrl": "https://www.wikidata.org/wiki/Q2726467",
        "name": "Kutch Bustard Sanctuary",
        "protectedAreaType": "Wildlife Sanctuary",
        "state": "Gujarat",
        "iucnCategory": "IUCN category IV: Habitat/Species Management Area",
        "area": 2,
        "osmRelationIds": [],
        "enwikiUrl": "https://en.wikipedia.org/wiki/Kutch_Bustard_Sanctuary",
        "eszStatus": "final",
        "notificationCount": 2,
        "notificationStatus": "Final",
        "notificationDate": "2018-12-11",
        "orderNumber": "S.O. 6117(E)",
        "notificationPdfLink": "https://moef.gov.in/uploads/2018/12/kucth-bustard.pdf"
      }
    },
    {
      "type": "Feature",
      "geometry": {
        "type": "Point",
        "coordinates": [
          70.14,
          22.51
        ]
      },
      "properties": {
        "wikidataId": "Q2730580",
        "wikidataUrl": "https://www.wikidata.org/wiki/Q2730580",
        "name": "Khijadiya Bird Sanctuary",
        "protectedAreaType": "Bird Sanctuary",
        "state": "Gujarat",
        "iucnCategory": "IUCN category IV: Habitat/Species Management Area",
        "area": 6.05,
        "osmRelationIds": [],
        "enwikiUrl": "https://en.wikipedia.org/wiki/Khijadiya_Bird_Sanctuary",
        "eszStatus": "final",
        "notificationCount": 2,
        "notificationStatus": "Final",
        "notificationDate": "2018-06-19",
        "orderNumber": "S.O. 2950(E)",
        "notificationPdfLink": "https://moef.gov.in/uploads/2017/06/khijadia.pdf"
      }
    },
    {
      "type": "Feature",
      "geometry": {
        "type": "Point",
        "coordinates": [
          93.833,
          6.923
        ]
      },
      "properties": {
        "wikidataId": "Q2979723",
        "wikidataUrl": "https://www.wikidata.org/wiki/Q2979723",
        "name": "Galathea National Park",
        "protectedAreaType": "National Park",
        "state": "Andaman and Nicobar Islands",
        "iucnCategory": "IUCN category II: National Park",
        "area": 110,
        "osmRelationIds": [],
        "enwikiUrl": "https://en.wikipedia.org/wiki/Galathea_National_Park",
        "eszStatus": "final",
        "notificationCount": 2,
        "notificationStatus": "Final",
        "notificationDate": "2021-03-12",
        "orderNumber": "S.O.1194(E)",
        "notificationPdfLink": "https://moef.gov.in/uploads/2021/03/galathea.pdf"
      }
    },
    {
      "type": "Feature",
      "geometry": {
        "type": "Point",
        "coordinates": [
          92.36,
          26.61
        ]
      },
      "properties": {
        "wikidataId": "Q2989176",
        "wikidataUrl": "https://www.wikidata.org/wiki/Q2989176",
        "name": "Orang National Park",
        "protectedAreaType": "Tiger Reserve",
        "state": "Assam",
        "iucnCategory": "IUCN category II: National Park",
        "area": 492.46,
        "osmRelationIds": [],
        "enwikiUrl": "https://en.wikipedia.org/wiki/Orang_National_Park",
        "eszStatus": "draft",
        "notificationCount": 1,
        "notificationStatus": "Draft",
        "notificationDate": "2015-09-22",
        "orderNumber": "S.O. 2600",
        "notificationPdfLink": "https://moef.gov.in/uploads/2019/10/S.O.-2600-22.09.2015-Draft-ESZ-Notification-on-Rajiv-Gandhi-Orang-National-Park-Assam.pdf"
      }
    },
    {
      "type": "Feature",
      "geometry": {
        "type": "Point",
        "coordinates": [
          70.516666666,
          26.316666666
        ]
      },
      "properties": {
        "wikidataId": "Q3058213",
        "wikidataUrl": "https://www.wikidata.org/wiki/Q3058213",
        "name": "Desert National Park",
        "protectedAreaType": "National Park",
        "state": "Rajasthan",
        "iucnCategory": "IUCN category II: National Park",
        "area": 3162,
        "osmRelationIds": [],
        "enwikiUrl": "https://en.wikipedia.org/wiki/Desert_National_Park",
        "eszStatus": "none",
        "notificationCount": 0,
        "notificationStatus": null,
        "notificationDate": null,
        "orderNumber": null,
        "notificationPdfLink": null,
        "notificationArchiveLink": null
      }
    },
    {
      "type": "Feature",
      "geometry": {
        "type": "Point",
        "coordinates": [
          92.7571,
          11.8074
        ]
      },
      "properties": {
        "wikidataId": "Q3091762",
        "wikidataUrl": "https://www.wikidata.org/wiki/Q3091762",
        "name": "Mount Manipur National Park",
        "protectedAreaType": "National Park",
        "state": "Andaman and Nicobar Islands",
        "iucnCategory": "IUCN category II: National Park",
        "area": 46.62,
        "osmRelationIds": [
          "9282503"
        ],
        "enwikiUrl": "https://en.wikipedia.org/wiki/Mount_Harriet_National_Park",
        "eszStatus": "final",
        "notificationCount": 3,
        "notificationStatus": "Final",
        "notificationDate": "2019-02-04",
        "orderNumber": "S.O. 652(E)",
        "notificationPdfLink": "https://moef.gov.in/uploads/2018/12/mount-harriet.pdf"
      }
    },
    {
      "type": "Feature",
      "geometry": {
        "type": "Point",
        "coordinates": [
          85.366,
          24.139
        ]
      },
      "properties": {
        "wikidataId": "Q3595683",
        "wikidataUrl": "https://www.wikidata.org/wiki/Q3595683",
        "name": "Hazaribagh Wildlife Sanctuary",
        "protectedAreaType": "Wildlife Sanctuary",
        "state": "Jharkhand",
        "iucnCategory": "IUCN category IV: Habitat/Species Management Area",
        "area": null,
        "osmRelationIds": [],
        "enwikiUrl": "https://en.wikipedia.org/wiki/Hazaribagh_Wildlife_Sanctuary",
        "eszStatus": "final",
        "notificationCount": 3,
        "notificationStatus": "Final",
        "notificationDate": "2019-08-01",
        "orderNumber": "S.O. 2775(E)",
        "notificationPdfLink": "https://moef.gov.in/uploads/2019/08/hazaribhag.pdf"
      }
    },
    {
      "type": "Feature",
      "geometry": {
        "type": "Point",
        "coordinates": [
          77.140555555,
          11.993888888
        ]
      },
      "properties": {
        "wikidataId": "Q3631211",
        "wikidataUrl": "https://www.wikidata.org/wiki/Q3631211",
        "name": "Biligiriranga Hills Tiger Reserve",
        "protectedAreaType": "Tiger Reserve",
        "state": "Karnataka",
        "iucnCategory": "IUCN category IV: Habitat/Species Management Area",
        "area": null,
        "osmRelationIds": [],
        "enwikiUrl": "https://en.wikipedia.org/wiki/Biligiriranga_Hills",
        "eszStatus": "final",
        "notificationCount": 2,
        "notificationStatus": "Final",
        "notificationDate": "2019-11-19",
        "orderNumber": "S.O. 4152(E)",
        "notificationPdfLink": "https://moef.gov.in/uploads/2019/10/billingirangana.pdf"
      }
    },
    {
      "type": "Feature",
      "geometry": {
        "type": "Point",
        "coordinates": [
          77.52388889,
          10.24527778
        ]
      },
      "properties": {
        "wikidataId": "Q3696260",
        "wikidataUrl": "https://www.wikidata.org/wiki/Q3696260",
        "name": "Palani Hills Wildlife Sanctuary and National Park",
        "protectedAreaType": "Wildlife Sanctuary",
        "state": "Tamil Nadu",
        "iucnCategory": "IUCN category VI: Protected Area with sustainable use of natural resources",
        "area": null,
        "osmRelationIds": [],
        "enwikiUrl": "https://en.wikipedia.org/wiki/Palani_Hills_Wildlife_Sanctuary_and_National_Park",
        "eszStatus": "final",
        "notificationCount": 2,
        "notificationStatus": "Final",
        "notificationDate": "2020-01-28",
        "orderNumber": "S.O. 412(E)",
        "notificationPdfLink": "https://moef.gov.in/uploads/2019/10/kodaikanal.pdf"
      }
    },
    {
      "type": "Feature",
      "geometry": {
        "type": "Point",
        "coordinates": [
          80.6525,
          30.12083333
        ]
      },
      "properties": {
        "wikidataId": "Q4807241",
        "wikidataUrl": "https://www.wikidata.org/wiki/Q4807241",
        "name": "Askot Musk Deer Sanctuary",
        "protectedAreaType": "Wildlife Sanctuary",
        "state": "Uttarakhand",
        "iucnCategory": "IUCN category IV: Habitat/Species Management Area",
        "area": null,
        "osmRelationIds": [],
        "enwikiUrl": "https://en.wikipedia.org/wiki/Askot_Musk_Deer_Sanctuary",
        "eszStatus": "final",
        "notificationCount": 2,
        "notificationStatus": "Final",
        "notificationDate": "2021-12-02",
        "orderNumber": "S.O.4929(E)",
        "notificationPdfLink": "https://moef.gov.in/uploads/2021/12/askot-1.pdf"
      }
    },
    {
      "type": "Feature",
      "geometry": {
        "type": "Point",
        "coordinates": [
          84.75,
          20.45
        ]
      },
      "properties": {
        "wikidataId": "Q4848700",
        "wikidataUrl": "https://www.wikidata.org/wiki/Q4848700",
        "name": "Baisipali Wildlife Sanctuary",
        "protectedAreaType": "Wildlife Sanctuary",
        "state": "Odisha",
        "iucnCategory": "IUCN category IV: Habitat/Species Management Area",
        "area": null,
        "osmRelationIds": [],
        "enwikiUrl": "https://en.wikipedia.org/wiki/Baisipalli_Wildlife_Sanctuary",
        "eszStatus": "none",
        "notificationCount": 0,
        "notificationStatus": null,
        "notificationDate": null,
        "orderNumber": null,
        "notificationPdfLink": null,
        "notificationArchiveLink": null
      }
    },
    {
      "type": "Feature",
      "geometry": {
        "type": "Point",
        "coordinates": [
          88.3920227,
          23.5975516
        ]
      },
      "properties": {
        "wikidataId": "Q4898107",
        "wikidataUrl": "https://www.wikidata.org/wiki/Q4898107",
        "name": "Bethuadahari Wildlife Sanctuary",
        "protectedAreaType": "Wildlife Sanctuary",
        "state": "West Bengal",
        "iucnCategory": "IUCN category IV: Habitat/Species Management Area",
        "area": null,
        "osmRelationIds": [],
        "enwikiUrl": "https://en.wikipedia.org/wiki/Bethuadahari_Wildlife_Sanctuary",
        "eszStatus": "none",
        "notificationCount": 0,
        "notificationStatus": null,
        "notificationDate": null,
        "orderNumber": null,
        "notificationPdfLink": null,
        "notificationArchiveLink": null
      }
    },
    {
      "type": "Feature",
      "geometry": {
        "type": "Point",
        "coordinates": [
          88.762087,
          23.186178
        ]
      },
      "properties": {
        "wikidataId": "Q4903011",
        "wikidataUrl": "https://www.wikidata.org/wiki/Q4903011",
        "name": "Bibhutibhushan Wildlife Sanctuary",
        "protectedAreaType": "Wildlife Sanctuary",
        "state": "West Bengal",
        "iucnCategory": "IUCN category IV: Habitat/Species Management Area",
        "area": null,
        "osmRelationIds": [],
        "enwikiUrl": "https://en.wikipedia.org/wiki/Bibhutibhushan_Wildlife_Sanctuary",
        "eszStatus": "final",
        "notificationCount": 2,
        "notificationStatus": "Final",
        "notificationDate": "2019-10-10",
        "orderNumber": "S.O. 3652(E)",
        "notificationPdfLink": "https://moef.gov.in/uploads/2018/12/bibhutibhushan.pdf"
      }
    },
    {
      "type": "Feature",
      "geometry": {
        "type": "Point",
        "coordinates": [
          77.1978,
          30.9599
        ]
      },
      "properties": {
        "wikidataId": "Q5067785",
        "wikidataUrl": "https://www.wikidata.org/wiki/Q5067785",
        "name": "Chail Sanctuary",
        "protectedAreaType": "Wildlife Sanctuary",
        "state": "Himachal Pradesh",
        "iucnCategory": "IUCN category IV: Habitat/Species Management Area",
        "area": 110,
        "osmRelationIds": [],
        "enwikiUrl": "https://en.wikipedia.org/wiki/Chail_Sanctuary",
        "eszStatus": "final",
        "notificationCount": 3,
        "notificationStatus": "Final",
        "notificationDate": "2022-01-05",
        "orderNumber": "S.O.39(E)",
        "notificationPdfLink": "https://moef.gov.in/uploads/2022/01/Chail.pdf"
      }
    },
    {
      "type": "Feature",
      "geometry": {
        "type": "Point",
        "coordinates": [
          88.8551019,
          26.8746424
        ]
      },
      "properties": {
        "wikidataId": "Q5073423",
        "wikidataUrl": "https://www.wikidata.org/wiki/Q5073423",
        "name": "Chapramari Wildlife Sanctuary",
        "protectedAreaType": "Wildlife Sanctuary",
        "state": "West Bengal",
        "iucnCategory": "IUCN category IV: Habitat/Species Management Area",
        "area": null,
        "osmRelationIds": [],
        "enwikiUrl": "https://en.wikipedia.org/wiki/Chapramari_Wildlife_Sanctuary",
        "eszStatus": "final",
        "notificationCount": 2,
        "notificationStatus": "Final",
        "notificationDate": "2019-06-07",
        "orderNumber": "S.O. 1931(E)",
        "notificationPdfLink": "https://moef.gov.in/uploads/2019/06/chapramari.pdf"
      }
    },
    {
      "type": "Feature",
      "geometry": {
        "type": "Point",
        "coordinates": [
          85.580555555,
          25.766111111
        ]
      },
      "properties": {
        "wikidataId": "Q130974238",
        "wikidataUrl": "https://www.wikidata.org/wiki/Q130974238",
        "name": "Barela Bird Sanctuary",
        "protectedAreaType": "Bird Sanctuary",
        "state": "Bihar",
        "iucnCategory": "IUCN category IV: Habitat/Species Management Area",
        "area": null,
        "osmRelationIds": [],
        "enwikiUrl": "https://en.wikipedia.org/wiki/Barela_Bird_Sanctuary",
        "eszStatus": "final",
        "notificationCount": 3,
        "notificationStatus": "Final",
        "notificationDate": "2024-10-04",
        "orderNumber": "S .O. No. 4337(E)",
        "notificationPdfLink": "https://moef.gov.in/uploads/pdf/baraila_lake_amendment.pdf"
      }
    },
    {
      "type": "Feature",
      "geometry": {
        "type": "Point",
        "coordinates": [
          74.058055555,
          34.203611111
        ]
      },
      "properties": {
        "wikidataId": "Q134457402",
        "wikidataUrl": "https://www.wikidata.org/wiki/Q134457402",
        "name": "Lachipora Wildlife Sanctuary",
        "protectedAreaType": "Wildlife Sanctuary",
        "state": "Jammu and Kashmir",
        "iucnCategory": null,
        "area": null,
        "osmRelationIds": [],
        "enwikiUrl": "https://en.wikipedia.org/wiki/Lachipora_Wildlife_Sanctuary?action=edit&redlink=1",
        "eszStatus": "draft",
        "notificationCount": 1,
        "notificationStatus": "Draft",
        "notificationDate": "2021-06-07",
        "orderNumber": "S.O. 2180(E)",
        "notificationPdfLink": "https://moef.gov.in/uploads/2021/06/kazinag.pdf"
      }
    },
    {
      "type": "Feature",
      "geometry": {
        "type": "Point",
        "coordinates": [
          93.03,
          13.41
        ]
      },
      "properties": {
        "wikidataId": "Q135012839",
        "wikidataUrl": "https://www.wikidata.org/wiki/Q135012839",
        "name": "Kwangtung Island Wildlife Sanctuary",
        "protectedAreaType": "Wildlife Sanctuary",
        "state": "Andaman and Nicobar Islands",
        "iucnCategory": "IUCN category IV: Habitat/Species Management Area",
        "area": null,
        "osmRelationIds": [],
        "enwikiUrl": "https://en.wikipedia.org/wiki/Kwangtung_Island_Wildlife_Sanctuary",
        "eszStatus": "final",
        "notificationCount": 2,
        "notificationStatus": "Final",
        "notificationDate": "2016-09-30",
        "orderNumber": "S.O. 3099(E)",
        "notificationPdfLink": "https://moef.gov.in/uploads/2019/08/Andaman-and-Nicobar-Islands-Final-notification.pdf"
      }
    },
    {
      "type": "Feature",
      "geometry": {
        "type": "Point",
        "coordinates": [
          92.933055555,
          13.051111111
        ]
      },
      "properties": {
        "wikidataId": "Q135350428",
        "wikidataUrl": "https://www.wikidata.org/wiki/Q135350428",
        "name": "Bamboo Island Wildlife Sanctuary",
        "protectedAreaType": "Wildlife Sanctuary",
        "state": "Andaman and Nicobar Islands",
        "iucnCategory": "IUCN category IV: Habitat/Species Management Area",
        "area": null,
        "osmRelationIds": [],
        "enwikiUrl": "https://en.wikipedia.org/wiki/Bamboo_Island_Wildlife_Sanctuary",
        "eszStatus": "final",
        "notificationCount": 2,
        "notificationStatus": "Final",
        "notificationDate": "2016-09-30",
        "orderNumber": "S.O. 3099(E)",
        "notificationPdfLink": "https://moef.gov.in/uploads/2019/08/Andaman-and-Nicobar-Islands-Final-notification.pdf"
      }
    },
    {
      "type": "Feature",
      "geometry": {
        "type": "Point",
        "coordinates": [
          76.66135,
          12.69964
        ]
      },
      "properties": {
        "wikidataId": "Q137699195",
        "wikidataUrl": "https://www.wikidata.org/wiki/Q137699195",
        "name": "Melkote Temple Wildlife Sanctuary",
        "protectedAreaType": "Wildlife Sanctuary",
        "state": "Karnataka",
        "iucnCategory": "IUCN category IV: Habitat/Species Management Area",
        "area": null,
        "osmRelationIds": [],
        "enwikiUrl": "https://en.wikipedia.org/wiki/Melkote_Temple_Wildlife_Sanctuary",
        "eszStatus": "final",
        "notificationCount": 3,
        "notificationStatus": "Final",
        "notificationDate": "2017-09-21",
        "orderNumber": "S.O. 3084 (E)",
        "notificationPdfLink": "https://moef.gov.in/uploads/2017/06/Melukote%20Wildlife%20Sanctuary%2C%20Karnataka%20Final.pdf"
      }
    },
    {
      "type": "Feature",
      "geometry": {
        "type": "Point",
        "coordinates": [
          92.8453056,
          12.1493889
        ]
      },
      "properties": {
        "wikidataId": "Q140306443",
        "wikidataUrl": "https://www.wikidata.org/wiki/Q140306443",
        "name": "Arial Island Wildlife Sanctuary",
        "protectedAreaType": "Wildlife Sanctuary",
        "state": "Andaman and Nicobar Islands",
        "iucnCategory": null,
        "area": null,
        "osmRelationIds": [],
        "enwikiUrl": "https://en.wikipedia.org/wiki/Arial_Island_Wildlife_Sanctuary?action=edit&redlink=1",
        "eszStatus": "final",
        "notificationCount": 2,
        "notificationStatus": "Final",
        "notificationDate": "2016-09-30",
        "orderNumber": "S.O. 3099(E)",
        "notificationPdfLink": "https://moef.gov.in/uploads/2019/08/Andaman-and-Nicobar-Islands-Final-notification.pdf"
      }
    },
    {
      "type": "Feature",
      "geometry": {
        "type": "Point",
        "coordinates": [
          86.33,
          21.75
        ]
      },
      "properties": {
        "wikidataId": "Q61529",
        "wikidataUrl": "https://www.wikidata.org/wiki/Q61529",
        "name": "Simlipal National Park",
        "protectedAreaType": "Tiger Reserve",
        "state": "Odisha",
        "iucnCategory": "IUCN category II: National Park",
        "area": 2750,
        "osmRelationIds": [
          "19289292"
        ],
        "enwikiUrl": "https://en.wikipedia.org/wiki/Simlipal_National_Park",
        "eszStatus": "draft",
        "notificationCount": 1,
        "notificationStatus": "Draft",
        "notificationDate": "2019-01-29",
        "orderNumber": "S.O. 505(E)",
        "notificationPdfLink": "https://moef.gov.in/uploads/2019/01/simlipal.pdf"
      }
    },
    {
      "type": "Feature",
      "geometry": {
        "type": "Point",
        "coordinates": [
          77.516667,
          27.166667
        ]
      },
      "properties": {
        "wikidataId": "Q235878",
        "wikidataUrl": "https://www.wikidata.org/wiki/Q235878",
        "name": "Kevladev National Park",
        "protectedAreaType": "National Park",
        "state": "Rajasthan",
        "iucnCategory": "IUCN category II: National Park",
        "area": 2873,
        "osmRelationIds": [
          "15743640"
        ],
        "enwikiUrl": "https://en.wikipedia.org/wiki/Keoladeo_National_Park",
        "eszStatus": "final",
        "notificationCount": 4,
        "notificationStatus": "Final",
        "notificationDate": "2020-02-21",
        "orderNumber": "S.O. 814(E)",
        "notificationPdfLink": "https://moef.gov.in/uploads/2020/02/keoladeo-amendment-1.pdf"
      }
    },
    {
      "type": "Feature",
      "geometry": {
        "type": "Point",
        "coordinates": [
          70.79667,
          21.13556
        ]
      },
      "properties": {
        "wikidataId": "Q337028",
        "wikidataUrl": "https://www.wikidata.org/wiki/Q337028",
        "name": "Gir National Park",
        "protectedAreaType": "National Park",
        "state": "Gujarat",
        "iucnCategory": "IUCN category II: National Park",
        "area": 259,
        "osmRelationIds": [],
        "enwikiUrl": "https://en.wikipedia.org/wiki/Gir_National_Park",
        "eszStatus": "draft",
        "notificationCount": 2,
        "notificationStatus": "Draft",
        "notificationDate": "2024-09-18",
        "orderNumber": "S.O. No. 3997(E)",
        "notificationPdfLink": "https://moef.gov.in/uploads/pdf/gir_draft_notification.pdf"
      }
    },
    {
      "type": "Feature",
      "geometry": {
        "type": "Point",
        "coordinates": [
          77.175,
          10.3
        ]
      },
      "properties": {
        "wikidataId": "Q3522009",
        "wikidataUrl": "https://www.wikidata.org/wiki/Q3522009",
        "name": "Chinnar Wildlife Sanctuary",
        "protectedAreaType": "Wildlife Sanctuary",
        "state": "Kerala",
        "iucnCategory": "IUCN category IV: Habitat/Species Management Area",
        "area": 90.44,
        "osmRelationIds": [],
        "enwikiUrl": "https://en.wikipedia.org/wiki/Chinnar_Wildlife_Sanctuary",
        "eszStatus": "draft",
        "notificationCount": 2,
        "notificationStatus": "Draft",
        "notificationDate": "2021-01-12",
        "orderNumber": "S.O. 124(E)",
        "notificationPdfLink": "https://moef.gov.in/uploads/2021/01/eravikulam.pdf"
      }
    },
    {
      "type": "Feature",
      "geometry": {
        "type": "Point",
        "coordinates": [
          80.2,
          13.56666667
        ]
      },
      "properties": {
        "wikidataId": "Q3532790",
        "wikidataUrl": "https://www.wikidata.org/wiki/Q3532790",
        "name": "Pulicat Lake Bird Sanctuary",
        "protectedAreaType": "Bird Sanctuary",
        "state": "Andhra Pradesh",
        "iucnCategory": "IUCN category IV: Habitat/Species Management Area",
        "area": null,
        "osmRelationIds": [],
        "enwikiUrl": "https://en.wikipedia.org/wiki/Pulicat_Lake_Bird_Sanctuary",
        "eszStatus": "final",
        "notificationCount": 2,
        "notificationStatus": "Final",
        "notificationDate": "2015-06-26",
        "orderNumber": "S.O. 1736",
        "notificationPdfLink": "https://moef.gov.in/uploads/2017/06/S.O.%201736%20%5B26.06.2015%5D%20Final%20ESZ%20Notification%20on%20Pulicat%20Wildlife%20Sanctuary%2C%20Andhra%20Pradesh.pdf"
      }
    },
    {
      "type": "Feature",
      "geometry": {
        "type": "Point",
        "coordinates": [
          88.75,
          21.75
        ]
      },
      "properties": {
        "wikidataId": "Q532440",
        "wikidataUrl": "https://www.wikidata.org/wiki/Q532440",
        "name": "Sundarbans National Park",
        "protectedAreaType": "Tiger Reserve",
        "state": "West Bengal",
        "iucnCategory": "IUCN category II: National Park",
        "area": 133010,
        "osmRelationIds": [
          "13617703"
        ],
        "enwikiUrl": "https://en.wikipedia.org/wiki/Sundarbans_National_Park",
        "eszStatus": "none",
        "notificationCount": 0,
        "notificationStatus": null,
        "notificationDate": null,
        "orderNumber": null,
        "notificationPdfLink": null,
        "notificationArchiveLink": null
      }
    },
    {
      "type": "Feature",
      "geometry": {
        "type": "Point",
        "coordinates": [
          80.23079,
          13.00259
        ]
      },
      "properties": {
        "wikidataId": "Q648548",
        "wikidataUrl": "https://www.wikidata.org/wiki/Q648548",
        "name": "Guindy National Park",
        "protectedAreaType": "National Park",
        "state": "Tamil Nadu",
        "iucnCategory": "IUCN category II: National Park",
        "area": 2.8,
        "osmRelationIds": [],
        "enwikiUrl": "https://en.wikipedia.org/wiki/Guindy_National_Park",
        "eszStatus": "none",
        "notificationCount": 0,
        "notificationStatus": null,
        "notificationDate": null,
        "orderNumber": null,
        "notificationPdfLink": null,
        "notificationArchiveLink": null
      }
    },
    {
      "type": "Feature",
      "geometry": {
        "type": "Point",
        "coordinates": [
          72.9167,
          19.25
        ]
      },
      "properties": {
        "wikidataId": "Q648907",
        "wikidataUrl": "https://www.wikidata.org/wiki/Q648907",
        "name": "Sanjay Gandhi National Park",
        "protectedAreaType": "National Park",
        "state": "Maharashtra",
        "iucnCategory": "IUCN category II: National Park",
        "area": 104,
        "osmRelationIds": [],
        "enwikiUrl": "https://en.wikipedia.org/wiki/Sanjay_Gandhi_National_Park",
        "eszStatus": "final",
        "notificationCount": 3,
        "notificationStatus": "Final",
        "notificationDate": "2016-12-05",
        "orderNumber": "S.O. 3645 (E)",
        "notificationPdfLink": "https://moef.gov.in/uploads/2017/06/Sanjay%20Gandhi%20NP%2C%20Maharashtra%20FINAL%20(1).pdf06-12-2016a.pdf"
      }
    },
    {
      "type": "Feature",
      "geometry": {
        "type": "Point",
        "coordinates": [
          76.627222,
          11.664444
        ]
      },
      "properties": {
        "wikidataId": "Q665110",
        "wikidataUrl": "https://www.wikidata.org/wiki/Q665110",
        "name": "Bandipur National Park",
        "protectedAreaType": "Tiger Reserve",
        "state": "Karnataka",
        "iucnCategory": "IUCN category II: National Park",
        "area": 872.24,
        "osmRelationIds": [],
        "enwikiUrl": "https://en.wikipedia.org/wiki/Bandipur_National_Park",
        "eszStatus": "final",
        "notificationCount": 4,
        "notificationStatus": "Final",
        "notificationDate": "2012-10-04",
        "orderNumber": "S.O. No. 2364",
        "notificationPdfLink": "https://moef.gov.in/uploads/2017/06/S.O.%20No.%202364%20%5B04.10.2012%5D%20Final%20ESZ%20Notification%20on%20Bandipur%20NP%2C%20Karnataka.pdf"
      }
    },
    {
      "type": "Feature",
      "geometry": {
        "type": "Point",
        "coordinates": [
          80.16666667,
          20.93333333
        ]
      },
      "properties": {
        "wikidataId": "Q763034",
        "wikidataUrl": "https://www.wikidata.org/wiki/Q763034",
        "name": "Nawegaon National Park",
        "protectedAreaType": "Tiger Reserve",
        "state": "Maharashtra",
        "iucnCategory": "IUCN category II: National Park",
        "area": 133.88,
        "osmRelationIds": [],
        "enwikiUrl": "https://en.wikipedia.org/wiki/Navegaon_National_Park",
        "eszStatus": "final",
        "notificationCount": 2,
        "notificationStatus": "Final",
        "notificationDate": "2023-09-20",
        "orderNumber": "S.O. 4132(E)",
        "notificationPdfLink": "https://moef.gov.in/uploads/2023/11/SO4132(E)-Final-notification-nagzira.pdf"
      }
    },
    {
      "type": "Feature",
      "geometry": {
        "type": "Point",
        "coordinates": [
          80.96194444,
          23.69944444
        ]
      },
      "properties": {
        "wikidataId": "Q806310",
        "wikidataUrl": "https://www.wikidata.org/wiki/Q806310",
        "name": "Bandhavgarh National Park",
        "protectedAreaType": "Tiger Reserve",
        "state": "Madhya Pradesh",
        "iucnCategory": "IUCN category II: National Park",
        "area": 448,
        "osmRelationIds": [
          "15694340"
        ],
        "enwikiUrl": "https://en.wikipedia.org/wiki/Bandhavgarh_National_Park",
        "eszStatus": "final",
        "notificationCount": 2,
        "notificationStatus": "Final",
        "notificationDate": "2016-12-14",
        "orderNumber": "S.O. 4027 (E)",
        "notificationPdfLink": "https://moef.gov.in/uploads/2017/06/Bandhavgarh%20National%20Park%2C%20Madhya%20Pradesh_0.pdf"
      }
    },
    {
      "type": "Feature",
      "geometry": {
        "type": "Point",
        "coordinates": [
          72,
          22.03333333
        ]
      },
      "properties": {
        "wikidataId": "Q880724",
        "wikidataUrl": "https://www.wikidata.org/wiki/Q880724",
        "name": "Blackbuck National Park",
        "protectedAreaType": "National Park",
        "state": "Gujarat",
        "iucnCategory": "IUCN category II: National Park",
        "area": 34,
        "osmRelationIds": [],
        "enwikiUrl": "https://en.wikipedia.org/wiki/Blackbuck_National_Park,_Velavadar",
        "eszStatus": "final",
        "notificationCount": 2,
        "notificationStatus": "Final",
        "notificationDate": "2017-07-06",
        "orderNumber": "S.O. 2149 (E)",
        "notificationPdfLink": "https://moef.gov.in/uploads/2017/06/Velavedar%20Black%20Buck%20National%20Park%2C%20Gujarat.pdf"
      }
    },
    {
      "type": "Feature",
      "geometry": {
        "type": "Point",
        "coordinates": [
          78.93333333,
          29.53333333
        ]
      },
      "properties": {
        "wikidataId": "Q949297",
        "wikidataUrl": "https://www.wikidata.org/wiki/Q949297",
        "name": "Jim Corbett National Park",
        "protectedAreaType": "Tiger Reserve",
        "state": "Uttarakhand",
        "iucnCategory": "IUCN category II: National Park",
        "area": 1288,
        "osmRelationIds": [
          "16831555"
        ],
        "enwikiUrl": "https://en.wikipedia.org/wiki/Jim_Corbett_National_Park",
        "eszStatus": "none",
        "notificationCount": 0,
        "notificationStatus": null,
        "notificationDate": null,
        "orderNumber": null,
        "notificationPdfLink": null,
        "notificationArchiveLink": null
      }
    },
    {
      "type": "Feature",
      "geometry": {
        "type": "Point",
        "coordinates": [
          78.41,
          17.42
        ]
      },
      "properties": {
        "wikidataId": "Q969593",
        "wikidataUrl": "https://www.wikidata.org/wiki/Q969593",
        "name": "Kasu Brahmananda Reddy National Park",
        "protectedAreaType": "National Park",
        "state": "Telangana",
        "iucnCategory": "IUCN category II: National Park",
        "area": null,
        "osmRelationIds": [],
        "enwikiUrl": "https://en.wikipedia.org/wiki/Kasu_Brahmananda_Reddy_National_Park",
        "eszStatus": "final",
        "notificationCount": 3,
        "notificationStatus": "Final",
        "notificationDate": "2020-10-27",
        "orderNumber": "S.O. 3879(E)",
        "notificationPdfLink": "https://moef.gov.in/uploads/2019/02/kesu-bramahanand.pdf"
      }
    },
    {
      "type": "Feature",
      "geometry": {
        "type": "Point",
        "coordinates": [
          82.011,
          18.832
        ]
      },
      "properties": {
        "wikidataId": "Q1723746",
        "wikidataUrl": "https://www.wikidata.org/wiki/Q1723746",
        "name": "Kanger Ghati National Park",
        "protectedAreaType": "National Park",
        "state": "Chhattisgarh",
        "iucnCategory": "IUCN category II: National Park",
        "area": 200,
        "osmRelationIds": [],
        "enwikiUrl": "https://en.wikipedia.org/wiki/Kanger_Valley_National_Park",
        "eszStatus": "final",
        "notificationCount": 2,
        "notificationStatus": "Final",
        "notificationDate": "2019-10-10",
        "orderNumber": "S.O. 3653(E)",
        "notificationPdfLink": "https://moef.gov.in/uploads/2018/12/kanger.pdf"
      }
    },
    {
      "type": "Feature",
      "geometry": {
        "type": "Point",
        "coordinates": [
          80.01022222,
          24.73044444
        ]
      },
      "properties": {
        "wikidataId": "Q1858071",
        "wikidataUrl": "https://www.wikidata.org/wiki/Q1858071",
        "name": "Panna National Park",
        "protectedAreaType": "Tiger Reserve",
        "state": "Madhya Pradesh",
        "iucnCategory": "IUCN category II: National Park",
        "area": null,
        "osmRelationIds": [],
        "enwikiUrl": "https://en.wikipedia.org/wiki/Panna_National_Park",
        "eszStatus": "none",
        "notificationCount": 0,
        "notificationStatus": null,
        "notificationDate": null,
        "orderNumber": null,
        "notificationPdfLink": null,
        "notificationArchiveLink": null
      }
    },
    {
      "type": "Feature",
      "geometry": {
        "type": "Point",
        "coordinates": [
          77,
          11
        ]
      },
      "properties": {
        "wikidataId": "Q2226064",
        "wikidataUrl": "https://www.wikidata.org/wiki/Q2226064",
        "name": "Sathyamangalam Tiger Reserve",
        "protectedAreaType": "Tiger Reserve",
        "state": "Tamil Nadu",
        "iucnCategory": "IUCN category IV: Habitat/Species Management Area",
        "area": 1412,
        "osmRelationIds": [],
        "enwikiUrl": "https://en.wikipedia.org/wiki/Sathyamangalam_Tiger_Reserve",
        "eszStatus": "final",
        "notificationCount": 2,
        "notificationStatus": "Final",
        "notificationDate": "2021-02-19",
        "orderNumber": "S.O.788(E)",
        "notificationPdfLink": "https://moef.gov.in/uploads/2021/02/satyamangalam.pdf"
      }
    },
    {
      "type": "Feature",
      "geometry": {
        "type": "Point",
        "coordinates": [
          76.5,
          11.6
        ]
      },
      "properties": {
        "wikidataId": "Q2372700",
        "wikidataUrl": "https://www.wikidata.org/wiki/Q2372700",
        "name": "Mudumalai National Park",
        "protectedAreaType": "Tiger Reserve",
        "state": "Tamil Nadu",
        "iucnCategory": "IUCN category II: National Park",
        "area": 321,
        "osmRelationIds": [],
        "enwikiUrl": "https://en.wikipedia.org/wiki/Mudumalai_National_Park",
        "eszStatus": "final",
        "notificationCount": 2,
        "notificationStatus": "Final",
        "notificationDate": "2019-12-17",
        "orderNumber": "S.O. 4498(E)",
        "notificationPdfLink": "https://moef.gov.in/uploads/2019/10/mudumalai.pdf"
      }
    },
    {
      "type": "Feature",
      "geometry": {
        "type": "Point",
        "coordinates": [
          74.38333333,
          15.01666667
        ]
      },
      "properties": {
        "wikidataId": "Q2373398",
        "wikidataUrl": "https://www.wikidata.org/wiki/Q2373398",
        "name": "Kali Tiger Reserve",
        "protectedAreaType": "Tiger Reserve",
        "state": "Karnataka",
        "iucnCategory": "IUCN category II: National Park",
        "area": null,
        "osmRelationIds": [],
        "enwikiUrl": "https://en.wikipedia.org/wiki/Kali_Tiger_Reserve",
        "eszStatus": "none",
        "notificationCount": 0,
        "notificationStatus": null,
        "notificationDate": null,
        "orderNumber": null,
        "notificationPdfLink": null,
        "notificationArchiveLink": null
      }
    },
    {
      "type": "Feature",
      "geometry": {
        "type": "Point",
        "coordinates": [
          74.25861111,
          15.37361111
        ]
      },
      "properties": {
        "wikidataId": "Q2397554",
        "wikidataUrl": "https://www.wikidata.org/wiki/Q2397554",
        "name": "Bhagwan Mahaveer Sanctuary and Mollem National Park",
        "protectedAreaType": "National Park",
        "state": "Goa",
        "iucnCategory": "IUCN category II: National Park",
        "area": 107,
        "osmRelationIds": [],
        "enwikiUrl": "https://en.wikipedia.org/wiki/Bhagwan_Mahaveer_Sanctuary_and_Mollem_National_Park",
        "eszStatus": "final",
        "notificationCount": 5,
        "notificationStatus": "Final",
        "notificationDate": "2015-01-23",
        "orderNumber": "S.O. No. 221",
        "notificationPdfLink": "https://moef.gov.in/uploads/2017/06/S.O.%20No.%20221%20%5B23.01.2015%5D%20Final%20ESZ%20Notification%20on%20Bhagwan%20Mahaveer%20WLS%20Goa.pdf"
      }
    },
    {
      "type": "Feature",
      "geometry": {
        "type": "Point",
        "coordinates": [
          77.19722222,
          21.44583333
        ]
      },
      "properties": {
        "wikidataId": "Q2429161",
        "wikidataUrl": "https://www.wikidata.org/wiki/Q2429161",
        "name": "Melghat Tiger Reserve",
        "protectedAreaType": "Tiger Reserve",
        "state": "Maharashtra",
        "iucnCategory": null,
        "area": null,
        "osmRelationIds": [],
        "enwikiUrl": "https://en.wikipedia.org/wiki/Melghat",
        "eszStatus": "final",
        "notificationCount": 3,
        "notificationStatus": "Final",
        "notificationDate": "2016-12-28",
        "orderNumber": "S.O. 4205(E)",
        "notificationPdfLink": "https://moef.gov.in/uploads/2017/06/Melghat%20Wildlife%20Sanctuary%2C%20Maharashtra.pdf"
      }
    },
    {
      "type": "Feature",
      "geometry": {
        "type": "Point",
        "coordinates": [
          76.43319,
          27.32856
        ]
      },
      "properties": {
        "wikidataId": "Q2572177",
        "wikidataUrl": "https://www.wikidata.org/wiki/Q2572177",
        "name": "Sariska Tiger Reserve",
        "protectedAreaType": "Tiger Reserve",
        "state": "Rajasthan",
        "iucnCategory": "IUCN category IV: Habitat/Species Management Area",
        "area": 219,
        "osmRelationIds": [
          "9466769"
        ],
        "enwikiUrl": "https://en.wikipedia.org/wiki/Sariska_Tiger_Reserve",
        "eszStatus": "draft",
        "notificationCount": 1,
        "notificationStatus": "Draft",
        "notificationDate": "2023-11-02",
        "orderNumber": "S.O. 4766(E)",
        "notificationPdfLink": "https://moef.gov.in/uploads/2023/11/SO4766(E)sariska-draft.pdf"
      }
    },
    {
      "type": "Feature",
      "geometry": {
        "type": "Point",
        "coordinates": [
          86.9341,
          20.6625
        ]
      },
      "properties": {
        "wikidataId": "Q2580141",
        "wikidataUrl": "https://www.wikidata.org/wiki/Q2580141",
        "name": "Bhitarkanika National Park",
        "protectedAreaType": "National Park",
        "state": "Odisha",
        "iucnCategory": "IUCN category II: National Park",
        "area": 145,
        "osmRelationIds": [],
        "enwikiUrl": "https://en.wikipedia.org/wiki/Bhitarkanika_National_Park",
        "eszStatus": "final",
        "notificationCount": 4,
        "notificationStatus": "Final",
        "notificationDate": "2015-06-16",
        "orderNumber": "S.O. 1601",
        "notificationPdfLink": "https://moef.gov.in/uploads/2017/06/S.O.%201601%5B16.06.2015%5D%20(E)%20Final%20ESZ%20Notification%20on%20Bhitarkanika%20Wildlife%20Sanctuary%20and%20Gahirmatha%20(Marine)%20Wildlife%20Sanctuary%2C%20Odisha.pdf"
      }
    },
    {
      "type": "Feature",
      "geometry": {
        "type": "Point",
        "coordinates": [
          94.383333,
          26.716667
        ]
      },
      "properties": {
        "wikidataId": "Q3471776",
        "wikidataUrl": "https://www.wikidata.org/wiki/Q3471776",
        "name": "Hoollongapar Gibbon Sanctuary",
        "protectedAreaType": "Wildlife Sanctuary",
        "state": "Assam",
        "iucnCategory": "IUCN category IV: Habitat/Species Management Area",
        "area": 20.98,
        "osmRelationIds": [],
        "enwikiUrl": "https://en.wikipedia.org/wiki/Hoollongapar_Gibbon_Sanctuary",
        "eszStatus": "final",
        "notificationCount": 2,
        "notificationStatus": "Final",
        "notificationDate": "2019-09-25",
        "orderNumber": "S.O. 3462(E)",
        "notificationPdfLink": "https://moef.gov.in/uploads/2018/12/hollongapar.pdf"
      }
    },
    {
      "type": "Feature",
      "geometry": {
        "type": "Point",
        "coordinates": [
          76.71,
          10.57
        ]
      },
      "properties": {
        "wikidataId": "Q6772512",
        "wikidataUrl": "https://www.wikidata.org/wiki/Q6772512",
        "name": "Thattekad Bird Sanctuary",
        "protectedAreaType": "Bird Sanctuary",
        "state": "Kerala",
        "iucnCategory": "IUCN category IV: Habitat/Species Management Area",
        "area": null,
        "osmRelationIds": [],
        "enwikiUrl": "https://en.wikipedia.org/wiki/Thattekad_Bird_Sanctuary",
        "eszStatus": "draft",
        "notificationCount": 2,
        "notificationStatus": "Draft",
        "notificationDate": "2020-09-25",
        "orderNumber": "S.O.3454(E)",
        "notificationPdfLink": "https://moef.gov.in/uploads/2020/10/thattekad.pdf"
      }
    },
    {
      "type": "Feature",
      "geometry": {
        "type": "Point",
        "coordinates": [
          74.1708,
          15.5717
        ]
      },
      "properties": {
        "wikidataId": "Q6826847",
        "wikidataUrl": "https://www.wikidata.org/wiki/Q6826847",
        "name": "Mhadei Wildlife Sanctuary",
        "protectedAreaType": "Wildlife Sanctuary",
        "state": "Goa",
        "iucnCategory": "IUCN category IV: Habitat/Species Management Area",
        "area": 208.48,
        "osmRelationIds": [],
        "enwikiUrl": "https://en.wikipedia.org/wiki/Mhadei_Wildlife_Sanctuary",
        "eszStatus": "final",
        "notificationCount": 3,
        "notificationStatus": "Final",
        "notificationDate": "2015-02-25",
        "orderNumber": "S.O. 616",
        "notificationPdfLink": "https://moef.gov.in/uploads/2017/06/S.O.%20616%20%5B25.02.2015%5D%20Final%20ESZ%20Notification%20on%20Madei%20WLS%2C%20Goa.pdf"
      }
    },
    {
      "type": "Feature",
      "geometry": {
        "type": "Point",
        "coordinates": [
          76.8572,
          32.0139
        ]
      },
      "properties": {
        "wikidataId": "Q6965894",
        "wikidataUrl": "https://www.wikidata.org/wiki/Q6965894",
        "name": "Nargu Wildlife Sanctuary",
        "protectedAreaType": "Wildlife Sanctuary",
        "state": "Himachal Pradesh",
        "iucnCategory": "IUCN category IV: Habitat/Species Management Area",
        "area": null,
        "osmRelationIds": [],
        "enwikiUrl": "https://en.wikipedia.org/wiki/Nargu_Wildlife_Sanctuary",
        "eszStatus": "final",
        "notificationCount": 3,
        "notificationStatus": "Final",
        "notificationDate": "2022-03-25",
        "orderNumber": "S.O. 1331(E)",
        "notificationPdfLink": "https://moef.gov.in/uploads/2022/03/Final-Notification-Nargu.pdf"
      }
    },
    {
      "type": "Feature",
      "geometry": {
        "type": "Point",
        "coordinates": [
          79.20188611,
          23.17814167
        ]
      },
      "properties": {
        "wikidataId": "Q7050184",
        "wikidataUrl": "https://www.wikidata.org/wiki/Q7050184",
        "name": "Noradehi Wildlife Sanctuary",
        "protectedAreaType": "Wildlife Sanctuary",
        "state": "Madhya Pradesh",
        "iucnCategory": "IUCN category IV: Habitat/Species Management Area",
        "area": 1197,
        "osmRelationIds": [],
        "enwikiUrl": "https://en.wikipedia.org/wiki/Nauradehi_Wildlife_Sanctuary",
        "eszStatus": "final",
        "notificationCount": 2,
        "notificationStatus": "Final",
        "notificationDate": "2017-09-27",
        "orderNumber": "S.O. 3133 (E)",
        "notificationPdfLink": "https://moef.gov.in/uploads/2017/06/Nauradehi%20Wildlife%20Sanctuary%2C%20Madhya%20Pradesh_0.pdf"
      }
    },
    {
      "type": "Feature",
      "geometry": {
        "type": "Point",
        "coordinates": [
          92.85833333,
          27.08333333
        ]
      },
      "properties": {
        "wikidataId": "Q7125480",
        "wikidataUrl": "https://www.wikidata.org/wiki/Q7125480",
        "name": "Pakhui Tiger Reserve",
        "protectedAreaType": "Tiger Reserve",
        "state": "Arunachal Pradesh",
        "iucnCategory": "IUCN category IV: Habitat/Species Management Area",
        "area": 861.95,
        "osmRelationIds": [],
        "enwikiUrl": "https://en.wikipedia.org/wiki/Pakke_Tiger_Reserve",
        "eszStatus": "none",
        "notificationCount": 0,
        "notificationStatus": null,
        "notificationDate": null,
        "orderNumber": null,
        "notificationPdfLink": null,
        "notificationArchiveLink": null
      }
    },
    {
      "type": "Feature",
      "geometry": {
        "type": "Point",
        "coordinates": [
          80.071968,
          28.718811
        ]
      },
      "properties": {
        "wikidataId": "Q7193996",
        "wikidataUrl": "https://www.wikidata.org/wiki/Q7193996",
        "name": "Pilibhit Tiger Reserve",
        "protectedAreaType": "Tiger Reserve",
        "state": "Uttar Pradesh",
        "iucnCategory": "IUCN category IV: Habitat/Species Management Area",
        "area": 730.24,
        "osmRelationIds": [
          "9474608"
        ],
        "enwikiUrl": "https://en.wikipedia.org/wiki/Pilibhit_Tiger_Reserve",
        "eszStatus": "none",
        "notificationCount": 0,
        "notificationStatus": null,
        "notificationDate": null,
        "orderNumber": null,
        "notificationPdfLink": null,
        "notificationArchiveLink": null
      }
    },
    {
      "type": "Feature",
      "geometry": {
        "type": "Point",
        "coordinates": [
          92.03138889,
          26.24111111
        ]
      },
      "properties": {
        "wikidataId": "Q7206203",
        "wikidataUrl": "https://www.wikidata.org/wiki/Q7206203",
        "name": "Pobitora Wildlife Sanctuary",
        "protectedAreaType": "Wildlife Sanctuary",
        "state": "Assam",
        "iucnCategory": "IUCN category IV: Habitat/Species Management Area",
        "area": null,
        "osmRelationIds": [],
        "enwikiUrl": "https://en.wikipedia.org/wiki/Pobitora_Wildlife_Sanctuary",
        "eszStatus": "none",
        "notificationCount": 0,
        "notificationStatus": null,
        "notificationDate": null,
        "orderNumber": null,
        "notificationPdfLink": null,
        "notificationArchiveLink": null
      }
    },
    {
      "type": "Feature",
      "geometry": {
        "type": "Point",
        "coordinates": [
          88.121,
          25.637
        ]
      },
      "properties": {
        "wikidataId": "Q7283821",
        "wikidataUrl": "https://www.wikidata.org/wiki/Q7283821",
        "name": "Raiganj Wildlife Sanctuary",
        "protectedAreaType": "Wildlife Sanctuary",
        "state": "West Bengal",
        "iucnCategory": "IUCN category IV: Habitat/Species Management Area",
        "area": null,
        "osmRelationIds": [],
        "enwikiUrl": "https://en.wikipedia.org/wiki/Raiganj_Wildlife_Sanctuary",
        "eszStatus": "final",
        "notificationCount": 2,
        "notificationStatus": "Final",
        "notificationDate": "2018-11-26",
        "orderNumber": "S.O. 5836(E)",
        "notificationPdfLink": "https://moef.gov.in/uploads/2017/06/raiganj.pdf"
      }
    },
    {
      "type": "Feature",
      "geometry": {
        "type": "Point",
        "coordinates": [
          91.4,
          23.28
        ]
      },
      "properties": {
        "wikidataId": "Q7285897",
        "wikidataUrl": "https://www.wikidata.org/wiki/Q7285897",
        "name": "Rajbari National Park",
        "protectedAreaType": "National Park",
        "state": "Tripura",
        "iucnCategory": "IUCN category II: National Park",
        "area": null,
        "osmRelationIds": [],
        "enwikiUrl": "https://en.wikipedia.org/wiki/Rajbari_National_Park",
        "eszStatus": "final",
        "notificationCount": 8,
        "notificationStatus": "Final",
        "notificationDate": "2019-11-11",
        "orderNumber": "S.O. 4077(E)",
        "notificationPdfLink": "https://moef.gov.in/uploads/2019/11/trishna.pdf"
      }
    },
    {
      "type": "Feature",
      "geometry": {
        "type": "Point",
        "coordinates": [
          77.722,
          22.918
        ]
      },
      "properties": {
        "wikidataId": "Q7295480",
        "wikidataUrl": "https://www.wikidata.org/wiki/Q7295480",
        "name": "Ratapani Tiger Reserve",
        "protectedAreaType": "Tiger Reserve",
        "state": "Madhya Pradesh",
        "iucnCategory": "IUCN category IV: Habitat/Species Management Area",
        "area": null,
        "osmRelationIds": [],
        "enwikiUrl": "https://en.wikipedia.org/wiki/Ratapani_Tiger_Reserve",
        "eszStatus": "final",
        "notificationCount": 2,
        "notificationStatus": "Final",
        "notificationDate": "2017-08-11",
        "orderNumber": "S.O. 2605 (E)",
        "notificationPdfLink": "https://moef.gov.in/uploads/2017/06/Ratapani%20and%20Singhori%20WLS%20Final%2C%20Madhya%20Pradesh.pdf"
      }
    },
    {
      "type": "Feature",
      "geometry": {
        "type": "Point",
        "coordinates": [
          79.697,
          18.705
        ]
      },
      "properties": {
        "wikidataId": "Q7499351",
        "wikidataUrl": "https://www.wikidata.org/wiki/Q7499351",
        "name": "Shivaram Wildlife Sanctuary",
        "protectedAreaType": "Wildlife Sanctuary",
        "state": "Telangana",
        "iucnCategory": "IUCN category IV: Habitat/Species Management Area",
        "area": null,
        "osmRelationIds": [],
        "enwikiUrl": "https://en.wikipedia.org/wiki/Shivaram_Wildlife_Sanctuary",
        "eszStatus": "draft",
        "notificationCount": 1,
        "notificationStatus": "Draft",
        "notificationDate": "2018-05-25",
        "orderNumber": "S.O. 2145(E)",
        "notificationPdfLink": "https://moef.gov.in/uploads/2017/06/siwaram.pdf"
      }
    },
    {
      "type": "Feature",
      "geometry": {
        "type": "Point",
        "coordinates": [
          91.311666666,
          23.664444444
        ]
      },
      "properties": {
        "wikidataId": "Q7525566",
        "wikidataUrl": "https://www.wikidata.org/wiki/Q7525566",
        "name": "Sepahijala Wildlife Sanctuary",
        "protectedAreaType": "Wildlife Sanctuary",
        "state": "Tripura",
        "iucnCategory": "IUCN category IV: Habitat/Species Management Area",
        "area": 18.533,
        "osmRelationIds": [],
        "enwikiUrl": "https://en.wikipedia.org/wiki/Sepahijala_Wildlife_Sanctuary",
        "eszStatus": "none",
        "notificationCount": 0,
        "notificationStatus": null,
        "notificationDate": null,
        "orderNumber": null,
        "notificationPdfLink": null,
        "notificationArchiveLink": null
      }
    },
    {
      "type": "Feature",
      "geometry": {
        "type": "Point",
        "coordinates": [
          88.4007,
          22.4295
        ]
      },
      "properties": {
        "wikidataId": "Q5101326",
        "wikidataUrl": "https://www.wikidata.org/wiki/Q5101326",
        "name": "Chintamoni Kar Bird Sanctuary",
        "protectedAreaType": "Bird Sanctuary",
        "state": "West Bengal",
        "iucnCategory": "IUCN category IV: Habitat/Species Management Area",
        "area": null,
        "osmRelationIds": [],
        "enwikiUrl": "https://en.wikipedia.org/wiki/Chintamoni_Kar_Bird_Sanctuary",
        "eszStatus": "final",
        "notificationCount": 2,
        "notificationStatus": "Final",
        "notificationDate": "2019-01-15",
        "orderNumber": "S.O. 318(E)",
        "notificationPdfLink": "https://moef.gov.in/uploads/2017/06/chintamani.pdf"
      }
    },
    {
      "type": "Feature",
      "geometry": {
        "type": "Point",
        "coordinates": [
          74.36,
          14.99
        ]
      },
      "properties": {
        "wikidataId": "Q5215675",
        "wikidataUrl": "https://www.wikidata.org/wiki/Q5215675",
        "name": "Anshi National Park",
        "protectedAreaType": "National Park",
        "state": "Karnataka",
        "iucnCategory": null,
        "area": null,
        "osmRelationIds": [],
        "enwikiUrl": "https://en.wikipedia.org/wiki/Dandeli_National_Park",
        "eszStatus": "draft",
        "notificationCount": 2,
        "notificationStatus": "Draft",
        "notificationDate": "2016-11-03",
        "orderNumber": "S.O. 3369 (E)",
        "notificationPdfLink": "https://moef.gov.in/uploads/2017/06/Dandeli%20Wildlife%20Sanctuary%20and%20Anshi%20NP%2C%20Karnataka_0.pdf"
      }
    },
    {
      "type": "Feature",
      "geometry": {
        "type": "Point",
        "coordinates": [
          95.526,
          27.331
        ]
      },
      "properties": {
        "wikidataId": "Q5252276",
        "wikidataUrl": "https://www.wikidata.org/wiki/Q5252276",
        "name": "Dehing Patkai National Park",
        "protectedAreaType": "National Park",
        "state": "Assam",
        "iucnCategory": "IUCN category II: National Park",
        "area": 231,
        "osmRelationIds": [],
        "enwikiUrl": "https://en.wikipedia.org/wiki/Dehing_Patkai_National_Park",
        "eszStatus": "draft",
        "notificationCount": 1,
        "notificationStatus": "Draft",
        "notificationDate": "2019-05-30",
        "orderNumber": "S.O. 1915(E)",
        "notificationPdfLink": "https://moef.gov.in/uploads/2019/06/dehing-patkai.pdf"
      }
    },
    {
      "type": "Feature",
      "geometry": {
        "type": "Point",
        "coordinates": [
          77.927,
          26.166
        ]
      },
      "properties": {
        "wikidataId": "Q5555916",
        "wikidataUrl": "https://www.wikidata.org/wiki/Q5555916",
        "name": "Ghatigaon Sanctuary",
        "protectedAreaType": "Wildlife Sanctuary",
        "state": "Madhya Pradesh",
        "iucnCategory": "IUCN category IV: Habitat/Species Management Area",
        "area": 511,
        "osmRelationIds": [],
        "enwikiUrl": "https://en.wikipedia.org/wiki/Ghatigaon_Wildlife_Sanctuary",
        "eszStatus": "final",
        "notificationCount": 1,
        "notificationStatus": "Final",
        "notificationDate": "2016-12-14",
        "orderNumber": "S.O. 4031 (E)",
        "notificationPdfLink": "https://moef.gov.in/uploads/2017/06/Ghatigaon%20Hukna%20Wildlife%20Sanctuary%2C%20Madhya%20Pradesh(1).pdf"
      }
    },
    {
      "type": "Feature",
      "geometry": {
        "type": "Point",
        "coordinates": [
          77.55833333,
          9.575
        ]
      },
      "properties": {
        "wikidataId": "Q5609778",
        "wikidataUrl": "https://www.wikidata.org/wiki/Q5609778",
        "name": "Grizzled Squirrel Wildlife Sanctuary",
        "protectedAreaType": "Tiger Reserve",
        "state": "Tamil Nadu",
        "iucnCategory": "IUCN category IV: Habitat/Species Management Area",
        "area": 48500,
        "osmRelationIds": [],
        "enwikiUrl": "https://en.wikipedia.org/wiki/Grizzled_Squirrel_Wildlife_Sanctuary",
        "eszStatus": "draft",
        "notificationCount": 1,
        "notificationStatus": "Draft",
        "notificationDate": "2018-07-09",
        "orderNumber": "S.O. 3363(E)",
        "notificationPdfLink": "https://moef.gov.in/uploads/2017/06/Srivilliputhur-Grizzled-Squirrel.pdf"
      }
    },
    {
      "type": "Feature",
      "geometry": {
        "type": "Point",
        "coordinates": [
          91.311666666,
          23.664444444
        ]
      },
      "properties": {
        "wikidataId": "Q5618257",
        "wikidataUrl": "https://www.wikidata.org/wiki/Q5618257",
        "name": "Gumti Wildlife Sanctuary",
        "protectedAreaType": "Wildlife Sanctuary",
        "state": "Tripura",
        "iucnCategory": "IUCN category IV: Habitat/Species Management Area",
        "area": null,
        "osmRelationIds": [],
        "enwikiUrl": "https://en.wikipedia.org/wiki/Gumti_Wildlife_Sanctuary",
        "eszStatus": "final",
        "notificationCount": 3,
        "notificationStatus": "Final",
        "notificationDate": "2019-11-11",
        "orderNumber": "S.O. 4076(E)",
        "notificationPdfLink": "https://moef.gov.in/uploads/2019/11/gumuti.pdf"
      }
    },
    {
      "type": "Feature",
      "geometry": {
        "type": "Point",
        "coordinates": [
          72.3,
          24.2
        ]
      },
      "properties": {
        "wikidataId": "Q6187899",
        "wikidataUrl": "https://www.wikidata.org/wiki/Q6187899",
        "name": "Jessore Sloth Bear Sanctuary",
        "protectedAreaType": "Wildlife Sanctuary",
        "state": "Gujarat",
        "iucnCategory": "IUCN category IV: Habitat/Species Management Area",
        "area": null,
        "osmRelationIds": [],
        "enwikiUrl": "https://en.wikipedia.org/wiki/Jessore_Sloth_Bear_Sanctuary",
        "eszStatus": "final",
        "notificationCount": 2,
        "notificationStatus": "Final",
        "notificationDate": "2017-10-16",
        "orderNumber": "S.O. 3342(E)",
        "notificationPdfLink": "https://moef.gov.in/uploads/2017/06/jessore%2C%20gujarat.pdf"
      }
    },
    {
      "type": "Feature",
      "geometry": {
        "type": "Point",
        "coordinates": [
          88.1573,
          26.99118
        ]
      },
      "properties": {
        "wikidataId": "Q6277572",
        "wikidataUrl": "https://www.wikidata.org/wiki/Q6277572",
        "name": "Jore Pokhri Wildlife Sanctuary",
        "protectedAreaType": "Wildlife Sanctuary",
        "state": "West Bengal",
        "iucnCategory": "IUCN category IV: Habitat/Species Management Area",
        "area": null,
        "osmRelationIds": [],
        "enwikiUrl": "https://en.wikipedia.org/wiki/Jore_Pokhri_Wildlife_Sanctuary",
        "eszStatus": "none",
        "notificationCount": 0,
        "notificationStatus": null,
        "notificationDate": null,
        "orderNumber": null,
        "notificationPdfLink": null,
        "notificationArchiveLink": null
      }
    },
    {
      "type": "Feature",
      "geometry": {
        "type": "Point",
        "coordinates": [
          81.2518,
          28.1344
        ]
      },
      "properties": {
        "wikidataId": "Q6375178",
        "wikidataUrl": "https://www.wikidata.org/wiki/Q6375178",
        "name": "Katarniaghat Wildlife Sanctuary",
        "protectedAreaType": "Wildlife Sanctuary",
        "state": "Uttar Pradesh",
        "iucnCategory": "IUCN category IV: Habitat/Species Management Area",
        "area": 400.09,
        "osmRelationIds": [],
        "enwikiUrl": "https://en.wikipedia.org/wiki/Katarniaghat_Wildlife_Sanctuary",
        "eszStatus": "none",
        "notificationCount": 0,
        "notificationStatus": null,
        "notificationDate": null,
        "orderNumber": null,
        "notificationPdfLink": null,
        "notificationArchiveLink": null
      }
    },
    {
      "type": "Feature",
      "geometry": {
        "type": "Point",
        "coordinates": [
          79.6,
          30.75
        ]
      },
      "properties": {
        "wikidataId": "Q6382549",
        "wikidataUrl": "https://www.wikidata.org/wiki/Q6382549",
        "name": "Kedarnath Wildlife Sanctuary",
        "protectedAreaType": "Wildlife Sanctuary",
        "state": "Uttarakhand",
        "iucnCategory": "IUCN category IV: Habitat/Species Management Area",
        "area": 975,
        "osmRelationIds": [],
        "enwikiUrl": "https://en.wikipedia.org/wiki/Kedarnath_Wildlife_Sanctuary",
        "eszStatus": "draft",
        "notificationCount": 1,
        "notificationStatus": "Draft",
        "notificationDate": "2017-12-14",
        "orderNumber": "S.O. 3880(E)",
        "notificationPdfLink": "https://moef.gov.in/uploads/2017/06/kedarnath_0.pdf"
      }
    },
    {
      "type": "Feature",
      "geometry": {
        "type": "Point",
        "coordinates": [
          84.3239,
          19.3031
        ]
      },
      "properties": {
        "wikidataId": "Q15725165",
        "wikidataUrl": "https://www.wikidata.org/wiki/Q15725165",
        "name": "Lakhari Valley Wildlife Sanctuary",
        "protectedAreaType": "Wildlife Sanctuary",
        "state": "Odisha",
        "iucnCategory": "IUCN category IV: Habitat/Species Management Area",
        "area": null,
        "osmRelationIds": [],
        "enwikiUrl": "https://en.wikipedia.org/wiki/Lakhari_Valley_Wildlife_Sanctuary",
        "eszStatus": "final",
        "notificationCount": 2,
        "notificationStatus": "Final",
        "notificationDate": "2020-09-07",
        "orderNumber": "S.O.3029 (E)",
        "notificationPdfLink": "https://moef.gov.in/uploads/2020/09/lakhery.pdf"
      }
    },
    {
      "type": "Feature",
      "geometry": {
        "type": "Point",
        "coordinates": [
          75.414166666,
          11.918333333
        ]
      },
      "properties": {
        "wikidataId": "Q16137059",
        "wikidataUrl": "https://www.wikidata.org/wiki/Q16137059",
        "name": "Munderikadavu Bird Sanctuary",
        "protectedAreaType": "Bird Sanctuary",
        "state": "Kerala",
        "iucnCategory": null,
        "area": null,
        "osmRelationIds": [],
        "enwikiUrl": null,
        "eszStatus": "none",
        "notificationCount": 0,
        "notificationStatus": null,
        "notificationDate": null,
        "orderNumber": null,
        "notificationPdfLink": null,
        "notificationArchiveLink": null
      }
    },
    {
      "type": "Feature",
      "geometry": {
        "type": "Point",
        "coordinates": [
          93.5,
          28.25
        ]
      },
      "properties": {
        "wikidataId": "Q16895017",
        "wikidataUrl": "https://www.wikidata.org/wiki/Q16895017",
        "name": "Mehao Wildlife Sanctuary",
        "protectedAreaType": "Wildlife Sanctuary",
        "state": "Arunachal Pradesh",
        "iucnCategory": null,
        "area": null,
        "osmRelationIds": [],
        "enwikiUrl": "https://en.wikipedia.org/wiki/Mehao_Wildlife_Sanctuary",
        "eszStatus": "draft",
        "notificationCount": 2,
        "notificationStatus": "Draft",
        "notificationDate": "2018-02-22",
        "orderNumber": "S.O. 772(E)",
        "notificationPdfLink": "https://moef.gov.in/uploads/2019/08/mehao.pdf"
      }
    },
    {
      "type": "Feature",
      "geometry": {
        "type": "Point",
        "coordinates": [
          79.51111111,
          20.83555556
        ]
      },
      "properties": {
        "wikidataId": "Q16902313",
        "wikidataUrl": "https://www.wikidata.org/wiki/Q16902313",
        "name": "Umred Karhandla Wildlife Sanctuary",
        "protectedAreaType": "Wildlife Sanctuary",
        "state": "Maharashtra",
        "iucnCategory": "IUCN category IV: Habitat/Species Management Area",
        "area": 189.3,
        "osmRelationIds": [],
        "enwikiUrl": "https://en.wikipedia.org/wiki/Umred_Pauni_Karhandla_Wildlife_Sanctuary",
        "eszStatus": "final",
        "notificationCount": 2,
        "notificationStatus": "Final",
        "notificationDate": "2017-03-16",
        "orderNumber": "S.O. 837 (E)",
        "notificationPdfLink": "https://moef.gov.in/uploads/2019/08/Umred-Karhandla-Wildlife-Sanctuary-Maharashtra.pdf"
      }
    },
    {
      "type": "Feature",
      "geometry": {
        "type": "Point",
        "coordinates": [
          88.1183,
          27.1942
        ]
      },
      "properties": {
        "wikidataId": "Q16902550",
        "wikidataUrl": "https://www.wikidata.org/wiki/Q16902550",
        "name": "Varsey Rhododendron Sanctuary",
        "protectedAreaType": "Wildlife Sanctuary",
        "state": "Sikkim",
        "iucnCategory": "IUCN category IV: Habitat/Species Management Area",
        "area": 104,
        "osmRelationIds": [],
        "enwikiUrl": "https://en.wikipedia.org/wiki/Varsey_Rhododendron_Sanctuary",
        "eszStatus": "final",
        "notificationCount": 2,
        "notificationStatus": "Final",
        "notificationDate": "2014-08-27",
        "orderNumber": "S.O. 2172",
        "notificationPdfLink": "https://moef.gov.in/uploads/2017/06/S.O.%202172%20%5B27.08.2014%5D%20Final%20ESZ%20Notification%20on%20Barsey%20Rhododendron%20Sanctuary%2C%20Sikkim.pdf"
      }
    },
    {
      "type": "Feature",
      "geometry": {
        "type": "Point",
        "coordinates": [
          93.897555,
          27.547681
        ]
      },
      "properties": {
        "wikidataId": "Q17033744",
        "wikidataUrl": "https://www.wikidata.org/wiki/Q17033744",
        "name": "Talley Valley Wildlife Sanctuary",
        "protectedAreaType": "Wildlife Sanctuary",
        "state": "Arunachal Pradesh",
        "iucnCategory": "IUCN category IV: Habitat/Species Management Area",
        "area": 337,
        "osmRelationIds": [],
        "enwikiUrl": "https://en.wikipedia.org/wiki/Talle_Valley_Wildlife_Sanctuary",
        "eszStatus": "draft",
        "notificationCount": 1,
        "notificationStatus": "Draft",
        "notificationDate": "2015-09-17",
        "orderNumber": "S.O. 2538",
        "notificationPdfLink": "https://moef.gov.in/uploads/2017/06/S.O.%202538%20%5B17.09.2015%5D%20Draft%20ESZ%20Notification%20on%20Tale%20Wildlife%20Sanctuary%2C%20Arunachal%20Pradesh_0.pdf"
      }
    },
    {
      "type": "Feature",
      "geometry": {
        "type": "Point",
        "coordinates": [
          74.615555555,
          33.598888888
        ]
      },
      "properties": {
        "wikidataId": "Q17055079",
        "wikidataUrl": "https://www.wikidata.org/wiki/Q17055079",
        "name": "Hirpora Wildlife Sanctuary",
        "protectedAreaType": "Wildlife Sanctuary",
        "state": "Jammu and Kashmir",
        "iucnCategory": "IUCN category IV: Habitat/Species Management Area",
        "area": null,
        "osmRelationIds": [],
        "enwikiUrl": "https://en.wikipedia.org/wiki/Hirpora_Wildlife_Sanctuary",
        "eszStatus": "final",
        "notificationCount": 2,
        "notificationStatus": "Final",
        "notificationDate": "2021-06-18",
        "orderNumber": "S.O. 2406(E)",
        "notificationPdfLink": "https://moef.gov.in/uploads/2021/06/hirapora.pdf"
      }
    },
    {
      "type": "Feature",
      "geometry": {
        "type": "Point",
        "coordinates": [
          74.37083333,
          18.335
        ]
      },
      "properties": {
        "wikidataId": "Q17072649",
        "wikidataUrl": "https://www.wikidata.org/wiki/Q17072649",
        "name": "Mayureshwar Wildlife Sanctuary",
        "protectedAreaType": "Wildlife Sanctuary",
        "state": "Maharashtra",
        "iucnCategory": "IUCN category IV: Habitat/Species Management Area",
        "area": null,
        "osmRelationIds": [],
        "enwikiUrl": "https://en.wikipedia.org/wiki/Mayureshwar_Wildlife_Sanctuary",
        "eszStatus": "final",
        "notificationCount": 3,
        "notificationStatus": "Final",
        "notificationDate": "2020-08-28",
        "orderNumber": "S.O. 2938(E)",
        "notificationPdfLink": null
      }
    },
    {
      "type": "Feature",
      "geometry": {
        "type": "Point",
        "coordinates": [
          78.373052,
          15.745001
        ]
      },
      "properties": {
        "wikidataId": "Q17087471",
        "wikidataUrl": "https://www.wikidata.org/wiki/Q17087471",
        "name": "Rollapadu Wildlife Sanctuary",
        "protectedAreaType": "Wildlife Sanctuary",
        "state": "Andhra Pradesh",
        "iucnCategory": "IUCN category IV: Habitat/Species Management Area",
        "area": null,
        "osmRelationIds": [],
        "enwikiUrl": "https://en.wikipedia.org/wiki/Rollapadu_Wildlife_Sanctuary",
        "eszStatus": "final",
        "notificationCount": 2,
        "notificationStatus": "Final",
        "notificationDate": "2017-05-15",
        "orderNumber": "S.O. 1567 (E)",
        "notificationPdfLink": "https://moef.gov.in/uploads/2017/06/Great%20Indian%20Bustard%2C%20Rollapadu%20Wildlife%20Sanctuary%2C%20Andhra%20Pradesh.pdf"
      }
    },
    {
      "type": "Feature",
      "geometry": {
        "type": "Point",
        "coordinates": [
          76.51666667,
          15.23333333
        ]
      },
      "properties": {
        "wikidataId": "Q17126760",
        "wikidataUrl": "https://www.wikidata.org/wiki/Q17126760",
        "name": "Daroji Sloth Bear Sanctuary",
        "protectedAreaType": "Wildlife Sanctuary",
        "state": "Karnataka",
        "iucnCategory": "IUCN category IV: Habitat/Species Management Area",
        "area": null,
        "osmRelationIds": [],
        "enwikiUrl": "https://en.wikipedia.org/wiki/Daroji_Sloth_Bear_Sanctuary",
        "eszStatus": "final",
        "notificationCount": 3,
        "notificationStatus": "Final",
        "notificationDate": "2019-09-27",
        "orderNumber": "S.O. 3528(E)",
        "notificationPdfLink": "https://moef.gov.in/uploads/2018/12/daroji.pdf"
      }
    },
    {
      "type": "Feature",
      "geometry": {
        "type": "Point",
        "coordinates": [
          85.56,
          24.54
        ]
      },
      "properties": {
        "wikidataId": "Q18343586",
        "wikidataUrl": "https://www.wikidata.org/wiki/Q18343586",
        "name": "Gautam Budha Wildlife Sanctuary",
        "protectedAreaType": "Wildlife Sanctuary",
        "state": "Bihar",
        "iucnCategory": "IUCN category IV: Habitat/Species Management Area",
        "area": null,
        "osmRelationIds": [],
        "enwikiUrl": "https://en.wikipedia.org/wiki/Gautam_Budha_Wildlife_Sanctuary",
        "eszStatus": "final",
        "notificationCount": 3,
        "notificationStatus": "Final",
        "notificationDate": "2017-07-12",
        "orderNumber": "S.O. 2200 (E)",
        "notificationPdfLink": "https://moef.gov.in/uploads/2017/06/Gautam%20Buddha%20Wildlife%20Sanctuary%2C%20Bihar.pdf"
      }
    },
    {
      "type": "Feature",
      "geometry": {
        "type": "Point",
        "coordinates": [
          74.0073,
          20.0079
        ]
      },
      "properties": {
        "wikidataId": "Q19808294",
        "wikidataUrl": "https://www.wikidata.org/wiki/Q19808294",
        "name": "Nandur Madhmeshwar Bird Sanctuary",
        "protectedAreaType": "Bird Sanctuary",
        "state": "Maharashtra",
        "iucnCategory": "IUCN category IV: Habitat/Species Management Area",
        "area": 1437,
        "osmRelationIds": [],
        "enwikiUrl": "https://en.wikipedia.org/wiki/Nandur_Madhmeshwar_Bird_Sanctuary",
        "eszStatus": "none",
        "notificationCount": 0,
        "notificationStatus": null,
        "notificationDate": null,
        "orderNumber": null,
        "notificationPdfLink": null,
        "notificationArchiveLink": null
      }
    },
    {
      "type": "Feature",
      "geometry": {
        "type": "Point",
        "coordinates": [
          76.77916667,
          30.725
        ]
      },
      "properties": {
        "wikidataId": "Q21997171",
        "wikidataUrl": "https://www.wikidata.org/wiki/Q21997171",
        "name": "Parrot Bird Sanctuary Chandigarh",
        "protectedAreaType": "Bird Sanctuary",
        "state": "Chandigarh",
        "iucnCategory": "IUCN category IV: Habitat/Species Management Area",
        "area": 2.9,
        "osmRelationIds": [],
        "enwikiUrl": "https://en.wikipedia.org/wiki/Parrot_Bird_Sanctuary,_Chandigarh",
        "eszStatus": "final",
        "notificationCount": 2,
        "notificationStatus": "Final",
        "notificationDate": "2017-01-10",
        "orderNumber": "S. O. 69 (E)",
        "notificationPdfLink": "https://moef.gov.in/uploads/2017/06/City%20Bird%20Sanctuary%2C%20Chandigarh_1.pdf"
      }
    },
    {
      "type": "Feature",
      "geometry": {
        "type": "Point",
        "coordinates": [
          75.2122,
          19.5666
        ]
      },
      "properties": {
        "wikidataId": "Q23581251",
        "wikidataUrl": "https://www.wikidata.org/wiki/Q23581251",
        "name": "Jayakwadi Bird Sanctuary",
        "protectedAreaType": "Bird Sanctuary",
        "state": "Maharashtra",
        "iucnCategory": "IUCN category IV: Habitat/Species Management Area",
        "area": null,
        "osmRelationIds": [],
        "enwikiUrl": "https://en.wikipedia.org/wiki/Jayakwadi_Bird_Sanctuary",
        "eszStatus": "final",
        "notificationCount": 3,
        "notificationStatus": "Final",
        "notificationDate": "2017-07-12",
        "orderNumber": "S.O. 2202 (E)",
        "notificationPdfLink": "https://moef.gov.in/uploads/2017/06/Jaikawadi%20Bird%20Sanctuary%2C%20Maharashtra.pdf"
      }
    },
    {
      "type": "Feature",
      "geometry": {
        "type": "Point",
        "coordinates": [
          76.8512,
          30.7757
        ]
      },
      "properties": {
        "wikidataId": "Q23995986",
        "wikidataUrl": "https://www.wikidata.org/wiki/Q23995986",
        "name": "Sukhna Lake Wildlife Sanctuary",
        "protectedAreaType": "Wildlife Sanctuary",
        "state": "Chandigarh",
        "iucnCategory": "IUCN category IV: Habitat/Species Management Area",
        "area": 25.98,
        "osmRelationIds": [],
        "enwikiUrl": "https://en.wikipedia.org/wiki/Sukhna_Wildlife_Sanctuary",
        "eszStatus": "final",
        "notificationCount": 2,
        "notificationStatus": "Final",
        "notificationDate": "2017-01-19",
        "orderNumber": "S.O. 185 (E)",
        "notificationPdfLink": "https://moef.gov.in/uploads/2017/06/Sukhna%20Wildlife%20Sanctuary%2C%20Chandigarh.pdf"
      }
    },
    {
      "type": "Feature",
      "geometry": {
        "type": "Point",
        "coordinates": [
          77.510227,
          31.99343
        ]
      },
      "properties": {
        "wikidataId": "Q31708713",
        "wikidataUrl": "https://www.wikidata.org/wiki/Q31708713",
        "name": "Khirganga National Park",
        "protectedAreaType": "National Park",
        "state": "Himachal Pradesh",
        "iucnCategory": "IUCN category II: National Park",
        "area": null,
        "osmRelationIds": [],
        "enwikiUrl": "https://en.wikipedia.org/wiki/Khirganga_National_Park",
        "eszStatus": "draft",
        "notificationCount": 1,
        "notificationStatus": "Draft",
        "notificationDate": "2016-08-05",
        "orderNumber": "S.O. 2628(E)",
        "notificationPdfLink": "https://moef.gov.in/uploads/2017/06/Great%20Himalayan%20National%20Park%2C%20HP.pdf"
      }
    },
    {
      "type": "Feature",
      "geometry": {
        "type": "Point",
        "coordinates": [
          83.7531,
          19.8768
        ]
      },
      "properties": {
        "wikidataId": "Q51137829",
        "wikidataUrl": "https://www.wikidata.org/wiki/Q51137829",
        "name": "Kotgarh Wildlife Sanctuary",
        "protectedAreaType": "Wildlife Sanctuary",
        "state": "Odisha",
        "iucnCategory": "IUCN category IV: Habitat/Species Management Area",
        "area": null,
        "osmRelationIds": [],
        "enwikiUrl": "https://en.wikipedia.org/wiki/Kotgarh_Wildlife_Sanctuary",
        "eszStatus": "draft",
        "notificationCount": 1,
        "notificationStatus": "Draft",
        "notificationDate": "2017-10-27",
        "orderNumber": "S.O. 3433(E)",
        "notificationPdfLink": "https://moef.gov.in/uploads/2017/06/kotagarh.pdf"
      }
    },
    {
      "type": "Feature",
      "geometry": {
        "type": "Point",
        "coordinates": [
          76.516666666,
          15.233333333
        ]
      },
      "properties": {
        "wikidataId": "Q65091528",
        "wikidataUrl": "https://www.wikidata.org/wiki/Q65091528",
        "name": "Gudekote Wildlife Sanctuary",
        "protectedAreaType": "Wildlife Sanctuary",
        "state": "Karnataka",
        "iucnCategory": "IUCN category IV: Habitat/Species Management Area",
        "area": null,
        "osmRelationIds": [],
        "enwikiUrl": "https://en.wikipedia.org/wiki/Gudekote_Wildlife_Sanctuary",
        "eszStatus": "final",
        "notificationCount": 2,
        "notificationStatus": "Final",
        "notificationDate": "2017-10-27",
        "orderNumber": "S.O. 4747 (E)",
        "notificationPdfLink": "https://moef.gov.in/uploads/2023/11/SO4747(E)-gudekote-final.pdf"
      }
    },
    {
      "type": "Feature",
      "geometry": {
        "type": "Point",
        "coordinates": [
          81.655277777,
          23.968611111
        ]
      },
      "properties": {
        "wikidataId": "Q3092341",
        "wikidataUrl": "https://www.wikidata.org/wiki/Q3092341",
        "name": "Sanjay National Park",
        "protectedAreaType": "Tiger Reserve",
        "state": "Madhya Pradesh",
        "iucnCategory": "IUCN category II: National Park",
        "area": null,
        "osmRelationIds": [],
        "enwikiUrl": "https://en.wikipedia.org/wiki/Sanjay_National_Park",
        "eszStatus": "final",
        "notificationCount": 3,
        "notificationStatus": "Final",
        "notificationDate": "2017-08-29",
        "orderNumber": "S.O. 2811",
        "notificationPdfLink": "https://moef.gov.in/uploads/2017/06/Sanjay%20Dubri%20Tiger%20Reserve%20MP%20Final.pdf"
      }
    },
    {
      "type": "Feature",
      "geometry": {
        "type": "Point",
        "coordinates": [
          92.71055556,
          26.50666667
        ]
      },
      "properties": {
        "wikidataId": "Q3217688",
        "wikidataUrl": "https://www.wikidata.org/wiki/Q3217688",
        "name": "Laokhowa Wildlife Sanctuary",
        "protectedAreaType": "Wildlife Sanctuary",
        "state": "Assam",
        "iucnCategory": "IUCN category IV: Habitat/Species Management Area",
        "area": null,
        "osmRelationIds": [],
        "enwikiUrl": "https://en.wikipedia.org/wiki/Laokhowa_Wildlife_Sanctuary",
        "eszStatus": "draft",
        "notificationCount": 1,
        "notificationStatus": "Draft",
        "notificationDate": "2015-11-27",
        "orderNumber": "SO 3236(E)",
        "notificationPdfLink": "https://moef.gov.in/uploads/2018/12/SO-3334E09.12.2015-Draft-notification-declaring-Eco-sensitive-Zone-around-the-Laokhowa-Burhachapori-Wildlife-Sanctuary-in-the-State-of-Assam.pdf"
      }
    },
    {
      "type": "Feature",
      "geometry": {
        "type": "Point",
        "coordinates": [
          72.63333333,
          24.55
        ]
      },
      "properties": {
        "wikidataId": "Q3326008",
        "wikidataUrl": "https://www.wikidata.org/wiki/Q3326008",
        "name": "Mount Abu Wildlife Sanctuary",
        "protectedAreaType": "Wildlife Sanctuary",
        "state": "Rajasthan",
        "iucnCategory": "IUCN category IV: Habitat/Species Management Area",
        "area": null,
        "osmRelationIds": [],
        "enwikiUrl": "https://en.wikipedia.org/wiki/Mount_Abu_Wildlife_Sanctuary",
        "eszStatus": "final",
        "notificationCount": 3,
        "notificationStatus": "Final",
        "notificationDate": "2020-11-11",
        "orderNumber": "S.O.4047(E)",
        "notificationPdfLink": "https://moef.gov.in/uploads/2020/11/mount-abu.pdf"
      }
    },
    {
      "type": "Feature",
      "geometry": {
        "type": "Point",
        "coordinates": [
          89.3775,
          26.628611
        ]
      },
      "properties": {
        "wikidataId": "Q3350362",
        "wikidataUrl": "https://www.wikidata.org/wiki/Q3350362",
        "name": "Jaldapara National Park",
        "protectedAreaType": "National Park",
        "state": "West Bengal",
        "iucnCategory": "IUCN category II: National Park",
        "area": null,
        "osmRelationIds": [],
        "enwikiUrl": "https://en.wikipedia.org/wiki/Jaldapara_National_Park",
        "eszStatus": "final",
        "notificationCount": 3,
        "notificationStatus": "Final",
        "notificationDate": "2026-01-28",
        "orderNumber": "S.O. No. 401 (E)",
        "notificationPdfLink": "https://moef.gov.in/uploads/2026/02/401_Jaldapara%20Final.pdf"
      }
    },
    {
      "type": "Feature",
      "geometry": {
        "type": "Point",
        "coordinates": [
          78.645,
          13.025
        ]
      },
      "properties": {
        "wikidataId": "Q6434637",
        "wikidataUrl": "https://www.wikidata.org/wiki/Q6434637",
        "name": "Koundinya Wildlife Sanctuary",
        "protectedAreaType": "Wildlife Sanctuary",
        "state": "Andhra Pradesh",
        "iucnCategory": "IUCN category IV: Habitat/Species Management Area",
        "area": null,
        "osmRelationIds": [],
        "enwikiUrl": "https://en.wikipedia.org/wiki/Koundinya_Wildlife_Sanctuary",
        "eszStatus": "draft",
        "notificationCount": 1,
        "notificationStatus": "Draft",
        "notificationDate": "2022-05-04",
        "orderNumber": "S.O. 2077(E)",
        "notificationPdfLink": "https://moef.gov.in/uploads/2021/08/Published-Draft-Notification-S-O-2077.pdf"
      }
    },
    {
      "type": "Feature",
      "geometry": {
        "type": "Point",
        "coordinates": [
          93.05,
          22.66666667
        ]
      },
      "properties": {
        "wikidataId": "Q15266124",
        "wikidataUrl": "https://www.wikidata.org/wiki/Q15266124",
        "name": "Phawngpui National Park",
        "protectedAreaType": "National Park",
        "state": "Mizoram",
        "iucnCategory": "IUCN category II: National Park",
        "area": null,
        "osmRelationIds": [],
        "enwikiUrl": "https://en.wikipedia.org/wiki/Phawngpui_National_Park",
        "eszStatus": "none",
        "notificationCount": 0,
        "notificationStatus": null,
        "notificationDate": null,
        "orderNumber": null,
        "notificationPdfLink": null,
        "notificationArchiveLink": null
      }
    },
    {
      "type": "Feature",
      "geometry": {
        "type": "Point",
        "coordinates": [
          95.445833333,
          27.937777777
        ]
      },
      "properties": {
        "wikidataId": "Q85755050",
        "wikidataUrl": "https://www.wikidata.org/wiki/Q85755050",
        "name": "D'Ering Memorial Wildlife Sanctuary",
        "protectedAreaType": "Wildlife Sanctuary",
        "state": "Arunachal Pradesh",
        "iucnCategory": "IUCN category IV: Habitat/Species Management Area",
        "area": null,
        "osmRelationIds": [],
        "enwikiUrl": "https://en.wikipedia.org/wiki/D%27Ering_Memorial_Wildlife_Sanctuary",
        "eszStatus": "draft",
        "notificationCount": 1,
        "notificationStatus": "Draft",
        "notificationDate": "2015-11-17",
        "orderNumber": "S.O. 3101(E)",
        "notificationPdfLink": "https://moef.gov.in/uploads/2017/06/DayingEring%20Wildlife%20Sanctuary%2C%20Arunachal%20Pradesh.pdf"
      }
    },
    {
      "type": "Feature",
      "geometry": {
        "type": "Point",
        "coordinates": [
          77.5059,
          20.4289
        ]
      },
      "properties": {
        "wikidataId": "Q85773598",
        "wikidataUrl": "https://www.wikidata.org/wiki/Q85773598",
        "name": "Karanja Sohol Wildlife Sanctuary",
        "protectedAreaType": "Wildlife Sanctuary",
        "state": "Maharashtra",
        "iucnCategory": "IUCN category IV: Habitat/Species Management Area",
        "area": 18.32,
        "osmRelationIds": [],
        "enwikiUrl": "https://en.wikipedia.org/wiki/Karanja_Sohol_Wildlife_Sanctuary",
        "eszStatus": "final",
        "notificationCount": 2,
        "notificationStatus": "Final",
        "notificationDate": "2021-06-18",
        "orderNumber": "S.O. 2407(E)",
        "notificationPdfLink": "https://moef.gov.in/uploads/2021/06/karanja-shool.pdf"
      }
    },
    {
      "type": "Feature",
      "geometry": {
        "type": "Point",
        "coordinates": [
          75.2475,
          34.11
        ]
      },
      "properties": {
        "wikidataId": "Q101471239",
        "wikidataUrl": "https://www.wikidata.org/wiki/Q101471239",
        "name": "Overa-Aru Wildlife Sanctuary",
        "protectedAreaType": "Wildlife Sanctuary",
        "state": "Jammu and Kashmir",
        "iucnCategory": "IUCN category IV: Habitat/Species Management Area",
        "area": null,
        "osmRelationIds": [],
        "enwikiUrl": "https://en.wikipedia.org/wiki/Overa-Aru_Wildlife_Sanctuary",
        "eszStatus": "draft",
        "notificationCount": 1,
        "notificationStatus": "Draft",
        "notificationDate": "2021-06-07",
        "orderNumber": "S.O. 2184(E)",
        "notificationPdfLink": "https://moef.gov.in/uploads/2021/06/dachigaon.pdf"
      }
    },
    {
      "type": "Feature",
      "geometry": {
        "type": "Point",
        "coordinates": [
          74.374166666,
          33.994166666
        ]
      },
      "properties": {
        "wikidataId": "Q102047437",
        "wikidataUrl": "https://www.wikidata.org/wiki/Q102047437",
        "name": "Gulmarg Wildlife Sanctuary",
        "protectedAreaType": "Wildlife Sanctuary",
        "state": "Jammu and Kashmir",
        "iucnCategory": "IUCN category IV: Habitat/Species Management Area",
        "area": 69,
        "osmRelationIds": [
          "15876412"
        ],
        "enwikiUrl": "https://en.wikipedia.org/wiki/Gulmarg_Wildlife_Sanctuary",
        "eszStatus": "final",
        "notificationCount": 2,
        "notificationStatus": "Final",
        "notificationDate": "2022-05-06",
        "orderNumber": "S.O.2141(E)",
        "notificationPdfLink": "https://moef.gov.in/uploads/2021/08/Gulmarg.pdf"
      }
    },
    {
      "type": "Feature",
      "geometry": {
        "type": "Point",
        "coordinates": [
          94.954389,
          25.825528
        ]
      },
      "properties": {
        "wikidataId": "Q106513444",
        "wikidataUrl": "https://www.wikidata.org/wiki/Q106513444",
        "name": "Fakim Wildlife Sanctuary",
        "protectedAreaType": "Wildlife Sanctuary",
        "state": "Nagaland",
        "iucnCategory": "IUCN category IV: Habitat/Species Management Area",
        "area": 642,
        "osmRelationIds": [],
        "enwikiUrl": "https://en.wikipedia.org/wiki/Fakim_Wildlife_Sanctuary",
        "eszStatus": "none",
        "notificationCount": 0,
        "notificationStatus": null,
        "notificationDate": null,
        "orderNumber": null,
        "notificationPdfLink": null,
        "notificationArchiveLink": null
      }
    },
    {
      "type": "Feature",
      "geometry": {
        "type": "Point",
        "coordinates": [
          82.3223,
          20.0716
        ]
      },
      "properties": {
        "wikidataId": "Q106675739",
        "wikidataUrl": "https://www.wikidata.org/wiki/Q106675739",
        "name": "Udanti Wildlife Sanctuary",
        "protectedAreaType": "Wildlife Sanctuary",
        "state": "Chhattisgarh",
        "iucnCategory": "IUCN category IV: Habitat/Species Management Area",
        "area": 237.27,
        "osmRelationIds": [],
        "enwikiUrl": "https://en.wikipedia.org/wiki/Udanti_Wildlife_Sanctuary",
        "eszStatus": "none",
        "notificationCount": 0,
        "notificationStatus": null,
        "notificationDate": null,
        "orderNumber": null,
        "notificationPdfLink": null,
        "notificationArchiveLink": null
      }
    },
    {
      "type": "Feature",
      "geometry": {
        "type": "Point",
        "coordinates": [
          77.1515,
          11.9725
        ]
      },
      "properties": {
        "wikidataId": "Q106684744",
        "wikidataUrl": "https://www.wikidata.org/wiki/Q106684744",
        "name": "Biligiri Rangaswamy Temple Wildlife Sanctuary",
        "protectedAreaType": "Wildlife Sanctuary",
        "state": "Karnataka",
        "iucnCategory": "IUCN category IV: Habitat/Species Management Area",
        "area": 539.52,
        "osmRelationIds": [],
        "enwikiUrl": null,
        "eszStatus": "draft",
        "notificationCount": 1,
        "notificationStatus": "Draft",
        "notificationDate": "2016-08-05",
        "orderNumber": "S.O. 2631(E)",
        "notificationPdfLink": "https://moef.gov.in/uploads/2017/06/Biligirirangaswamy%20Temple%20Wildlife%20Sanctuary%2C%20Karnataka.pdf"
      }
    },
    {
      "type": "Feature",
      "geometry": {
        "type": "Point",
        "coordinates": [
          75.0225,
          21.35
        ]
      },
      "properties": {
        "wikidataId": "Q107404544",
        "wikidataUrl": "https://www.wikidata.org/wiki/Q107404544",
        "name": "Aner Dam Wildlife Sanctuary",
        "protectedAreaType": "Wildlife Sanctuary",
        "state": "Maharashtra",
        "iucnCategory": "IUCN category IV: Habitat/Species Management Area",
        "area": null,
        "osmRelationIds": [],
        "enwikiUrl": "https://en.wikipedia.org/wiki/Aner_Dam_Wildlife_Sanctuary",
        "eszStatus": "final",
        "notificationCount": 4,
        "notificationStatus": "Final",
        "notificationDate": "2019-01-03",
        "orderNumber": "S.O. 27(E)",
        "notificationPdfLink": "https://moef.gov.in/uploads/2019/05/anerdam-1.pdf"
      }
    },
    {
      "type": "Feature",
      "geometry": {
        "type": "Point",
        "coordinates": [
          90.686388888,
          25.337777777
        ]
      },
      "properties": {
        "wikidataId": "Q109974038",
        "wikidataUrl": "https://www.wikidata.org/wiki/Q109974038",
        "name": "Siju Wildlife Sanctuary",
        "protectedAreaType": "Wildlife Sanctuary",
        "state": "Manipur",
        "iucnCategory": "IUCN category IV: Habitat/Species Management Area",
        "area": null,
        "osmRelationIds": [],
        "enwikiUrl": "https://en.wikipedia.org/wiki/Siju_Wildlife_Sanctuary",
        "eszStatus": "none",
        "notificationCount": 0,
        "notificationStatus": null,
        "notificationDate": null,
        "orderNumber": null,
        "notificationPdfLink": null,
        "notificationArchiveLink": null
      }
    },
    {
      "type": "Feature",
      "geometry": {
        "type": "Point",
        "coordinates": [
          94.23,
          24.32
        ]
      },
      "properties": {
        "wikidataId": "Q110460281",
        "wikidataUrl": "https://www.wikidata.org/wiki/Q110460281",
        "name": "Yangoupokpi-Lokchao Wildlife Sanctuary",
        "protectedAreaType": "Wildlife Sanctuary",
        "state": "Manipur",
        "iucnCategory": "IUCN category IV: Habitat/Species Management Area",
        "area": 184.8,
        "osmRelationIds": [],
        "enwikiUrl": "https://en.wikipedia.org/wiki/Yangoupokpi-Lokchao_Wildlife_Sanctuary",
        "eszStatus": "final",
        "notificationCount": 2,
        "notificationStatus": "Final",
        "notificationDate": "2016-10-26",
        "orderNumber": "S. O. 3310",
        "notificationPdfLink": "https://moef.gov.in/uploads/2017/06/Yangoupokpi%20Lokchao%20WLS%20Final%2C%20Manipur.pdf"
      }
    },
    {
      "type": "Feature",
      "geometry": {
        "type": "Point",
        "coordinates": [
          74.165833333,
          34.189166666
        ]
      },
      "properties": {
        "wikidataId": "Q111181101",
        "wikidataUrl": "https://www.wikidata.org/wiki/Q111181101",
        "name": "Limber Wildlife Sanctuary",
        "protectedAreaType": "National Park",
        "state": "Jammu and Kashmir",
        "iucnCategory": "IUCN category IV: Habitat/Species Management Area",
        "area": null,
        "osmRelationIds": [],
        "enwikiUrl": "https://en.wikipedia.org/wiki/Limber_Wildlife_Sanctuary",
        "eszStatus": "final",
        "notificationCount": 3,
        "notificationStatus": "Final",
        "notificationDate": "2022-03-25",
        "orderNumber": "S.O. 1330(E)",
        "notificationPdfLink": "https://moef.gov.in/uploads/2022/03/Final-Notification-Kazinag.pdf"
      }
    },
    {
      "type": "Feature",
      "geometry": {
        "type": "Point",
        "coordinates": [
          75.831222222,
          11.139333333
        ]
      },
      "properties": {
        "wikidataId": "Q112136896",
        "wikidataUrl": "https://www.wikidata.org/wiki/Q112136896",
        "name": "Kadalundi–Vallikkunnu Community Reserve",
        "protectedAreaType": null,
        "state": "Kerala",
        "iucnCategory": null,
        "area": null,
        "osmRelationIds": [],
        "enwikiUrl": "https://en.wikipedia.org/wiki/Kadalundi%E2%80%93Vallikkunnu_Community_Reserve",
        "eszStatus": "none",
        "notificationCount": 0,
        "notificationStatus": null,
        "notificationDate": null,
        "orderNumber": null,
        "notificationPdfLink": null,
        "notificationArchiveLink": null
      }
    },
    {
      "type": "Feature",
      "geometry": {
        "type": "Point",
        "coordinates": [
          78.745231,
          15.661178
        ]
      },
      "properties": {
        "wikidataId": "Q112193588",
        "wikidataUrl": "https://www.wikidata.org/wiki/Q112193588",
        "name": "Gundla Brahmeswaram Wildlife Sanctuary",
        "protectedAreaType": "Wildlife Sanctuary",
        "state": "Andhra Pradesh",
        "iucnCategory": "IUCN category IV: Habitat/Species Management Area",
        "area": null,
        "osmRelationIds": [],
        "enwikiUrl": "https://en.wikipedia.org/wiki/Gundla_Brahmeswaram_Wildlife_Sanctuary",
        "eszStatus": "none",
        "notificationCount": 0,
        "notificationStatus": null,
        "notificationDate": null,
        "orderNumber": null,
        "notificationPdfLink": null,
        "notificationArchiveLink": null
      }
    },
    {
      "type": "Feature",
      "geometry": {
        "type": "Point",
        "coordinates": [
          91.749166666,
          26.093333333
        ]
      },
      "properties": {
        "wikidataId": "Q113133799",
        "wikidataUrl": "https://www.wikidata.org/wiki/Q113133799",
        "name": "Garbhanga Wildlife Sanctuary",
        "protectedAreaType": "Wildlife Sanctuary",
        "state": "Assam",
        "iucnCategory": "IUCN category IV: Habitat/Species Management Area",
        "area": 117,
        "osmRelationIds": [],
        "enwikiUrl": "https://en.wikipedia.org/wiki/Garbhanga_Wildlife_Sanctuary",
        "eszStatus": "none",
        "notificationCount": 0,
        "notificationStatus": null,
        "notificationDate": null,
        "orderNumber": null,
        "notificationPdfLink": null,
        "notificationArchiveLink": null
      }
    },
    {
      "type": "Feature",
      "geometry": {
        "type": "Point",
        "coordinates": [
          73.0949,
          20.2899
        ]
      },
      "properties": {
        "wikidataId": "Q115804851",
        "wikidataUrl": "https://www.wikidata.org/wiki/Q115804851",
        "name": "Dadra and Nagar Haveli Wildlife Sanctuary",
        "protectedAreaType": "Wildlife Sanctuary",
        "state": "Dadra and Nagar Haveli and Daman and Diu",
        "iucnCategory": "IUCN category IV: Habitat/Species Management Area",
        "area": null,
        "osmRelationIds": [],
        "enwikiUrl": "https://en.wikipedia.org/wiki/Dadra_and_Nagar_Haveli_Wildlife_Sanctuary",
        "eszStatus": "final",
        "notificationCount": 2,
        "notificationStatus": "Final",
        "notificationDate": "2015-09-04",
        "orderNumber": "S.O. 2413",
        "notificationPdfLink": "https://moef.gov.in/uploads/2017/06/S.O.%202413%20%5B04.09.2015%5D%20Final%20ESZ%20Notification%20on%20Dadra%20and%20Nagar%20Haveli%20WLS.pdf"
      }
    },
    {
      "type": "Feature",
      "geometry": {
        "type": "Point",
        "coordinates": [
          79.74182,
          11.95164
        ]
      },
      "properties": {
        "wikidataId": "Q125768557",
        "wikidataUrl": "https://www.wikidata.org/wiki/Q125768557",
        "name": "Oussudu Bird Sanctuary",
        "protectedAreaType": "Bird Sanctuary",
        "state": "Puducherry",
        "iucnCategory": "IUCN category IV: Habitat/Species Management Area",
        "area": 3.9,
        "osmRelationIds": [],
        "enwikiUrl": "https://en.wikipedia.org/wiki/Oussudu_Bird_Sanctuary",
        "eszStatus": "none",
        "notificationCount": 0,
        "notificationStatus": null,
        "notificationDate": null,
        "orderNumber": null,
        "notificationPdfLink": null,
        "notificationArchiveLink": null
      }
    },
    {
      "type": "Feature",
      "geometry": {
        "type": "Point",
        "coordinates": [
          76.466666666,
          11.133333333
        ]
      },
      "properties": {
        "wikidataId": "Q176792",
        "wikidataUrl": "https://www.wikidata.org/wiki/Q176792",
        "name": "Silent Valley National Park",
        "protectedAreaType": "National Park",
        "state": "Kerala",
        "iucnCategory": "IUCN category II: National Park",
        "area": 8952,
        "osmRelationIds": [],
        "enwikiUrl": "https://en.wikipedia.org/wiki/Silent_Valley_National_Park",
        "eszStatus": "draft",
        "notificationCount": 3,
        "notificationStatus": "Draft",
        "notificationDate": "2020-10-27",
        "orderNumber": "S.O. 3880(E)",
        "notificationPdfLink": "https://moef.gov.in/uploads/2019/02/silent-valley.pdf"
      }
    },
    {
      "type": "Feature",
      "geometry": {
        "type": "Point",
        "coordinates": [
          78.03333333,
          30.08333333
        ]
      },
      "properties": {
        "wikidataId": "Q181933",
        "wikidataUrl": "https://www.wikidata.org/wiki/Q181933",
        "name": "Rajaji National Park",
        "protectedAreaType": "Tiger Reserve",
        "state": "Uttarakhand",
        "iucnCategory": "IUCN category II: National Park",
        "area": 800,
        "osmRelationIds": [],
        "enwikiUrl": "https://en.wikipedia.org/wiki/Rajaji_National_Park",
        "eszStatus": "draft",
        "notificationCount": 1,
        "notificationStatus": "Draft",
        "notificationDate": "2018-05-22",
        "orderNumber": "S.O. 2031(E)",
        "notificationPdfLink": "https://moef.gov.in/uploads/2019/10/rajaji-1.pdf"
      }
    },
    {
      "type": "Feature",
      "geometry": {
        "type": "Point",
        "coordinates": [
          93.35,
          26.666666666
        ]
      },
      "properties": {
        "wikidataId": "Q192764",
        "wikidataUrl": "https://www.wikidata.org/wiki/Q192764",
        "name": "Kaziranga National Park",
        "protectedAreaType": "Tiger Reserve",
        "state": "Assam",
        "iucnCategory": "IUCN category II: National Park",
        "area": 42996,
        "osmRelationIds": [
          "9483703"
        ],
        "enwikiUrl": "https://en.wikipedia.org/wiki/Kaziranga_National_Park",
        "eszStatus": "none",
        "notificationCount": 0,
        "notificationStatus": null,
        "notificationDate": null,
        "orderNumber": null,
        "notificationPdfLink": null,
        "notificationArchiveLink": null
      }
    },
    {
      "type": "Feature",
      "geometry": {
        "type": "Point",
        "coordinates": [
          80.699263,
          28.470872
        ]
      },
      "properties": {
        "wikidataId": "Q253455",
        "wikidataUrl": "https://www.wikidata.org/wiki/Q253455",
        "name": "Dudhwa National Park",
        "protectedAreaType": "Tiger Reserve",
        "state": "Uttar Pradesh",
        "iucnCategory": "IUCN category II: National Park",
        "area": 490,
        "osmRelationIds": [],
        "enwikiUrl": "https://en.wikipedia.org/wiki/Dudhwa_National_Park",
        "eszStatus": "none",
        "notificationCount": 0,
        "notificationStatus": null,
        "notificationDate": null,
        "orderNumber": null,
        "notificationPdfLink": null,
        "notificationArchiveLink": null
      }
    },
    {
      "type": "Feature",
      "geometry": {
        "type": "Point",
        "coordinates": [
          90.933333333,
          26.716666666
        ]
      },
      "properties": {
        "wikidataId": "Q506511",
        "wikidataUrl": "https://www.wikidata.org/wiki/Q506511",
        "name": "Manas National Park",
        "protectedAreaType": "Tiger Reserve",
        "state": "Assam",
        "iucnCategory": "IUCN category II: National Park",
        "area": 39100,
        "osmRelationIds": [],
        "enwikiUrl": "https://en.wikipedia.org/wiki/Manas_National_Park",
        "eszStatus": "none",
        "notificationCount": 0,
        "notificationStatus": null,
        "notificationDate": null,
        "orderNumber": null,
        "notificationPdfLink": null,
        "notificationArchiveLink": null
      }
    },
    {
      "type": "Feature",
      "geometry": {
        "type": "Point",
        "coordinates": [
          77.18,
          9.5775
        ]
      },
      "properties": {
        "wikidataId": "Q548153",
        "wikidataUrl": "https://www.wikidata.org/wiki/Q548153",
        "name": "Periyar National Park",
        "protectedAreaType": "Tiger Reserve",
        "state": "Kerala",
        "iucnCategory": "IUCN category II: National Park",
        "area": 77700,
        "osmRelationIds": [],
        "enwikiUrl": "https://en.wikipedia.org/wiki/Periyar_National_Park",
        "eszStatus": "draft",
        "notificationCount": 1,
        "notificationStatus": "Draft",
        "notificationDate": "2016-03-31",
        "orderNumber": "S.O. 1276(E)",
        "notificationPdfLink": "https://moef.gov.in/uploads/2017/06/Periyar%20Tiger%20Reserve%2C%20Kerala.pdf"
      }
    },
    {
      "type": "Feature",
      "geometry": {
        "type": "Point",
        "coordinates": [
          79.6175,
          30.73
        ]
      },
      "properties": {
        "wikidataId": "Q605897",
        "wikidataUrl": "https://www.wikidata.org/wiki/Q605897",
        "name": "Valley of Flowers National Park",
        "protectedAreaType": "National Park",
        "state": "Uttarakhand",
        "iucnCategory": "IUCN category II: National Park",
        "area": 71.783,
        "osmRelationIds": [],
        "enwikiUrl": "https://en.wikipedia.org/wiki/Valley_of_Flowers_National_Park",
        "eszStatus": "draft",
        "notificationCount": 1,
        "notificationStatus": "Draft",
        "notificationDate": "2015-11-27",
        "orderNumber": "SO 3235(E)",
        "notificationPdfLink": "https://moef.gov.in/uploads/2017/06/SO%203235(E)%5B27.11.2015%5D%20Draft%20notification%20declaring%20Eco-sensitive%20Zone%20around%20the%20valley%20of%20flowers%20Wildlife%20Sanctuary%20%20in%20the%20state%20of%20Uttarakhand.pdf"
      }
    },
    {
      "type": "Feature",
      "geometry": {
        "type": "Point",
        "coordinates": [
          75.99277778,
          33.60111111
        ]
      },
      "properties": {
        "wikidataId": "Q727091",
        "wikidataUrl": "https://www.wikidata.org/wiki/Q727091",
        "name": "Kishtwar National Park",
        "protectedAreaType": "National Park",
        "state": "Jammu and Kashmir",
        "iucnCategory": "IUCN category II: National Park",
        "area": null,
        "osmRelationIds": [],
        "enwikiUrl": "https://en.wikipedia.org/wiki/Kishtwar_National_Park",
        "eszStatus": "final",
        "notificationCount": 2,
        "notificationStatus": "Final",
        "notificationDate": "2021-10-13",
        "orderNumber": "S.O.4262(E)",
        "notificationPdfLink": "https://moef.gov.in/uploads/2020/08/kishtewar.pdf"
      }
    },
    {
      "type": "Feature",
      "geometry": {
        "type": "Point",
        "coordinates": [
          78.231,
          22.495
        ]
      },
      "properties": {
        "wikidataId": "Q733659",
        "wikidataUrl": "https://www.wikidata.org/wiki/Q733659",
        "name": "Satpura National Park",
        "protectedAreaType": "Tiger Reserve",
        "state": "Madhya Pradesh",
        "iucnCategory": "IUCN category II: National Park",
        "area": null,
        "osmRelationIds": [],
        "enwikiUrl": "https://en.wikipedia.org/wiki/Satpura_Tiger_Reserve",
        "eszStatus": "final",
        "notificationCount": 3,
        "notificationStatus": "Final",
        "notificationDate": "2021-03-12",
        "orderNumber": "S.O. 1192 (E)",
        "notificationPdfLink": "https://moef.gov.in/uploads/2021/03/satpura-amendment.pdf"
      }
    },
    {
      "type": "Feature",
      "geometry": {
        "type": "Point",
        "coordinates": [
          93.02027778,
          12.22388889
        ]
      },
      "properties": {
        "wikidataId": "Q770855",
        "wikidataUrl": "https://www.wikidata.org/wiki/Q770855",
        "name": "South Button Island National Park",
        "protectedAreaType": "National Park",
        "state": "Andaman and Nicobar Islands",
        "iucnCategory": "IUCN category II: National Park",
        "area": 0.03,
        "osmRelationIds": [],
        "enwikiUrl": "https://en.wikipedia.org/wiki/South_Button_Island_National_Park",
        "eszStatus": "final",
        "notificationCount": 2,
        "notificationStatus": "Final",
        "notificationDate": "2016-09-30",
        "orderNumber": "S.O. 3099(E)",
        "notificationPdfLink": "https://moef.gov.in/uploads/2019/08/Andaman-and-Nicobar-Islands-Final-notification.pdf"
      }
    },
    {
      "type": "Feature",
      "geometry": {
        "type": "Point",
        "coordinates": [
          93.00555556,
          13.15861111
        ]
      },
      "properties": {
        "wikidataId": "Q775202",
        "wikidataUrl": "https://www.wikidata.org/wiki/Q775202",
        "name": "Saddle Peak National Park",
        "protectedAreaType": "National Park",
        "state": "Andaman and Nicobar Islands",
        "iucnCategory": "IUCN category II: National Park",
        "area": 32.54,
        "osmRelationIds": [
          "9282556"
        ],
        "enwikiUrl": "https://en.wikipedia.org/wiki/Saddle_Peak_National_Park",
        "eszStatus": "final",
        "notificationCount": 2,
        "notificationStatus": "Final",
        "notificationDate": "2018-05-11",
        "orderNumber": "S.O. 1874(E)",
        "notificationPdfLink": "https://moef.gov.in/uploads/2019/08/saddle-peak.pdf"
      }
    },
    {
      "type": "Feature",
      "geometry": {
        "type": "Point",
        "coordinates": [
          73.554,
          19.132
        ]
      },
      "properties": {
        "wikidataId": "Q854971",
        "wikidataUrl": "https://www.wikidata.org/wiki/Q854971",
        "name": "Bhimashankar Wildlife Sanctuary",
        "protectedAreaType": "Wildlife Sanctuary",
        "state": "Maharashtra",
        "iucnCategory": "IUCN category IV: Habitat/Species Management Area",
        "area": 131,
        "osmRelationIds": [],
        "enwikiUrl": "https://en.wikipedia.org/wiki/Bhimashankar_Wildlife_Sanctuary",
        "eszStatus": "final",
        "notificationCount": 3,
        "notificationStatus": "Final",
        "notificationDate": "2020-08-05",
        "orderNumber": "S.O. 2633(E)",
        "notificationPdfLink": "https://moef.gov.in/uploads/2019/10/bhimashankar.pdf"
      }
    },
    {
      "type": "Feature",
      "geometry": {
        "type": "Point",
        "coordinates": [
          77.25,
          25.66666667
        ]
      },
      "properties": {
        "wikidataId": "Q1143016",
        "wikidataUrl": "https://www.wikidata.org/wiki/Q1143016",
        "name": "Kuno Wildlife Sanctuary",
        "protectedAreaType": "National Park",
        "state": "Madhya Pradesh",
        "iucnCategory": "IUCN category IV: Habitat/Species Management Area",
        "area": 344.68,
        "osmRelationIds": [],
        "enwikiUrl": "https://en.wikipedia.org/wiki/Kuno_National_Park",
        "eszStatus": "draft",
        "notificationCount": 1,
        "notificationStatus": "Draft",
        "notificationDate": "2022-05-04",
        "orderNumber": "S.O. 2078(E)",
        "notificationPdfLink": "https://moef.gov.in/uploads/2021/08/Published-Draft-Notification-S-O-2078.pdf"
      }
    },
    {
      "type": "Feature",
      "geometry": {
        "type": "Point",
        "coordinates": [
          75.02,
          34.14
        ]
      },
      "properties": {
        "wikidataId": "Q1156717",
        "wikidataUrl": "https://www.wikidata.org/wiki/Q1156717",
        "name": "Dachigam National Park",
        "protectedAreaType": "National Park",
        "state": "Jammu and Kashmir",
        "iucnCategory": "IUCN category II: National Park",
        "area": 147,
        "osmRelationIds": [],
        "enwikiUrl": "https://en.wikipedia.org/wiki/Dachigam_National_Park",
        "eszStatus": "draft",
        "notificationCount": 2,
        "notificationStatus": "Draft",
        "notificationDate": "2023-09-26",
        "orderNumber": "S.O. No. 4227(E)",
        "notificationPdfLink": "https://moef.gov.in/uploads/2023/11/ESZ-ReDraft-Dachigham-National-Park-Jammu-Kashmir.pdf"
      }
    },
    {
      "type": "Feature",
      "geometry": {
        "type": "Point",
        "coordinates": [
          77.083,
          10.2
        ]
      },
      "properties": {
        "wikidataId": "Q1194252",
        "wikidataUrl": "https://www.wikidata.org/wiki/Q1194252",
        "name": "Eravikulam National Park",
        "protectedAreaType": "National Park",
        "state": "Kerala",
        "iucnCategory": "IUCN category II: National Park",
        "area": 12700,
        "osmRelationIds": [
          "4148317"
        ],
        "enwikiUrl": "https://en.wikipedia.org/wiki/Eravikulam_National_Park",
        "eszStatus": "draft",
        "notificationCount": 2,
        "notificationStatus": "Draft",
        "notificationDate": "2021-01-12",
        "orderNumber": "S.O. 124(E)",
        "notificationPdfLink": "https://moef.gov.in/uploads/2021/01/eravikulam.pdf"
      }
    },
    {
      "type": "Feature",
      "geometry": {
        "type": "Point",
        "coordinates": [
          71.63333333,
          23.35
        ]
      },
      "properties": {
        "wikidataId": "Q1207543",
        "wikidataUrl": "https://www.wikidata.org/wiki/Q1207543",
        "name": "Indian Wild Ass Sanctuary",
        "protectedAreaType": "Wildlife Sanctuary",
        "state": "Gujarat",
        "iucnCategory": "IUCN category IV: Habitat/Species Management Area",
        "area": 4953.71,
        "osmRelationIds": [],
        "enwikiUrl": "https://en.wikipedia.org/wiki/Indian_Wild_Ass_Sanctuary",
        "eszStatus": "final",
        "notificationCount": 2,
        "notificationStatus": "Final",
        "notificationDate": "2018-10-04",
        "orderNumber": "S.O. 5138(E)",
        "notificationPdfLink": "https://moef.gov.in/uploads/2018/11/wild-ass_0.pdf"
      }
    },
    {
      "type": "Feature",
      "geometry": {
        "type": "Point",
        "coordinates": [
          95.340294,
          27.649841
        ]
      },
      "properties": {
        "wikidataId": "Q1209353",
        "wikidataUrl": "https://www.wikidata.org/wiki/Q1209353",
        "name": "Dibru-Saikhowa National Park",
        "protectedAreaType": "National Park",
        "state": "Assam",
        "iucnCategory": "IUCN category II: National Park",
        "area": null,
        "osmRelationIds": [],
        "enwikiUrl": "https://en.wikipedia.org/wiki/Dibru-Saikhowa_National_Park",
        "eszStatus": "final",
        "notificationCount": 3,
        "notificationStatus": "Final",
        "notificationDate": "2020-01-28",
        "orderNumber": "S.O. 460(E)",
        "notificationPdfLink": "https://moef.gov.in/uploads/2019/10/dibru-saikhowa.pdf"
      }
    },
    {
      "type": "Feature",
      "geometry": {
        "type": "Point",
        "coordinates": [
          81,
          19.33333333
        ]
      },
      "properties": {
        "wikidataId": "Q1427976",
        "wikidataUrl": "https://www.wikidata.org/wiki/Q1427976",
        "name": "Indravati National Park",
        "protectedAreaType": "Tiger Reserve",
        "state": "Chhattisgarh",
        "iucnCategory": null,
        "area": 1258,
        "osmRelationIds": [],
        "enwikiUrl": "https://en.wikipedia.org/wiki/Indravati_National_Park",
        "eszStatus": "none",
        "notificationCount": 0,
        "notificationStatus": null,
        "notificationDate": null,
        "orderNumber": null,
        "notificationPdfLink": null,
        "notificationArchiveLink": null
      }
    },
    {
      "type": "Feature",
      "geometry": {
        "type": "Point",
        "coordinates": [
          92.66666667,
          11.78333333
        ]
      },
      "properties": {
        "wikidataId": "Q1544313",
        "wikidataUrl": "https://www.wikidata.org/wiki/Q1544313",
        "name": "Rani Jhansi Marine National Park",
        "protectedAreaType": "National Park",
        "state": "Andaman and Nicobar Islands",
        "iucnCategory": "IUCN category II: National Park",
        "area": 320.06,
        "osmRelationIds": [],
        "enwikiUrl": "https://en.wikipedia.org/wiki/Rani_Jhansi_Marine_National_Park",
        "eszStatus": "final",
        "notificationCount": 2,
        "notificationStatus": "Final",
        "notificationDate": "2016-09-30",
        "orderNumber": "S.O. 3099(E)",
        "notificationPdfLink": "https://moef.gov.in/uploads/2019/08/Andaman-and-Nicobar-Islands-Final-notification.pdf"
      }
    },
    {
      "type": "Feature",
      "geometry": {
        "type": "Point",
        "coordinates": [
          77.433333333,
          33.983333333
        ]
      },
      "properties": {
        "wikidataId": "Q1604804",
        "wikidataUrl": "https://www.wikidata.org/wiki/Q1604804",
        "name": "Hemis National Park",
        "protectedAreaType": "National Park",
        "state": "Ladakh",
        "iucnCategory": "IUCN category II: National Park",
        "area": 4100,
        "osmRelationIds": [],
        "enwikiUrl": "https://en.wikipedia.org/wiki/Hemis_National_Park",
        "eszStatus": "none",
        "notificationCount": 0,
        "notificationStatus": null,
        "notificationDate": null,
        "orderNumber": null,
        "notificationPdfLink": null,
        "notificationArchiveLink": null
      }
    },
    {
      "type": "Feature",
      "geometry": {
        "type": "Point",
        "coordinates": [
          93.8402,
          24.4856
        ]
      },
      "properties": {
        "wikidataId": "Q1737898",
        "wikidataUrl": "https://www.wikidata.org/wiki/Q1737898",
        "name": "Keibul Lamjao National Park",
        "protectedAreaType": "National Park",
        "state": "Manipur",
        "iucnCategory": "IUCN category II: National Park",
        "area": 40,
        "osmRelationIds": [],
        "enwikiUrl": "https://en.wikipedia.org/wiki/Keibul_Lamjao_National_Park",
        "eszStatus": "final",
        "notificationCount": 2,
        "notificationStatus": "Final",
        "notificationDate": "2017-04-26",
        "orderNumber": "S.O. 1311 (E)",
        "notificationPdfLink": "https://moef.gov.in/uploads/2017/06/Keibul%20Lamjao%20National%20Park%2C%20Manipur.pdf"
      }
    },
    {
      "type": "Feature",
      "geometry": {
        "type": "Point",
        "coordinates": [
          73.753,
          17.549
        ]
      },
      "properties": {
        "wikidataId": "Q1785732",
        "wikidataUrl": "https://www.wikidata.org/wiki/Q1785732",
        "name": "Koyna Wildlife Sanctuary",
        "protectedAreaType": "Wildlife Sanctuary",
        "state": "Maharashtra",
        "iucnCategory": "IUCN category IV: Habitat/Species Management Area",
        "area": 42355,
        "osmRelationIds": [],
        "enwikiUrl": "https://en.wikipedia.org/wiki/Koyna_Wildlife_Sanctuary",
        "eszStatus": "none",
        "notificationCount": 0,
        "notificationStatus": null,
        "notificationDate": null,
        "orderNumber": null,
        "notificationPdfLink": null,
        "notificationArchiveLink": null
      }
    },
    {
      "type": "Feature",
      "geometry": {
        "type": "Point",
        "coordinates": [
          96.110294,
          27.649841
        ]
      },
      "properties": {
        "wikidataId": "Q1815612",
        "wikidataUrl": "https://www.wikidata.org/wiki/Q1815612",
        "name": "Namdapha National Park",
        "protectedAreaType": "Tiger Reserve",
        "state": "Arunachal Pradesh",
        "iucnCategory": "IUCN category II: National Park",
        "area": 1985,
        "osmRelationIds": [],
        "enwikiUrl": "https://en.wikipedia.org/wiki/Namdapha_National_Park",
        "eszStatus": "final",
        "notificationCount": 2,
        "notificationStatus": "Final",
        "notificationDate": "2024-08-09",
        "orderNumber": "S.O. 3243(E)",
        "notificationPdfLink": "https://moef.gov.in/uploads/pdf/kamlang_final.pdf"
      }
    },
    {
      "type": "Feature",
      "geometry": {
        "type": "Point",
        "coordinates": [
          73.956,
          16.384
        ]
      },
      "properties": {
        "wikidataId": "Q2125633",
        "wikidataUrl": "https://www.wikidata.org/wiki/Q2125633",
        "name": "Radhanagari Wildlife Sanctuary",
        "protectedAreaType": "Wildlife Sanctuary",
        "state": "Maharashtra",
        "iucnCategory": "IUCN category IV: Habitat/Species Management Area",
        "area": 28235,
        "osmRelationIds": [],
        "enwikiUrl": "https://en.wikipedia.org/wiki/Radhanagari_Wildlife_Sanctuary",
        "eszStatus": "final",
        "notificationCount": 2,
        "notificationStatus": "Final",
        "notificationDate": "2020-10-15",
        "orderNumber": "S.O.3630(E)",
        "notificationPdfLink": "https://moef.gov.in/uploads/2020/10/radhanagari.pdf"
      }
    },
    {
      "type": "Feature",
      "geometry": {
        "type": "Point",
        "coordinates": [
          77.76123,
          8.58102
        ]
      },
      "properties": {
        "wikidataId": "Q2253195",
        "wikidataUrl": "https://www.wikidata.org/wiki/Q2253195",
        "name": "Koothankulam Bird Sanctuary",
        "protectedAreaType": "Bird Sanctuary",
        "state": "Tamil Nadu",
        "iucnCategory": "IUCN category IV: Habitat/Species Management Area",
        "area": null,
        "osmRelationIds": [],
        "enwikiUrl": "https://en.wikipedia.org/wiki/Koonthankulam_Bird_Sanctuary",
        "eszStatus": "final",
        "notificationCount": 2,
        "notificationStatus": "Final",
        "notificationDate": "2019-06-07",
        "orderNumber": "S.O. 1930(E)",
        "notificationPdfLink": "https://moef.gov.in/uploads/2019/06/koonthankulam.pdf"
      }
    },
    {
      "type": "Feature",
      "geometry": {
        "type": "Point",
        "coordinates": [
          79.8559,
          12.54598
        ]
      },
      "properties": {
        "wikidataId": "Q2253205",
        "wikidataUrl": "https://www.wikidata.org/wiki/Q2253205",
        "name": "Vedanthangal Bird Sanctuary",
        "protectedAreaType": "Bird Sanctuary",
        "state": "Tamil Nadu",
        "iucnCategory": "IUCN category IV: Habitat/Species Management Area",
        "area": 0.3,
        "osmRelationIds": [],
        "enwikiUrl": "https://en.wikipedia.org/wiki/Vedanthangal_Bird_Sanctuary",
        "eszStatus": "none",
        "notificationCount": 0,
        "notificationStatus": null,
        "notificationDate": null,
        "orderNumber": null,
        "notificationPdfLink": null,
        "notificationArchiveLink": null
      }
    },
    {
      "type": "Feature",
      "geometry": {
        "type": "Point",
        "coordinates": [
          79.1455,
          31.088194444
        ]
      },
      "properties": {
        "wikidataId": "Q2281202",
        "wikidataUrl": "https://www.wikidata.org/wiki/Q2281202",
        "name": "Gangotri National Park",
        "protectedAreaType": "National Park",
        "state": "Uttarakhand",
        "iucnCategory": "IUCN category II: National Park",
        "area": null,
        "osmRelationIds": [],
        "enwikiUrl": "https://en.wikipedia.org/wiki/Gangotri_National_Park",
        "eszStatus": "final",
        "notificationCount": 2,
        "notificationStatus": "Final",
        "notificationDate": "2019-06-07",
        "orderNumber": "S.O. 1927(E)",
        "notificationPdfLink": "https://moef.gov.in/uploads/2019/06/gangotri.pdf"
      }
    },
    {
      "type": "Feature",
      "geometry": {
        "type": "Point",
        "coordinates": [
          89.58,
          26.65
        ]
      },
      "properties": {
        "wikidataId": "Q2340037",
        "wikidataUrl": "https://www.wikidata.org/wiki/Q2340037",
        "name": "Buxa Tiger Reserve",
        "protectedAreaType": "Tiger Reserve",
        "state": "West Bengal",
        "iucnCategory": "IUCN category II: National Park",
        "area": 760,
        "osmRelationIds": [],
        "enwikiUrl": "https://en.wikipedia.org/wiki/Buxa_Tiger_Reserve",
        "eszStatus": "final",
        "notificationCount": 2,
        "notificationStatus": "Final",
        "notificationDate": "2020-09-07",
        "orderNumber": "S.O. 3031 (E)",
        "notificationPdfLink": "https://moef.gov.in/uploads/2020/09/Buxa.pdf"
      }
    },
    {
      "type": "Feature",
      "geometry": {
        "type": "Point",
        "coordinates": [
          84.1793,
          27.0652
        ]
      },
      "properties": {
        "wikidataId": "Q2428291",
        "wikidataUrl": "https://www.wikidata.org/wiki/Q2428291",
        "name": "Valmiki National Park",
        "protectedAreaType": "Tiger Reserve",
        "state": "Bihar",
        "iucnCategory": "IUCN category II: National Park",
        "area": null,
        "osmRelationIds": [],
        "enwikiUrl": "https://en.wikipedia.org/wiki/Valmiki_National_Park",
        "eszStatus": "final",
        "notificationCount": 7,
        "notificationStatus": "Final",
        "notificationDate": "2021-07-09",
        "orderNumber": "S.O. 2765(E)",
        "notificationPdfLink": "https://moef.gov.in/uploads/2021/07/Valmiki-Notification-1.pdf"
      }
    },
    {
      "type": "Feature",
      "geometry": {
        "type": "Point",
        "coordinates": [
          77.57555556,
          12.80083333
        ]
      },
      "properties": {
        "wikidataId": "Q2588520",
        "wikidataUrl": "https://www.wikidata.org/wiki/Q2588520",
        "name": "Bannerghatta National Park",
        "protectedAreaType": "National Park",
        "state": "Karnataka",
        "iucnCategory": "IUCN category II: National Park",
        "area": null,
        "osmRelationIds": [],
        "enwikiUrl": "https://en.wikipedia.org/wiki/Bannerghatta_National_Park",
        "eszStatus": "final",
        "notificationCount": 3,
        "notificationStatus": "Final",
        "notificationDate": "2020-03-11",
        "orderNumber": "S.O. 1036(E)",
        "notificationPdfLink": "https://moef.gov.in/uploads/2019/10/bannerghata.pdf"
      }
    },
    {
      "type": "Feature",
      "geometry": {
        "type": "Point",
        "coordinates": [
          77.678055555,
          25.561666666
        ]
      },
      "properties": {
        "wikidataId": "Q2604975",
        "wikidataUrl": "https://www.wikidata.org/wiki/Q2604975",
        "name": "Madhav National Park",
        "protectedAreaType": "Tiger Reserve",
        "state": "Madhya Pradesh",
        "iucnCategory": "IUCN category II: National Park",
        "area": null,
        "osmRelationIds": [],
        "enwikiUrl": "https://en.wikipedia.org/wiki/Madhav_National_Park",
        "eszStatus": "final",
        "notificationCount": 2,
        "notificationStatus": "Final",
        "notificationDate": "2017-09-13",
        "orderNumber": "S.O. 3027 (E)",
        "notificationPdfLink": "https://moef.gov.in/uploads/2017/06/Madhav%20National%20Park%20MP%20Final.pdf"
      }
    },
    {
      "type": "Feature",
      "geometry": {
        "type": "Point",
        "coordinates": [
          88.3123,
          27.6563
        ]
      },
      "properties": {
        "wikidataId": "Q2605019",
        "wikidataUrl": "https://www.wikidata.org/wiki/Q2605019",
        "name": "Khangchendzonga National Park",
        "protectedAreaType": "National Park",
        "state": "Sikkim",
        "iucnCategory": "IUCN category II: National Park",
        "area": 178400,
        "osmRelationIds": [
          "3895850"
        ],
        "enwikiUrl": "https://en.wikipedia.org/wiki/Khangchendzonga_National_Park",
        "eszStatus": "final",
        "notificationCount": 3,
        "notificationStatus": "Final",
        "notificationDate": "2014-08-27",
        "orderNumber": "S.O. 2166",
        "notificationPdfLink": "https://moef.gov.in/uploads/2017/06/S.O.%202166%20%5B27.08.2014%5D%20Final%20ESZ%20Notification%20on%20Khangchendzonga%20NP%2C%20Sikkim.pdf"
      }
    },
    {
      "type": "Feature",
      "geometry": {
        "type": "Point",
        "coordinates": [
          84.1901,
          23.8878
        ]
      },
      "properties": {
        "wikidataId": "Q2663264",
        "wikidataUrl": "https://www.wikidata.org/wiki/Q2663264",
        "name": "Betla National Park",
        "protectedAreaType": "National Park",
        "state": "Jharkhand",
        "iucnCategory": "IUCN category II: National Park",
        "area": null,
        "osmRelationIds": [],
        "enwikiUrl": "https://en.wikipedia.org/wiki/Betla_National_Park",
        "eszStatus": "draft",
        "notificationCount": 2,
        "notificationStatus": "Draft",
        "notificationDate": "2018-02-22",
        "orderNumber": "S.O. 779(E)",
        "notificationPdfLink": "https://moef.gov.in/uploads/2018/05/palamau.pdf"
      }
    },
    {
      "type": "Feature",
      "geometry": {
        "type": "Point",
        "coordinates": [
          74.804,
          34.081
        ]
      },
      "properties": {
        "wikidataId": "Q2667857",
        "wikidataUrl": "https://www.wikidata.org/wiki/Q2667857",
        "name": "Salim Ali National Park",
        "protectedAreaType": "National Park",
        "state": "Jammu and Kashmir",
        "iucnCategory": "IUCN category II: National Park",
        "area": null,
        "osmRelationIds": [],
        "enwikiUrl": "https://en.wikipedia.org/wiki/Salim_Ali_National_Park",
        "eszStatus": "none",
        "notificationCount": 0,
        "notificationStatus": null,
        "notificationDate": null,
        "orderNumber": null,
        "notificationPdfLink": null,
        "notificationArchiveLink": null
      }
    },
    {
      "type": "Feature",
      "geometry": {
        "type": "Point",
        "coordinates": [
          73.4667,
          20.7333
        ]
      },
      "properties": {
        "wikidataId": "Q2669063",
        "wikidataUrl": "https://www.wikidata.org/wiki/Q2669063",
        "name": "Vansda National Park",
        "protectedAreaType": "National Park",
        "state": "Gujarat",
        "iucnCategory": "IUCN category II: National Park",
        "area": null,
        "osmRelationIds": [],
        "enwikiUrl": "https://en.wikipedia.org/wiki/Vansda_National_Park",
        "eszStatus": "final",
        "notificationCount": 3,
        "notificationStatus": "Final",
        "notificationDate": "2012-05-31",
        "orderNumber": "S.O. No. 1258",
        "notificationPdfLink": "https://moef.gov.in/uploads/2017/06/S.O.%20No.%201258%20%5B31.05.2012%5D%20Final%20ESZ%20Notification%20on%20Vansda%20NP%2C%20Gujarat.pdf"
      }
    },
    {
      "type": "Feature",
      "geometry": {
        "type": "Point",
        "coordinates": [
          72.023111111,
          22.792569444
        ]
      },
      "properties": {
        "wikidataId": "Q2723560",
        "wikidataUrl": "https://www.wikidata.org/wiki/Q2723560",
        "name": "Nal Sarovar Bird Sanctuary",
        "protectedAreaType": "Bird Sanctuary",
        "state": "Gujarat",
        "iucnCategory": "IUCN category IV: Habitat/Species Management Area",
        "area": null,
        "osmRelationIds": [],
        "enwikiUrl": "https://en.wikipedia.org/wiki/Nal_Sarovar_Bird_Sanctuary",
        "eszStatus": "final",
        "notificationCount": 3,
        "notificationStatus": "Final",
        "notificationDate": "2017-06-07",
        "orderNumber": "S.O. 1812",
        "notificationPdfLink": "https://moef.gov.in/uploads/2017/06/Nalsarovar%20Bird%20Sanctuary%2C%20Gujarat.pdf"
      }
    },
    {
      "type": "Feature",
      "geometry": {
        "type": "Point",
        "coordinates": [
          69.16923,
          22.10775
        ]
      },
      "properties": {
        "wikidataId": "Q2731635",
        "wikidataUrl": "https://www.wikidata.org/wiki/Q2731635",
        "name": "Gaga Wildlife Sanctuary",
        "protectedAreaType": "Wildlife Sanctuary",
        "state": "Gujarat",
        "iucnCategory": "IUCN category IV: Habitat/Species Management Area",
        "area": null,
        "osmRelationIds": [],
        "enwikiUrl": "https://en.wikipedia.org/wiki/Gaga_Wildlife_Sanctuary",
        "eszStatus": "final",
        "notificationCount": 2,
        "notificationStatus": "Final",
        "notificationDate": "2017-06-09",
        "orderNumber": "S.O. 1865 (E)",
        "notificationPdfLink": "https://moef.gov.in/uploads/2017/06/Gaga%20Sanctuary%2C%20Gujarat.pdf"
      }
    },
    {
      "type": "Feature",
      "geometry": {
        "type": "Point",
        "coordinates": [
          73.7167,
          22.3667
        ]
      },
      "properties": {
        "wikidataId": "Q2757724",
        "wikidataUrl": "https://www.wikidata.org/wiki/Q2757724",
        "name": "Jambughoda Wildlife Sanctuary",
        "protectedAreaType": "Wildlife Sanctuary",
        "state": "Gujarat",
        "iucnCategory": "IUCN category IV: Habitat/Species Management Area",
        "area": null,
        "osmRelationIds": [],
        "enwikiUrl": "https://en.wikipedia.org/wiki/Jambughoda_Wildlife_Sanctuary",
        "eszStatus": "final",
        "notificationCount": 2,
        "notificationStatus": "Final",
        "notificationDate": "2019-03-11",
        "orderNumber": "S.O. 1316(E)",
        "notificationPdfLink": "https://moef.gov.in/uploads/2018/12/jambugoda.pdf"
      }
    },
    {
      "type": "Feature",
      "geometry": {
        "type": "Point",
        "coordinates": [
          74.110347222,
          22.575
        ]
      },
      "properties": {
        "wikidataId": "Q2769992",
        "wikidataUrl": "https://www.wikidata.org/wiki/Q2769992",
        "name": "Ratan Mahal Wildlife Sanctuary",
        "protectedAreaType": "Wildlife Sanctuary",
        "state": "Gujarat",
        "iucnCategory": "IUCN category IV: Habitat/Species Management Area",
        "area": null,
        "osmRelationIds": [],
        "enwikiUrl": "https://en.wikipedia.org/wiki/Ratanmahal_Wildlife_Sanctuary",
        "eszStatus": "final",
        "notificationCount": 2,
        "notificationStatus": "Final",
        "notificationDate": "2019-01-30",
        "orderNumber": "S.O. 549(E)",
        "notificationPdfLink": "https://moef.gov.in/uploads/2017/06/ratanmahal-1.pdf"
      }
    },
    {
      "type": "Feature",
      "geometry": {
        "type": "Point",
        "coordinates": [
          92.6929,
          26.5148
        ]
      },
      "properties": {
        "wikidataId": "Q2928293",
        "wikidataUrl": "https://www.wikidata.org/wiki/Q2928293",
        "name": "Bura Chapori Wildlife Sanctuary",
        "protectedAreaType": "Wildlife Sanctuary",
        "state": "Assam",
        "iucnCategory": "IUCN category IV: Habitat/Species Management Area",
        "area": null,
        "osmRelationIds": [],
        "enwikiUrl": "https://en.wikipedia.org/wiki/Bura_Chapori_Wildlife_Sanctuary",
        "eszStatus": "none",
        "notificationCount": 0,
        "notificationStatus": null,
        "notificationDate": null,
        "orderNumber": null,
        "notificationPdfLink": null,
        "notificationArchiveLink": null
      }
    },
    {
      "type": "Feature",
      "geometry": {
        "type": "Point",
        "coordinates": [
          78.9314,
          16.0358
        ]
      },
      "properties": {
        "wikidataId": "Q3895706",
        "wikidataUrl": "https://www.wikidata.org/wiki/Q3895706",
        "name": "Nagarjunsagar-Srisailam Tiger Reserve",
        "protectedAreaType": "Tiger Reserve",
        "state": "Andhra Pradesh",
        "iucnCategory": "IUCN category IV: Habitat/Species Management Area",
        "area": 5937,
        "osmRelationIds": [],
        "enwikiUrl": "https://en.wikipedia.org/wiki/Nagarjunsagar-Srisailam_Tiger_Reserve",
        "eszStatus": "final",
        "notificationCount": 2,
        "notificationStatus": "Final",
        "notificationDate": "2021-10-18",
        "orderNumber": "S.O.4373(E)",
        "notificationPdfLink": "https://moef.gov.in/uploads/2020/08/Nagarjunasagar.pdf"
      }
    },
    {
      "type": "Feature",
      "geometry": {
        "type": "Point",
        "coordinates": [
          77.31666667,
          8.68333333
        ]
      },
      "properties": {
        "wikidataId": "Q3936889",
        "wikidataUrl": "https://www.wikidata.org/wiki/Q3936889",
        "name": "Kalakkad Mundanthurai Tiger Reserve",
        "protectedAreaType": "Tiger Reserve",
        "state": "Tamil Nadu",
        "iucnCategory": "IUCN category IV: Habitat/Species Management Area",
        "area": 89500,
        "osmRelationIds": [
          "17746132"
        ],
        "enwikiUrl": "https://en.wikipedia.org/wiki/Kalakkad_Mundanthurai_Tiger_Reserve",
        "eszStatus": "none",
        "notificationCount": 0,
        "notificationStatus": null,
        "notificationDate": null,
        "orderNumber": null,
        "notificationPdfLink": null,
        "notificationArchiveLink": null
      }
    },
    {
      "type": "Feature",
      "geometry": {
        "type": "Point",
        "coordinates": [
          88.06666667,
          27.11666667
        ]
      },
      "properties": {
        "wikidataId": "Q2985193",
        "wikidataUrl": "https://www.wikidata.org/wiki/Q2985193",
        "name": "Singalila National Park",
        "protectedAreaType": "National Park",
        "state": "West Bengal",
        "iucnCategory": "IUCN category II: National Park",
        "area": 78.6,
        "osmRelationIds": [],
        "enwikiUrl": "https://en.wikipedia.org/wiki/Singalila_National_Park",
        "eszStatus": "final",
        "notificationCount": 2,
        "notificationStatus": "Final",
        "notificationDate": "2017-11-17",
        "orderNumber": "S.O. 3613(E)",
        "notificationPdfLink": "https://moef.gov.in/uploads/2017/06/singalila.pdf"
      }
    },
    {
      "type": "Feature",
      "geometry": {
        "type": "Point",
        "coordinates": [
          76.475,
          11.266666666
        ]
      },
      "properties": {
        "wikidataId": "Q2985390",
        "wikidataUrl": "https://www.wikidata.org/wiki/Q2985390",
        "name": "Mukurthi National Park",
        "protectedAreaType": "National Park",
        "state": "Tamil Nadu",
        "iucnCategory": "IUCN category II: National Park",
        "area": 7850,
        "osmRelationIds": [],
        "enwikiUrl": "https://en.wikipedia.org/wiki/Mukurthi_National_Park",
        "eszStatus": "none",
        "notificationCount": 0,
        "notificationStatus": null,
        "notificationDate": null,
        "orderNumber": null,
        "notificationPdfLink": null,
        "notificationArchiveLink": null
      }
    },
    {
      "type": "Feature",
      "geometry": {
        "type": "Point",
        "coordinates": [
          88.7,
          27.06
        ]
      },
      "properties": {
        "wikidataId": "Q2985788",
        "wikidataUrl": "https://www.wikidata.org/wiki/Q2985788",
        "name": "Neora Valley National Park",
        "protectedAreaType": "National Park",
        "state": "West Bengal",
        "iucnCategory": "IUCN category II: National Park",
        "area": null,
        "osmRelationIds": [],
        "enwikiUrl": "https://en.wikipedia.org/wiki/Neora_Valley_National_Park",
        "eszStatus": "final",
        "notificationCount": 3,
        "notificationStatus": "Final",
        "notificationDate": "2017-09-12",
        "orderNumber": "S.O. 2994 (E)",
        "notificationPdfLink": "https://moef.gov.in/uploads/2017/06/Neora%20Valley%20National%20Park%20West%20Bengal%20Final.pdf"
      }
    },
    {
      "type": "Feature",
      "geometry": {
        "type": "Point",
        "coordinates": [
          92.79,
          27.01
        ]
      },
      "properties": {
        "wikidataId": "Q2989157",
        "wikidataUrl": "https://www.wikidata.org/wiki/Q2989157",
        "name": "Nameri National Park",
        "protectedAreaType": "Tiger Reserve",
        "state": "Assam",
        "iucnCategory": "IUCN category II: National Park",
        "area": null,
        "osmRelationIds": [],
        "enwikiUrl": "https://en.wikipedia.org/wiki/Nameri_National_Park",
        "eszStatus": "final",
        "notificationCount": 3,
        "notificationStatus": "Final",
        "notificationDate": "2020-10-27",
        "orderNumber": "S.O. 3881(E)",
        "notificationPdfLink": "https://moef.gov.in/uploads/2019/02/nameri.pdf"
      }
    },
    {
      "type": "Feature",
      "geometry": {
        "type": "Point",
        "coordinates": [
          93.45,
          25.56
        ]
      },
      "properties": {
        "wikidataId": "Q3091771",
        "wikidataUrl": "https://www.wikidata.org/wiki/Q3091771",
        "name": "Ntangki National Park",
        "protectedAreaType": "National Park",
        "state": "Nagaland",
        "iucnCategory": "IUCN category II: National Park",
        "area": null,
        "osmRelationIds": [],
        "enwikiUrl": "https://en.wikipedia.org/wiki/Ntangki_National_Park",
        "eszStatus": "none",
        "notificationCount": 0,
        "notificationStatus": null,
        "notificationDate": null,
        "orderNumber": null,
        "notificationPdfLink": null,
        "notificationArchiveLink": null
      }
    },
    {
      "type": "Feature",
      "geometry": {
        "type": "Point",
        "coordinates": [
          77.13333333,
          10.03333333
        ]
      },
      "properties": {
        "wikidataId": "Q3091867",
        "wikidataUrl": "https://www.wikidata.org/wiki/Q3091867",
        "name": "Mathikettan Shola National Park",
        "protectedAreaType": "National Park",
        "state": "Kerala",
        "iucnCategory": "IUCN category II: National Park",
        "area": null,
        "osmRelationIds": [],
        "enwikiUrl": "https://en.wikipedia.org/wiki/Mathikettan_Shola_National_Park",
        "eszStatus": "final",
        "notificationCount": 3,
        "notificationStatus": "Final",
        "notificationDate": "2020-12-28",
        "orderNumber": "S.O.4729(E)",
        "notificationPdfLink": "https://moef.gov.in/uploads/2020/12/mathik.pdf"
      }
    },
    {
      "type": "Feature",
      "geometry": {
        "type": "Point",
        "coordinates": [
          78.34111111,
          17.35777778
        ]
      },
      "properties": {
        "wikidataId": "Q3092307",
        "wikidataUrl": "https://www.wikidata.org/wiki/Q3092307",
        "name": "Mrugavani National Park",
        "protectedAreaType": "National Park",
        "state": "Telangana",
        "iucnCategory": "IUCN category II: National Park",
        "area": null,
        "osmRelationIds": [],
        "enwikiUrl": "https://en.wikipedia.org/wiki/Mrugavani_National_Park",
        "eszStatus": "draft",
        "notificationCount": 1,
        "notificationStatus": "Draft",
        "notificationDate": "2015-08-04",
        "orderNumber": "S.O.2117",
        "notificationPdfLink": "https://moef.gov.in/uploads/2017/06/S.O.2117%20%5B04.08.2015%5D%20Draft%20ESZ%20Notification%20on%20Mrugvani%20National%20Park%2C%20Telangana.pdf"
      }
    },
    {
      "type": "Feature",
      "geometry": {
        "type": "Point",
        "coordinates": [
          78.58583333,
          17.34
        ]
      },
      "properties": {
        "wikidataId": "Q3092314",
        "wikidataUrl": "https://www.wikidata.org/wiki/Q3092314",
        "name": "Mahavir Harina Vanasthali National Park",
        "protectedAreaType": "National Park",
        "state": "Telangana",
        "iucnCategory": "IUCN category II: National Park",
        "area": null,
        "osmRelationIds": [],
        "enwikiUrl": "https://en.wikipedia.org/wiki/Mahavir_Harina_Vanasthali_National_Park",
        "eszStatus": "final",
        "notificationCount": 2,
        "notificationStatus": "Final",
        "notificationDate": "2017-05-26",
        "orderNumber": "S.O. 1698 (E)",
        "notificationPdfLink": "https://moef.gov.in/uploads/2017/06/Mahavir%20Harina%20Vanasthali%20National%20Park%2C%20Telangana.pdf"
      }
    },
    {
      "type": "Feature",
      "geometry": {
        "type": "Point",
        "coordinates": [
          77.36977,
          23.22948
        ]
      },
      "properties": {
        "wikidataId": "Q3092357",
        "wikidataUrl": "https://www.wikidata.org/wiki/Q3092357",
        "name": "Van Vihar National Park",
        "protectedAreaType": "National Park",
        "state": "Madhya Pradesh",
        "iucnCategory": "IUCN category II: National Park",
        "area": null,
        "osmRelationIds": [],
        "enwikiUrl": "https://en.wikipedia.org/wiki/Van_Vihar_National_Park",
        "eszStatus": "final",
        "notificationCount": 3,
        "notificationStatus": "Final",
        "notificationDate": "2017-11-29",
        "orderNumber": "S.O. 3777(E)",
        "notificationPdfLink": "https://moef.gov.in/uploads/2017/06/van%20vihar%20(2).pdf"
      }
    },
    {
      "type": "Feature",
      "geometry": {
        "type": "Point",
        "coordinates": [
          94.86666667,
          28.58333333
        ]
      },
      "properties": {
        "wikidataId": "Q3143047",
        "wikidataUrl": "https://www.wikidata.org/wiki/Q3143047",
        "name": "Mouling National Park",
        "protectedAreaType": "National Park",
        "state": "Arunachal Pradesh",
        "iucnCategory": "IUCN category II: National Park",
        "area": null,
        "osmRelationIds": [],
        "enwikiUrl": "https://en.wikipedia.org/wiki/Mouling_National_Park",
        "eszStatus": "final",
        "notificationCount": 3,
        "notificationStatus": "Final",
        "notificationDate": "2019-06-03",
        "orderNumber": "S.O. 1918(E)",
        "notificationPdfLink": "https://moef.gov.in/uploads/2019/06/mouling.pdf"
      }
    },
    {
      "type": "Feature",
      "geometry": {
        "type": "Point",
        "coordinates": [
          90.11666667,
          25.53333333
        ]
      },
      "properties": {
        "wikidataId": "Q3174875",
        "wikidataUrl": "https://www.wikidata.org/wiki/Q3174875",
        "name": "Nokrek National Park",
        "protectedAreaType": "National Park",
        "state": "Meghalaya",
        "iucnCategory": "IUCN category II: National Park",
        "area": null,
        "osmRelationIds": [],
        "enwikiUrl": "https://en.wikipedia.org/wiki/Nokrek_National_Park",
        "eszStatus": "final",
        "notificationCount": 4,
        "notificationStatus": "Final",
        "notificationDate": "2023-03-03",
        "orderNumber": "S.O. 2877(E)",
        "notificationPdfLink": "https://moef.gov.in/uploads/2023/11/SO2877(E)-Nokrek-Final-notificaiton.pdf"
      }
    },
    {
      "type": "Feature",
      "geometry": {
        "type": "Point",
        "coordinates": [
          78.45,
          30.73333333
        ]
      },
      "properties": {
        "wikidataId": "Q3174886",
        "wikidataUrl": "https://www.wikidata.org/wiki/Q3174886",
        "name": "Govind Pashu Vihar Wildlife Sanctuary",
        "protectedAreaType": "Wildlife Sanctuary",
        "state": "Uttar Pradesh",
        "iucnCategory": "IUCN category IV: Habitat/Species Management Area",
        "area": 485.89,
        "osmRelationIds": [],
        "enwikiUrl": "https://en.wikipedia.org/wiki/Govind_Pashu_Vihar_Wildlife_Sanctuary",
        "eszStatus": "none",
        "notificationCount": 0,
        "notificationStatus": null,
        "notificationDate": null,
        "orderNumber": null,
        "notificationPdfLink": null,
        "notificationArchiveLink": null
      }
    },
    {
      "type": "Feature",
      "geometry": {
        "type": "Point",
        "coordinates": [
          79.3378,
          13.7511
        ]
      },
      "properties": {
        "wikidataId": "Q3174893",
        "wikidataUrl": "https://www.wikidata.org/wiki/Q3174893",
        "name": "Sri Venkateswara National Park",
        "protectedAreaType": "National Park",
        "state": "Andhra Pradesh",
        "iucnCategory": "IUCN category II: National Park",
        "area": null,
        "osmRelationIds": [],
        "enwikiUrl": "https://en.wikipedia.org/wiki/Sri_Venkateswara_National_Park",
        "eszStatus": "final",
        "notificationCount": 2,
        "notificationStatus": "Final",
        "notificationDate": "2021-06-18",
        "orderNumber": "S.O. 2409(E)",
        "notificationPdfLink": "https://moef.gov.in/uploads/2021/06/sri-venkateshwara.pdf"
      }
    },
    {
      "type": "Feature",
      "geometry": {
        "type": "Point",
        "coordinates": [
          77.26694444,
          10.14388889
        ]
      },
      "properties": {
        "wikidataId": "Q3330156",
        "wikidataUrl": "https://www.wikidata.org/wiki/Q3330156",
        "name": "Pampadum Shola National Park",
        "protectedAreaType": "National Park",
        "state": "Kerala",
        "iucnCategory": "IUCN category II: National Park",
        "area": null,
        "osmRelationIds": [],
        "enwikiUrl": "https://en.wikipedia.org/wiki/Pampadum_Shola_National_Park",
        "eszStatus": "draft",
        "notificationCount": 2,
        "notificationStatus": "Draft",
        "notificationDate": "2021-01-12",
        "orderNumber": "S.O. 124(E)",
        "notificationPdfLink": "https://moef.gov.in/uploads/2021/01/eravikulam.pdf"
      }
    },
    {
      "type": "Feature",
      "geometry": {
        "type": "Point",
        "coordinates": [
          77.08333333,
          10.20833333
        ]
      },
      "properties": {
        "wikidataId": "Q3333420",
        "wikidataUrl": "https://www.wikidata.org/wiki/Q3333420",
        "name": "Anamudi Shola National Park",
        "protectedAreaType": "National Park",
        "state": "Kerala",
        "iucnCategory": "IUCN category II: National Park",
        "area": 1126,
        "osmRelationIds": [
          "15036911"
        ],
        "enwikiUrl": "https://en.wikipedia.org/wiki/Anamudi_Shola_National_Park",
        "eszStatus": "draft",
        "notificationCount": 2,
        "notificationStatus": "Draft",
        "notificationDate": "2021-01-12",
        "orderNumber": "S.O. 124(E)",
        "notificationPdfLink": "https://moef.gov.in/uploads/2021/01/eravikulam.pdf"
      }
    },
    {
      "type": "Feature",
      "geometry": {
        "type": "Point",
        "coordinates": [
          93.3,
          23.61694444
        ]
      },
      "properties": {
        "wikidataId": "Q3334361",
        "wikidataUrl": "https://www.wikidata.org/wiki/Q3334361",
        "name": "Murlen National Park",
        "protectedAreaType": "National Park",
        "state": "Mizoram",
        "iucnCategory": "IUCN category II: National Park",
        "area": null,
        "osmRelationIds": [],
        "enwikiUrl": "https://en.wikipedia.org/wiki/Murlen_National_Park",
        "eszStatus": "final",
        "notificationCount": 2,
        "notificationStatus": "Final",
        "notificationDate": "2019-07-02",
        "orderNumber": "S.O. 2358(E)",
        "notificationPdfLink": "https://moef.gov.in/uploads/2018/12/murlen.pdf"
      }
    },
    {
      "type": "Feature",
      "geometry": {
        "type": "Point",
        "coordinates": [
          80.61361111,
          23.11027778
        ]
      },
      "properties": {
        "wikidataId": "Q3364416",
        "wikidataUrl": "https://www.wikidata.org/wiki/Q3364416",
        "name": "Mandla Plant Fossils National Park",
        "protectedAreaType": "National Park",
        "state": "Madhya Pradesh",
        "iucnCategory": "IUCN category II: National Park",
        "area": null,
        "osmRelationIds": [],
        "enwikiUrl": "https://en.wikipedia.org/wiki/Mandla_Plant_Fossils_National_Park",
        "eszStatus": "none",
        "notificationCount": 0,
        "notificationStatus": null,
        "notificationDate": null,
        "orderNumber": null,
        "notificationPdfLink": null,
        "notificationArchiveLink": null
      }
    },
    {
      "type": "Feature",
      "geometry": {
        "type": "Point",
        "coordinates": [
          77.14861111,
          21.40555556
        ]
      },
      "properties": {
        "wikidataId": "Q3364450",
        "wikidataUrl": "https://www.wikidata.org/wiki/Q3364450",
        "name": "Gugamal National Park",
        "protectedAreaType": "National Park",
        "state": "Maharashtra",
        "iucnCategory": "IUCN category II: National Park",
        "area": null,
        "osmRelationIds": [],
        "enwikiUrl": "https://en.wikipedia.org/wiki/Gugamal_National_Park",
        "eszStatus": "none",
        "notificationCount": 0,
        "notificationStatus": null,
        "notificationDate": null,
        "orderNumber": null,
        "notificationPdfLink": null,
        "notificationArchiveLink": null
      }
    },
    {
      "type": "Feature",
      "geometry": {
        "type": "Point",
        "coordinates": [
          93.02611111,
          12.27555556
        ]
      },
      "properties": {
        "wikidataId": "Q3364465",
        "wikidataUrl": "https://www.wikidata.org/wiki/Q3364465",
        "name": "Middle Button Island National Park",
        "protectedAreaType": "National Park",
        "state": "Andaman and Nicobar Islands",
        "iucnCategory": "IUCN category II: National Park",
        "area": null,
        "osmRelationIds": [],
        "enwikiUrl": "https://en.wikipedia.org/wiki/Middle_Button_Island_National_Park",
        "eszStatus": "final",
        "notificationCount": 2,
        "notificationStatus": "Final",
        "notificationDate": "2016-09-30",
        "orderNumber": "S.O. 3099(E)",
        "notificationPdfLink": "https://moef.gov.in/uploads/2019/08/Andaman-and-Nicobar-Islands-Final-notification.pdf"
      }
    },
    {
      "type": "Feature",
      "geometry": {
        "type": "Point",
        "coordinates": [
          93.06805556,
          12.31722222
        ]
      },
      "properties": {
        "wikidataId": "Q3364468",
        "wikidataUrl": "https://www.wikidata.org/wiki/Q3364468",
        "name": "North Button Island National Park",
        "protectedAreaType": "National Park",
        "state": "Andaman and Nicobar Islands",
        "iucnCategory": "IUCN category II: National Park",
        "area": null,
        "osmRelationIds": [],
        "enwikiUrl": "https://en.wikipedia.org/wiki/North_Button_Island_National_Park",
        "eszStatus": "final",
        "notificationCount": 2,
        "notificationStatus": "Final",
        "notificationDate": "2016-09-30",
        "orderNumber": "S.O. 3099(E)",
        "notificationPdfLink": "https://moef.gov.in/uploads/2019/08/Andaman-and-Nicobar-Islands-Final-notification.pdf"
      }
    },
    {
      "type": "Feature",
      "geometry": {
        "type": "Point",
        "coordinates": [
          79.24833333,
          21.69305556
        ]
      },
      "properties": {
        "wikidataId": "Q3364473",
        "wikidataUrl": "https://www.wikidata.org/wiki/Q3364473",
        "name": "Pench Tiger Reserve",
        "protectedAreaType": "Tiger Reserve",
        "state": "Madhya Pradesh",
        "iucnCategory": "IUCN category II: National Park",
        "area": null,
        "osmRelationIds": [],
        "enwikiUrl": "https://en.wikipedia.org/wiki/Pench_Tiger_Reserve",
        "eszStatus": "none",
        "notificationCount": 0,
        "notificationStatus": null,
        "notificationDate": null,
        "orderNumber": null,
        "notificationPdfLink": null,
        "notificationArchiveLink": null
      }
    },
    {
      "type": "Feature",
      "geometry": {
        "type": "Point",
        "coordinates": [
          94.23083333,
          24.23083333
        ]
      },
      "properties": {
        "wikidataId": "Q3364480",
        "wikidataUrl": "https://www.wikidata.org/wiki/Q3364480",
        "name": "Shirui National Park",
        "protectedAreaType": "National Park",
        "state": "Manipur",
        "iucnCategory": "IUCN category II: National Park",
        "area": null,
        "osmRelationIds": [],
        "enwikiUrl": "https://en.wikipedia.org/wiki/Shirui_National_Park",
        "eszStatus": "none",
        "notificationCount": 0,
        "notificationStatus": null,
        "notificationDate": null,
        "orderNumber": null,
        "notificationPdfLink": null,
        "notificationArchiveLink": null
      }
    },
    {
      "type": "Feature",
      "geometry": {
        "type": "Point",
        "coordinates": [
          92.65694444,
          11.57055556
        ]
      },
      "properties": {
        "wikidataId": "Q3364527",
        "wikidataUrl": "https://www.wikidata.org/wiki/Q3364527",
        "name": "Mahatma Gandhi Marine National Park",
        "protectedAreaType": "National Park",
        "state": "Andaman and Nicobar Islands",
        "iucnCategory": "IUCN category II: National Park",
        "area": 281.5,
        "osmRelationIds": [],
        "enwikiUrl": "https://en.wikipedia.org/wiki/Mahatma_Gandhi_Marine_National_Park",
        "eszStatus": "final",
        "notificationCount": 2,
        "notificationStatus": "Final",
        "notificationDate": "2022-04-28",
        "orderNumber": "S.O. 2020(E)",
        "notificationPdfLink": "https://moef.gov.in/uploads/2021/08/Final-Notification-S-O-No-2020.pdf"
      }
    },
    {
      "type": "Feature",
      "geometry": {
        "type": "Point",
        "coordinates": [
          92.33333333,
          23.41666667
        ]
      },
      "properties": {
        "wikidataId": "Q3457187",
        "wikidataUrl": "https://www.wikidata.org/wiki/Q3457187",
        "name": "Dampa Tiger Reserve",
        "protectedAreaType": "Tiger Reserve",
        "state": "Mizoram",
        "iucnCategory": "IUCN category IV: Habitat/Species Management Area",
        "area": null,
        "osmRelationIds": [],
        "enwikiUrl": "https://en.wikipedia.org/wiki/Dampa_Tiger_Reserve",
        "eszStatus": "final",
        "notificationCount": 2,
        "notificationStatus": "Final",
        "notificationDate": "2019-07-15",
        "orderNumber": "S.O. 2519(E)",
        "notificationPdfLink": "https://moef.gov.in/uploads/2018/12/dampa.pdf"
      }
    },
    {
      "type": "Feature",
      "geometry": {
        "type": "Point",
        "coordinates": [
          92.4,
          27.1
        ]
      },
      "properties": {
        "wikidataId": "Q3471771",
        "wikidataUrl": "https://www.wikidata.org/wiki/Q3471771",
        "name": "Eaglenest Wildlife Sanctuary",
        "protectedAreaType": "Wildlife Sanctuary",
        "state": "Arunachal Pradesh",
        "iucnCategory": "IUCN category IV: Habitat/Species Management Area",
        "area": null,
        "osmRelationIds": [],
        "enwikiUrl": "https://en.wikipedia.org/wiki/Eaglenest_Wildlife_Sanctuary",
        "eszStatus": "final",
        "notificationCount": 3,
        "notificationStatus": "Final",
        "notificationDate": "2020-08-28",
        "orderNumber": "S.O. 2943(E)",
        "notificationPdfLink": "https://moef.gov.in/uploads/2019/02/Eagle-nest.pdf"
      }
    },
    {
      "type": "Feature",
      "geometry": {
        "type": "Point",
        "coordinates": [
          88.53366667,
          27.3113
        ]
      },
      "properties": {
        "wikidataId": "Q3471769",
        "wikidataUrl": "https://www.wikidata.org/wiki/Q3471769",
        "name": "Fambong Lho Wildlife Sanctuary",
        "protectedAreaType": "Wildlife Sanctuary",
        "state": "Sikkim",
        "iucnCategory": "IUCN category IV: Habitat/Species Management Area",
        "area": 51.76,
        "osmRelationIds": [],
        "enwikiUrl": "https://en.wikipedia.org/wiki/Fambong_Lho_Wildlife_Sanctuary",
        "eszStatus": "final",
        "notificationCount": 2,
        "notificationStatus": "Final",
        "notificationDate": "2014-08-27",
        "orderNumber": "S.O.2171",
        "notificationPdfLink": "https://moef.gov.in/uploads/2017/06/S.O.2171%20%5B27.08.2014%5D%20Final%20ESZ%20Notification%20Fambonglho%20Wildlife%20Sanctuary%2C%20Sikkim.pdf"
      }
    },
    {
      "type": "Feature",
      "geometry": {
        "type": "Point",
        "coordinates": [
          92.34583333,
          26.89416667
        ]
      },
      "properties": {
        "wikidataId": "Q3490050",
        "wikidataUrl": "https://www.wikidata.org/wiki/Q3490050",
        "name": "Sonai Rupai Wildlife Sanctuary",
        "protectedAreaType": "Wildlife Sanctuary",
        "state": "Assam",
        "iucnCategory": "IUCN category IV: Habitat/Species Management Area",
        "area": null,
        "osmRelationIds": [],
        "enwikiUrl": "https://en.wikipedia.org/wiki/Sonai_Rupai_Wildlife_Sanctuary",
        "eszStatus": "final",
        "notificationCount": 2,
        "notificationStatus": "Final",
        "notificationDate": "2020-10-27",
        "orderNumber": "S.O. 3881(E)",
        "notificationPdfLink": "https://moef.gov.in/uploads/2019/02/nameri.pdf"
      }
    },
    {
      "type": "Feature",
      "geometry": {
        "type": "Point",
        "coordinates": [
          76.42361111,
          11.275
        ]
      },
      "properties": {
        "wikidataId": "Q3523324",
        "wikidataUrl": "https://www.wikidata.org/wiki/Q3523324",
        "name": "Karimpuzha National Park",
        "protectedAreaType": "Wildlife Sanctuary",
        "state": "Kerala",
        "iucnCategory": null,
        "area": null,
        "osmRelationIds": [],
        "enwikiUrl": "https://en.wikipedia.org/wiki/Karimpuzha_National_Park",
        "eszStatus": "none",
        "notificationCount": 0,
        "notificationStatus": null,
        "notificationDate": null,
        "orderNumber": null,
        "notificationPdfLink": null,
        "notificationArchiveLink": null
      }
    },
    {
      "type": "Feature",
      "geometry": {
        "type": "Point",
        "coordinates": [
          76.364,
          11.646
        ]
      },
      "properties": {
        "wikidataId": "Q3595858",
        "wikidataUrl": "https://www.wikidata.org/wiki/Q3595858",
        "name": "Wayanad Wildlife Sanctuary",
        "protectedAreaType": "Wildlife Sanctuary",
        "state": "Kerala",
        "iucnCategory": "IUCN category IV: Habitat/Species Management Area",
        "area": null,
        "osmRelationIds": [],
        "enwikiUrl": "https://en.wikipedia.org/wiki/Wayanad_Wildlife_Sanctuary",
        "eszStatus": "draft",
        "notificationCount": 1,
        "notificationStatus": "Draft",
        "notificationDate": "2021-01-28",
        "orderNumber": "S.O. 438(E)",
        "notificationPdfLink": "https://moef.gov.in/uploads/2021/02/wayanad.pdf"
      }
    },
    {
      "type": "Feature",
      "geometry": {
        "type": "Point",
        "coordinates": [
          79.3375,
          29.63222222
        ]
      },
      "properties": {
        "wikidataId": "Q3635045",
        "wikidataUrl": "https://www.wikidata.org/wiki/Q3635045",
        "name": "Binsar Wildlife Sanctuary",
        "protectedAreaType": "Wildlife Sanctuary",
        "state": "Uttarakhand",
        "iucnCategory": "IUCN category IV: Habitat/Species Management Area",
        "area": null,
        "osmRelationIds": [],
        "enwikiUrl": "https://en.wikipedia.org/wiki/Binsar_Wildlife_Sanctuary",
        "eszStatus": "final",
        "notificationCount": 2,
        "notificationStatus": "Final",
        "notificationDate": "2021-09-21",
        "orderNumber": "S.O.3921(E)",
        "notificationPdfLink": "https://moef.gov.in/uploads/2020/08/binsar.pdf"
      }
    },
    {
      "type": "Feature",
      "geometry": {
        "type": "Point",
        "coordinates": [
          76.70833333,
          10.38333333
        ]
      },
      "properties": {
        "wikidataId": "Q3635169",
        "wikidataUrl": "https://www.wikidata.org/wiki/Q3635169",
        "name": "Parambikulam Tiger Reserve",
        "protectedAreaType": "Tiger Reserve",
        "state": "Kerala",
        "iucnCategory": "IUCN category IV: Habitat/Species Management Area",
        "area": 377,
        "osmRelationIds": [
          "11279548"
        ],
        "enwikiUrl": "https://en.wikipedia.org/wiki/Parambikulam_Tiger_Reserve",
        "eszStatus": "draft",
        "notificationCount": 2,
        "notificationStatus": "Draft",
        "notificationDate": "2021-01-28",
        "orderNumber": "S.O. 440(E)",
        "notificationPdfLink": "https://moef.gov.in/uploads/2021/02/prambikulam.pdf"
      }
    },
    {
      "type": "Feature",
      "geometry": {
        "type": "Point",
        "coordinates": [
          73.775,
          17.19166667
        ]
      },
      "properties": {
        "wikidataId": "Q3696259",
        "wikidataUrl": "https://www.wikidata.org/wiki/Q3696259",
        "name": "Chandoli National Park",
        "protectedAreaType": "National Park",
        "state": "Maharashtra",
        "iucnCategory": "IUCN category II: National Park",
        "area": 30890,
        "osmRelationIds": [],
        "enwikiUrl": "https://en.wikipedia.org/wiki/Chandoli_National_Park",
        "eszStatus": "none",
        "notificationCount": 0,
        "notificationStatus": null,
        "notificationDate": null,
        "orderNumber": null,
        "notificationPdfLink": null,
        "notificationArchiveLink": null
      }
    },
    {
      "type": "Feature",
      "geometry": {
        "type": "Point",
        "coordinates": [
          76.65,
          12.4
        ]
      },
      "properties": {
        "wikidataId": "Q3846171",
        "wikidataUrl": "https://www.wikidata.org/wiki/Q3846171",
        "name": "Ranganthittu Bird Sanctuary",
        "protectedAreaType": "Bird Sanctuary",
        "state": "Karnataka",
        "iucnCategory": "IUCN category IV: Habitat/Species Management Area",
        "area": null,
        "osmRelationIds": [],
        "enwikiUrl": "https://en.wikipedia.org/wiki/Ranganathittu_Bird_Sanctuary",
        "eszStatus": "final",
        "notificationCount": 2,
        "notificationStatus": "Final",
        "notificationDate": "2017-11-10",
        "orderNumber": "S.O. 3577(E)",
        "notificationPdfLink": "https://moef.gov.in/uploads/2019/08/ranganittu.pdf"
      }
    },
    {
      "type": "Feature",
      "geometry": {
        "type": "Point",
        "coordinates": [
          75.8886,
          11.8788
        ]
      },
      "properties": {
        "wikidataId": "Q4783879",
        "wikidataUrl": "https://www.wikidata.org/wiki/Q4783879",
        "name": "Aralam Wildlife Sanctuary",
        "protectedAreaType": "Wildlife Sanctuary",
        "state": "Kerala",
        "iucnCategory": "IUCN category IV: Habitat/Species Management Area",
        "area": 5500,
        "osmRelationIds": [],
        "enwikiUrl": "https://en.wikipedia.org/wiki/Aralam_Butterfly_Sanctuary",
        "eszStatus": "draft",
        "notificationCount": 2,
        "notificationStatus": "Draft",
        "notificationDate": "2020-07-20",
        "orderNumber": "S.O. 2393 (E)",
        "notificationPdfLink": "https://moef.gov.in/uploads/2019/10/aralam.pdf"
      }
    },
    {
      "type": "Feature",
      "geometry": {
        "type": "Point",
        "coordinates": [
          73.8575,
          15.5146
        ]
      },
      "properties": {
        "wikidataId": "Q4806672",
        "wikidataUrl": "https://www.wikidata.org/wiki/Q4806672",
        "name": "Salim Ali Bird Sanctuary.",
        "protectedAreaType": "Bird Sanctuary",
        "state": "Goa",
        "iucnCategory": null,
        "area": null,
        "osmRelationIds": [],
        "enwikiUrl": "https://en.wikipedia.org/wiki/Salim_Ali_Bird_Sanctuary",
        "eszStatus": "final",
        "notificationCount": 4,
        "notificationStatus": "Final",
        "notificationDate": "2015-02-23",
        "orderNumber": "S.O. No. 607",
        "notificationPdfLink": "https://moef.gov.in/uploads/2017/06/S.O.%20No.%20607%2C%20%5B23.02.2015%5D%20Final%20ESZ%20Notification%20on%20Dr.%20Salim%20Ali%20Wildlife%20Sanctuary%20Goa_0.pdf"
      }
    },
    {
      "type": "Feature",
      "geometry": {
        "type": "Point",
        "coordinates": [
          77.23,
          28.4762
        ]
      },
      "properties": {
        "wikidataId": "Q4807575",
        "wikidataUrl": "https://www.wikidata.org/wiki/Q4807575",
        "name": "Asola Bhatti Wildlife Sanctuary",
        "protectedAreaType": "Wildlife Sanctuary",
        "state": "National Capital Territory of Delhi",
        "iucnCategory": "IUCN category IV: Habitat/Species Management Area",
        "area": null,
        "osmRelationIds": [],
        "enwikiUrl": "https://en.wikipedia.org/wiki/Asola_Bhatti_Wildlife_Sanctuary",
        "eszStatus": "final",
        "notificationCount": 2,
        "notificationStatus": "Final",
        "notificationDate": "2017-09-12",
        "orderNumber": "S.O. 2996 (E)",
        "notificationPdfLink": "https://moef.gov.in/uploads/2017/06/Asola%20Bhatti%20Wildlife%20Sanctuary%2C%20New%20Delhi%20Final.pdf"
      }
    },
    {
      "type": "Feature",
      "geometry": {
        "type": "Point",
        "coordinates": [
          75.04138889,
          15.07888889
        ]
      },
      "properties": {
        "wikidataId": "Q4818551",
        "wikidataUrl": "https://www.wikidata.org/wiki/Q4818551",
        "name": "Attiveri Bird Sanctuary",
        "protectedAreaType": "Bird Sanctuary",
        "state": "Karnataka",
        "iucnCategory": "IUCN category IV: Habitat/Species Management Area",
        "area": null,
        "osmRelationIds": [],
        "enwikiUrl": "https://en.wikipedia.org/wiki/Attiveri_Bird_Sanctuary",
        "eszStatus": "final",
        "notificationCount": 2,
        "notificationStatus": "Final",
        "notificationDate": "2017-06-07",
        "orderNumber": "S.O. 1815 (E)",
        "notificationPdfLink": "https://moef.gov.in/uploads/2017/06/Attiveri%20Bird%20Sanctuary%2C%20Karnataka.pdf"
      }
    },
    {
      "type": "Feature",
      "geometry": {
        "type": "Point",
        "coordinates": [
          87.653021,
          23.685011
        ]
      },
      "properties": {
        "wikidataId": "Q4851306",
        "wikidataUrl": "https://www.wikidata.org/wiki/Q4851306",
        "name": "Ballabhpur Wildlife Sanctuary",
        "protectedAreaType": "Wildlife Sanctuary",
        "state": "West Bengal",
        "iucnCategory": "IUCN category IV: Habitat/Species Management Area",
        "area": null,
        "osmRelationIds": [],
        "enwikiUrl": "https://en.wikipedia.org/wiki/Ballabhpur_Wildlife_Sanctuary",
        "eszStatus": "final",
        "notificationCount": 2,
        "notificationStatus": "Final",
        "notificationDate": "2020-08-28",
        "orderNumber": "S.O. 2937(E)",
        "notificationPdfLink": null
      }
    },
    {
      "type": "Feature",
      "geometry": {
        "type": "Point",
        "coordinates": [
          69.699,
          21.851
        ]
      },
      "properties": {
        "wikidataId": "Q4860066",
        "wikidataUrl": "https://www.wikidata.org/wiki/Q4860066",
        "name": "Barda Wildlife Sanctuary",
        "protectedAreaType": "Wildlife Sanctuary",
        "state": "Gujarat",
        "iucnCategory": "IUCN category IV: Habitat/Species Management Area",
        "area": 192.31,
        "osmRelationIds": [],
        "enwikiUrl": "https://en.wikipedia.org/wiki/Barda_Wildlife_Sanctuary",
        "eszStatus": "final",
        "notificationCount": 2,
        "notificationStatus": "Final",
        "notificationDate": "2017-04-28",
        "orderNumber": "S.O. 1365(E)",
        "notificationPdfLink": "https://moef.gov.in/uploads/2017/06/Barda%20Wildlife%20Sanctuary%2C%20Gujarat_0.pdf"
      }
    },
    {
      "type": "Feature",
      "geometry": {
        "type": "Point",
        "coordinates": [
          74.85833056,
          25.025
        ]
      },
      "properties": {
        "wikidataId": "Q4868136",
        "wikidataUrl": "https://www.wikidata.org/wiki/Q4868136",
        "name": "Bassi Wildlife Sanctuary",
        "protectedAreaType": "Wildlife Sanctuary",
        "state": "Rajasthan",
        "iucnCategory": "IUCN category IV: Habitat/Species Management Area",
        "area": null,
        "osmRelationIds": [],
        "enwikiUrl": "https://en.wikipedia.org/wiki/Bassi_Wildlife_Sanctuary",
        "eszStatus": "final",
        "notificationCount": 3,
        "notificationStatus": "Final",
        "notificationDate": null,
        "orderNumber": "S.O. 1717(E)",
        "notificationPdfLink": "https://moef.gov.in/uploads/2021/05/Bassi-Notification.pdf"
      }
    },
    {
      "type": "Feature",
      "geometry": {
        "type": "Point",
        "coordinates": [
          75.636813888,
          13.695477777
        ]
      },
      "properties": {
        "wikidataId": "Q4900541",
        "wikidataUrl": "https://www.wikidata.org/wiki/Q4900541",
        "name": "Bhadra Wildlife Sanctuary",
        "protectedAreaType": "Tiger Reserve",
        "state": "Karnataka",
        "iucnCategory": null,
        "area": 492.46,
        "osmRelationIds": [],
        "enwikiUrl": "https://en.wikipedia.org/wiki/Bhadra_Wildlife_Sanctuary",
        "eszStatus": "draft",
        "notificationCount": 2,
        "notificationStatus": "Draft",
        "notificationDate": "2020-06-15",
        "orderNumber": "S.O. 1961(E)",
        "notificationPdfLink": "https://moef.gov.in/uploads/2019/10/bhadra.pdf"
      }
    },
    {
      "type": "Feature",
      "geometry": {
        "type": "Point",
        "coordinates": [
          76.65669722,
          16.52691111
        ]
      },
      "properties": {
        "wikidataId": "Q4941109",
        "wikidataUrl": "https://www.wikidata.org/wiki/Q4941109",
        "name": "Bonal Bird Sanctuary",
        "protectedAreaType": "Bird Sanctuary",
        "state": "Karnataka",
        "iucnCategory": null,
        "area": null,
        "osmRelationIds": [],
        "enwikiUrl": "https://en.wikipedia.org/wiki/Bonal_Bird_Sanctuary",
        "eszStatus": "none",
        "notificationCount": 0,
        "notificationStatus": null,
        "notificationDate": null,
        "orderNumber": null,
        "notificationPdfLink": null,
        "notificationArchiveLink": null
      }
    },
    {
      "type": "Feature",
      "geometry": {
        "type": "Point",
        "coordinates": [
          74.1136,
          15.4268
        ]
      },
      "properties": {
        "wikidataId": "Q4941423",
        "wikidataUrl": "https://www.wikidata.org/wiki/Q4941423",
        "name": "Bondla Wildlife Sanctuary",
        "protectedAreaType": "Wildlife Sanctuary",
        "state": "Goa",
        "iucnCategory": null,
        "area": null,
        "osmRelationIds": [],
        "enwikiUrl": "https://en.wikipedia.org/wiki/Bondla_Wildlife_Sanctuary",
        "eszStatus": "final",
        "notificationCount": 3,
        "notificationStatus": "Final",
        "notificationDate": "2015-01-25",
        "orderNumber": "S.O. 615",
        "notificationPdfLink": "https://moef.gov.in/uploads/2017/06/S.O.%20615%20%5B25.01.2015%5D%20Final%20ESZ%20Notification%20on%20Bondla%20WLS%2C%20Goa.pdf"
      }
    },
    {
      "type": "Feature",
      "geometry": {
        "type": "Point",
        "coordinates": [
          78.67583333,
          20.9775
        ]
      },
      "properties": {
        "wikidataId": "Q4944241",
        "wikidataUrl": "https://www.wikidata.org/wiki/Q4944241",
        "name": "Bor Wildlife Sanctuary",
        "protectedAreaType": "Tiger Reserve",
        "state": "Maharashtra",
        "iucnCategory": "IUCN category IV: Habitat/Species Management Area",
        "area": 121.1,
        "osmRelationIds": [],
        "enwikiUrl": "https://en.wikipedia.org/wiki/Bor_Wildlife_Sanctuary",
        "eszStatus": "final",
        "notificationCount": 2,
        "notificationStatus": "Final",
        "notificationDate": "2022-01-17",
        "orderNumber": "S.O.213(E)",
        "notificationPdfLink": "https://moef.gov.in/uploads/2022/01/bor.pdf"
      }
    },
    {
      "type": "Feature",
      "geometry": {
        "type": "Point",
        "coordinates": [
          78.08,
          22.403
        ]
      },
      "properties": {
        "wikidataId": "Q4945104",
        "wikidataUrl": "https://www.wikidata.org/wiki/Q4945104",
        "name": "Bori Wildlife Sanctuary",
        "protectedAreaType": "Wildlife Sanctuary",
        "state": "Madhya Pradesh",
        "iucnCategory": "IUCN category IV: Habitat/Species Management Area",
        "area": null,
        "osmRelationIds": [],
        "enwikiUrl": "https://en.wikipedia.org/wiki/Bori_Wildlife_Sanctuary",
        "eszStatus": "none",
        "notificationCount": 0,
        "notificationStatus": null,
        "notificationDate": null,
        "orderNumber": null,
        "notificationPdfLink": null,
        "notificationArchiveLink": null
      }
    },
    {
      "type": "Feature",
      "geometry": {
        "type": "Point",
        "coordinates": [
          75.491,
          12.387
        ]
      },
      "properties": {
        "wikidataId": "Q4955532",
        "wikidataUrl": "https://www.wikidata.org/wiki/Q4955532",
        "name": "Brahmagiri Wildlife Sanctuary",
        "protectedAreaType": "Wildlife Sanctuary",
        "state": "Karnataka",
        "iucnCategory": "IUCN category IV: Habitat/Species Management Area",
        "area": 18129,
        "osmRelationIds": [],
        "enwikiUrl": "https://en.wikipedia.org/wiki/Brahmagiri_Wildlife_Sanctuary",
        "eszStatus": "final",
        "notificationCount": 2,
        "notificationStatus": "Final",
        "notificationDate": "2017-05-26",
        "orderNumber": "S.O. 1701 (E)",
        "notificationPdfLink": "https://moef.gov.in/uploads/2017/06/Brahmagiri%20Wildlife%20Sanctuary%2C%20Karnataka.pdf"
      }
    },
    {
      "type": "Feature",
      "geometry": {
        "type": "Point",
        "coordinates": [
          77.543,
          12.17
        ]
      },
      "properties": {
        "wikidataId": "Q5054715",
        "wikidataUrl": "https://www.wikidata.org/wiki/Q5054715",
        "name": "Cauvery Wildlife Sanctuary",
        "protectedAreaType": "Wildlife Sanctuary",
        "state": "Karnataka",
        "iucnCategory": "IUCN category IV: Habitat/Species Management Area",
        "area": 1027.53,
        "osmRelationIds": [],
        "enwikiUrl": "https://en.wikipedia.org/wiki/Cauvery_Wildlife_Sanctuary",
        "eszStatus": "final",
        "notificationCount": 2,
        "notificationStatus": "Final",
        "notificationDate": "2017-08-22",
        "orderNumber": "S.O. 2733",
        "notificationPdfLink": "https://moef.gov.in/uploads/2017/06/Cauvery%20Wildlife%20Sanctuary%20Karnataka%20Final.pdf"
      }
    },
    {
      "type": "Feature",
      "geometry": {
        "type": "Point",
        "coordinates": [
          90.329,
          26.338
        ]
      },
      "properties": {
        "wikidataId": "Q5068408",
        "wikidataUrl": "https://www.wikidata.org/wiki/Q5068408",
        "name": "Chakrashila Wildlife Sanctuary",
        "protectedAreaType": "Wildlife Sanctuary",
        "state": "Assam",
        "iucnCategory": "IUCN category IV: Habitat/Species Management Area",
        "area": null,
        "osmRelationIds": [],
        "enwikiUrl": "https://en.wikipedia.org/wiki/Chakrashila_Wildlife_Sanctuary",
        "eszStatus": "final",
        "notificationCount": 2,
        "notificationStatus": "Final",
        "notificationDate": null,
        "orderNumber": "S.O. 1716(E)",
        "notificationPdfLink": "https://moef.gov.in/uploads/2021/05/Chakrashila-Notification-1.pdf"
      }
    },
    {
      "type": "Feature",
      "geometry": {
        "type": "Point",
        "coordinates": [
          85.76666667,
          20.36666667
        ]
      },
      "properties": {
        "wikidataId": "Q5070917",
        "wikidataUrl": "https://www.wikidata.org/wiki/Q5070917",
        "name": "Chandaka Elephant Sanctuary",
        "protectedAreaType": "Wildlife Sanctuary",
        "state": "Odisha",
        "iucnCategory": "IUCN category IV: Habitat/Species Management Area",
        "area": null,
        "osmRelationIds": [],
        "enwikiUrl": "https://en.wikipedia.org/wiki/Chandaka_Elephant_Sanctuary",
        "eszStatus": "none",
        "notificationCount": 0,
        "notificationStatus": null,
        "notificationDate": null,
        "orderNumber": null,
        "notificationPdfLink": null,
        "notificationArchiveLink": null
      }
    },
    {
      "type": "Feature",
      "geometry": {
        "type": "Point",
        "coordinates": [
          83.11432,
          24.92785
        ]
      },
      "properties": {
        "wikidataId": "Q5071304",
        "wikidataUrl": "https://www.wikidata.org/wiki/Q5071304",
        "name": "Chandra Prabha Sanctuary",
        "protectedAreaType": "Wildlife Sanctuary",
        "state": "Uttar Pradesh",
        "iucnCategory": "IUCN category IV: Habitat/Species Management Area",
        "area": null,
        "osmRelationIds": [],
        "enwikiUrl": "https://en.wikipedia.org/wiki/Chandra_Prabha_Wildlife_Sanctuary",
        "eszStatus": "final",
        "notificationCount": 2,
        "notificationStatus": "Final",
        "notificationDate": "2019-01-08",
        "orderNumber": "S.O. 110(E)",
        "notificationPdfLink": "https://moef.gov.in/uploads/2017/06/chandraprabha_0.pdf"
      }
    },
    {
      "type": "Feature",
      "geometry": {
        "type": "Point",
        "coordinates": [
          78.48666667,
          9.32277778
        ]
      },
      "properties": {
        "wikidataId": "Q5102342",
        "wikidataUrl": "https://www.wikidata.org/wiki/Q5102342",
        "name": "Chitrangudi Bird Sanctuary",
        "protectedAreaType": "Bird Sanctuary",
        "state": "Tamil Nadu",
        "iucnCategory": "IUCN category IV: Habitat/Species Management Area",
        "area": null,
        "osmRelationIds": [],
        "enwikiUrl": "https://en.wikipedia.org/wiki/Chitrangudi_Bird_Sanctuary",
        "eszStatus": "final",
        "notificationCount": 2,
        "notificationStatus": "Final",
        "notificationDate": "2019-06-07",
        "orderNumber": "S.O. 1929(E)",
        "notificationPdfLink": "https://moef.gov.in/uploads/2019/06/chitrangudi.pdf"
      }
    },
    {
      "type": "Feature",
      "geometry": {
        "type": "Point",
        "coordinates": [
          77.4013,
          30.8763
        ]
      },
      "properties": {
        "wikidataId": "Q5118284",
        "wikidataUrl": "https://www.wikidata.org/wiki/Q5118284",
        "name": "Churdhar Sanctuary",
        "protectedAreaType": "Wildlife Sanctuary",
        "state": "Himachal Pradesh",
        "iucnCategory": "IUCN category IV: Habitat/Species Management Area",
        "area": null,
        "osmRelationIds": [],
        "enwikiUrl": "https://en.wikipedia.org/wiki/Churdhar_Sanctuary",
        "eszStatus": "draft",
        "notificationCount": 1,
        "notificationStatus": "Draft",
        "notificationDate": "2016-06-03",
        "orderNumber": "S.O. 1975(E)",
        "notificationPdfLink": "https://moef.gov.in/uploads/2017/06/Churdhar%20Wildlife%20Sanctuary%2C%20HP.pdf"
      }
    },
    {
      "type": "Feature",
      "geometry": {
        "type": "Point",
        "coordinates": [
          91.32254444,
          23.66822222
        ]
      },
      "properties": {
        "wikidataId": "Q5135742",
        "wikidataUrl": "https://www.wikidata.org/wiki/Q5135742",
        "name": "Clouded Leopard National Park",
        "protectedAreaType": "National Park",
        "state": "Tripura",
        "iucnCategory": "IUCN category II: National Park",
        "area": null,
        "osmRelationIds": [],
        "enwikiUrl": "https://en.wikipedia.org/wiki/Clouded_Leopard_National_Park",
        "eszStatus": "final",
        "notificationCount": 10,
        "notificationStatus": "Final",
        "notificationDate": "2021-02-19",
        "orderNumber": "S.O.789(E)",
        "notificationPdfLink": "https://moef.gov.in/uploads/2021/02/sephajila.pdf"
      }
    },
    {
      "type": "Feature",
      "geometry": {
        "type": "Point",
        "coordinates": [
          82.33666667,
          16.83138889
        ]
      },
      "properties": {
        "wikidataId": "Q5170559",
        "wikidataUrl": "https://www.wikidata.org/wiki/Q5170559",
        "name": "Coringa Wildlife Sanctuary",
        "protectedAreaType": "Wildlife Sanctuary",
        "state": "Andhra Pradesh",
        "iucnCategory": "IUCN category IV: Habitat/Species Management Area",
        "area": null,
        "osmRelationIds": [],
        "enwikiUrl": "https://en.wikipedia.org/wiki/Coringa_Wildlife_Sanctuary",
        "eszStatus": "final",
        "notificationCount": 2,
        "notificationStatus": "Final",
        "notificationDate": "2021-09-21",
        "orderNumber": "S.O.3922(E)",
        "notificationPdfLink": "https://moef.gov.in/uploads/2020/08/coringa.pdf"
      }
    },
    {
      "type": "Feature",
      "geometry": {
        "type": "Point",
        "coordinates": [
          74.206,
          14.976
        ]
      },
      "properties": {
        "wikidataId": "Q5175367",
        "wikidataUrl": "https://www.wikidata.org/wiki/Q5175367",
        "name": "Cotigao Wildlife Sanctuary",
        "protectedAreaType": "Wildlife Sanctuary",
        "state": "Goa",
        "iucnCategory": null,
        "area": null,
        "osmRelationIds": [],
        "enwikiUrl": "https://en.wikipedia.org/wiki/Cotigao_Wildlife_Sanctuary",
        "eszStatus": "final",
        "notificationCount": 3,
        "notificationStatus": "Final",
        "notificationDate": "2015-02-24",
        "orderNumber": "S.O. No. 438",
        "notificationPdfLink": "https://moef.gov.in/uploads/2017/06/S.O.%20No.%20438%20%5B24.02.2015%5D%20Final%20ESZ%20Notification%20on%20Cotigao%20WLS%2C%20Goa.pdf"
      }
    },
    {
      "type": "Feature",
      "geometry": {
        "type": "Point",
        "coordinates": [
          74.39166667,
          15.50638889
        ]
      },
      "properties": {
        "wikidataId": "Q5215676",
        "wikidataUrl": "https://www.wikidata.org/wiki/Q5215676",
        "name": "Dandeli Wildlife Sanctuary",
        "protectedAreaType": "Wildlife Sanctuary",
        "state": "Karnataka",
        "iucnCategory": "IUCN category IV: Habitat/Species Management Area",
        "area": null,
        "osmRelationIds": [],
        "enwikiUrl": "https://en.wikipedia.org/wiki/Dandeli_Wildlife_Sanctuary",
        "eszStatus": "none",
        "notificationCount": 0,
        "notificationStatus": null,
        "notificationDate": null,
        "orderNumber": null,
        "notificationPdfLink": null,
        "notificationArchiveLink": null
      }
    },
    {
      "type": "Feature",
      "geometry": {
        "type": "Point",
        "coordinates": [
          77.803,
          31.3917
        ]
      },
      "properties": {
        "wikidataId": "Q5222092",
        "wikidataUrl": "https://www.wikidata.org/wiki/Q5222092",
        "name": "Daranghati Sanctuary",
        "protectedAreaType": "Wildlife Sanctuary",
        "state": "Himachal Pradesh",
        "iucnCategory": "IUCN category IV: Habitat/Species Management Area",
        "area": null,
        "osmRelationIds": [],
        "enwikiUrl": "https://en.wikipedia.org/wiki/Daranghati_Sanctuary",
        "eszStatus": "final",
        "notificationCount": 3,
        "notificationStatus": "Final",
        "notificationDate": "2017-03-16",
        "orderNumber": "S.O. 838 (E)",
        "notificationPdfLink": "https://moef.gov.in/uploads/2017/06/Daranghati%20Wildlife%20Sanctuary%2C%20Himachal%20Pradesh.pdf"
      }
    },
    {
      "type": "Feature",
      "geometry": {
        "type": "Point",
        "coordinates": [
          75.856,
          24.868
        ]
      },
      "properties": {
        "wikidataId": "Q5224247",
        "wikidataUrl": "https://www.wikidata.org/wiki/Q5224247",
        "name": "Mukundra Hills Tiger Reserve (MHTR)",
        "protectedAreaType": "Tiger Reserve",
        "state": "Rajasthan",
        "iucnCategory": "IUCN category II: National Park",
        "area": null,
        "osmRelationIds": [],
        "enwikiUrl": "https://en.wikipedia.org/wiki/Mukundara_Hills_National_Park",
        "eszStatus": "none",
        "notificationCount": 0,
        "notificationStatus": null,
        "notificationDate": null,
        "orderNumber": null,
        "notificationPdfLink": null,
        "notificationArchiveLink": null
      }
    },
    {
      "type": "Feature",
      "geometry": {
        "type": "Point",
        "coordinates": [
          95.79,
          29.047
        ]
      },
      "properties": {
        "wikidataId": "Q5272213",
        "wikidataUrl": "https://www.wikidata.org/wiki/Q5272213",
        "name": "Dibang Wildlife Sanctuary",
        "protectedAreaType": "Wildlife Sanctuary",
        "state": "Arunachal Pradesh",
        "iucnCategory": "IUCN category IV: Habitat/Species Management Area",
        "area": null,
        "osmRelationIds": [],
        "enwikiUrl": "https://en.wikipedia.org/wiki/Dibang_Wildlife_Sanctuary",
        "eszStatus": "final",
        "notificationCount": 2,
        "notificationStatus": "Final",
        "notificationDate": "2020-12-24",
        "orderNumber": "S.O.4696(E)",
        "notificationPdfLink": "https://moef.gov.in/uploads/2020/12/dibang.pdf"
      }
    },
    {
      "type": "Feature",
      "geometry": {
        "type": "Point",
        "coordinates": [
          80.68,
          28.508333333
        ]
      },
      "properties": {
        "wikidataId": "Q5311756",
        "wikidataUrl": "https://www.wikidata.org/wiki/Q5311756",
        "name": "Dudhwa Tiger Reserve",
        "protectedAreaType": "Tiger Reserve",
        "state": "Uttar Pradesh",
        "iucnCategory": "IUCN category II: National Park",
        "area": null,
        "osmRelationIds": [],
        "enwikiUrl": "https://en.wikipedia.org/wiki/Dudhwa_Tiger_Reserve",
        "eszStatus": "none",
        "notificationCount": 0,
        "notificationStatus": null,
        "notificationDate": null,
        "orderNumber": null,
        "notificationPdfLink": null,
        "notificationArchiveLink": null
      }
    },
    {
      "type": "Feature",
      "geometry": {
        "type": "Point",
        "coordinates": [
          80.33,
          18.341
        ]
      },
      "properties": {
        "wikidataId": "Q5405090",
        "wikidataUrl": "https://www.wikidata.org/wiki/Q5405090",
        "name": "Eturnagaram Wildlife Sanctuary",
        "protectedAreaType": "Wildlife Sanctuary",
        "state": "Andhra Pradesh",
        "iucnCategory": "IUCN category IV: Habitat/Species Management Area",
        "area": null,
        "osmRelationIds": [],
        "enwikiUrl": "https://en.wikipedia.org/wiki/Eturnagaram_Wildlife_Sanctuary",
        "eszStatus": "none",
        "notificationCount": 0,
        "notificationStatus": null,
        "notificationDate": null,
        "orderNumber": null,
        "notificationPdfLink": null,
        "notificationArchiveLink": null
      }
    },
    {
      "type": "Feature",
      "geometry": {
        "type": "Point",
        "coordinates": [
          73.056972222,
          27.952722222
        ]
      },
      "properties": {
        "wikidataId": "Q5517624",
        "wikidataUrl": "https://www.wikidata.org/wiki/Q5517624",
        "name": "Gajner Wildlife Sanctuary",
        "protectedAreaType": "Wildlife Sanctuary",
        "state": "Rajasthan",
        "iucnCategory": null,
        "area": null,
        "osmRelationIds": [],
        "enwikiUrl": "https://en.wikipedia.org/wiki/Gajner_Wildlife_Sanctuary",
        "eszStatus": "none",
        "notificationCount": 0,
        "notificationStatus": null,
        "notificationDate": null,
        "orderNumber": null,
        "notificationPdfLink": null,
        "notificationArchiveLink": null
      }
    },
    {
      "type": "Feature",
      "geometry": {
        "type": "Point",
        "coordinates": [
          76.068,
          32.847
        ]
      },
      "properties": {
        "wikidataId": "Q5520164",
        "wikidataUrl": "https://www.wikidata.org/wiki/Q5520164",
        "name": "Gamgul Siyabehi Wildlife Sanctuary",
        "protectedAreaType": "Wildlife Sanctuary",
        "state": "Himachal Pradesh",
        "iucnCategory": "IUCN category IV: Habitat/Species Management Area",
        "area": null,
        "osmRelationIds": [],
        "enwikiUrl": "https://en.wikipedia.org/wiki/Gamgul_Siyabehi_Wildlife_Sanctuary",
        "eszStatus": "final",
        "notificationCount": 1,
        "notificationStatus": "Final",
        "notificationDate": "2022-02-01",
        "orderNumber": "S.O.415(E)",
        "notificationPdfLink": "https://moef.gov.in/uploads/2022/02/gamgul.pdf"
      }
    },
    {
      "type": "Feature",
      "geometry": {
        "type": "Point",
        "coordinates": [
          75.712,
          24.583
        ]
      },
      "properties": {
        "wikidataId": "Q5520717",
        "wikidataUrl": "https://www.wikidata.org/wiki/Q5520717",
        "name": "Gandhi Sagar Sanctuary",
        "protectedAreaType": "Wildlife Sanctuary",
        "state": "Madhya Pradesh",
        "iucnCategory": "IUCN category IV: Habitat/Species Management Area",
        "area": null,
        "osmRelationIds": [],
        "enwikiUrl": "https://en.wikipedia.org/wiki/Gandhi_Sagar_Sanctuary",
        "eszStatus": "final",
        "notificationCount": 3,
        "notificationStatus": "Final",
        "notificationDate": "2016-12-14",
        "orderNumber": "S. O. 4029 (E)",
        "notificationPdfLink": "https://moef.gov.in/uploads/2017/06/Gandhi%20Sagar%20Wildlife%20Sanctuary%20%2C%20Madhya%20Pradesh.pdf"
      }
    },
    {
      "type": "Feature",
      "geometry": {
        "type": "Point",
        "coordinates": [
          93.8782,
          26.3887
        ]
      },
      "properties": {
        "wikidataId": "Q5521913",
        "wikidataUrl": "https://www.wikidata.org/wiki/Q5521913",
        "name": "Garampani Wildlife Sanctuary",
        "protectedAreaType": "Wildlife Sanctuary",
        "state": "Assam",
        "iucnCategory": "IUCN category IV: Habitat/Species Management Area",
        "area": null,
        "osmRelationIds": [],
        "enwikiUrl": "https://en.wikipedia.org/wiki/Garampani_Wildlife_Sanctuary",
        "eszStatus": "none",
        "notificationCount": 0,
        "notificationStatus": null,
        "notificationDate": null,
        "orderNumber": null,
        "notificationPdfLink": null,
        "notificationArchiveLink": null
      }
    },
    {
      "type": "Feature",
      "geometry": {
        "type": "Point",
        "coordinates": [
          77.6522,
          11.2525
        ]
      },
      "properties": {
        "wikidataId": "Q4122004",
        "wikidataUrl": "https://www.wikidata.org/wiki/Q4122004",
        "name": "Vellode Birds Sanctuary",
        "protectedAreaType": "Bird Sanctuary",
        "state": "Tamil Nadu",
        "iucnCategory": "IUCN category IV: Habitat/Species Management Area",
        "area": 0.8,
        "osmRelationIds": [],
        "enwikiUrl": "https://en.wikipedia.org/wiki/Vellode_Bird_Sanctuary",
        "eszStatus": "final",
        "notificationCount": 2,
        "notificationStatus": "Final",
        "notificationDate": "2020-05-22",
        "orderNumber": "S.O. 1615(E)",
        "notificationPdfLink": "https://moef.gov.in/uploads/2019/10/vellod.pdf"
      }
    },
    {
      "type": "Feature",
      "geometry": {
        "type": "Point",
        "coordinates": [
          74.033333,
          34.166667
        ]
      },
      "properties": {
        "wikidataId": "Q4208325",
        "wikidataUrl": "https://www.wikidata.org/wiki/Q4208325",
        "name": "Qazinag National Park",
        "protectedAreaType": "National Park",
        "state": "Jammu and Kashmir",
        "iucnCategory": "IUCN category II: National Park",
        "area": null,
        "osmRelationIds": [],
        "enwikiUrl": "https://en.wikipedia.org/wiki/Kazinag_National_Park",
        "eszStatus": "none",
        "notificationCount": 0,
        "notificationStatus": null,
        "notificationDate": null,
        "orderNumber": null,
        "notificationPdfLink": null,
        "notificationArchiveLink": null
      }
    },
    {
      "type": "Feature",
      "geometry": {
        "type": "Point",
        "coordinates": [
          83.104282,
          26.906359
        ]
      },
      "properties": {
        "wikidataId": "Q4251269",
        "wikidataUrl": "https://www.wikidata.org/wiki/Q4251269",
        "name": "Bakhira Sanctuary",
        "protectedAreaType": "Wildlife Sanctuary",
        "state": "Uttar Pradesh",
        "iucnCategory": "IUCN category IV: Habitat/Species Management Area",
        "area": null,
        "osmRelationIds": [],
        "enwikiUrl": "https://en.wikipedia.org/wiki/Bakhira_Sanctuary",
        "eszStatus": "final",
        "notificationCount": 3,
        "notificationStatus": "Final",
        "notificationDate": "2019-01-01",
        "orderNumber": "S.O. 06(E)",
        "notificationPdfLink": "https://moef.gov.in/uploads/2019/01/Bakhira.pdf"
      }
    },
    {
      "type": "Feature",
      "geometry": {
        "type": "Point",
        "coordinates": [
          81.734942,
          22.5502338
        ]
      },
      "properties": {
        "wikidataId": "Q4673468",
        "wikidataUrl": "https://www.wikidata.org/wiki/Q4673468",
        "name": "Achanakmar Wildlife Sanctuary",
        "protectedAreaType": "Tiger Reserve",
        "state": "Chhattisgarh",
        "iucnCategory": "IUCN category IV: Habitat/Species Management Area",
        "area": null,
        "osmRelationIds": [],
        "enwikiUrl": "https://en.wikipedia.org/wiki/Achanakmar_Wildlife_Sanctuary",
        "eszStatus": "final",
        "notificationCount": 2,
        "notificationStatus": "Final",
        "notificationDate": "2019-10-10",
        "orderNumber": "S.O. 3654(E)",
        "notificationPdfLink": "https://moef.gov.in/uploads/2018/12/achanakmar.pdf"
      }
    },
    {
      "type": "Feature",
      "geometry": {
        "type": "Point",
        "coordinates": [
          88.1727,
          25.1405
        ]
      },
      "properties": {
        "wikidataId": "Q4682873",
        "wikidataUrl": "https://www.wikidata.org/wiki/Q4682873",
        "name": "Adina Deer Park",
        "protectedAreaType": null,
        "state": "West Bengal",
        "iucnCategory": null,
        "area": null,
        "osmRelationIds": [],
        "enwikiUrl": "https://en.wikipedia.org/wiki/Adina_Deer_Park",
        "eszStatus": "none",
        "notificationCount": 0,
        "notificationStatus": null,
        "notificationDate": null,
        "orderNumber": null,
        "notificationPdfLink": null,
        "notificationArchiveLink": null
      }
    },
    {
      "type": "Feature",
      "geometry": {
        "type": "Point",
        "coordinates": [
          73.652,
          24.592
        ]
      },
      "properties": {
        "wikidataId": "Q4691449",
        "wikidataUrl": "https://www.wikidata.org/wiki/Q4691449",
        "name": "Agasthyavanam Biological Park",
        "protectedAreaType": null,
        "state": "Kerala",
        "iucnCategory": null,
        "area": null,
        "osmRelationIds": [],
        "enwikiUrl": "https://en.wikipedia.org/wiki/Agasthyavanam_Biological_Park",
        "eszStatus": "none",
        "notificationCount": 0,
        "notificationStatus": null,
        "notificationDate": null,
        "orderNumber": null,
        "notificationPdfLink": null,
        "notificationArchiveLink": null
      }
    },
    {
      "type": "Feature",
      "geometry": {
        "type": "Point",
        "coordinates": [
          75.66666667,
          12.58333333
        ]
      },
      "properties": {
        "wikidataId": "Q7261843",
        "wikidataUrl": "https://www.wikidata.org/wiki/Q7261843",
        "name": "Pushpagiri Wildlife Sanctuary",
        "protectedAreaType": "Wildlife Sanctuary",
        "state": "Karnataka",
        "iucnCategory": "IUCN category IV: Habitat/Species Management Area",
        "area": 102.92,
        "osmRelationIds": [],
        "enwikiUrl": "https://en.wikipedia.org/wiki/Pushpagiri_Wildlife_Sanctuary",
        "eszStatus": "final",
        "notificationCount": 2,
        "notificationStatus": "Final",
        "notificationDate": "2017-06-28",
        "orderNumber": "S.O. 2020 (E)",
        "notificationPdfLink": "https://moef.gov.in/uploads/2017/06/Pushpagiri%20Wildlife%20Sanctuary%2C%20Karnataka.pdf"
      }
    },
    {
      "type": "Feature",
      "geometry": {
        "type": "Point",
        "coordinates": [
          87.851,
          23.253
        ]
      },
      "properties": {
        "wikidataId": "Q7289748",
        "wikidataUrl": "https://www.wikidata.org/wiki/Q7289748",
        "name": "Ramnabagan Wildlife Sanctuary",
        "protectedAreaType": "Wildlife Sanctuary",
        "state": "West Bengal",
        "iucnCategory": "IUCN category IV: Habitat/Species Management Area",
        "area": null,
        "osmRelationIds": [],
        "enwikiUrl": "https://en.wikipedia.org/wiki/Ramnabagan_Wildlife_Sanctuary",
        "eszStatus": "final",
        "notificationCount": 3,
        "notificationStatus": "Final",
        "notificationDate": "2020-06-18",
        "orderNumber": "S.O. 1962(E)",
        "notificationPdfLink": "https://moef.gov.in/uploads/2019/10/amendment-ramabagan.pdf"
      }
    },
    {
      "type": "Feature",
      "geometry": {
        "type": "Point",
        "coordinates": [
          75.7,
          14.63333333
        ]
      },
      "properties": {
        "wikidataId": "Q7293023",
        "wikidataUrl": "https://www.wikidata.org/wiki/Q7293023",
        "name": "Ranibennur Blackbuck Sanctuary",
        "protectedAreaType": "Wildlife Sanctuary",
        "state": "Karnataka",
        "iucnCategory": "IUCN category IV: Habitat/Species Management Area",
        "area": null,
        "osmRelationIds": [],
        "enwikiUrl": "https://en.wikipedia.org/wiki/Ranibennur_Blackbuck_Sanctuary",
        "eszStatus": "final",
        "notificationCount": 2,
        "notificationStatus": "Final",
        "notificationDate": "2017-07-06",
        "orderNumber": "S.O. 2147 (E)",
        "notificationPdfLink": "https://moef.gov.in/uploads/2017/06/Ranebennur%20Blackbuck%20Sanctuary%2C%20Karnataka.pdf"
      }
    },
    {
      "type": "Feature",
      "geometry": {
        "type": "Point",
        "coordinates": [
          81.064,
          24.968
        ]
      },
      "properties": {
        "wikidataId": "Q7293072",
        "wikidataUrl": "https://www.wikidata.org/wiki/Q7293072",
        "name": "Ranipur  Wildlife Sanctuary",
        "protectedAreaType": "Tiger Reserve",
        "state": "Uttar Pradesh",
        "iucnCategory": "IUCN category IV: Habitat/Species Management Area",
        "area": null,
        "osmRelationIds": [],
        "enwikiUrl": "https://en.wikipedia.org/wiki/Ranipur_Wildlife_Sanctuary",
        "eszStatus": "final",
        "notificationCount": 2,
        "notificationStatus": "Final",
        "notificationDate": "2017-11-10",
        "orderNumber": "S.O. 3573(E)",
        "notificationPdfLink": "https://moef.gov.in/uploads/2017/06/ranipur.pdf"
      }
    },
    {
      "type": "Feature",
      "geometry": {
        "type": "Point",
        "coordinates": [
          77.458,
          30.61
        ]
      },
      "properties": {
        "wikidataId": "Q7313588",
        "wikidataUrl": "https://www.wikidata.org/wiki/Q7313588",
        "name": "Renuka Sanctuary",
        "protectedAreaType": "Wildlife Sanctuary",
        "state": "Himachal Pradesh",
        "iucnCategory": "IUCN category IV: Habitat/Species Management Area",
        "area": null,
        "osmRelationIds": [],
        "enwikiUrl": "https://en.wikipedia.org/wiki/Renuka_Sanctuary",
        "eszStatus": "draft",
        "notificationCount": 2,
        "notificationStatus": "Draft",
        "notificationDate": "2020-10-13",
        "orderNumber": "S.O. 3581(E)",
        "notificationPdfLink": "https://moef.gov.in/uploads/2019/02/sri-renuka-ji.pdf"
      }
    },
    {
      "type": "Feature",
      "geometry": {
        "type": "Point",
        "coordinates": [
          92.17,
          24.29
        ]
      },
      "properties": {
        "wikidataId": "Q7371766",
        "wikidataUrl": "https://www.wikidata.org/wiki/Q7371766",
        "name": "Rowa Wildlife Sanctuary",
        "protectedAreaType": "Wildlife Sanctuary",
        "state": "Tripura",
        "iucnCategory": "IUCN category IV: Habitat/Species Management Area",
        "area": null,
        "osmRelationIds": [],
        "enwikiUrl": "https://en.wikipedia.org/wiki/Rowa_Wildlife_Sanctuary",
        "eszStatus": "final",
        "notificationCount": 2,
        "notificationStatus": "Final",
        "notificationDate": "2017-05-15",
        "orderNumber": "S.O. 1566 (E)",
        "notificationPdfLink": "https://moef.gov.in/uploads/2017/06/Rowa%20Wildlife%20Sanctuary%2C%20Tripura_0.pdf"
      }
    },
    {
      "type": "Feature",
      "geometry": {
        "type": "Point",
        "coordinates": [
          74.37673,
          17.153213
        ]
      },
      "properties": {
        "wikidataId": "Q7399055",
        "wikidataUrl": "https://www.wikidata.org/wiki/Q7399055",
        "name": "Sagareshwar Wildlife Sanctuary",
        "protectedAreaType": "Wildlife Sanctuary",
        "state": "Maharashtra",
        "iucnCategory": "IUCN category IV: Habitat/Species Management Area",
        "area": null,
        "osmRelationIds": [],
        "enwikiUrl": "https://en.wikipedia.org/wiki/Yashwantrao_Chavan_Sagareshwar_Wildlife_Sanctuary",
        "eszStatus": "final",
        "notificationCount": 2,
        "notificationStatus": "Final",
        "notificationDate": "2017-05-15",
        "orderNumber": "S.O. 1565 (E)",
        "notificationPdfLink": "https://moef.gov.in/uploads/2017/06/Sagareshwar%20Wildlife%20Sanctuary%2C%20Maharashtra.pdf"
      }
    },
    {
      "type": "Feature",
      "geometry": {
        "type": "Point",
        "coordinates": [
          88.9,
          21.721
        ]
      },
      "properties": {
        "wikidataId": "Q7402708",
        "wikidataUrl": "https://www.wikidata.org/wiki/Q7402708",
        "name": "Sajnekhali Wildlife Sanctuary",
        "protectedAreaType": "Wildlife Sanctuary",
        "state": "West Bengal",
        "iucnCategory": "IUCN category IV: Habitat/Species Management Area",
        "area": 362.4,
        "osmRelationIds": [],
        "enwikiUrl": "https://en.wikipedia.org/wiki/Sajnekhali_Wildlife_Sanctuary",
        "eszStatus": "none",
        "notificationCount": 0,
        "notificationStatus": null,
        "notificationDate": null,
        "orderNumber": null,
        "notificationPdfLink": null,
        "notificationArchiveLink": null
      }
    },
    {
      "type": "Feature",
      "geometry": {
        "type": "Point",
        "coordinates": [
          79.166666666,
          27
        ]
      },
      "properties": {
        "wikidataId": "Q7408557",
        "wikidataUrl": "https://www.wikidata.org/wiki/Q7408557",
        "name": "Saman Bird Sanctuary",
        "protectedAreaType": "Bird Sanctuary",
        "state": "Uttar Pradesh",
        "iucnCategory": "IUCN category IV: Habitat/Species Management Area",
        "area": null,
        "osmRelationIds": [],
        "enwikiUrl": "https://en.wikipedia.org/wiki/Saman_Bird_Sanctuary",
        "eszStatus": "final",
        "notificationCount": 2,
        "notificationStatus": "Final",
        "notificationDate": "2017-11-22",
        "orderNumber": "S.O. 3709(E)",
        "notificationPdfLink": "https://moef.gov.in/uploads/2017/06/saman%20bird%20fnal.pdf"
      }
    },
    {
      "type": "Feature",
      "geometry": {
        "type": "Point",
        "coordinates": [
          81.391666666,
          25.995833333
        ]
      },
      "properties": {
        "wikidataId": "Q7408881",
        "wikidataUrl": "https://www.wikidata.org/wiki/Q7408881",
        "name": "Samaspur Sanctuary",
        "protectedAreaType": "Bird Sanctuary",
        "state": "Uttar Pradesh",
        "iucnCategory": "IUCN category IV: Habitat/Species Management Area",
        "area": null,
        "osmRelationIds": [],
        "enwikiUrl": "https://en.wikipedia.org/wiki/Samaspur_Bird_Sanctuary",
        "eszStatus": "final",
        "notificationCount": 3,
        "notificationStatus": "Final",
        "notificationDate": "2019-09-27",
        "orderNumber": "S.O. 3529(E)",
        "notificationPdfLink": "https://moef.gov.in/uploads/2018/12/samaspur-1.pdf"
      }
    },
    {
      "type": "Feature",
      "geometry": {
        "type": "Point",
        "coordinates": [
          79.916669444,
          27.25
        ]
      },
      "properties": {
        "wikidataId": "Q7416307",
        "wikidataUrl": "https://www.wikidata.org/wiki/Q7416307",
        "name": "Sandi Bird Sanctuary",
        "protectedAreaType": "Bird Sanctuary",
        "state": "Uttar Pradesh",
        "iucnCategory": "IUCN category IV: Habitat/Species Management Area",
        "area": null,
        "osmRelationIds": [],
        "enwikiUrl": "https://en.wikipedia.org/wiki/Sandi_Bird_Sanctuary",
        "eszStatus": "final",
        "notificationCount": 2,
        "notificationStatus": "Final",
        "notificationDate": "2019-08-01",
        "orderNumber": "S.O. 2776(E)",
        "notificationPdfLink": "https://moef.gov.in/uploads/2018/12/sandi-bird1.pdf"
      }
    },
    {
      "type": "Feature",
      "geometry": {
        "type": "Point",
        "coordinates": [
          84.831564,
          20.540137
        ]
      },
      "properties": {
        "wikidataId": "Q7426314",
        "wikidataUrl": "https://www.wikidata.org/wiki/Q7426314",
        "name": "Satkosia Tiger Reserve",
        "protectedAreaType": "Tiger Reserve",
        "state": "Odisha",
        "iucnCategory": "IUCN category IV: Habitat/Species Management Area",
        "area": null,
        "osmRelationIds": [],
        "enwikiUrl": "https://en.wikipedia.org/wiki/Satkosia_Tiger_Reserve",
        "eszStatus": "none",
        "notificationCount": 0,
        "notificationStatus": null,
        "notificationDate": null,
        "orderNumber": null,
        "notificationPdfLink": null,
        "notificationArchiveLink": null
      }
    },
    {
      "type": "Feature",
      "geometry": {
        "type": "Point",
        "coordinates": [
          88.2652,
          26.9938
        ]
      },
      "properties": {
        "wikidataId": "Q7450103",
        "wikidataUrl": "https://www.wikidata.org/wiki/Q7450103",
        "name": "Senchal Wildlife Sanctuary",
        "protectedAreaType": "Wildlife Sanctuary",
        "state": "West Bengal",
        "iucnCategory": null,
        "area": null,
        "osmRelationIds": [],
        "enwikiUrl": "https://en.wikipedia.org/wiki/Senchal_Wildlife_Sanctuary",
        "eszStatus": "final",
        "notificationCount": 2,
        "notificationStatus": "Final",
        "notificationDate": "2019-01-15",
        "orderNumber": "S.O. 319(E)",
        "notificationPdfLink": "https://moef.gov.in/uploads/2017/06/senchal_0.pdf"
      }
    },
    {
      "type": "Feature",
      "geometry": {
        "type": "Point",
        "coordinates": [
          73.809,
          17.486
        ]
      },
      "properties": {
        "wikidataId": "Q7461463",
        "wikidataUrl": "https://www.wikidata.org/wiki/Q7461463",
        "name": "Shahayadri Tiger reserve",
        "protectedAreaType": "Tiger Reserve",
        "state": "Maharashtra",
        "iucnCategory": null,
        "area": 1166,
        "osmRelationIds": [],
        "enwikiUrl": "https://en.wikipedia.org/wiki/Sahyadri_Tiger_Reserve",
        "eszStatus": "none",
        "notificationCount": 0,
        "notificationStatus": null,
        "notificationDate": null,
        "orderNumber": null,
        "notificationPdfLink": null,
        "notificationArchiveLink": null
      }
    },
    {
      "type": "Feature",
      "geometry": {
        "type": "Point",
        "coordinates": [
          77.15,
          8.812
        ]
      },
      "properties": {
        "wikidataId": "Q7494223",
        "wikidataUrl": "https://www.wikidata.org/wiki/Q7494223",
        "name": "Shendurney Wildlife Sanctuary",
        "protectedAreaType": "Wildlife Sanctuary",
        "state": "Kerala",
        "iucnCategory": "IUCN category IV: Habitat/Species Management Area",
        "area": 17100,
        "osmRelationIds": [],
        "enwikiUrl": "https://en.wikipedia.org/wiki/Shendurney_Wildlife_Sanctuary",
        "eszStatus": "draft",
        "notificationCount": 2,
        "notificationStatus": "Draft",
        "notificationDate": "2020-08-24",
        "orderNumber": "S.O. 2939(E)",
        "notificationPdfLink": "https://moef.gov.in/uploads/2019/02/shendurney.pdf"
      }
    },
    {
      "type": "Feature",
      "geometry": {
        "type": "Point",
        "coordinates": [
          88.73916667,
          27.84111111
        ]
      },
      "properties": {
        "wikidataId": "Q7497442",
        "wikidataUrl": "https://www.wikidata.org/wiki/Q7497442",
        "name": "Shingba Rhododendron Sanctuary",
        "protectedAreaType": "Wildlife Sanctuary",
        "state": "Sikkim",
        "iucnCategory": "IUCN category IV: Habitat/Species Management Area",
        "area": 43,
        "osmRelationIds": [],
        "enwikiUrl": "https://en.wikipedia.org/wiki/Shingba_Rhododendron_Sanctuary",
        "eszStatus": "final",
        "notificationCount": 2,
        "notificationStatus": "Final",
        "notificationDate": "2014-08-27",
        "orderNumber": "S.O. 2169",
        "notificationPdfLink": "https://moef.gov.in/uploads/2017/06/S.O.%202169%20%5B27.08.2014%5D%20Final%20ESZ%20Shingba%20Rhododendron%20Sanctuary%2C%20Sikkim.pdf"
      }
    },
    {
      "type": "Feature",
      "geometry": {
        "type": "Point",
        "coordinates": [
          73.7948516,
          21.7606223
        ]
      },
      "properties": {
        "wikidataId": "Q7500463",
        "wikidataUrl": "https://www.wikidata.org/wiki/Q7500463",
        "name": "Shoolpaneshwar Wildlife Sanctuary",
        "protectedAreaType": "Wildlife Sanctuary",
        "state": "Gujarat",
        "iucnCategory": null,
        "area": null,
        "osmRelationIds": [],
        "enwikiUrl": "https://en.wikipedia.org/wiki/Shoolpaneshwar_Wildlife_Sanctuary",
        "eszStatus": "final",
        "notificationCount": 2,
        "notificationStatus": "Final",
        "notificationDate": "2016-05-05",
        "orderNumber": "S.O.1653(E)",
        "notificationPdfLink": "https://moef.gov.in/uploads/2017/06/Shoolpaneshwar%2C%20Gujarat.pdf"
      }
    },
    {
      "type": "Feature",
      "geometry": {
        "type": "Point",
        "coordinates": [
          74.4167,
          24.0667
        ]
      },
      "properties": {
        "wikidataId": "Q7531584",
        "wikidataUrl": "https://www.wikidata.org/wiki/Q7531584",
        "name": "Sita Mata Wildlife Sanctuary",
        "protectedAreaType": "Wildlife Sanctuary",
        "state": "Rajasthan",
        "iucnCategory": "IUCN category IV: Habitat/Species Management Area",
        "area": null,
        "osmRelationIds": [],
        "enwikiUrl": "https://en.wikipedia.org/wiki/Sita_Mata_Wildlife_Sanctuary",
        "eszStatus": "final",
        "notificationCount": 3,
        "notificationStatus": "Final",
        "notificationDate": "2021-10-03",
        "orderNumber": "S.O. 4668(E)",
        "notificationPdfLink": "https://moef.gov.in/uploads/2021/08/Final-Publish-Sitamata-Amendment.pdf"
      }
    },
    {
      "type": "Feature",
      "geometry": {
        "type": "Point",
        "coordinates": [
          74.83333333,
          13.48333333
        ]
      },
      "properties": {
        "wikidataId": "Q7559997",
        "wikidataUrl": "https://www.wikidata.org/wiki/Q7559997",
        "name": "Someshwara Wildlife Sanctuary",
        "protectedAreaType": "Wildlife Sanctuary",
        "state": "Karnataka",
        "iucnCategory": "IUCN category IV: Habitat/Species Management Area",
        "area": 8840,
        "osmRelationIds": [],
        "enwikiUrl": "https://en.wikipedia.org/wiki/Someshwara_Wildlife_Sanctuary",
        "eszStatus": "final",
        "notificationCount": 3,
        "notificationStatus": "Final",
        "notificationDate": "2020-08-28",
        "orderNumber": "S.O. 2942 (E)",
        "notificationPdfLink": "https://moef.gov.in/uploads/2019/02/someshwara.pdf"
      }
    },
    {
      "type": "Feature",
      "geometry": {
        "type": "Point",
        "coordinates": [
          82.101,
          27.855
        ]
      },
      "properties": {
        "wikidataId": "Q7635241",
        "wikidataUrl": "https://www.wikidata.org/wiki/Q7635241",
        "name": "Suhelva Sanctuary",
        "protectedAreaType": "Wildlife Sanctuary",
        "state": "Uttar Pradesh",
        "iucnCategory": "IUCN category IV: Habitat/Species Management Area",
        "area": null,
        "osmRelationIds": [],
        "enwikiUrl": "https://en.wikipedia.org/wiki/Suhelva_Sanctuary",
        "eszStatus": "draft",
        "notificationCount": 1,
        "notificationStatus": "Draft",
        "notificationDate": "2017-07-20",
        "orderNumber": "S.O. 2275 (E)",
        "notificationPdfLink": "https://moef.gov.in/uploads/2017/06/Sohelwa%20Wild%20Life%20Sanctuary%2C%20U.P..pdf"
      }
    },
    {
      "type": "Feature",
      "geometry": {
        "type": "Point",
        "coordinates": [
          75.5,
          12.33333333
        ]
      },
      "properties": {
        "wikidataId": "Q7678819",
        "wikidataUrl": "https://www.wikidata.org/wiki/Q7678819",
        "name": "Talakaveri Wildlife Sanctuary",
        "protectedAreaType": "Wildlife Sanctuary",
        "state": "Karnataka",
        "iucnCategory": "IUCN category IV: Habitat/Species Management Area",
        "area": 10500,
        "osmRelationIds": [],
        "enwikiUrl": "https://en.wikipedia.org/wiki/Talakaveri_Wildlife_Sanctuary",
        "eszStatus": "final",
        "notificationCount": 3,
        "notificationStatus": "Final",
        "notificationDate": "2017-05-15",
        "orderNumber": "S.O. 1564 (E)",
        "notificationPdfLink": "https://moef.gov.in/uploads/2017/06/talacauvery%20wildlife%20sanctuary%2C%20Karnataka.pdf"
      }
    },
    {
      "type": "Feature",
      "geometry": {
        "type": "Point",
        "coordinates": [
          83,
          23.6
        ]
      },
      "properties": {
        "wikidataId": "Q7681640",
        "wikidataUrl": "https://www.wikidata.org/wiki/Q7681640",
        "name": "Tamor Pingla Wildlife Sanctuary",
        "protectedAreaType": "Wildlife Sanctuary",
        "state": "Chhattisgarh",
        "iucnCategory": "IUCN category IV: Habitat/Species Management Area",
        "area": null,
        "osmRelationIds": [],
        "enwikiUrl": "https://en.wikipedia.org/wiki/Tamor_Pingla_Wildlife_Sanctuary",
        "eszStatus": "none",
        "notificationCount": 0,
        "notificationStatus": null,
        "notificationDate": null,
        "orderNumber": null,
        "notificationPdfLink": null,
        "notificationArchiveLink": null
      }
    },
    {
      "type": "Feature",
      "geometry": {
        "type": "Point",
        "coordinates": [
          72.4,
          23.14
        ]
      },
      "properties": {
        "wikidataId": "Q7786672",
        "wikidataUrl": "https://www.wikidata.org/wiki/Q7786672",
        "name": "Thol Wildlife Sanctuary",
        "protectedAreaType": "Wildlife Sanctuary",
        "state": "Gujarat",
        "iucnCategory": null,
        "area": null,
        "osmRelationIds": [],
        "enwikiUrl": "https://en.wikipedia.org/wiki/Thol_Wildlife_Sanctuary",
        "eszStatus": "final",
        "notificationCount": 2,
        "notificationStatus": "Final",
        "notificationDate": null,
        "orderNumber": "S.O. 421",
        "notificationPdfLink": "https://moef.gov.in/uploads/2017/06/S.O.%20421%20%5B0902.2015%5D%20Final%20ESZ%20Notification%20on%20Thol%20Bird%20Sanctuary%2C%20Gujarat.pdf"
      }
    },
    {
      "type": "Feature",
      "geometry": {
        "type": "Point",
        "coordinates": [
          79.4503,
          10.9944
        ]
      },
      "properties": {
        "wikidataId": "Q7809473",
        "wikidataUrl": "https://www.wikidata.org/wiki/Q7809473",
        "name": "Tiruvidaimarudur Conservation Reserve",
        "protectedAreaType": null,
        "state": "Tamil Nadu",
        "iucnCategory": "IUCN category V: Protected Landscape/Seascape",
        "area": null,
        "osmRelationIds": [],
        "enwikiUrl": "https://en.wikipedia.org/wiki/Tiruvidaimarudur_Conservation_Reserve",
        "eszStatus": "none",
        "notificationCount": 0,
        "notificationStatus": null,
        "notificationDate": null,
        "orderNumber": null,
        "notificationPdfLink": null,
        "notificationArchiveLink": null
      }
    },
    {
      "type": "Feature",
      "geometry": {
        "type": "Point",
        "coordinates": [
          91.313055555,
          23.421666666
        ]
      },
      "properties": {
        "wikidataId": "Q7844042",
        "wikidataUrl": "https://www.wikidata.org/wiki/Q7844042",
        "name": "Trishna Wildlife Sanctuary",
        "protectedAreaType": "Wildlife Sanctuary",
        "state": "Tripura",
        "iucnCategory": "IUCN category IV: Habitat/Species Management Area",
        "area": null,
        "osmRelationIds": [],
        "enwikiUrl": "https://en.wikipedia.org/wiki/Trishna_Wildlife_Sanctuary",
        "eszStatus": "none",
        "notificationCount": 0,
        "notificationStatus": null,
        "notificationDate": null,
        "orderNumber": null,
        "notificationPdfLink": null,
        "notificationArchiveLink": null
      }
    },
    {
      "type": "Feature",
      "geometry": {
        "type": "Point",
        "coordinates": [
          79.5545,
          10.4505
        ]
      },
      "properties": {
        "wikidataId": "Q7877004",
        "wikidataUrl": "https://www.wikidata.org/wiki/Q7877004",
        "name": "Udayamarthandapuram Bird Sanctuary",
        "protectedAreaType": "Bird Sanctuary",
        "state": "Tamil Nadu",
        "iucnCategory": "IUCN category IV: Habitat/Species Management Area",
        "area": null,
        "osmRelationIds": [],
        "enwikiUrl": "https://en.wikipedia.org/wiki/Udayamarthandapuram_Bird_Sanctuary",
        "eszStatus": "final",
        "notificationCount": 2,
        "notificationStatus": "Final",
        "notificationDate": "2019-06-07",
        "orderNumber": "S.O. 1928(E)",
        "notificationPdfLink": "https://moef.gov.in/uploads/2019/06/udayamarthandapuram.pdf"
      }
    },
    {
      "type": "Feature",
      "geometry": {
        "type": "Point",
        "coordinates": [
          84.283333,
          21.483333
        ]
      },
      "properties": {
        "wikidataId": "Q7901902",
        "wikidataUrl": "https://www.wikidata.org/wiki/Q7901902",
        "name": "Ushakothi Wildlife Sanctuary",
        "protectedAreaType": "Wildlife Sanctuary",
        "state": "Odisha",
        "iucnCategory": null,
        "area": null,
        "osmRelationIds": [],
        "enwikiUrl": "https://en.wikipedia.org/wiki/Ushakothi_Wildlife_Sanctuary",
        "eszStatus": "none",
        "notificationCount": 0,
        "notificationStatus": null,
        "notificationDate": null,
        "orderNumber": null,
        "notificationPdfLink": null,
        "notificationArchiveLink": null
      }
    },
    {
      "type": "Feature",
      "geometry": {
        "type": "Point",
        "coordinates": [
          78.51,
          10.112
        ]
      },
      "properties": {
        "wikidataId": "Q7923801",
        "wikidataUrl": "https://www.wikidata.org/wiki/Q7923801",
        "name": "Vettangudi Bird Sanctuary",
        "protectedAreaType": "Bird Sanctuary",
        "state": "Tamil Nadu",
        "iucnCategory": "IUCN category IV: Habitat/Species Management Area",
        "area": null,
        "osmRelationIds": [],
        "enwikiUrl": "https://en.wikipedia.org/wiki/Vettangudi_Bird_Sanctuary",
        "eszStatus": "final",
        "notificationCount": 2,
        "notificationStatus": "Final",
        "notificationDate": "2019-12-17",
        "orderNumber": "S.O. 4500(E)",
        "notificationPdfLink": "https://moef.gov.in/uploads/2019/12/vettangudi.pdf"
      }
    },
    {
      "type": "Feature",
      "geometry": {
        "type": "Point",
        "coordinates": [
          79.913,
          25.298
        ]
      },
      "properties": {
        "wikidataId": "Q7929078",
        "wikidataUrl": "https://www.wikidata.org/wiki/Q7929078",
        "name": "Vijai Sagar Sanctuary",
        "protectedAreaType": "Wildlife Sanctuary",
        "state": "Uttar Pradesh",
        "iucnCategory": "IUCN category IV: Habitat/Species Management Area",
        "area": null,
        "osmRelationIds": [],
        "enwikiUrl": "https://en.wikipedia.org/wiki/Vijai_Sagar_Wildlife_Sanctuary",
        "eszStatus": "final",
        "notificationCount": 2,
        "notificationStatus": "Final",
        "notificationDate": "2019-10-10",
        "orderNumber": "S.O. 3655(E)",
        "notificationPdfLink": "https://moef.gov.in/uploads/2018/12/vijay-sagar.pdf"
      }
    },
    {
      "type": "Feature",
      "geometry": {
        "type": "Point",
        "coordinates": [
          87.026305555,
          25.269611111
        ]
      },
      "properties": {
        "wikidataId": "Q7929607",
        "wikidataUrl": "https://www.wikidata.org/wiki/Q7929607",
        "name": "Vikramshila Gangetic Dolphin Sanctuary",
        "protectedAreaType": "Wildlife Sanctuary",
        "state": "Bihar",
        "iucnCategory": "IUCN category IV: Habitat/Species Management Area",
        "area": null,
        "osmRelationIds": [],
        "enwikiUrl": "https://en.wikipedia.org/wiki/Vikramshila_Gangetic_Dolphin_Sanctuary",
        "eszStatus": "draft",
        "notificationCount": 1,
        "notificationStatus": "Draft",
        "notificationDate": "2015-11-09",
        "orderNumber": "S.O. 3030",
        "notificationPdfLink": "https://moef.gov.in/uploads/2017/06/S.O.%203030%20%5B09.11.2015%5D%20Vikramshila%20Gangetic%20Dolphin%20WLS%2C%20Bihar.pdf"
      }
    },
    {
      "type": "Feature",
      "geometry": {
        "type": "Point",
        "coordinates": [
          75.876,
          21.382
        ]
      },
      "properties": {
        "wikidataId": "Q8050448",
        "wikidataUrl": "https://www.wikidata.org/wiki/Q8050448",
        "name": "Yawal Wildlife Sanctuary",
        "protectedAreaType": "Wildlife Sanctuary",
        "state": "Maharashtra",
        "iucnCategory": "IUCN category IV: Habitat/Species Management Area",
        "area": 177.52,
        "osmRelationIds": [],
        "enwikiUrl": "https://en.wikipedia.org/wiki/Yawal_Wildlife_Sanctuary",
        "eszStatus": "final",
        "notificationCount": 2,
        "notificationStatus": "Final",
        "notificationDate": "2019-03-08",
        "orderNumber": "S.O. 1221(E)",
        "notificationPdfLink": "https://moef.gov.in/uploads/2019/05/yawal.pdf"
      }
    },
    {
      "type": "Feature",
      "geometry": {
        "type": "Point",
        "coordinates": [
          73.86435,
          24.30426
        ]
      },
      "properties": {
        "wikidataId": "Q11927133",
        "wikidataUrl": "https://www.wikidata.org/wiki/Q11927133",
        "name": "Jaisamand Wildlife Sanctuary",
        "protectedAreaType": "Wildlife Sanctuary",
        "state": "Rajasthan",
        "iucnCategory": "IUCN category IV: Habitat/Species Management Area",
        "area": null,
        "osmRelationIds": [],
        "enwikiUrl": "https://en.wikipedia.org/wiki/Jaisamand_Wildlife_Sanctuary",
        "eszStatus": "final",
        "notificationCount": 3,
        "notificationStatus": "Final",
        "notificationDate": "2020-08-06",
        "orderNumber": "S.O. 2631(E)",
        "notificationPdfLink": "https://moef.gov.in/uploads/2019/10/jaismund.pdf"
      }
    },
    {
      "type": "Feature",
      "geometry": {
        "type": "Point",
        "coordinates": [
          83.30861111,
          17.82527778
        ]
      },
      "properties": {
        "wikidataId": "Q12060948",
        "wikidataUrl": "https://www.wikidata.org/wiki/Q12060948",
        "name": "Kambalakonda Wildlife Sanctuary",
        "protectedAreaType": "Wildlife Sanctuary",
        "state": "Andhra Pradesh",
        "iucnCategory": "IUCN category IV: Habitat/Species Management Area",
        "area": null,
        "osmRelationIds": [],
        "enwikiUrl": "https://en.wikipedia.org/wiki/Kambalakonda_Wildlife_Sanctuary",
        "eszStatus": "final",
        "notificationCount": 2,
        "notificationStatus": "Final",
        "notificationDate": "2017-04-28",
        "orderNumber": "S.O. 1366 (E)",
        "notificationPdfLink": "https://moef.gov.in/uploads/2017/06/Kambalakonda%20Wildlife%20Sanctuary%2C%20Andhra%20Pradesh.pdf"
      }
    },
    {
      "type": "Feature",
      "geometry": {
        "type": "Point",
        "coordinates": [
          86.21638889,
          22.90416667
        ]
      },
      "properties": {
        "wikidataId": "Q12433409",
        "wikidataUrl": "https://www.wikidata.org/wiki/Q12433409",
        "name": "Dalma Wildlife Sanctuary",
        "protectedAreaType": "Wildlife Sanctuary",
        "state": "Jharkhand",
        "iucnCategory": "IUCN category IV: Habitat/Species Management Area",
        "area": null,
        "osmRelationIds": [],
        "enwikiUrl": "https://en.wikipedia.org/wiki/Dalma_Wildlife_Sanctuary",
        "eszStatus": "final",
        "notificationCount": 3,
        "notificationStatus": "Final",
        "notificationDate": "2012-03-29",
        "orderNumber": "S.O. 680",
        "notificationPdfLink": "https://moef.gov.in/uploads/2017/06/S.O.%20680%20%5B29.03.2012%5D%20Final%20ESZ%20Notifictaion%20on%20for%20Dalma%20Wildlife%20Sanctuary%2C%20Jharkand-West%20Bengal.pdf"
      }
    },
    {
      "type": "Feature",
      "geometry": {
        "type": "Point",
        "coordinates": [
          77.8876,
          8.7011
        ]
      },
      "properties": {
        "wikidataId": "Q12988826",
        "wikidataUrl": "https://www.wikidata.org/wiki/Q12988826",
        "name": "Vallanadu Wildlife Sanctuary",
        "protectedAreaType": "Wildlife Sanctuary",
        "state": "Tamil Nadu",
        "iucnCategory": "IUCN category IV: Habitat/Species Management Area",
        "area": null,
        "osmRelationIds": [],
        "enwikiUrl": "https://en.wikipedia.org/wiki/Vallanadu_Wildlife_Sanctuary",
        "eszStatus": "none",
        "notificationCount": 0,
        "notificationStatus": null,
        "notificationDate": null,
        "orderNumber": null,
        "notificationPdfLink": null,
        "notificationArchiveLink": null
      }
    },
    {
      "type": "Feature",
      "geometry": {
        "type": "Point",
        "coordinates": [
          79.041388888,
          10.970277777
        ]
      },
      "properties": {
        "wikidataId": "Q13111039",
        "wikidataUrl": "https://www.wikidata.org/wiki/Q13111039",
        "name": "Karaivetti Bird Sanctuary",
        "protectedAreaType": "Bird Sanctuary",
        "state": "Tamil Nadu",
        "iucnCategory": "IUCN category IV: Habitat/Species Management Area",
        "area": 4.537,
        "osmRelationIds": [],
        "enwikiUrl": "https://en.wikipedia.org/wiki/Karaivetti_Bird_Sanctuary",
        "eszStatus": "final",
        "notificationCount": 1,
        "notificationStatus": "Final",
        "notificationDate": "2019-05-31",
        "orderNumber": "S.O. 1909(E)",
        "notificationPdfLink": "https://moef.gov.in/uploads/2018/12/karaivetti.pdf"
      }
    },
    {
      "type": "Feature",
      "geometry": {
        "type": "Point",
        "coordinates": [
          76.472222222,
          10.714444444
        ]
      },
      "properties": {
        "wikidataId": "Q13111992",
        "wikidataUrl": "https://www.wikidata.org/wiki/Q13111992",
        "name": "Chulannur Peafowl Sanctuary",
        "protectedAreaType": "Wildlife Sanctuary",
        "state": "Kerala",
        "iucnCategory": "IUCN category IV: Habitat/Species Management Area",
        "area": null,
        "osmRelationIds": [],
        "enwikiUrl": "https://en.wikipedia.org/wiki/Choolannur_Pea_Fowl_Sanctuary",
        "eszStatus": "draft",
        "notificationCount": 2,
        "notificationStatus": "Draft",
        "notificationDate": "2020-11-25",
        "orderNumber": "S.O. 4270(E)",
        "notificationPdfLink": "https://moef.gov.in/uploads/2020/12/chulnnar.pdf"
      }
    },
    {
      "type": "Feature",
      "geometry": {
        "type": "Point",
        "coordinates": [
          77.08333333,
          10.38333333
        ]
      },
      "properties": {
        "wikidataId": "Q13116281",
        "wikidataUrl": "https://www.wikidata.org/wiki/Q13116281",
        "name": "Karian Shola National Park",
        "protectedAreaType": "National Park",
        "state": "Tamil Nadu",
        "iucnCategory": null,
        "area": 503,
        "osmRelationIds": [],
        "enwikiUrl": "https://en.wikipedia.org/wiki/Karian_Shola_National_Park",
        "eszStatus": "none",
        "notificationCount": 0,
        "notificationStatus": null,
        "notificationDate": null,
        "orderNumber": null,
        "notificationPdfLink": null,
        "notificationArchiveLink": null
      }
    },
    {
      "type": "Feature",
      "geometry": {
        "type": "Point",
        "coordinates": [
          78.4452,
          19.9056
        ]
      },
      "properties": {
        "wikidataId": "Q106673573",
        "wikidataUrl": "https://www.wikidata.org/wiki/Q106673573",
        "name": "Tipeshwar Wildlife Sanctuary",
        "protectedAreaType": "Wildlife Sanctuary",
        "state": "Maharashtra",
        "iucnCategory": "IUCN category IV: Habitat/Species Management Area",
        "area": 148.63,
        "osmRelationIds": [],
        "enwikiUrl": "https://en.wikipedia.org/wiki/Tipeshwar_Wildlife_Sanctuary?action=edit&redlink=1",
        "eszStatus": "final",
        "notificationCount": 4,
        "notificationStatus": "Final",
        "notificationDate": "2018-09-19",
        "orderNumber": "S.O. 4892(E)",
        "notificationPdfLink": "https://moef.gov.in/uploads/2018/11/tipeshwar_0.pdf"
      }
    },
    {
      "type": "Feature",
      "geometry": {
        "type": "Point",
        "coordinates": [
          80.2788,
          20.993
        ]
      },
      "properties": {
        "wikidataId": "Q106674048",
        "wikidataUrl": "https://www.wikidata.org/wiki/Q106674048",
        "name": "Nawegaon Wildlife Sanctuary",
        "protectedAreaType": "Wildlife Sanctuary",
        "state": "Maharashtra",
        "iucnCategory": "IUCN category IV: Habitat/Species Management Area",
        "area": 122.76,
        "osmRelationIds": [],
        "enwikiUrl": null,
        "eszStatus": "none",
        "notificationCount": 0,
        "notificationStatus": null,
        "notificationDate": null,
        "orderNumber": null,
        "notificationPdfLink": null,
        "notificationArchiveLink": null
      }
    },
    {
      "type": "Feature",
      "geometry": {
        "type": "Point",
        "coordinates": [
          86.8037,
          20.6066
        ]
      },
      "properties": {
        "wikidataId": "Q106674990",
        "wikidataUrl": "https://www.wikidata.org/wiki/Q106674990",
        "name": "Bhitarkanika Wildlife Sanctuary",
        "protectedAreaType": "Wildlife Sanctuary",
        "state": "Odisha",
        "iucnCategory": "IUCN category IV: Habitat/Species Management Area",
        "area": 525,
        "osmRelationIds": [],
        "enwikiUrl": null,
        "eszStatus": "none",
        "notificationCount": 0,
        "notificationStatus": null,
        "notificationDate": null,
        "orderNumber": null,
        "notificationPdfLink": null,
        "notificationArchiveLink": null
      }
    },
    {
      "type": "Feature",
      "geometry": {
        "type": "Point",
        "coordinates": [
          82.1132,
          20.2388
        ]
      },
      "properties": {
        "wikidataId": "Q106675711",
        "wikidataUrl": "https://www.wikidata.org/wiki/Q106675711",
        "name": "Udanti-Sitanadi Tiger Reserve",
        "protectedAreaType": "Tiger Reserve",
        "state": "Chhattisgarh",
        "iucnCategory": null,
        "area": 1842.54,
        "osmRelationIds": [],
        "enwikiUrl": null,
        "eszStatus": "draft",
        "notificationCount": 1,
        "notificationStatus": "Draft",
        "notificationDate": "2017-11-22",
        "orderNumber": "S.O. 3712(E)",
        "notificationPdfLink": "https://moef.gov.in/uploads/2017/06/udanti-sitandi(1).pdf"
      }
    },
    {
      "type": "Feature",
      "geometry": {
        "type": "Point",
        "coordinates": [
          89.97611,
          26.65972
        ]
      },
      "properties": {
        "wikidataId": "Q107112206",
        "wikidataUrl": "https://www.wikidata.org/wiki/Q107112206",
        "name": "Raimona National Park",
        "protectedAreaType": "National Park",
        "state": "Assam",
        "iucnCategory": "IUCN category II: National Park",
        "area": null,
        "osmRelationIds": [],
        "enwikiUrl": "https://en.wikipedia.org/wiki/Raimona_National_Park",
        "eszStatus": "none",
        "notificationCount": 0,
        "notificationStatus": null,
        "notificationDate": null,
        "orderNumber": null,
        "notificationPdfLink": null,
        "notificationArchiveLink": null
      }
    },
    {
      "type": "Feature",
      "geometry": {
        "type": "Point",
        "coordinates": [
          76.5075,
          19.975
        ]
      },
      "properties": {
        "wikidataId": "Q107224583",
        "wikidataUrl": "https://www.wikidata.org/wiki/Q107224583",
        "name": "Lonar Wildlife Sanctuary",
        "protectedAreaType": "Wildlife Sanctuary",
        "state": "Maharashtra",
        "iucnCategory": "IUCN category IV: Habitat/Species Management Area",
        "area": null,
        "osmRelationIds": [],
        "enwikiUrl": "https://en.wikipedia.org/wiki/Lonar_Wildlife_Sanctuary",
        "eszStatus": "final",
        "notificationCount": 2,
        "notificationStatus": "Final",
        "notificationDate": "2017-02-28",
        "orderNumber": "S. O. 668(E)",
        "notificationPdfLink": "https://moef.gov.in/uploads/2017/06/Lonar%20Wildlife%20Sanctuary%2C%20Maharashtra_0.pdf"
      }
    },
    {
      "type": "Feature",
      "geometry": {
        "type": "Point",
        "coordinates": [
          79.806333333,
          21.206861111
        ]
      },
      "properties": {
        "wikidataId": "Q107283783",
        "wikidataUrl": "https://www.wikidata.org/wiki/Q107283783",
        "name": "Koka Wildlife Sanctuary",
        "protectedAreaType": "Wildlife Sanctuary",
        "state": "Maharashtra",
        "iucnCategory": "IUCN category IV: Habitat/Species Management Area",
        "area": null,
        "osmRelationIds": [],
        "enwikiUrl": "https://en.wikipedia.org/wiki/Koka_Wildlife_Sanctuary",
        "eszStatus": "final",
        "notificationCount": 1,
        "notificationStatus": "Final",
        "notificationDate": "2023-09-20",
        "orderNumber": "S.O. 4132(E)",
        "notificationPdfLink": "https://moef.gov.in/uploads/2023/11/SO4132(E)-Final-notification-nagzira.pdf"
      }
    },
    {
      "type": "Feature",
      "geometry": {
        "type": "Point",
        "coordinates": [
          93.581361111,
          27.068472222
        ]
      },
      "properties": {
        "wikidataId": "Q107313635",
        "wikidataUrl": "https://www.wikidata.org/wiki/Q107313635",
        "name": "Itanagar Wildlife Sanctuary",
        "protectedAreaType": "Wildlife Sanctuary",
        "state": "Arunachal Pradesh",
        "iucnCategory": "IUCN category IV: Habitat/Species Management Area",
        "area": null,
        "osmRelationIds": [],
        "enwikiUrl": "https://en.wikipedia.org/wiki/Itanagar_Wildlife_Sanctuary",
        "eszStatus": "none",
        "notificationCount": 0,
        "notificationStatus": null,
        "notificationDate": null,
        "orderNumber": null,
        "notificationPdfLink": null,
        "notificationArchiveLink": null
      }
    },
    {
      "type": "Feature",
      "geometry": {
        "type": "Point",
        "coordinates": [
          95.94,
          28.1575
        ]
      },
      "properties": {
        "wikidataId": "Q107324541",
        "wikidataUrl": "https://www.wikidata.org/wiki/Q107324541",
        "name": "Mehao Wildlife Sanctuary",
        "protectedAreaType": "Wildlife Sanctuary",
        "state": "Arunachal Pradesh",
        "iucnCategory": "IUCN category IV: Habitat/Species Management Area",
        "area": null,
        "osmRelationIds": [],
        "enwikiUrl": "https://en.wikipedia.org/wiki/Mehao_Wildlife_Sanctuary",
        "eszStatus": "none",
        "notificationCount": 0,
        "notificationStatus": null,
        "notificationDate": null,
        "orderNumber": null,
        "notificationPdfLink": null,
        "notificationArchiveLink": null
      }
    },
    {
      "type": "Feature",
      "geometry": {
        "type": "Point",
        "coordinates": [
          76.648666666,
          21.222305555
        ]
      },
      "properties": {
        "wikidataId": "Q107410387",
        "wikidataUrl": "https://www.wikidata.org/wiki/Q107410387",
        "name": "Amba Barwa Wildlife Sanctuary",
        "protectedAreaType": "Wildlife Sanctuary",
        "state": "Maharashtra",
        "iucnCategory": "IUCN category IV: Habitat/Species Management Area",
        "area": null,
        "osmRelationIds": [],
        "enwikiUrl": "https://en.wikipedia.org/wiki/Amba_Barwa_Wildlife_Sanctuary",
        "eszStatus": "none",
        "notificationCount": 0,
        "notificationStatus": null,
        "notificationDate": null,
        "orderNumber": null,
        "notificationPdfLink": null,
        "notificationArchiveLink": null
      }
    },
    {
      "type": "Feature",
      "geometry": {
        "type": "Point",
        "coordinates": [
          75.94,
          18.305
        ]
      },
      "properties": {
        "wikidataId": "Q107410544",
        "wikidataUrl": "https://www.wikidata.org/wiki/Q107410544",
        "name": "Yedsi Ramling Ghat Wildlife Sanctuary",
        "protectedAreaType": "Wildlife Sanctuary",
        "state": "Maharashtra",
        "iucnCategory": "IUCN category IV: Habitat/Species Management Area",
        "area": null,
        "osmRelationIds": [],
        "enwikiUrl": "https://en.wikipedia.org/wiki/Yedsi_Ramling_Ghat_Wildlife_Sanctuary",
        "eszStatus": "final",
        "notificationCount": 2,
        "notificationStatus": "Final",
        "notificationDate": "2017-05-31",
        "orderNumber": "S.O. 1751 (E)",
        "notificationPdfLink": "https://moef.gov.in/uploads/2017/06/Yedshi%20Ramling%20Ghat%20Wildlife%20Sanctuary%2C%20Maharashtra.pdf"
      }
    },
    {
      "type": "Feature",
      "geometry": {
        "type": "Point",
        "coordinates": [
          76.37,
          31.4025
        ]
      },
      "properties": {
        "wikidataId": "Q109905245",
        "wikidataUrl": "https://www.wikidata.org/wiki/Q109905245",
        "name": "Nangal Wildlife Sanctuary",
        "protectedAreaType": "Wildlife Sanctuary",
        "state": "Punjab",
        "iucnCategory": "IUCN category IV: Habitat/Species Management Area",
        "area": null,
        "osmRelationIds": [],
        "enwikiUrl": "https://en.wikipedia.org/wiki/Nangal_Wildlife_Sanctuary",
        "eszStatus": "final",
        "notificationCount": 2,
        "notificationStatus": "Final",
        "notificationDate": "2017-03-16",
        "orderNumber": "S.O. 840 (E)",
        "notificationPdfLink": "https://moef.gov.in/uploads/2017/06/Nangal%20Wildlife%20Sanctuary%2C%20Punjab%2C%20Final%20Notification.pdf"
      }
    },
    {
      "type": "Feature",
      "geometry": {
        "type": "Point",
        "coordinates": [
          77.5,
          17.5
        ]
      },
      "properties": {
        "wikidataId": "Q109974015",
        "wikidataUrl": "https://www.wikidata.org/wiki/Q109974015",
        "name": "Chincholi Wildlife Sanctuary",
        "protectedAreaType": "Wildlife Sanctuary",
        "state": "Karnataka",
        "iucnCategory": "IUCN category IV: Habitat/Species Management Area",
        "area": 134.88,
        "osmRelationIds": [],
        "enwikiUrl": "https://en.wikipedia.org/wiki/Chincholi_Wildlife_Sanctuary",
        "eszStatus": "final",
        "notificationCount": 4,
        "notificationStatus": "Final",
        "notificationDate": "2020-06-04",
        "orderNumber": "S.O. 1738(E)",
        "notificationPdfLink": "https://moef.gov.in/uploads/2019/10/chincholi-amendment.pdf"
      }
    },
    {
      "type": "Feature",
      "geometry": {
        "type": "Point",
        "coordinates": [
          94.0623,
          25.6107
        ]
      },
      "properties": {
        "wikidataId": "Q109974258",
        "wikidataUrl": "https://www.wikidata.org/wiki/Q109974258",
        "name": "Pulie Badze Wildlife Sanctuary",
        "protectedAreaType": "Wildlife Sanctuary",
        "state": "Nagaland",
        "iucnCategory": "IUCN category IV: Habitat/Species Management Area",
        "area": null,
        "osmRelationIds": [],
        "enwikiUrl": "https://en.wikipedia.org/wiki/Pulie_Badze_Wildlife_Sanctuary",
        "eszStatus": "none",
        "notificationCount": 0,
        "notificationStatus": null,
        "notificationDate": null,
        "orderNumber": null,
        "notificationPdfLink": null,
        "notificationArchiveLink": null
      }
    },
    {
      "type": "Feature",
      "geometry": {
        "type": "Point",
        "coordinates": [
          75.438888888,
          13.85
        ]
      },
      "properties": {
        "wikidataId": "Q109974510",
        "wikidataUrl": "https://www.wikidata.org/wiki/Q109974510",
        "name": "Shettihalli Wildlife Sanctuary",
        "protectedAreaType": "Wildlife Sanctuary",
        "state": "Karnataka",
        "iucnCategory": "IUCN category IV: Habitat/Species Management Area",
        "area": null,
        "osmRelationIds": [],
        "enwikiUrl": "https://en.wikipedia.org/wiki/Shettihalli_Wildlife_Sanctuary",
        "eszStatus": "none",
        "notificationCount": 0,
        "notificationStatus": null,
        "notificationDate": null,
        "orderNumber": null,
        "notificationPdfLink": null,
        "notificationArchiveLink": null
      }
    },
    {
      "type": "Feature",
      "geometry": {
        "type": "Point",
        "coordinates": [
          74.344444444,
          30.025
        ]
      },
      "properties": {
        "wikidataId": "Q110078182",
        "wikidataUrl": "https://www.wikidata.org/wiki/Q110078182",
        "name": "Abohar Wildlife Sanctuary",
        "protectedAreaType": "Wildlife Sanctuary",
        "state": "Punjab",
        "iucnCategory": "IUCN category IV: Habitat/Species Management Area",
        "area": null,
        "osmRelationIds": [],
        "enwikiUrl": "https://en.wikipedia.org/wiki/Abohar_Wildlife_Sanctuary",
        "eszStatus": "final",
        "notificationCount": 2,
        "notificationStatus": "Final",
        "notificationDate": "2016-08-05",
        "orderNumber": "S.O. 2638(E)",
        "notificationPdfLink": "https://moef.gov.in/uploads/2017/06/Abohar%20Wildlife%20Sanctuary%2C%20Punjab.pdf"
      }
    },
    {
      "type": "Feature",
      "geometry": {
        "type": "Point",
        "coordinates": [
          76.405555555,
          12.323611111
        ]
      },
      "properties": {
        "wikidataId": "Q110078183",
        "wikidataUrl": "https://www.wikidata.org/wiki/Q110078183",
        "name": "Arabithittu Wildlife Sanctuary",
        "protectedAreaType": "Wildlife Sanctuary",
        "state": "Karnataka",
        "iucnCategory": "IUCN category IV: Habitat/Species Management Area",
        "area": null,
        "osmRelationIds": [],
        "enwikiUrl": "https://en.wikipedia.org/wiki/Arabithittu_Wildlife_Sanctuary",
        "eszStatus": "final",
        "notificationCount": 2,
        "notificationStatus": "Final",
        "notificationDate": "2017-06-08",
        "orderNumber": "S.O. 1857 (E)",
        "notificationPdfLink": "https://moef.gov.in/uploads/2017/06/Arabithittu%20Wildlife%20Sanctuary%2C%20Karnataka.pdf"
      }
    },
    {
      "type": "Feature",
      "geometry": {
        "type": "Point",
        "coordinates": [
          76.455555555,
          11.930555555
        ]
      },
      "properties": {
        "wikidataId": "Q110078279",
        "wikidataUrl": "https://www.wikidata.org/wiki/Q110078279",
        "name": "Nugu Wildlife Sanctuary",
        "protectedAreaType": "Wildlife Sanctuary",
        "state": "Karnataka",
        "iucnCategory": "IUCN category IV: Habitat/Species Management Area",
        "area": null,
        "osmRelationIds": [],
        "enwikiUrl": "https://en.wikipedia.org/wiki/Nugu_Wildlife_Sanctuary",
        "eszStatus": "final",
        "notificationCount": 3,
        "notificationStatus": "Final",
        "notificationDate": "2017-09-27",
        "orderNumber": "S.O. 3132 (E)",
        "notificationPdfLink": "https://moef.gov.in/uploads/2017/06/Nugu%20Wildlife%20Sanctuary%2C%20Karnataka%2C%20Final.pdf"
      }
    },
    {
      "type": "Feature",
      "geometry": {
        "type": "Point",
        "coordinates": [
          77.547222222,
          31.619444444
        ]
      },
      "properties": {
        "wikidataId": "Q111169695",
        "wikidataUrl": "https://www.wikidata.org/wiki/Q111169695",
        "name": "Tirthan Wildlife Sanctuary",
        "protectedAreaType": "Wildlife Sanctuary",
        "state": "Himachal Pradesh",
        "iucnCategory": "IUCN category IV: Habitat/Species Management Area",
        "area": null,
        "osmRelationIds": [],
        "enwikiUrl": "https://en.wikipedia.org/wiki/Tirthan_Wildlife_Sanctuary",
        "eszStatus": "draft",
        "notificationCount": 1,
        "notificationStatus": "Draft",
        "notificationDate": "2016-08-05",
        "orderNumber": "S.O. 2628(E)",
        "notificationPdfLink": "https://moef.gov.in/uploads/2017/06/Great%20Himalayan%20National%20Park%2C%20HP.pdf"
      }
    },
    {
      "type": "Feature",
      "geometry": {
        "type": "Point",
        "coordinates": [
          79.6332774,
          20.5347429
        ]
      },
      "properties": {
        "wikidataId": "Q55074851",
        "wikidataUrl": "https://www.wikidata.org/wiki/Q55074851",
        "name": "Ghodazari Wildlife Sanctuary",
        "protectedAreaType": "Wildlife Sanctuary",
        "state": "Maharashtra",
        "iucnCategory": "IUCN category IV: Habitat/Species Management Area",
        "area": null,
        "osmRelationIds": [],
        "enwikiUrl": "https://en.wikipedia.org/wiki/Ghodazari_Wildlife_Sanctuary",
        "eszStatus": "none",
        "notificationCount": 0,
        "notificationStatus": null,
        "notificationDate": null,
        "orderNumber": null,
        "notificationPdfLink": null,
        "notificationArchiveLink": null
      }
    },
    {
      "type": "Feature",
      "geometry": {
        "type": "Point",
        "coordinates": [
          76.8765,
          22.8373
        ]
      },
      "properties": {
        "wikidataId": "Q55615923",
        "wikidataUrl": "https://www.wikidata.org/wiki/Q55615923",
        "name": "Kheoni Wildlife Sanctuary",
        "protectedAreaType": "Wildlife Sanctuary",
        "state": "Madhya Pradesh",
        "iucnCategory": "IUCN category IV: Habitat/Species Management Area",
        "area": 134.778,
        "osmRelationIds": [],
        "enwikiUrl": "https://en.wikipedia.org/wiki/Kheoni_Wildlife_Sanctuary",
        "eszStatus": "final",
        "notificationCount": 2,
        "notificationStatus": "Final",
        "notificationDate": "2018-05-14",
        "orderNumber": "S.O. 1902(E)",
        "notificationPdfLink": "https://moef.gov.in/uploads/2018/05/kheoni.pdf"
      }
    },
    {
      "type": "Feature",
      "geometry": {
        "type": "Point",
        "coordinates": [
          79.433333333,
          29.766666666
        ]
      },
      "properties": {
        "wikidataId": "Q55633284",
        "wikidataUrl": "https://www.wikidata.org/wiki/Q55633284",
        "name": "Sitabani Wildlife Reserve",
        "protectedAreaType": "Wildlife Sanctuary",
        "state": "Uttarakhand",
        "iucnCategory": null,
        "area": null,
        "osmRelationIds": [],
        "enwikiUrl": "https://en.wikipedia.org/wiki/Sitabani_Wildlife_Reserve",
        "eszStatus": "none",
        "notificationCount": 0,
        "notificationStatus": null,
        "notificationDate": null,
        "orderNumber": null,
        "notificationPdfLink": null,
        "notificationArchiveLink": null
      }
    },
    {
      "type": "Feature",
      "geometry": {
        "type": "Point",
        "coordinates": [
          74.65,
          13.7
        ]
      },
      "properties": {
        "wikidataId": "Q60744029",
        "wikidataUrl": "https://www.wikidata.org/wiki/Q60744029",
        "name": "Mookambika Wildlife Sanctuary",
        "protectedAreaType": "Wildlife Sanctuary",
        "state": "Karnataka",
        "iucnCategory": "IUCN category IV: Habitat/Species Management Area",
        "area": null,
        "osmRelationIds": [],
        "enwikiUrl": "https://en.wikipedia.org/wiki/Mookambika_Wildlife_Sanctuary",
        "eszStatus": "final",
        "notificationCount": 2,
        "notificationStatus": "Final",
        "notificationDate": "2017-04-13",
        "orderNumber": "S.O. 1176(E)",
        "notificationPdfLink": "https://moef.gov.in/uploads/2017/06/Mookambika%20Wildlife%20Sanctuary%2C%20Karnataka.pdf"
      }
    },
    {
      "type": "Feature",
      "geometry": {
        "type": "Point",
        "coordinates": [
          72.9358,
          19.3879
        ]
      },
      "properties": {
        "wikidataId": "Q60753866",
        "wikidataUrl": "https://www.wikidata.org/wiki/Q60753866",
        "name": "Tungareshwar Wildlife Sanctuary",
        "protectedAreaType": "Wildlife Sanctuary",
        "state": "Maharashtra",
        "iucnCategory": "IUCN category IV: Habitat/Species Management Area",
        "area": 85,
        "osmRelationIds": [],
        "enwikiUrl": "https://en.wikipedia.org/wiki/Tungareshwar_Wildlife_Sanctuary",
        "eszStatus": "final",
        "notificationCount": 2,
        "notificationStatus": "Final",
        "notificationDate": "2019-09-11",
        "orderNumber": "S.O. 3250(E)",
        "notificationPdfLink": "https://moef.gov.in/uploads/2018/12/tungareshwar.pdf"
      }
    },
    {
      "type": "Feature",
      "geometry": {
        "type": "Point",
        "coordinates": [
          91.746522222,
          25.927380555
        ]
      },
      "properties": {
        "wikidataId": "Q61363881",
        "wikidataUrl": "https://www.wikidata.org/wiki/Q61363881",
        "name": "Nongkhyllem Wildlife Sanctuary",
        "protectedAreaType": "Wildlife Sanctuary",
        "state": "Meghalaya",
        "iucnCategory": "IUCN category IV: Habitat/Species Management Area",
        "area": null,
        "osmRelationIds": [],
        "enwikiUrl": "https://en.wikipedia.org/wiki/Nongkhyllem_Wildlife_Sanctuary",
        "eszStatus": "final",
        "notificationCount": 2,
        "notificationStatus": "Final",
        "notificationDate": "2017-06-07",
        "orderNumber": "S.O. 1816 (E)",
        "notificationPdfLink": "https://moef.gov.in/uploads/2017/06/Nongkhyllem%20Reserved%20Forest%2C%20Meghalaya.pdf"
      }
    },
    {
      "type": "Feature",
      "geometry": {
        "type": "Point",
        "coordinates": [
          75.974,
          22.6503
        ]
      },
      "properties": {
        "wikidataId": "Q65041648",
        "wikidataUrl": "https://www.wikidata.org/wiki/Q65041648",
        "name": "Ralamandal Wildlife Sanctuary",
        "protectedAreaType": "Wildlife Sanctuary",
        "state": "Madhya Pradesh",
        "iucnCategory": "IUCN category IV: Habitat/Species Management Area",
        "area": null,
        "osmRelationIds": [],
        "enwikiUrl": "https://en.wikipedia.org/wiki/Ralamandal_Wildlife_Sanctuary",
        "eszStatus": "final",
        "notificationCount": 2,
        "notificationStatus": "Final",
        "notificationDate": "2023-11-02",
        "orderNumber": "S.O. 4799(E)",
        "notificationPdfLink": "https://moef.gov.in/uploads/2023/11/SO4799(E)-ESZ-Notification-ralamandal.pdf"
      }
    },
    {
      "type": "Feature",
      "geometry": {
        "type": "Point",
        "coordinates": [
          73.640423,
          24.596854
        ]
      },
      "properties": {
        "wikidataId": "Q65068086",
        "wikidataUrl": "https://www.wikidata.org/wiki/Q65068086",
        "name": "Sajjangarh Wildlife Sanctuary",
        "protectedAreaType": "Wildlife Sanctuary",
        "state": "Rajasthan",
        "iucnCategory": "IUCN category IV: Habitat/Species Management Area",
        "area": null,
        "osmRelationIds": [],
        "enwikiUrl": "https://en.wikipedia.org/wiki/Sajjangarh_Wildlife_Sanctuary",
        "eszStatus": "final",
        "notificationCount": 4,
        "notificationStatus": "Final",
        "notificationDate": "2017-02-14",
        "orderNumber": "S. O. 435",
        "notificationPdfLink": "https://moef.gov.in/uploads/2017/06/Sajjangarh%20Wildlife%20Sanctuary%2C%20Rajasthan.pdf"
      }
    },
    {
      "type": "Feature",
      "geometry": {
        "type": "Point",
        "coordinates": [
          80.076666666,
          24.890555555
        ]
      },
      "properties": {
        "wikidataId": "Q65090978",
        "wikidataUrl": "https://www.wikidata.org/wiki/Q65090978",
        "name": "Ken Gharial Sanctuary",
        "protectedAreaType": "Wildlife Sanctuary",
        "state": "Madhya Pradesh",
        "iucnCategory": "IUCN category IV: Habitat/Species Management Area",
        "area": null,
        "osmRelationIds": [],
        "enwikiUrl": "https://en.wikipedia.org/wiki/Ken_Gharial_Sanctuary",
        "eszStatus": "final",
        "notificationCount": 2,
        "notificationStatus": "Final",
        "notificationDate": "2017-09-21",
        "orderNumber": "S.O. 3082 (E)",
        "notificationPdfLink": "https://moef.gov.in/uploads/2017/06/Ken%20Garial%20Wildlife%20Sanctuary%2C%20Madhya%20Pradesh%20Final%20(1).pdf"
      }
    },
    {
      "type": "Feature",
      "geometry": {
        "type": "Point",
        "coordinates": [
          76.376944444,
          11.3875
        ]
      },
      "properties": {
        "wikidataId": "Q65321737",
        "wikidataUrl": "https://www.wikidata.org/wiki/Q65321737",
        "name": "Karimpuzha Wildlife Sanctuary",
        "protectedAreaType": "Wildlife Sanctuary",
        "state": "Kerala",
        "iucnCategory": "IUCN category IV: Habitat/Species Management Area",
        "area": null,
        "osmRelationIds": [],
        "enwikiUrl": "https://en.wikipedia.org/wiki/Karimpuzha_Wildlife_Sanctuary",
        "eszStatus": "none",
        "notificationCount": 0,
        "notificationStatus": null,
        "notificationDate": null,
        "orderNumber": null,
        "notificationPdfLink": null,
        "notificationArchiveLink": null
      }
    },
    {
      "type": "Feature",
      "geometry": {
        "type": "Point",
        "coordinates": [
          84.586364,
          22.744624
        ]
      },
      "properties": {
        "wikidataId": "Q85791919",
        "wikidataUrl": "https://www.wikidata.org/wiki/Q85791919",
        "name": "Palkot Wildlife Sanctuary",
        "protectedAreaType": "Wildlife Sanctuary",
        "state": "Jharkhand",
        "iucnCategory": "IUCN category IV: Habitat/Species Management Area",
        "area": null,
        "osmRelationIds": [],
        "enwikiUrl": "https://en.wikipedia.org/wiki/Palkot_Wildlife_Sanctuary",
        "eszStatus": "final",
        "notificationCount": 2,
        "notificationStatus": "Final",
        "notificationDate": "2019-08-09",
        "orderNumber": "S.O. 2897(E)",
        "notificationPdfLink": "https://moef.gov.in/uploads/2019/08/palkot.pdf"
      }
    },
    {
      "type": "Feature",
      "geometry": {
        "type": "Point",
        "coordinates": [
          74.633333333,
          13.9
        ]
      },
      "properties": {
        "wikidataId": "Q85800682",
        "wikidataUrl": "https://www.wikidata.org/wiki/Q85800682",
        "name": "Sharavathi LTM Wildlife Sanctuary",
        "protectedAreaType": "Wildlife Sanctuary",
        "state": "Karnataka",
        "iucnCategory": null,
        "area": null,
        "osmRelationIds": [],
        "enwikiUrl": "https://en.wikipedia.org/wiki/Sharavathi_LTM_Wildlife_Sanctuary",
        "eszStatus": "final",
        "notificationCount": 3,
        "notificationStatus": "Final",
        "notificationDate": "2023-11-16",
        "orderNumber": "S.O. 4950(E)",
        "notificationPdfLink": "https://moef.gov.in/uploads/2023/11/SO4950(E)-sharavati-final.pdf"
      }
    },
    {
      "type": "Feature",
      "geometry": {
        "type": "Point",
        "coordinates": [
          85.4233,
          24.9928
        ]
      },
      "properties": {
        "wikidataId": "Q85846882",
        "wikidataUrl": "https://www.wikidata.org/wiki/Q85846882",
        "name": "Pant Wildlife Sanctuary",
        "protectedAreaType": "Wildlife Sanctuary",
        "state": "Bihar",
        "iucnCategory": "IUCN category IV: Habitat/Species Management Area",
        "area": null,
        "osmRelationIds": [],
        "enwikiUrl": "https://en.wikipedia.org/wiki/Pant_Wildlife_Sanctuary",
        "eszStatus": "draft",
        "notificationCount": 1,
        "notificationStatus": "Draft",
        "notificationDate": "2015-09-17",
        "orderNumber": "S.O. 2536",
        "notificationPdfLink": "https://moef.gov.in/uploads/2017/06/S.O.%202536%20%5B17.09.2015%5D%20Draft%20ESZ%20Notification%20on%20Pant%20Wildlife%20Sanctuary%2C%20Bihar.pdf"
      }
    },
    {
      "type": "Feature",
      "geometry": {
        "type": "Point",
        "coordinates": [
          78.560833333,
          14.726944444
        ]
      },
      "properties": {
        "wikidataId": "Q96401141",
        "wikidataUrl": "https://www.wikidata.org/wiki/Q96401141",
        "name": "Rajiv Gandhi National Park",
        "protectedAreaType": "National Park",
        "state": "Andhra Pradesh",
        "iucnCategory": "IUCN category II: National Park",
        "area": null,
        "osmRelationIds": [],
        "enwikiUrl": "https://en.wikipedia.org/wiki/Rajiv_Gandhi_National_Park_(Rameswaram)",
        "eszStatus": "final",
        "notificationCount": 3,
        "notificationStatus": "Final",
        "notificationDate": "2017-05-15",
        "orderNumber": "S.O. 1563 (E)",
        "notificationPdfLink": "https://moef.gov.in/uploads/2017/06/Rajiv%20Gandhi%20National%20Park%2C%20Andhra%20Pradesh_0.pdf"
      }
    },
    {
      "type": "Feature",
      "geometry": {
        "type": "Point",
        "coordinates": [
          77.166666666,
          8.8
        ]
      },
      "properties": {
        "wikidataId": "Q97353441",
        "wikidataUrl": "https://www.wikidata.org/wiki/Q97353441",
        "name": "Kulathupuzha Range Reserved Forest",
        "protectedAreaType": null,
        "state": "Kerala",
        "iucnCategory": null,
        "area": 20000,
        "osmRelationIds": [],
        "enwikiUrl": null,
        "eszStatus": "none",
        "notificationCount": 0,
        "notificationStatus": null,
        "notificationDate": null,
        "orderNumber": null,
        "notificationPdfLink": null,
        "notificationArchiveLink": null
      }
    },
    {
      "type": "Feature",
      "geometry": {
        "type": "Point",
        "coordinates": [
          77.166666666,
          8.8
        ]
      },
      "properties": {
        "wikidataId": "Q97356733",
        "wikidataUrl": "https://www.wikidata.org/wiki/Q97356733",
        "name": "Palode Range Reserved Forest",
        "protectedAreaType": null,
        "state": "Kerala",
        "iucnCategory": null,
        "area": 16500,
        "osmRelationIds": [],
        "enwikiUrl": null,
        "eszStatus": "none",
        "notificationCount": 0,
        "notificationStatus": null,
        "notificationDate": null,
        "orderNumber": null,
        "notificationPdfLink": null,
        "notificationArchiveLink": null
      }
    },
    {
      "type": "Feature",
      "geometry": {
        "type": "Point",
        "coordinates": [
          76.383333333,
          11.166666666
        ]
      },
      "properties": {
        "wikidataId": "Q97359098",
        "wikidataUrl": "https://www.wikidata.org/wiki/Q97359098",
        "name": "Kalikavu Range Reserved Forest",
        "protectedAreaType": null,
        "state": "Kerala",
        "iucnCategory": null,
        "area": 11705,
        "osmRelationIds": [],
        "enwikiUrl": null,
        "eszStatus": "none",
        "notificationCount": 0,
        "notificationStatus": null,
        "notificationDate": null,
        "orderNumber": null,
        "notificationPdfLink": null,
        "notificationArchiveLink": null
      }
    },
    {
      "type": "Feature",
      "geometry": {
        "type": "Point",
        "coordinates": [
          76.466666666,
          11.133333333
        ]
      },
      "properties": {
        "wikidataId": "Q97361053",
        "wikidataUrl": "https://www.wikidata.org/wiki/Q97361053",
        "name": "Attapadi Reserved Forest",
        "protectedAreaType": null,
        "state": "Kerala",
        "iucnCategory": null,
        "area": 6575,
        "osmRelationIds": [],
        "enwikiUrl": null,
        "eszStatus": "none",
        "notificationCount": 0,
        "notificationStatus": null,
        "notificationDate": null,
        "orderNumber": null,
        "notificationPdfLink": null,
        "notificationArchiveLink": null
      }
    },
    {
      "type": "Feature",
      "geometry": {
        "type": "Point",
        "coordinates": [
          76.916666666,
          10.083333333
        ]
      },
      "properties": {
        "wikidataId": "Q97361413",
        "wikidataUrl": "https://www.wikidata.org/wiki/Q97361413",
        "name": "Mankulam Range Forest",
        "protectedAreaType": null,
        "state": "Kerala",
        "iucnCategory": null,
        "area": 5284,
        "osmRelationIds": [],
        "enwikiUrl": null,
        "eszStatus": "none",
        "notificationCount": 0,
        "notificationStatus": null,
        "notificationDate": null,
        "orderNumber": null,
        "notificationPdfLink": null,
        "notificationArchiveLink": null
      }
    },
    {
      "type": "Feature",
      "geometry": {
        "type": "Point",
        "coordinates": [
          77.283333333,
          9.216666666
        ]
      },
      "properties": {
        "wikidataId": "Q97379507",
        "wikidataUrl": "https://www.wikidata.org/wiki/Q97379507",
        "name": "Tirunelveli (North) Forest (part)",
        "protectedAreaType": null,
        "state": "Tamil Nadu",
        "iucnCategory": null,
        "area": 23467,
        "osmRelationIds": [],
        "enwikiUrl": null,
        "eszStatus": "none",
        "notificationCount": 0,
        "notificationStatus": null,
        "notificationDate": null,
        "orderNumber": null,
        "notificationPdfLink": null,
        "notificationArchiveLink": null
      }
    },
    {
      "type": "Feature",
      "geometry": {
        "type": "Point",
        "coordinates": [
          79.828611111,
          19.665
        ]
      },
      "properties": {
        "wikidataId": "Q99342657",
        "wikidataUrl": "https://www.wikidata.org/wiki/Q99342657",
        "name": "Chaprala Wildlife Sanctuary",
        "protectedAreaType": "Wildlife Sanctuary",
        "state": "Maharashtra",
        "iucnCategory": null,
        "area": 882.22,
        "osmRelationIds": [],
        "enwikiUrl": "https://en.wikipedia.org/wiki/Chaprala_Wildlife_Sanctuary?action=edit&redlink=1",
        "eszStatus": "final",
        "notificationCount": 3,
        "notificationStatus": "Final",
        "notificationDate": "2020-10-27",
        "orderNumber": "S.O. 3877(E)",
        "notificationPdfLink": "https://moef.gov.in/uploads/2019/02/chaprala.pdf"
      }
    },
    {
      "type": "Feature",
      "geometry": {
        "type": "Point",
        "coordinates": [
          77.85194444,
          27.23583333
        ]
      },
      "properties": {
        "wikidataId": "Q101311408",
        "wikidataUrl": "https://www.wikidata.org/wiki/Q101311408",
        "name": "Agra Bear Rescue Facility",
        "protectedAreaType": null,
        "state": "Uttar Pradesh",
        "iucnCategory": null,
        "area": null,
        "osmRelationIds": [],
        "enwikiUrl": "https://en.wikipedia.org/wiki/Agra_Bear_Rescue_Facility",
        "eszStatus": "none",
        "notificationCount": 0,
        "notificationStatus": null,
        "notificationDate": null,
        "orderNumber": null,
        "notificationPdfLink": null,
        "notificationArchiveLink": null
      }
    },
    {
      "type": "Feature",
      "geometry": {
        "type": "Point",
        "coordinates": [
          85.5939,
          24.5373
        ]
      },
      "properties": {
        "wikidataId": "Q104822465",
        "wikidataUrl": "https://www.wikidata.org/wiki/Q104822465",
        "name": "Koderma Wildlife Sanctuary",
        "protectedAreaType": "Wildlife Sanctuary",
        "state": "Jharkhand",
        "iucnCategory": "IUCN category IV: Habitat/Species Management Area",
        "area": null,
        "osmRelationIds": [],
        "enwikiUrl": "https://en.wikipedia.org/wiki/Koderma_Wildlife_Sanctuary",
        "eszStatus": "final",
        "notificationCount": 2,
        "notificationStatus": "Final",
        "notificationDate": "2019-08-09",
        "orderNumber": "S.O. 2895(E)",
        "notificationPdfLink": "https://moef.gov.in/uploads/2019/08/kederma.pdf"
      }
    },
    {
      "type": "Feature",
      "geometry": {
        "type": "Point",
        "coordinates": [
          86.4,
          24.8175
        ]
      },
      "properties": {
        "wikidataId": "Q104868515",
        "wikidataUrl": "https://www.wikidata.org/wiki/Q104868515",
        "name": "Nagi Bird Sanctuary",
        "protectedAreaType": "Bird Sanctuary",
        "state": "Bihar",
        "iucnCategory": "IUCN category IV: Habitat/Species Management Area",
        "area": null,
        "osmRelationIds": [],
        "enwikiUrl": "https://en.wikipedia.org/wiki/Nagi_Dam_Bird_Sanctuary",
        "eszStatus": "none",
        "notificationCount": 0,
        "notificationStatus": null,
        "notificationDate": null,
        "orderNumber": null,
        "notificationPdfLink": null,
        "notificationArchiveLink": null
      }
    },
    {
      "type": "Feature",
      "geometry": {
        "type": "Point",
        "coordinates": [
          82.47,
          21.5
        ]
      },
      "properties": {
        "wikidataId": "Q104879966",
        "wikidataUrl": "https://www.wikidata.org/wiki/Q104879966",
        "name": "Barnawapara Wildlife sanctuary",
        "protectedAreaType": "Wildlife Sanctuary",
        "state": "Chhattisgarh",
        "iucnCategory": "IUCN category IV: Habitat/Species Management Area",
        "area": null,
        "osmRelationIds": [],
        "enwikiUrl": "https://en.wikipedia.org/wiki/Barnawapara_Wildlife_Sanctuary",
        "eszStatus": "final",
        "notificationCount": 3,
        "notificationStatus": "Final",
        "notificationDate": "2024-10-09",
        "orderNumber": "S .O. No. 4386(E)",
        "notificationPdfLink": "https://moef.gov.in/uploads/pdf/Barnawapara_WLS_amendment.pdf"
      }
    },
    {
      "type": "Feature",
      "geometry": {
        "type": "Point",
        "coordinates": [
          84.5175,
          24.2367
        ]
      },
      "properties": {
        "wikidataId": "Q105044248",
        "wikidataUrl": "https://www.wikidata.org/wiki/Q105044248",
        "name": "Lawalong Wildlife Sanctuary",
        "protectedAreaType": "Wildlife Sanctuary",
        "state": "Jharkhand",
        "iucnCategory": "IUCN category IV: Habitat/Species Management Area",
        "area": null,
        "osmRelationIds": [],
        "enwikiUrl": "https://en.wikipedia.org/wiki/Lawalong_Wildlife_Sanctuary",
        "eszStatus": "final",
        "notificationCount": 2,
        "notificationStatus": "Final",
        "notificationDate": "2019-08-09",
        "orderNumber": "S.O. 2896(E)",
        "notificationPdfLink": "https://moef.gov.in/uploads/2018/12/lawalong.pdf"
      }
    },
    {
      "type": "Feature",
      "geometry": {
        "type": "Point",
        "coordinates": [
          77.16,
          8.4
        ]
      },
      "properties": {
        "wikidataId": "Q105806882",
        "wikidataUrl": "https://www.wikidata.org/wiki/Q105806882",
        "name": "Kottur Elephant Sanctuary and Rehabilitation Centre",
        "protectedAreaType": "Wildlife Sanctuary",
        "state": "Kerala",
        "iucnCategory": null,
        "area": null,
        "osmRelationIds": [],
        "enwikiUrl": "https://en.wikipedia.org/wiki/Kottur_Elephant_Sanctuary_and_Rehabilitation_Centre",
        "eszStatus": "none",
        "notificationCount": 0,
        "notificationStatus": null,
        "notificationDate": null,
        "orderNumber": null,
        "notificationPdfLink": null,
        "notificationArchiveLink": null
      }
    },
    {
      "type": "Feature",
      "geometry": {
        "type": "Point",
        "coordinates": [
          73.265,
          19.545
        ]
      },
      "properties": {
        "wikidataId": "Q105847575",
        "wikidataUrl": "https://www.wikidata.org/wiki/Q105847575",
        "name": "Tansa Wildlife Sanctuary",
        "protectedAreaType": "Wildlife Sanctuary",
        "state": "Maharashtra",
        "iucnCategory": "IUCN category IV: Habitat/Species Management Area",
        "area": 304.81,
        "osmRelationIds": [],
        "enwikiUrl": "https://en.wikipedia.org/wiki/Tansa_Wildlife_Sanctuary",
        "eszStatus": "draft",
        "notificationCount": 1,
        "notificationStatus": "Draft",
        "notificationDate": "2017-08-10",
        "orderNumber": "S.O. 2566",
        "notificationPdfLink": "https://moef.gov.in/uploads/2017/06/Tansa%20Wildlife%20Sanctuary%20Draft%2C%20Maharashtra.pdf"
      }
    },
    {
      "type": "Feature",
      "geometry": {
        "type": "Point",
        "coordinates": [
          88.333333333,
          27.1
        ]
      },
      "properties": {
        "wikidataId": "Q106257541",
        "wikidataUrl": "https://www.wikidata.org/wiki/Q106257541",
        "name": "Kitam bird sanctuary",
        "protectedAreaType": "Bird Sanctuary",
        "state": "Sikkim",
        "iucnCategory": "IUCN category IV: Habitat/Species Management Area",
        "area": 6,
        "osmRelationIds": [],
        "enwikiUrl": "https://en.wikipedia.org/wiki/Kitam_Bird_Sanctuary",
        "eszStatus": "final",
        "notificationCount": 4,
        "notificationStatus": "Final",
        "notificationDate": "2014-08-27",
        "orderNumber": "S.O. 2167",
        "notificationPdfLink": "https://moef.gov.in/uploads/2017/06/S.O.%202167%20%5B27.08.2014%5D%20Final%20ESZ%20Notification%20on%20Kitam%20Bird%20Sanctuary%2C%20Sikkim.pdf"
      }
    },
    {
      "type": "Feature",
      "geometry": {
        "type": "Point",
        "coordinates": [
          77.3013674,
          12.7531984
        ]
      },
      "properties": {
        "wikidataId": "Q106416493",
        "wikidataUrl": "https://www.wikidata.org/wiki/Q106416493",
        "name": "Ramanagara Ramdevara Betta Vulture Sanctuary",
        "protectedAreaType": "Wildlife Sanctuary",
        "state": "Karnataka",
        "iucnCategory": null,
        "area": 7.08,
        "osmRelationIds": [],
        "enwikiUrl": null,
        "eszStatus": "none",
        "notificationCount": 0,
        "notificationStatus": null,
        "notificationDate": null,
        "orderNumber": null,
        "notificationPdfLink": null,
        "notificationArchiveLink": null
      }
    },
    {
      "type": "Feature",
      "geometry": {
        "type": "Point",
        "coordinates": [
          75.140833333,
          20.3325
        ]
      },
      "properties": {
        "wikidataId": "Q5527862",
        "wikidataUrl": "https://www.wikidata.org/wiki/Q5527862",
        "name": "Gautala Autramghat Sanctuary",
        "protectedAreaType": "Wildlife Sanctuary",
        "state": "Maharashtra",
        "iucnCategory": "IUCN category IV: Habitat/Species Management Area",
        "area": null,
        "osmRelationIds": [],
        "enwikiUrl": "https://en.wikipedia.org/wiki/Gautala_Autramghat_Sanctuary",
        "eszStatus": "final",
        "notificationCount": 2,
        "notificationStatus": "Final",
        "notificationDate": "2016-12-09",
        "orderNumber": "S.O. 3996",
        "notificationPdfLink": "https://moef.gov.in/uploads/2017/06/Gautala%20Autramghat%20Wildlife%20Sanctuary%2C%20Maharashtra.pdf"
      }
    },
    {
      "type": "Feature",
      "geometry": {
        "type": "Point",
        "coordinates": [
          80.614361,
          23.11306
        ]
      },
      "properties": {
        "wikidataId": "Q5557523",
        "wikidataUrl": "https://www.wikidata.org/wiki/Q5557523",
        "name": "Ghughua Fossil Park",
        "protectedAreaType": "National Park",
        "state": "Madhya Pradesh",
        "iucnCategory": "IUCN category II: National Park",
        "area": 75,
        "osmRelationIds": [],
        "enwikiUrl": "https://en.wikipedia.org/wiki/Ghughua_Fossil_Park",
        "eszStatus": "final",
        "notificationCount": 2,
        "notificationStatus": "Final",
        "notificationDate": "2017-09-18",
        "orderNumber": "S.O. 3064 (E)",
        "notificationPdfLink": "https://moef.gov.in/uploads/2017/06/Ghughua%20Fossil%20National%20Park%2C%20MP%20Final.pdf"
      }
    },
    {
      "type": "Feature",
      "geometry": {
        "type": "Point",
        "coordinates": [
          78.29,
          31.1
        ]
      },
      "properties": {
        "wikidataId": "Q5589844",
        "wikidataUrl": "https://www.wikidata.org/wiki/Q5589844",
        "name": "Govind Pashu Vihar National Park and Sanctuary",
        "protectedAreaType": "National Park",
        "state": "Uttarakhand",
        "iucnCategory": "IUCN category II: National Park",
        "area": null,
        "osmRelationIds": [],
        "enwikiUrl": "https://en.wikipedia.org/wiki/Govind_Pashu_Vihar_National_Park",
        "eszStatus": "none",
        "notificationCount": 0,
        "notificationStatus": null,
        "notificationDate": null,
        "orderNumber": null,
        "notificationPdfLink": null,
        "notificationArchiveLink": null
      }
    },
    {
      "type": "Feature",
      "geometry": {
        "type": "Point",
        "coordinates": [
          76.9856427,
          10.3410227
        ]
      },
      "properties": {
        "wikidataId": "Q5597433",
        "wikidataUrl": "https://www.wikidata.org/wiki/Q5597433",
        "name": "Grass Hills National Park",
        "protectedAreaType": "National Park",
        "state": "Tamil Nadu",
        "iucnCategory": null,
        "area": 3123,
        "osmRelationIds": [],
        "enwikiUrl": "https://en.wikipedia.org/wiki/Grass_Hills_National_Park",
        "eszStatus": "none",
        "notificationCount": 0,
        "notificationStatus": null,
        "notificationDate": null,
        "orderNumber": null,
        "notificationPdfLink": null,
        "notificationArchiveLink": null
      }
    },
    {
      "type": "Feature",
      "geometry": {
        "type": "Point",
        "coordinates": [
          75.19388889,
          18.35
        ]
      },
      "properties": {
        "wikidataId": "Q5599356",
        "wikidataUrl": "https://www.wikidata.org/wiki/Q5599356",
        "name": "Great Indian Bustard Sanctuary",
        "protectedAreaType": "Wildlife Sanctuary",
        "state": "Maharashtra",
        "iucnCategory": "IUCN category IV: Habitat/Species Management Area",
        "area": null,
        "osmRelationIds": [],
        "enwikiUrl": "https://en.wikipedia.org/wiki/Great_Indian_Bustard_Sanctuary",
        "eszStatus": "final",
        "notificationCount": 4,
        "notificationStatus": "Final",
        "notificationDate": "2024-10-03",
        "orderNumber": "S .O. No. 4331(E)",
        "notificationPdfLink": "https://moef.gov.in/uploads/pdf/great_indian_bustard_amendment.pdf"
      }
    },
    {
      "type": "Feature",
      "geometry": {
        "type": "Point",
        "coordinates": [
          79.86,
          10.31
        ]
      },
      "properties": {
        "wikidataId": "Q5614058",
        "wikidataUrl": "https://www.wikidata.org/wiki/Q5614058",
        "name": "Point Calimere Wildlife and Bird Sanctuary",
        "protectedAreaType": "Bird Sanctuary",
        "state": "Tamil Nadu",
        "iucnCategory": "IUCN category IV: Habitat/Species Management Area",
        "area": 38500,
        "osmRelationIds": [],
        "enwikiUrl": "https://en.wikipedia.org/wiki/Point_Calimere_Wildlife_and_Bird_Sanctuary",
        "eszStatus": "final",
        "notificationCount": 6,
        "notificationStatus": "Final",
        "notificationDate": "2020-01-28",
        "orderNumber": "S.O. 410(E)",
        "notificationPdfLink": "https://moef.gov.in/uploads/2019/10/point-calimere-block-B.pdf"
      }
    },
    {
      "type": "Feature",
      "geometry": {
        "type": "Point",
        "coordinates": [
          75.0125,
          14.439722222
        ]
      },
      "properties": {
        "wikidataId": "Q5614543",
        "wikidataUrl": "https://www.wikidata.org/wiki/Q5614543",
        "name": "Gudavi Bird Sanctuary",
        "protectedAreaType": "Bird Sanctuary",
        "state": "Karnataka",
        "iucnCategory": "IUCN category IV: Habitat/Species Management Area",
        "area": null,
        "osmRelationIds": [],
        "enwikiUrl": "https://en.wikipedia.org/wiki/Gudavi_Bird_Sanctuary",
        "eszStatus": "final",
        "notificationCount": 3,
        "notificationStatus": "Final",
        "notificationDate": "2017-07-06",
        "orderNumber": "S.O. 2148 (E)",
        "notificationPdfLink": "https://moef.gov.in/uploads/2017/06/Gudavi%20Bird%20Sanctuary%2C%20Karnataka.pdf"
      }
    },
    {
      "type": "Feature",
      "geometry": {
        "type": "Point",
        "coordinates": [
          79.4725,
          9.1375
        ]
      },
      "properties": {
        "wikidataId": "Q5617576",
        "wikidataUrl": "https://www.wikidata.org/wiki/Q5617576",
        "name": "Gulf of Mannar Marine National Park",
        "protectedAreaType": "National Park",
        "state": "Tamil Nadu",
        "iucnCategory": "IUCN category II: National Park",
        "area": 6.23,
        "osmRelationIds": [
          "415570"
        ],
        "enwikiUrl": "https://en.wikipedia.org/wiki/Gulf_of_Mannar_Marine_National_Park",
        "eszStatus": "final",
        "notificationCount": 2,
        "notificationStatus": "Final",
        "notificationDate": "2020-01-01",
        "orderNumber": "S.O. 08(E)",
        "notificationPdfLink": "https://moef.gov.in/uploads/2019/10/gulf-of-mannar.pdf"
      }
    },
    {
      "type": "Feature",
      "geometry": {
        "type": "Point",
        "coordinates": [
          88.6312,
          21.66431
        ]
      },
      "properties": {
        "wikidataId": "Q5642082",
        "wikidataUrl": "https://www.wikidata.org/wiki/Q5642082",
        "name": "Haliday Island Wildlife Sanctuary",
        "protectedAreaType": "Wildlife Sanctuary",
        "state": "West Bengal",
        "iucnCategory": "IUCN category IV: Habitat/Species Management Area",
        "area": null,
        "osmRelationIds": [],
        "enwikiUrl": "https://en.wikipedia.org/wiki/Haliday_Island_Wildlife_Sanctuary",
        "eszStatus": "draft",
        "notificationCount": 1,
        "notificationStatus": "Draft",
        "notificationDate": "2024-10-28",
        "orderNumber": "S.O. No. 4761(E)",
        "notificationPdfLink": "https://moef.gov.in/uploads/pdf-uploads/pdf_6778d4d94481a3.20962475.pdf"
      }
    },
    {
      "type": "Feature",
      "geometry": {
        "type": "Point",
        "coordinates": [
          78.1,
          29.166666666
        ]
      },
      "properties": {
        "wikidataId": "Q5680205",
        "wikidataUrl": "https://www.wikidata.org/wiki/Q5680205",
        "name": "Hastinapur Sanctuary",
        "protectedAreaType": "Wildlife Sanctuary",
        "state": "Uttar Pradesh",
        "iucnCategory": "IUCN category IV: Habitat/Species Management Area",
        "area": null,
        "osmRelationIds": [],
        "enwikiUrl": "https://en.wikipedia.org/wiki/Hastinapur_Wildlife_Sanctuary",
        "eszStatus": "final",
        "notificationCount": 2,
        "notificationStatus": "Final",
        "notificationDate": "2018-09-19",
        "orderNumber": "S.O. 4890(E)",
        "notificationPdfLink": "https://moef.gov.in/uploads/2018/11/Hastinapur.pdf"
      }
    },
    {
      "type": "Feature",
      "geometry": {
        "type": "Point",
        "coordinates": [
          83.016,
          25.28
        ]
      },
      "properties": {
        "wikidataId": "Q6344663",
        "wikidataUrl": "https://www.wikidata.org/wiki/Q6344663",
        "name": "Kachhua Sanctuary",
        "protectedAreaType": "Wildlife Sanctuary",
        "state": "Uttar Pradesh",
        "iucnCategory": "IUCN category IV: Habitat/Species Management Area",
        "area": null,
        "osmRelationIds": [],
        "enwikiUrl": "https://en.wikipedia.org/wiki/Kachhua_Sanctuary",
        "eszStatus": "none",
        "notificationCount": 0,
        "notificationStatus": null,
        "notificationDate": null,
        "orderNumber": null,
        "notificationPdfLink": null,
        "notificationArchiveLink": null
      }
    },
    {
      "type": "Feature",
      "geometry": {
        "type": "Point",
        "coordinates": [
          76.01,
          32.55
        ]
      },
      "properties": {
        "wikidataId": "Q6351618",
        "wikidataUrl": "https://www.wikidata.org/wiki/Q6351618",
        "name": "Kalatop Khajjiar Sanctuary",
        "protectedAreaType": "Wildlife Sanctuary",
        "state": "Himachal Pradesh",
        "iucnCategory": "IUCN category IV: Habitat/Species Management Area",
        "area": null,
        "osmRelationIds": [],
        "enwikiUrl": "https://en.wikipedia.org/wiki/Kalatop_Khajjiar_Sanctuary",
        "eszStatus": "final",
        "notificationCount": 3,
        "notificationStatus": "Final",
        "notificationDate": "2020-10-27",
        "orderNumber": "S.O. 3875(E)",
        "notificationPdfLink": "https://moef.gov.in/uploads/2019/02/kalatop-khajjar.pdf"
      }
    },
    {
      "type": "Feature",
      "geometry": {
        "type": "Point",
        "coordinates": [
          86.14,
          25.61
        ]
      },
      "properties": {
        "wikidataId": "Q6365748",
        "wikidataUrl": "https://www.wikidata.org/wiki/Q6365748",
        "name": "Kanwar Lake Bird Sanctuary",
        "protectedAreaType": "Bird Sanctuary",
        "state": "Bihar",
        "iucnCategory": "IUCN category IV: Habitat/Species Management Area",
        "area": null,
        "osmRelationIds": [],
        "enwikiUrl": "https://en.wikipedia.org/wiki/Kanwar_Lake_Bird_Sanctuary",
        "eszStatus": "none",
        "notificationCount": 0,
        "notificationStatus": null,
        "notificationDate": null,
        "orderNumber": null,
        "notificationPdfLink": null,
        "notificationArchiveLink": null
      }
    },
    {
      "type": "Feature",
      "geometry": {
        "type": "Point",
        "coordinates": [
          77.433333333,
          34.716666666
        ]
      },
      "properties": {
        "wikidataId": "Q6368141",
        "wikidataUrl": "https://www.wikidata.org/wiki/Q6368141",
        "name": "Karakoram Wildlife Sanctuary",
        "protectedAreaType": "Wildlife Sanctuary",
        "state": "Jammu and Kashmir",
        "iucnCategory": "IUCN category IV: Habitat/Species Management Area",
        "area": null,
        "osmRelationIds": [],
        "enwikiUrl": "https://en.wikipedia.org/wiki/Karakoram_Wildlife_Sanctuary",
        "eszStatus": "none",
        "notificationCount": 0,
        "notificationStatus": null,
        "notificationDate": null,
        "orderNumber": null,
        "notificationPdfLink": null,
        "notificationArchiveLink": null
      }
    },
    {
      "type": "Feature",
      "geometry": {
        "type": "Point",
        "coordinates": [
          83.062584,
          19.686735
        ]
      },
      "properties": {
        "wikidataId": "Q6372473",
        "wikidataUrl": "https://www.wikidata.org/wiki/Q6372473",
        "name": "Karlapat Wildlife Sanctuary",
        "protectedAreaType": "Wildlife Sanctuary",
        "state": "Odisha",
        "iucnCategory": "IUCN category IV: Habitat/Species Management Area",
        "area": null,
        "osmRelationIds": [],
        "enwikiUrl": "https://en.wikipedia.org/wiki/Karlapat_Wildlife_Sanctuary",
        "eszStatus": "draft",
        "notificationCount": 1,
        "notificationStatus": "Draft",
        "notificationDate": "2019-08-09",
        "orderNumber": "S.O. 2894(E)",
        "notificationPdfLink": "https://moef.gov.in/uploads/2019/08/karlapat.pdf"
      }
    },
    {
      "type": "Feature",
      "geometry": {
        "type": "Point",
        "coordinates": [
          73.1025,
          18.90861111
        ]
      },
      "properties": {
        "wikidataId": "Q6372818",
        "wikidataUrl": "https://www.wikidata.org/wiki/Q6372818",
        "name": "Karnala Bird Sanctuary",
        "protectedAreaType": "Bird Sanctuary",
        "state": "Maharashtra",
        "iucnCategory": "IUCN category IV: Habitat/Species Management Area",
        "area": null,
        "osmRelationIds": [],
        "enwikiUrl": "https://en.wikipedia.org/wiki/Karnala_Bird_Sanctuary",
        "eszStatus": "final",
        "notificationCount": 3,
        "notificationStatus": "Final",
        "notificationDate": "2016-01-22",
        "orderNumber": "S.O 230(E)",
        "notificationPdfLink": "https://moef.gov.in/uploads/2017/06/SO%20230(E)%5B22.01.2016%5D%20Notification%20declaring%20Eco-sensitive%20Zone%20around%20the%20KARNALA%20Wildlife%20Sanctuary%20%20in%20the%20state%20of%20Maharashtra.pdf"
      }
    },
    {
      "type": "Feature",
      "geometry": {
        "type": "Point",
        "coordinates": [
          78.9989734,
          19.1188949
        ]
      },
      "properties": {
        "wikidataId": "Q6379588",
        "wikidataUrl": "https://www.wikidata.org/wiki/Q6379588",
        "name": "Kawal Wildlife Sanctuary",
        "protectedAreaType": "Tiger Reserve",
        "state": "Telangana",
        "iucnCategory": "IUCN category IV: Habitat/Species Management Area",
        "area": 2015.44,
        "osmRelationIds": [],
        "enwikiUrl": "https://en.wikipedia.org/wiki/Kawal_Wildlife_Sanctuary",
        "eszStatus": "draft",
        "notificationCount": 1,
        "notificationStatus": "Draft",
        "notificationDate": "2018-03-13",
        "orderNumber": "S.O. 1122(E)",
        "notificationPdfLink": "https://moef.gov.in/uploads/2018/05/kawal.pdf"
      }
    },
    {
      "type": "Feature",
      "geometry": {
        "type": "Point",
        "coordinates": [
          80.559,
          17.775
        ]
      },
      "properties": {
        "wikidataId": "Q6414074",
        "wikidataUrl": "https://www.wikidata.org/wiki/Q6414074",
        "name": "Kinnerasani Wildlife Sanctuary",
        "protectedAreaType": "Wildlife Sanctuary",
        "state": "Telangana",
        "iucnCategory": "IUCN category IV: Habitat/Species Management Area",
        "area": null,
        "osmRelationIds": [],
        "enwikiUrl": "https://en.wikipedia.org/wiki/Kinnerasani_Wildlife_Sanctuary",
        "eszStatus": "final",
        "notificationCount": 2,
        "notificationStatus": "Final",
        "notificationDate": "2017-09-01",
        "orderNumber": "S.O. 2859",
        "notificationPdfLink": "https://moef.gov.in/uploads/2017/06/Kinnerasani%20Wildlife%20Sanctuary%20Telangana%20Final.pdf"
      }
    },
    {
      "type": "Feature",
      "geometry": {
        "type": "Point",
        "coordinates": [
          80.367,
          28.4002
        ]
      },
      "properties": {
        "wikidataId": "Q6416552",
        "wikidataUrl": "https://www.wikidata.org/wiki/Q6416552",
        "name": "Kishanpur Wildlife Sanctuary",
        "protectedAreaType": "Wildlife Sanctuary",
        "state": "Uttar Pradesh",
        "iucnCategory": "IUCN category IV: Habitat/Species Management Area",
        "area": null,
        "osmRelationIds": [],
        "enwikiUrl": "https://en.wikipedia.org/wiki/Kishanpur_Wildlife_Sanctuary",
        "eszStatus": "none",
        "notificationCount": 0,
        "notificationStatus": null,
        "notificationDate": null,
        "orderNumber": null,
        "notificationPdfLink": null,
        "notificationArchiveLink": null
      }
    },
    {
      "type": "Feature",
      "geometry": {
        "type": "Point",
        "coordinates": [
          80.7,
          15.7
        ]
      },
      "properties": {
        "wikidataId": "Q6437498",
        "wikidataUrl": "https://www.wikidata.org/wiki/Q6437498",
        "name": "Krishna Wildlife Sanctuary",
        "protectedAreaType": "Wildlife Sanctuary",
        "state": "Andhra Pradesh",
        "iucnCategory": "IUCN category IV: Habitat/Species Management Area",
        "area": null,
        "osmRelationIds": [],
        "enwikiUrl": "https://en.wikipedia.org/wiki/Krishna_Wildlife_Sanctuary",
        "eszStatus": "final",
        "notificationCount": 2,
        "notificationStatus": "Final",
        "notificationDate": "2020-08-05",
        "orderNumber": "S.O. 2632(E)",
        "notificationPdfLink": "https://moef.gov.in/uploads/2019/10/krishna-1.pdf"
      }
    },
    {
      "type": "Feature",
      "geometry": {
        "type": "Point",
        "coordinates": [
          76.52,
          9.5
        ]
      },
      "properties": {
        "wikidataId": "Q6443537",
        "wikidataUrl": "https://www.wikidata.org/wiki/Q6443537",
        "name": "Kumarakom Bird Sanctuary",
        "protectedAreaType": "Bird Sanctuary",
        "state": "Kerala",
        "iucnCategory": null,
        "area": null,
        "osmRelationIds": [],
        "enwikiUrl": "https://en.wikipedia.org/wiki/Kumarakom_Bird_Sanctuary",
        "eszStatus": "none",
        "notificationCount": 0,
        "notificationStatus": null,
        "notificationDate": null,
        "orderNumber": null,
        "notificationPdfLink": null,
        "notificationArchiveLink": null
      }
    },
    {
      "type": "Feature",
      "geometry": {
        "type": "Point",
        "coordinates": [
          73.563055555,
          25.133888888
        ]
      },
      "properties": {
        "wikidataId": "Q6443733",
        "wikidataUrl": "https://www.wikidata.org/wiki/Q6443733",
        "name": "Kumbhalgarh Wildlife Sanctuary",
        "protectedAreaType": "Wildlife Sanctuary",
        "state": "Rajasthan",
        "iucnCategory": "IUCN category IV: Habitat/Species Management Area",
        "area": null,
        "osmRelationIds": [],
        "enwikiUrl": "https://en.wikipedia.org/wiki/Kumbhalgarh_Wildlife_Sanctuary",
        "eszStatus": "final",
        "notificationCount": 2,
        "notificationStatus": "Final",
        "notificationDate": "2026-01-16",
        "orderNumber": "S.O. No. 238 (E)",
        "notificationPdfLink": "https://moef.gov.in/uploads/2026/02/238_Kumbhalgarh_Final.pdf"
      }
    },
    {
      "type": "Feature",
      "geometry": {
        "type": "Point",
        "coordinates": [
          77.27,
          10.23
        ]
      },
      "properties": {
        "wikidataId": "Q6446058",
        "wikidataUrl": "https://www.wikidata.org/wiki/Q6446058",
        "name": "Kurinjimala Sanctuary",
        "protectedAreaType": "Wildlife Sanctuary",
        "state": "Kerala",
        "iucnCategory": "IUCN category IV: Habitat/Species Management Area",
        "area": null,
        "osmRelationIds": [],
        "enwikiUrl": "https://en.wikipedia.org/wiki/Kurinjimala_Sanctuary",
        "eszStatus": "draft",
        "notificationCount": 2,
        "notificationStatus": "Draft",
        "notificationDate": "2021-01-12",
        "orderNumber": "S.O. 124(E)",
        "notificationPdfLink": "https://moef.gov.in/uploads/2021/01/eravikulam.pdf"
      }
    },
    {
      "type": "Feature",
      "geometry": {
        "type": "Point",
        "coordinates": [
          88.741,
          27.377
        ]
      },
      "properties": {
        "wikidataId": "Q6452052",
        "wikidataUrl": "https://www.wikidata.org/wiki/Q6452052",
        "name": "Kyongnosla Alpine Sanctuary",
        "protectedAreaType": "Wildlife Sanctuary",
        "state": "Sikkim",
        "iucnCategory": "IUCN category IV: Habitat/Species Management Area",
        "area": 31,
        "osmRelationIds": [],
        "enwikiUrl": "https://en.wikipedia.org/wiki/Kyongnosla_Alpine_Sanctuary",
        "eszStatus": "final",
        "notificationCount": 3,
        "notificationStatus": "Final",
        "notificationDate": "2014-08-27",
        "orderNumber": "S.O. 2168",
        "notificationPdfLink": "https://moef.gov.in/uploads/2017/06/S.O.%202168%20%5B27.08.2014%5D%20Final%20ESZ%20Notifcation%20on%20Kyongnosla%20Wildlife%20Sanctuary%2C%20Sikkim.pdf"
      }
    },
    {
      "type": "Feature",
      "geometry": {
        "type": "Point",
        "coordinates": [
          79.641,
          26.911
        ]
      },
      "properties": {
        "wikidataId": "Q6479478",
        "wikidataUrl": "https://www.wikidata.org/wiki/Q6479478",
        "name": "Lakh Bahosi Sanctuary",
        "protectedAreaType": "Wildlife Sanctuary",
        "state": "Uttar Pradesh",
        "iucnCategory": "IUCN category IV: Habitat/Species Management Area",
        "area": null,
        "osmRelationIds": [],
        "enwikiUrl": "https://en.wikipedia.org/wiki/Lakh_Bahosi_Sanctuary",
        "eszStatus": "final",
        "notificationCount": 2,
        "notificationStatus": "Final",
        "notificationDate": "2019-08-30",
        "orderNumber": "S.O. 3152(E)",
        "notificationPdfLink": "https://moef.gov.in/uploads/2018/12/Lakh-bhaosi.pdf"
      }
    },
    {
      "type": "Feature",
      "geometry": {
        "type": "Point",
        "coordinates": [
          88.32559,
          21.65784
        ]
      },
      "properties": {
        "wikidataId": "Q6684762",
        "wikidataUrl": "https://www.wikidata.org/wiki/Q6684762",
        "name": "Lothian Island Wildlife Sanctuary",
        "protectedAreaType": "Wildlife Sanctuary",
        "state": "West Bengal",
        "iucnCategory": "IUCN category IV: Habitat/Species Management Area",
        "area": null,
        "osmRelationIds": [],
        "enwikiUrl": "https://en.wikipedia.org/wiki/Lothian_Island_Wildlife_Sanctuary",
        "eszStatus": "draft",
        "notificationCount": 1,
        "notificationStatus": "Draft",
        "notificationDate": "2024-12-30",
        "orderNumber": "S.O. No. 5638(E)",
        "notificationPdfLink": "https://moef.gov.in/uploads/pdf-uploads/pdf_6778d4f86d8715.38725123.pdf"
      }
    },
    {
      "type": "Feature",
      "geometry": {
        "type": "Point",
        "coordinates": [
          75.511952777,
          15.216647222
        ]
      },
      "properties": {
        "wikidataId": "Q6729590",
        "wikidataUrl": "https://www.wikidata.org/wiki/Q6729590",
        "name": "Magadi Bird Sanctuary",
        "protectedAreaType": "Bird Sanctuary",
        "state": "Karnataka",
        "iucnCategory": null,
        "area": null,
        "osmRelationIds": [],
        "enwikiUrl": "https://en.wikipedia.org/wiki/Magadi_Bird_Sanctuary",
        "eszStatus": "none",
        "notificationCount": 0,
        "notificationStatus": null,
        "notificationDate": null,
        "orderNumber": null,
        "notificationPdfLink": null,
        "notificationArchiveLink": null
      }
    },
    {
      "type": "Feature",
      "geometry": {
        "type": "Point",
        "coordinates": [
          78.25,
          24.52
        ]
      },
      "properties": {
        "wikidataId": "Q6733577",
        "wikidataUrl": "https://www.wikidata.org/wiki/Q6733577",
        "name": "Mahavir Swami Sanctuary",
        "protectedAreaType": "Wildlife Sanctuary",
        "state": "Uttar Pradesh",
        "iucnCategory": "IUCN category IV: Habitat/Species Management Area",
        "area": null,
        "osmRelationIds": [],
        "enwikiUrl": "https://en.wikipedia.org/wiki/Mahavir_Swami_Wildlife_Sanctuary",
        "eszStatus": "final",
        "notificationCount": 2,
        "notificationStatus": "Final",
        "notificationDate": "2020-10-27",
        "orderNumber": "S.O.3878(E)",
        "notificationPdfLink": "https://moef.gov.in/uploads/2019/02/mahavir-swami.pdf"
      }
    },
    {
      "type": "Feature",
      "geometry": {
        "type": "Point",
        "coordinates": [
          76.9587,
          31.3092
        ]
      },
      "properties": {
        "wikidataId": "Q6738481",
        "wikidataUrl": "https://www.wikidata.org/wiki/Q6738481",
        "name": "Majthal Sanctuary",
        "protectedAreaType": "Wildlife Sanctuary",
        "state": "Himachal Pradesh",
        "iucnCategory": "IUCN category IV: Habitat/Species Management Area",
        "area": null,
        "osmRelationIds": [],
        "enwikiUrl": "https://en.wikipedia.org/wiki/Majthal_Sanctuary",
        "eszStatus": "final",
        "notificationCount": 2,
        "notificationStatus": "Final",
        "notificationDate": "2017-06-07",
        "orderNumber": "S.O. 1813 (E)",
        "notificationPdfLink": "https://moef.gov.in/uploads/2017/06/Majathal%20Wildlife%20Sanctuary%2C%20HP.pdf"
      }
    },
    {
      "type": "Feature",
      "geometry": {
        "type": "Point",
        "coordinates": [
          77.19,
          32.247
        ]
      },
      "properties": {
        "wikidataId": "Q6746838",
        "wikidataUrl": "https://www.wikidata.org/wiki/Q6746838",
        "name": "Manali Sanctuary",
        "protectedAreaType": "Wildlife Sanctuary",
        "state": "Himachal Pradesh",
        "iucnCategory": "IUCN category IV: Habitat/Species Management Area",
        "area": null,
        "osmRelationIds": [],
        "enwikiUrl": "https://en.wikipedia.org/wiki/Manali_Sanctuary",
        "eszStatus": "final",
        "notificationCount": 3,
        "notificationStatus": "Final",
        "notificationDate": "2020-10-12",
        "orderNumber": "S.O.3583(E)",
        "notificationPdfLink": "https://moef.gov.in/uploads/2020/10/manali-1.pdf"
      }
    },
    {
      "type": "Feature",
      "geometry": {
        "type": "Point",
        "coordinates": [
          76.272827671,
          9.9888614
        ]
      },
      "properties": {
        "wikidataId": "Q6748692",
        "wikidataUrl": "https://www.wikidata.org/wiki/Q6748692",
        "name": "Mangalavanam Bird Sanctuary",
        "protectedAreaType": "Bird Sanctuary",
        "state": "Kerala",
        "iucnCategory": "IUCN category IV: Habitat/Species Management Area",
        "area": null,
        "osmRelationIds": [],
        "enwikiUrl": "https://en.wikipedia.org/wiki/Mangalavanam_Bird_Sanctuary",
        "eszStatus": "draft",
        "notificationCount": 2,
        "notificationStatus": "Draft",
        "notificationDate": "2020-09-07",
        "orderNumber": "S.O. 3033(E)",
        "notificationPdfLink": "https://moef.gov.in/uploads/2020/09/mangalavanam.pdf"
      }
    },
    {
      "type": "Feature",
      "geometry": {
        "type": "Point",
        "coordinates": [
          78.00639,
          17.6933
        ]
      },
      "properties": {
        "wikidataId": "Q6750402",
        "wikidataUrl": "https://www.wikidata.org/wiki/Q6750402",
        "name": "Manjira Wildlife Sanctuary",
        "protectedAreaType": "Wildlife Sanctuary",
        "state": "Andhra Pradesh",
        "iucnCategory": "IUCN category IV: Habitat/Species Management Area",
        "area": null,
        "osmRelationIds": [],
        "enwikiUrl": "https://en.wikipedia.org/wiki/Manjira_Wildlife_Sanctuary",
        "eszStatus": "none",
        "notificationCount": 0,
        "notificationStatus": null,
        "notificationDate": null,
        "orderNumber": null,
        "notificationPdfLink": null,
        "notificationArchiveLink": null
      }
    },
    {
      "type": "Feature",
      "geometry": {
        "type": "Point",
        "coordinates": [
          74.5,
          17.41666667
        ]
      },
      "properties": {
        "wikidataId": "Q6796837",
        "wikidataUrl": "https://www.wikidata.org/wiki/Q6796837",
        "name": "Mayani Bird Sanctuary",
        "protectedAreaType": "Bird Sanctuary",
        "state": "Maharashtra",
        "iucnCategory": null,
        "area": null,
        "osmRelationIds": [],
        "enwikiUrl": "https://en.wikipedia.org/wiki/Mayani_Bird_Sanctuary",
        "eszStatus": "none",
        "notificationCount": 0,
        "notificationStatus": null,
        "notificationDate": null,
        "orderNumber": null,
        "notificationPdfLink": null,
        "notificationArchiveLink": null
      }
    },
    {
      "type": "Feature",
      "geometry": {
        "type": "Point",
        "coordinates": [
          76.463417,
          10.438816
        ]
      },
      "properties": {
        "wikidataId": "Q6806784",
        "wikidataUrl": "https://www.wikidata.org/wiki/Q6806784",
        "name": "Chimmini Wildlife Sanctuary",
        "protectedAreaType": "Wildlife Sanctuary",
        "state": "Kerala",
        "iucnCategory": "IUCN category IV: Habitat/Species Management Area",
        "area": null,
        "osmRelationIds": [],
        "enwikiUrl": "https://en.wikipedia.org/wiki/Chimmini_Wildlife_Sanctuary",
        "eszStatus": "draft",
        "notificationCount": 2,
        "notificationStatus": "Draft",
        "notificationDate": "2020-11-25",
        "orderNumber": "S.O. 4269(E)",
        "notificationPdfLink": "https://moef.gov.in/uploads/2020/12/chimmony.pdf"
      }
    },
    {
      "type": "Feature",
      "geometry": {
        "type": "Point",
        "coordinates": [
          77.16,
          8.4
        ]
      },
      "properties": {
        "wikidataId": "Q6807544",
        "wikidataUrl": "https://www.wikidata.org/wiki/Q6807544",
        "name": "Neyyar Wildlife Sanctuary",
        "protectedAreaType": "Wildlife Sanctuary",
        "state": "Kerala",
        "iucnCategory": "IUCN category IV: Habitat/Species Management Area",
        "area": 128000,
        "osmRelationIds": [],
        "enwikiUrl": "https://en.wikipedia.org/wiki/Neyyar_Wildlife_Sanctuary",
        "eszStatus": "draft",
        "notificationCount": 1,
        "notificationStatus": "Draft",
        "notificationDate": "2022-03-25",
        "orderNumber": "S.O. 1361(E)",
        "notificationPdfLink": "https://moef.gov.in/uploads/2022/03/Draft-Notification-Neyyar.pdf"
      }
    },
    {
      "type": "Feature",
      "geometry": {
        "type": "Point",
        "coordinates": [
          76.966666666,
          9.780555555
        ]
      },
      "properties": {
        "wikidataId": "Q6808944",
        "wikidataUrl": "https://www.wikidata.org/wiki/Q6808944",
        "name": "Idukki wildlife sanctuary",
        "protectedAreaType": "Wildlife Sanctuary",
        "state": "Kerala",
        "iucnCategory": null,
        "area": null,
        "osmRelationIds": [],
        "enwikiUrl": "https://en.wikipedia.org/wiki/Idukki_Wildlife_Sanctuary",
        "eszStatus": "draft",
        "notificationCount": 2,
        "notificationStatus": "Draft",
        "notificationDate": "2020-08-13",
        "orderNumber": "S.O. 2772(E)",
        "notificationPdfLink": "https://moef.gov.in/uploads/2020/08/idukki.pdf"
      }
    },
    {
      "type": "Feature",
      "geometry": {
        "type": "Point",
        "coordinates": [
          77.16666667,
          8.64722222
        ]
      },
      "properties": {
        "wikidataId": "Q6809163",
        "wikidataUrl": "https://www.wikidata.org/wiki/Q6809163",
        "name": "Peppara Wildlife Sanctuary",
        "protectedAreaType": "Wildlife Sanctuary",
        "state": "Kerala",
        "iucnCategory": "IUCN category IV: Habitat/Species Management Area",
        "area": 5300,
        "osmRelationIds": [],
        "enwikiUrl": "https://en.wikipedia.org/wiki/Peppara_Wildlife_Sanctuary",
        "eszStatus": "draft",
        "notificationCount": 1,
        "notificationStatus": "Draft",
        "notificationDate": "2022-03-25",
        "orderNumber": "S.O. 1361(E)",
        "notificationPdfLink": "https://moef.gov.in/uploads/2022/03/Draft-Notification-Neyyar.pdf"
      }
    },
    {
      "type": "Feature",
      "geometry": {
        "type": "Point",
        "coordinates": [
          71.25595,
          21.17387
        ]
      },
      "properties": {
        "wikidataId": "Q6881784",
        "wikidataUrl": "https://www.wikidata.org/wiki/Q6881784",
        "name": "Mitiyala Lion Sanctuary",
        "protectedAreaType": "Wildlife Sanctuary",
        "state": "Gujarat",
        "iucnCategory": "IUCN category IV: Habitat/Species Management Area",
        "area": null,
        "osmRelationIds": [],
        "enwikiUrl": "https://en.wikipedia.org/wiki/Mitiyala_Wildlife_Sanctuary",
        "eszStatus": "none",
        "notificationCount": 0,
        "notificationStatus": null,
        "notificationDate": null,
        "orderNumber": null,
        "notificationPdfLink": null,
        "notificationArchiveLink": null
      }
    },
    {
      "type": "Feature",
      "geometry": {
        "type": "Point",
        "coordinates": [
          79.985962,
          21.243942
        ]
      },
      "properties": {
        "wikidataId": "Q6959133",
        "wikidataUrl": "https://www.wikidata.org/wiki/Q6959133",
        "name": "Nagzira Wildlife Sanctuary",
        "protectedAreaType": "Wildlife Sanctuary",
        "state": "Maharashtra",
        "iucnCategory": "IUCN category IV: Habitat/Species Management Area",
        "area": 152.58,
        "osmRelationIds": [],
        "enwikiUrl": "https://en.wikipedia.org/wiki/Nagzira",
        "eszStatus": "final",
        "notificationCount": 3,
        "notificationStatus": "Final",
        "notificationDate": "2023-09-20",
        "orderNumber": "S.O. 4132(E)",
        "notificationPdfLink": "https://moef.gov.in/uploads/2023/11/SO4132(E)-Final-notification-nagzira.pdf"
      }
    },
    {
      "type": "Feature",
      "geometry": {
        "type": "Point",
        "coordinates": [
          79.8,
          29.033333333
        ]
      },
      "properties": {
        "wikidataId": "Q6963221",
        "wikidataUrl": "https://www.wikidata.org/wiki/Q6963221",
        "name": "Nandhaur Wildlife Sanctuary",
        "protectedAreaType": "Wildlife Sanctuary",
        "state": "Uttarakhand",
        "iucnCategory": "IUCN category IV: Habitat/Species Management Area",
        "area": null,
        "osmRelationIds": [],
        "enwikiUrl": "https://en.wikipedia.org/wiki/Nandhaur_Wildlife_Sanctuary",
        "eszStatus": "final",
        "notificationCount": 4,
        "notificationStatus": "Final",
        "notificationDate": "2020-12-24",
        "orderNumber": "S.O.4695(E)",
        "notificationPdfLink": "https://moef.gov.in/uploads/2020/12/nandhaur.pdf"
      }
    },
    {
      "type": "Feature",
      "geometry": {
        "type": "Point",
        "coordinates": [
          68.68333333,
          23.61666667
        ]
      },
      "properties": {
        "wikidataId": "Q6965495",
        "wikidataUrl": "https://www.wikidata.org/wiki/Q6965495",
        "name": "Narayan Sarovar Sanctuary",
        "protectedAreaType": "Wildlife Sanctuary",
        "state": "Gujarat",
        "iucnCategory": "IUCN category IV: Habitat/Species Management Area",
        "area": 444.23,
        "osmRelationIds": [],
        "enwikiUrl": "https://en.wikipedia.org/wiki/Narayan_Sarovar_Sanctuary",
        "eszStatus": "final",
        "notificationCount": 3,
        "notificationStatus": "Final",
        "notificationDate": "2012-05-31",
        "orderNumber": "S.O. 1257",
        "notificationPdfLink": "https://moef.gov.in/uploads/2017/06/S.O.%201257%20%5B31.05.2012%5D%20Final%20ESZ%20Notification%20on%20Narayan%20Sarovar%20Wildlife%20Sanctuary%2C%20Gujarat.pdf"
      }
    },
    {
      "type": "Feature",
      "geometry": {
        "type": "Point",
        "coordinates": [
          88.4007,
          22.4295
        ]
      },
      "properties": {
        "wikidataId": "Q6965807",
        "wikidataUrl": "https://www.wikidata.org/wiki/Q6965807",
        "name": "Narendrapur Wildlife Sanctuary",
        "protectedAreaType": "Wildlife Sanctuary",
        "state": "West Bengal",
        "iucnCategory": null,
        "area": null,
        "osmRelationIds": [],
        "enwikiUrl": "https://en.wikipedia.org/wiki/Narendrapur_Wildlife_Sanctuary",
        "eszStatus": "none",
        "notificationCount": 0,
        "notificationStatus": null,
        "notificationDate": null,
        "orderNumber": null,
        "notificationPdfLink": null,
        "notificationArchiveLink": null
      }
    },
    {
      "type": "Feature",
      "geometry": {
        "type": "Point",
        "coordinates": [
          78.644444444,
          26.768333333
        ]
      },
      "properties": {
        "wikidataId": "Q6971439",
        "wikidataUrl": "https://www.wikidata.org/wiki/Q6971439",
        "name": "National Chambal Sanctuary",
        "protectedAreaType": "National Park",
        "state": "Madhya Pradesh",
        "iucnCategory": "IUCN category IV: Habitat/Species Management Area",
        "area": null,
        "osmRelationIds": [],
        "enwikiUrl": "https://en.wikipedia.org/wiki/National_Chambal_Sanctuary",
        "eszStatus": "draft",
        "notificationCount": 1,
        "notificationStatus": "Draft",
        "notificationDate": "2019-06-11",
        "orderNumber": "S.O. 1944(E)",
        "notificationPdfLink": "https://moef.gov.in/uploads/2019/06/national-chambal.pdf"
      }
    },
    {
      "type": "Feature",
      "geometry": {
        "type": "Point",
        "coordinates": [
          80.6531205,
          26.6191858
        ]
      },
      "properties": {
        "wikidataId": "Q6982793",
        "wikidataUrl": "https://www.wikidata.org/wiki/Q6982793",
        "name": "Nawabganj Bird Sanctuary",
        "protectedAreaType": "Bird Sanctuary",
        "state": "Uttar Pradesh",
        "iucnCategory": "IUCN category IV: Habitat/Species Management Area",
        "area": null,
        "osmRelationIds": [],
        "enwikiUrl": "https://en.wikipedia.org/wiki/Nawabganj_Bird_Sanctuary",
        "eszStatus": "final",
        "notificationCount": 2,
        "notificationStatus": "Final",
        "notificationDate": "2019-08-30",
        "orderNumber": "S.O. 3153(E)",
        "notificationPdfLink": "https://moef.gov.in/uploads/2018/12/nawabganj.pdf"
      }
    },
    {
      "type": "Feature",
      "geometry": {
        "type": "Point",
        "coordinates": [
          77.303,
          28.565
        ]
      },
      "properties": {
        "wikidataId": "Q7081968",
        "wikidataUrl": "https://www.wikidata.org/wiki/Q7081968",
        "name": "Okhla Sanctuary",
        "protectedAreaType": "Wildlife Sanctuary",
        "state": "Uttar Pradesh",
        "iucnCategory": "IUCN category IV: Habitat/Species Management Area",
        "area": null,
        "osmRelationIds": [],
        "enwikiUrl": "https://en.wikipedia.org/wiki/Okhla_Sanctuary",
        "eszStatus": "final",
        "notificationCount": 2,
        "notificationStatus": "Final",
        "notificationDate": null,
        "orderNumber": "S.O. 2262 (E)",
        "notificationPdfLink": "https://moef.gov.in/uploads/2017/06/S.O.%202262%20(E)%20%5B19-08-2015%5D%20Final%20ESZ%20Notification%20on%20Okhla%20Bird%20Sanctuary%20(Uttar%20Pradesh-Delhi).pdf"
      }
    },
    {
      "type": "Feature",
      "geometry": {
        "type": "Point",
        "coordinates": [
          84.182222222,
          23.705555555
        ]
      },
      "properties": {
        "wikidataId": "Q7126657",
        "wikidataUrl": "https://www.wikidata.org/wiki/Q7126657",
        "name": "Palamau Tiger Reserve",
        "protectedAreaType": "Tiger Reserve",
        "state": "Jharkhand",
        "iucnCategory": "IUCN category IV: Habitat/Species Management Area",
        "area": null,
        "osmRelationIds": [],
        "enwikiUrl": "https://en.wikipedia.org/wiki/Palamau_Tiger_Reserve",
        "eszStatus": "final",
        "notificationCount": 3,
        "notificationStatus": "Final",
        "notificationDate": "2019-08-09",
        "orderNumber": "S.O. 2898(E)",
        "notificationPdfLink": "https://moef.gov.in/uploads/2019/08/palamau.pdf"
      }
    },
    {
      "type": "Feature",
      "geometry": {
        "type": "Point",
        "coordinates": [
          76.446,
          10.481
        ]
      },
      "properties": {
        "wikidataId": "Q7160147",
        "wikidataUrl": "https://www.wikidata.org/wiki/Q7160147",
        "name": "Peechi-Vazhani Wildlife Sanctuary",
        "protectedAreaType": "Wildlife Sanctuary",
        "state": "Kerala",
        "iucnCategory": "IUCN category IV: Habitat/Species Management Area",
        "area": null,
        "osmRelationIds": [],
        "enwikiUrl": "https://en.wikipedia.org/wiki/Peechi-Vazhani_Wildlife_Sanctuary",
        "eszStatus": "draft",
        "notificationCount": 1,
        "notificationStatus": "Draft",
        "notificationDate": "2016-03-03",
        "orderNumber": "S.O.657(E)",
        "notificationPdfLink": "https://moef.gov.in/uploads/2017/06/Peechi-Vazhani%20Wildlife%20Sanctuary%2C%20Kerala.pdf"
      }
    },
    {
      "type": "Feature",
      "geometry": {
        "type": "Point",
        "coordinates": [
          73.059083333,
          18.344111111
        ]
      },
      "properties": {
        "wikidataId": "Q7180496",
        "wikidataUrl": "https://www.wikidata.org/wiki/Q7180496",
        "name": "Phansad Wildlife Sanctuary",
        "protectedAreaType": "Wildlife Sanctuary",
        "state": "Maharashtra",
        "iucnCategory": "IUCN category IV: Habitat/Species Management Area",
        "area": null,
        "osmRelationIds": [],
        "enwikiUrl": "https://en.wikipedia.org/wiki/Phansad_Wildlife_Sanctuary",
        "eszStatus": "final",
        "notificationCount": 2,
        "notificationStatus": "Final",
        "notificationDate": "2017-05-17",
        "orderNumber": "S.O. 1603 (E)",
        "notificationPdfLink": "https://moef.gov.in/uploads/2017/06/Phansad%20Wildlife%20Sanctuary%2C%20Maharashtra_0.pdf"
      }
    },
    {
      "type": "Feature",
      "geometry": {
        "type": "Point",
        "coordinates": [
          78.2,
          18.125
        ]
      },
      "properties": {
        "wikidataId": "Q7206319",
        "wikidataUrl": "https://www.wikidata.org/wiki/Q7206319",
        "name": "Pocharam Wildlife Sanctuary",
        "protectedAreaType": "Wildlife Sanctuary",
        "state": "Telangana",
        "iucnCategory": "IUCN category IV: Habitat/Species Management Area",
        "area": null,
        "osmRelationIds": [],
        "enwikiUrl": "https://en.wikipedia.org/wiki/Pocharam_Wildlife_Sanctuary",
        "eszStatus": "final",
        "notificationCount": 3,
        "notificationStatus": "Final",
        "notificationDate": "2017-05-26",
        "orderNumber": "S.O. 1699 (E)",
        "notificationPdfLink": "https://moef.gov.in/uploads/2017/06/Pocharam%20Wildlife%20Sanctuary%2C%20Telangana.pdf"
      }
    },
    {
      "type": "Feature",
      "geometry": {
        "type": "Point",
        "coordinates": [
          69.619,
          21.635
        ]
      },
      "properties": {
        "wikidataId": "Q7229958",
        "wikidataUrl": "https://www.wikidata.org/wiki/Q7229958",
        "name": "Porbandar Bird Sanctuary",
        "protectedAreaType": "Bird Sanctuary",
        "state": "Gujarat",
        "iucnCategory": "IUCN category IV: Habitat/Species Management Area",
        "area": null,
        "osmRelationIds": [],
        "enwikiUrl": "https://en.wikipedia.org/wiki/Porbandar_Bird_Sanctuary",
        "eszStatus": "final",
        "notificationCount": 3,
        "notificationStatus": "Final",
        "notificationDate": "2018-05-07",
        "orderNumber": "S.O. 1829(E)",
        "notificationPdfLink": "https://moef.gov.in/uploads/2019/08/porbandar.pdf"
      }
    },
    {
      "type": "Feature",
      "geometry": {
        "type": "Point",
        "coordinates": [
          77.266666666,
          9.1
        ]
      },
      "properties": {
        "wikidataId": "Q111181635",
        "wikidataUrl": "https://www.wikidata.org/wiki/Q111181635",
        "name": "Nellai Wildlife Sanctuary",
        "protectedAreaType": "Wildlife Sanctuary",
        "state": "Tamil Nadu",
        "iucnCategory": null,
        "area": null,
        "osmRelationIds": [],
        "enwikiUrl": "https://en.wikipedia.org/wiki/Nellai_Wildlife_Sanctuary",
        "eszStatus": "final",
        "notificationCount": 2,
        "notificationStatus": "Final",
        "notificationDate": "2019-08-05",
        "orderNumber": "S.O. 2794(E)",
        "notificationPdfLink": "https://moef.gov.in/uploads/2019/08/nellai-1.pdf"
      }
    },
    {
      "type": "Feature",
      "geometry": {
        "type": "Point",
        "coordinates": [
          77.779,
          31.017
        ]
      },
      "properties": {
        "wikidataId": "Q111181960",
        "wikidataUrl": "https://www.wikidata.org/wiki/Q111181960",
        "name": "Talra Wildlife Sanctuary",
        "protectedAreaType": "Wildlife Sanctuary",
        "state": "Himachal Pradesh",
        "iucnCategory": "IUCN category IV: Habitat/Species Management Area",
        "area": null,
        "osmRelationIds": [],
        "enwikiUrl": "https://en.wikipedia.org/wiki/Talra_Wildlife_Sanctuary",
        "eszStatus": "final",
        "notificationCount": 2,
        "notificationStatus": "Final",
        "notificationDate": "2017-11-22",
        "orderNumber": "S.O. 3710(E)",
        "notificationPdfLink": "https://moef.gov.in/uploads/2017/06/talra.pdf"
      }
    },
    {
      "type": "Feature",
      "geometry": {
        "type": "Point",
        "coordinates": [
          77.1842,
          13.3787
        ]
      },
      "properties": {
        "wikidataId": "Q111913930",
        "wikidataUrl": "https://www.wikidata.org/wiki/Q111913930",
        "name": "Thimlapura Wildlife Sanctuary",
        "protectedAreaType": "Wildlife Sanctuary",
        "state": "Karnataka",
        "iucnCategory": "IUCN category IV: Habitat/Species Management Area",
        "area": null,
        "osmRelationIds": [],
        "enwikiUrl": "https://en.wikipedia.org/wiki/Thimlapura_Wildlife_Sanctuary",
        "eszStatus": "final",
        "notificationCount": 2,
        "notificationStatus": "Final",
        "notificationDate": "2020-10-08",
        "orderNumber": "S.O. 3497(E)",
        "notificationPdfLink": "https://moef.gov.in/uploads/2020/10/thimlapura.pdf"
      }
    },
    {
      "type": "Feature",
      "geometry": {
        "type": "Point",
        "coordinates": [
          76.7466378,
          13.6497129
        ]
      },
      "properties": {
        "wikidataId": "Q112252264",
        "wikidataUrl": "https://www.wikidata.org/wiki/Q112252264",
        "name": "Bukkapatna Chinkara Wildlife Sanctuary",
        "protectedAreaType": "Wildlife Sanctuary",
        "state": "Karnataka",
        "iucnCategory": "IUCN category IV: Habitat/Species Management Area",
        "area": null,
        "osmRelationIds": [],
        "enwikiUrl": "https://en.wikipedia.org/wiki/Bukkapatna_Chinkara_Wildlife_Sanctuary",
        "eszStatus": "none",
        "notificationCount": 0,
        "notificationStatus": null,
        "notificationDate": null,
        "orderNumber": null,
        "notificationPdfLink": null,
        "notificationArchiveLink": null
      }
    },
    {
      "type": "Feature",
      "geometry": {
        "type": "Point",
        "coordinates": [
          75.448223,
          16.379153
        ]
      },
      "properties": {
        "wikidataId": "Q112252408",
        "wikidataUrl": "https://www.wikidata.org/wiki/Q112252408",
        "name": "Yadahalli Chinkara Wildlife Sanctuary",
        "protectedAreaType": "Wildlife Sanctuary",
        "state": "Karnataka",
        "iucnCategory": "IUCN category IV: Habitat/Species Management Area",
        "area": null,
        "osmRelationIds": [],
        "enwikiUrl": "https://en.wikipedia.org/wiki/Yadahalli_Chinkara_Wildlife_Sanctuary",
        "eszStatus": "final",
        "notificationCount": 2,
        "notificationStatus": "Final",
        "notificationDate": "2021-02-19",
        "orderNumber": "S.O.787(E)",
        "notificationPdfLink": "https://moef.gov.in/uploads/2021/02/yadahili-chinkara.pdf"
      }
    },
    {
      "type": "Feature",
      "geometry": {
        "type": "Point",
        "coordinates": [
          76.116666666,
          14.533333333
        ]
      },
      "properties": {
        "wikidataId": "Q112252433",
        "wikidataUrl": "https://www.wikidata.org/wiki/Q112252433",
        "name": "Rangayyanadurga Four–horned antelope Wildlife Sanctuary",
        "protectedAreaType": "Wildlife Sanctuary",
        "state": "Karnataka",
        "iucnCategory": "IUCN category IV: Habitat/Species Management Area",
        "area": null,
        "osmRelationIds": [],
        "enwikiUrl": "https://en.wikipedia.org/wiki/Rangayyanadurga_Four%E2%80%93horned_antelope_Wildlife_Sanctuary",
        "eszStatus": "final",
        "notificationCount": 3,
        "notificationStatus": "Final",
        "notificationDate": "2017-06-07",
        "orderNumber": "S.O. 1811 (E)",
        "notificationPdfLink": "https://moef.gov.in/uploads/2017/06/Rangayyanadurga%20Four%20Horned%20Antelope%20Wildlife%20Sanctuary%2C%20Karnataka.pdf"
      }
    },
    {
      "type": "Feature",
      "geometry": {
        "type": "Point",
        "coordinates": [
          77.3013674,
          12.7531984
        ]
      },
      "properties": {
        "wikidataId": "Q112252443",
        "wikidataUrl": "https://www.wikidata.org/wiki/Q112252443",
        "name": "Ramadevarabetta Vulture Sanctuary",
        "protectedAreaType": "Wildlife Sanctuary",
        "state": "Karnataka",
        "iucnCategory": "IUCN category IV: Habitat/Species Management Area",
        "area": null,
        "osmRelationIds": [],
        "enwikiUrl": "https://en.wikipedia.org/wiki/Ramadevarabetta_Vulture_Sanctuary",
        "eszStatus": "final",
        "notificationCount": 2,
        "notificationStatus": "Final",
        "notificationDate": "2017-09-12",
        "orderNumber": "S.O. 2993 (E)",
        "notificationPdfLink": "https://moef.gov.in/uploads/2017/06/Ramadevarabetta%20Vulture%20Sanctuary%2C%20Karnataka%20Final.pdf"
      }
    },
    {
      "type": "Feature",
      "geometry": {
        "type": "Point",
        "coordinates": [
          84.033333333,
          23.433333333
        ]
      },
      "properties": {
        "wikidataId": "Q113336061",
        "wikidataUrl": "https://www.wikidata.org/wiki/Q113336061",
        "name": "Mahuadanr Wolf Sanctuary",
        "protectedAreaType": "Wildlife Sanctuary",
        "state": "Jharkhand",
        "iucnCategory": "IUCN category IV: Habitat/Species Management Area",
        "area": null,
        "osmRelationIds": [],
        "enwikiUrl": "https://en.wikipedia.org/wiki/Mahuadanr_Wolf_Sanctuary",
        "eszStatus": "draft",
        "notificationCount": 2,
        "notificationStatus": "Draft",
        "notificationDate": "2018-02-22",
        "orderNumber": "S.O. 779(E)",
        "notificationPdfLink": "https://moef.gov.in/uploads/2018/05/palamau.pdf"
      }
    },
    {
      "type": "Feature",
      "geometry": {
        "type": "Point",
        "coordinates": [
          78.041666666,
          19.586111111
        ]
      },
      "properties": {
        "wikidataId": "Q113396038",
        "wikidataUrl": "https://www.wikidata.org/wiki/Q113396038",
        "name": "Painganga Wildlife Sanctuary",
        "protectedAreaType": "Wildlife Sanctuary",
        "state": "Maharashtra",
        "iucnCategory": "IUCN category IV: Habitat/Species Management Area",
        "area": 325,
        "osmRelationIds": [],
        "enwikiUrl": "https://en.wikipedia.org/wiki/Painganga_Wildlife_Sanctuary",
        "eszStatus": "final",
        "notificationCount": 3,
        "notificationStatus": "Final",
        "notificationDate": "2016-11-30",
        "orderNumber": "S.O. 3595(E)",
        "notificationPdfLink": "https://moef.gov.in/uploads/2017/06/Painganga%20Wildlife%20Sanctuary%2C%20Maharashtra%20Final05-12-2016.pdf"
      }
    },
    {
      "type": "Feature",
      "geometry": {
        "type": "Point",
        "coordinates": [
          70.95443,
          20.72514
        ]
      },
      "properties": {
        "wikidataId": "Q115937502",
        "wikidataUrl": "https://www.wikidata.org/wiki/Q115937502",
        "name": "Fudam Bird Sanctuary",
        "protectedAreaType": "Bird Sanctuary",
        "state": "Dadra and Nagar Haveli and Daman and Diu",
        "iucnCategory": "IUCN category IV: Habitat/Species Management Area",
        "area": null,
        "osmRelationIds": [],
        "enwikiUrl": "https://en.wikipedia.org/wiki/Fudam_Bird_Sanctuary",
        "eszStatus": "none",
        "notificationCount": 0,
        "notificationStatus": null,
        "notificationDate": null,
        "orderNumber": null,
        "notificationPdfLink": null,
        "notificationArchiveLink": null
      }
    },
    {
      "type": "Feature",
      "geometry": {
        "type": "Point",
        "coordinates": [
          90.638765,
          25.198139
        ]
      },
      "properties": {
        "wikidataId": "Q116044246",
        "wikidataUrl": "https://www.wikidata.org/wiki/Q116044246",
        "name": "Baghmara Pitcher Plant Wildlife Sanctuary",
        "protectedAreaType": "Wildlife Sanctuary",
        "state": "Meghalaya",
        "iucnCategory": "IUCN category IV: Habitat/Species Management Area",
        "area": null,
        "osmRelationIds": [],
        "enwikiUrl": "https://en.wikipedia.org/wiki/Baghmara_Pitcher_Plant_Wildlife_Sanctuary",
        "eszStatus": "draft",
        "notificationCount": 1,
        "notificationStatus": "Draft",
        "notificationDate": "2021-06-18",
        "orderNumber": "S.O. 2408(E)",
        "notificationPdfLink": "https://moef.gov.in/uploads/2021/06/bagmara.pdf"
      }
    },
    {
      "type": "Feature",
      "geometry": {
        "type": "Point",
        "coordinates": [
          86.1923,
          23.9361
        ]
      },
      "properties": {
        "wikidataId": "Q116169552",
        "wikidataUrl": "https://www.wikidata.org/wiki/Q116169552",
        "name": "Topchanchi Wildlife Sanctuary",
        "protectedAreaType": "Wildlife Sanctuary",
        "state": "Jharkhand",
        "iucnCategory": "IUCN category IV: Habitat/Species Management Area",
        "area": null,
        "osmRelationIds": [],
        "enwikiUrl": "https://en.wikipedia.org/wiki/Topchanchi_Wildlife_Sanctuary",
        "eszStatus": "final",
        "notificationCount": 2,
        "notificationStatus": "Final",
        "notificationDate": "2019-08-05",
        "orderNumber": "S.O. 2795(E)",
        "notificationPdfLink": "https://moef.gov.in/uploads/2019/08/parasnath.pdf"
      }
    },
    {
      "type": "Feature",
      "geometry": {
        "type": "Point",
        "coordinates": [
          78.017222222,
          12.344166666
        ]
      },
      "properties": {
        "wikidataId": "Q116739635",
        "wikidataUrl": "https://www.wikidata.org/wiki/Q116739635",
        "name": "Cauvery south Wildlife Sanctuary",
        "protectedAreaType": "Wildlife Sanctuary",
        "state": "Tamil Nadu",
        "iucnCategory": null,
        "area": null,
        "osmRelationIds": [],
        "enwikiUrl": "https://en.wikipedia.org/wiki/Cauvery_South_Wildlife_Sanctuary",
        "eszStatus": "none",
        "notificationCount": 0,
        "notificationStatus": null,
        "notificationDate": null,
        "orderNumber": null,
        "notificationPdfLink": null,
        "notificationArchiveLink": null
      }
    },
    {
      "type": "Feature",
      "geometry": {
        "type": "Point",
        "coordinates": [
          87.264472,
          22.637624
        ]
      },
      "properties": {
        "wikidataId": "Q117057454",
        "wikidataUrl": "https://www.wikidata.org/wiki/Q117057454",
        "name": "Shalboni Forest Range",
        "protectedAreaType": null,
        "state": "West Bengal",
        "iucnCategory": null,
        "area": null,
        "osmRelationIds": [],
        "enwikiUrl": null,
        "eszStatus": "none",
        "notificationCount": 0,
        "notificationStatus": null,
        "notificationDate": null,
        "orderNumber": null,
        "notificationPdfLink": null,
        "notificationArchiveLink": null
      }
    },
    {
      "type": "Feature",
      "geometry": {
        "type": "Point",
        "coordinates": [
          80.1,
          17.916666666
        ]
      },
      "properties": {
        "wikidataId": "Q120756030",
        "wikidataUrl": "https://www.wikidata.org/wiki/Q120756030",
        "name": "Pakhal Wildlife Sanctuary",
        "protectedAreaType": "Wildlife Sanctuary",
        "state": "Telangana",
        "iucnCategory": "IUCN category IV: Habitat/Species Management Area",
        "area": null,
        "osmRelationIds": [],
        "enwikiUrl": "https://en.wikipedia.org/wiki/Pakhal_Wildlife_Sanctuary",
        "eszStatus": "final",
        "notificationCount": 2,
        "notificationStatus": "Final",
        "notificationDate": "2016-11-30",
        "orderNumber": "S.O. 3596 (E)",
        "notificationPdfLink": "https://moef.gov.in/uploads/2017/06/Pakhal%20Wildlife%20Sanctuary%2C%20Telangana%20FINAL12.06-012-2016pdf.pdf"
      }
    },
    {
      "type": "Feature",
      "geometry": {
        "type": "Point",
        "coordinates": [
          75.9,
          25.57
        ]
      },
      "properties": {
        "wikidataId": "Q121754153",
        "wikidataUrl": "https://www.wikidata.org/wiki/Q121754153",
        "name": "Ramgarh Vishdhari Wildlife Sanctuary",
        "protectedAreaType": "Tiger Reserve",
        "state": "Rajasthan",
        "iucnCategory": "IUCN category IV: Habitat/Species Management Area",
        "area": null,
        "osmRelationIds": [],
        "enwikiUrl": "https://en.wikipedia.org/wiki/Ramgarh_Vishdhari_Wildlife_Sanctuary",
        "eszStatus": "draft",
        "notificationCount": 1,
        "notificationStatus": "Draft",
        "notificationDate": "2020-12-30",
        "orderNumber": "S.O. 4777(E)",
        "notificationPdfLink": "https://moef.gov.in/uploads/2019/08/Ramgarh.pdf"
      }
    },
    {
      "type": "Feature",
      "geometry": {
        "type": "Point",
        "coordinates": [
          79.025833333,
          10.798888888
        ]
      },
      "properties": {
        "wikidataId": "Q122363290",
        "wikidataUrl": "https://www.wikidata.org/wiki/Q122363290",
        "name": "Kallaperambur Lake Bird Sanctuary",
        "protectedAreaType": "Bird Sanctuary",
        "state": "Tamil Nadu",
        "iucnCategory": "IUCN category IV: Habitat/Species Management Area",
        "area": null,
        "osmRelationIds": [],
        "enwikiUrl": "https://en.wikipedia.org/wiki/Kallaperambur_Lake_Bird_Sanctuary",
        "eszStatus": "none",
        "notificationCount": 0,
        "notificationStatus": null,
        "notificationDate": null,
        "orderNumber": null,
        "notificationPdfLink": null,
        "notificationArchiveLink": null
      }
    },
    {
      "type": "Feature",
      "geometry": {
        "type": "Point",
        "coordinates": [
          78.551944444,
          9.215555555
        ]
      },
      "properties": {
        "wikidataId": "Q122363291",
        "wikidataUrl": "https://www.wikidata.org/wiki/Q122363291",
        "name": "Melaselvanur-Kilaselvanur Bird Sanctuary",
        "protectedAreaType": "Bird Sanctuary",
        "state": "Tamil Nadu",
        "iucnCategory": "IUCN category IV: Habitat/Species Management Area",
        "area": null,
        "osmRelationIds": [],
        "enwikiUrl": "https://en.wikipedia.org/wiki/Melaselvanur-Kilaselvanur_Bird_Sanctuary",
        "eszStatus": "final",
        "notificationCount": 2,
        "notificationStatus": "Final",
        "notificationDate": "2019-10-10",
        "orderNumber": "S.O. 3650(E)",
        "notificationPdfLink": "https://moef.gov.in/uploads/2018/12/melaselvanur.pdf"
      }
    },
    {
      "type": "Feature",
      "geometry": {
        "type": "Point",
        "coordinates": [
          77.759444444,
          8.826944444
        ]
      },
      "properties": {
        "wikidataId": "Q122363292",
        "wikidataUrl": "https://www.wikidata.org/wiki/Q122363292",
        "name": "Gangaikondan Spotted Deer Sanctuary",
        "protectedAreaType": "Wildlife Sanctuary",
        "state": "Tamil Nadu",
        "iucnCategory": "IUCN category IV: Habitat/Species Management Area",
        "area": null,
        "osmRelationIds": [],
        "enwikiUrl": "https://en.wikipedia.org/wiki/Gangaikondan_Spotted_Deer_Sanctuary",
        "eszStatus": "final",
        "notificationCount": 2,
        "notificationStatus": "Final",
        "notificationDate": "2019-08-01",
        "orderNumber": "S.O. 2773(E)",
        "notificationPdfLink": "https://moef.gov.in/uploads/2019/08/gangaikondan.pdf"
      }
    },
    {
      "type": "Feature",
      "geometry": {
        "type": "Point",
        "coordinates": [
          77.526388888,
          11.214166666
        ]
      },
      "properties": {
        "wikidataId": "Q122363298",
        "wikidataUrl": "https://www.wikidata.org/wiki/Q122363298",
        "name": "Nanjarayan Tank Bird Sanctuary",
        "protectedAreaType": "Bird Sanctuary",
        "state": "Tamil Nadu",
        "iucnCategory": "IUCN category IV: Habitat/Species Management Area",
        "area": null,
        "osmRelationIds": [],
        "enwikiUrl": "https://en.wikipedia.org/wiki/Nanjarayan_Bird_Sanctuary",
        "eszStatus": "none",
        "notificationCount": 0,
        "notificationStatus": null,
        "notificationDate": null,
        "orderNumber": null,
        "notificationPdfLink": null,
        "notificationArchiveLink": null
      }
    },
    {
      "type": "Feature",
      "geometry": {
        "type": "Point",
        "coordinates": [
          79.875,
          12.122222222
        ]
      },
      "properties": {
        "wikidataId": "Q122363296",
        "wikidataUrl": "https://www.wikidata.org/wiki/Q122363296",
        "name": "Kazhuveli Bird Sanctuary",
        "protectedAreaType": "Bird Sanctuary",
        "state": "Tamil Nadu",
        "iucnCategory": "IUCN category IV: Habitat/Species Management Area",
        "area": null,
        "osmRelationIds": [],
        "enwikiUrl": "https://en.wikipedia.org/wiki/Kaluveli_Bird_Sanctuary",
        "eszStatus": "none",
        "notificationCount": 0,
        "notificationStatus": null,
        "notificationDate": null,
        "orderNumber": null,
        "notificationPdfLink": null,
        "notificationArchiveLink": null
      }
    },
    {
      "type": "Feature",
      "geometry": {
        "type": "Point",
        "coordinates": [
          78.183055555,
          10.624444444
        ]
      },
      "properties": {
        "wikidataId": "Q122363300",
        "wikidataUrl": "https://www.wikidata.org/wiki/Q122363300",
        "name": "Kadavur Wildlife Sanctuary",
        "protectedAreaType": "Wildlife Sanctuary",
        "state": "Tamil Nadu",
        "iucnCategory": "IUCN category IV: Habitat/Species Management Area",
        "area": null,
        "osmRelationIds": [],
        "enwikiUrl": "https://en.wikipedia.org/wiki/Kadavur_Slender_Loris_Wildlife_Sanctuary",
        "eszStatus": "none",
        "notificationCount": 0,
        "notificationStatus": null,
        "notificationDate": null,
        "orderNumber": null,
        "notificationPdfLink": null,
        "notificationArchiveLink": null
      }
    },
    {
      "type": "Feature",
      "geometry": {
        "type": "Point",
        "coordinates": [
          76.905,
          31.45
        ]
      },
      "properties": {
        "wikidataId": "Q123292405",
        "wikidataUrl": "https://www.wikidata.org/wiki/Q123292405",
        "name": "Bandli Wildlife Sanctuary",
        "protectedAreaType": "Wildlife Sanctuary",
        "state": "Himachal Pradesh",
        "iucnCategory": "IUCN category IV: Habitat/Species Management Area",
        "area": null,
        "osmRelationIds": [],
        "enwikiUrl": "https://en.wikipedia.org/wiki/Bandli_Wildlife_Sanctuary",
        "eszStatus": "draft",
        "notificationCount": 2,
        "notificationStatus": "Draft",
        "notificationDate": "2020-11-27",
        "orderNumber": "S.O. 4273(E)",
        "notificationPdfLink": "https://moef.gov.in/uploads/2020/12/bandli.pdf"
      }
    },
    {
      "type": "Feature",
      "geometry": {
        "type": "Point",
        "coordinates": [
          77.361111111,
          26.883333333
        ]
      },
      "properties": {
        "wikidataId": "Q123399066",
        "wikidataUrl": "https://www.wikidata.org/wiki/Q123399066",
        "name": "Bandh Baretha",
        "protectedAreaType": "Wildlife Sanctuary",
        "state": "Rajasthan",
        "iucnCategory": "IUCN category IV: Habitat/Species Management Area",
        "area": null,
        "osmRelationIds": [],
        "enwikiUrl": "https://en.wikipedia.org/wiki/Bandh_Baretha",
        "eszStatus": "final",
        "notificationCount": 4,
        "notificationStatus": "Final",
        "notificationDate": "2021-05-18",
        "orderNumber": "S.O. 1929 (E)",
        "notificationPdfLink": "https://moef.gov.in/uploads/2021/05/Amendment-Notification.pdf"
      }
    },
    {
      "type": "Feature",
      "geometry": {
        "type": "Point",
        "coordinates": [
          75.2,
          13.25
        ]
      },
      "properties": {
        "wikidataId": "Q123439915",
        "wikidataUrl": "https://www.wikidata.org/wiki/Q123439915",
        "name": "Kudremukh National Park",
        "protectedAreaType": "National Park",
        "state": "Karnataka",
        "iucnCategory": "IUCN category II: National Park",
        "area": 600.32,
        "osmRelationIds": [
          "9482054"
        ],
        "enwikiUrl": "https://en.wikipedia.org/wiki/Kudremukh_National_Park",
        "eszStatus": "final",
        "notificationCount": 3,
        "notificationStatus": "Final",
        "notificationDate": "2020-07-02",
        "orderNumber": "S.O. 2188(E)",
        "notificationPdfLink": "https://moef.gov.in/uploads/2019/10/kudermukh.pdf"
      }
    },
    {
      "type": "Feature",
      "geometry": {
        "type": "Point",
        "coordinates": [
          75.115,
          33.995
        ]
      },
      "properties": {
        "wikidataId": "Q123532242",
        "wikidataUrl": "https://www.wikidata.org/wiki/Q123532242",
        "name": "Tral Wildlife Sanctuary",
        "protectedAreaType": "Wildlife Sanctuary",
        "state": "Jammu and Kashmir",
        "iucnCategory": "IUCN category IV: Habitat/Species Management Area",
        "area": null,
        "osmRelationIds": [],
        "enwikiUrl": "https://en.wikipedia.org/wiki/Tral_Wildlife_Sanctuary",
        "eszStatus": "draft",
        "notificationCount": 1,
        "notificationStatus": "Draft",
        "notificationDate": "2024-10-03",
        "orderNumber": "S.O. No. 4325(E)",
        "notificationPdfLink": "https://moef.gov.in/uploads/pdf/tral_draft.pdf"
      }
    },
    {
      "type": "Feature",
      "geometry": {
        "type": "Point",
        "coordinates": [
          76.3975,
          14.1625
        ]
      },
      "properties": {
        "wikidataId": "Q124115645",
        "wikidataUrl": "https://www.wikidata.org/wiki/Q124115645",
        "name": "Jogimatti Wildlife Sanctuary",
        "protectedAreaType": "Wildlife Sanctuary",
        "state": "Karnataka",
        "iucnCategory": "IUCN category IV: Habitat/Species Management Area",
        "area": null,
        "osmRelationIds": [],
        "enwikiUrl": "https://en.wikipedia.org/wiki/Jogimatti_Wildlife_Sanctuary",
        "eszStatus": "final",
        "notificationCount": 2,
        "notificationStatus": "Final",
        "notificationDate": "2021-12-17",
        "orderNumber": "S.O.5251(E)",
        "notificationPdfLink": "https://moef.gov.in/uploads/2021/12/jogimatti.pdf"
      }
    },
    {
      "type": "Feature",
      "geometry": {
        "type": "Point",
        "coordinates": [
          87.0141653,
          23.0642743
        ]
      },
      "properties": {
        "wikidataId": "Q124249813",
        "wikidataUrl": "https://www.wikidata.org/wiki/Q124249813",
        "name": "Tanba Forest",
        "protectedAreaType": null,
        "state": "West Bengal",
        "iucnCategory": null,
        "area": null,
        "osmRelationIds": [],
        "enwikiUrl": null,
        "eszStatus": "none",
        "notificationCount": 0,
        "notificationStatus": null,
        "notificationDate": null,
        "orderNumber": null,
        "notificationPdfLink": null,
        "notificationArchiveLink": null
      }
    },
    {
      "type": "Feature",
      "geometry": {
        "type": "Point",
        "coordinates": [
          88.4819133,
          22.9762116
        ]
      },
      "properties": {
        "wikidataId": "Q124393199",
        "wikidataUrl": "https://www.wikidata.org/wiki/Q124393199",
        "name": "Anandanagar Forest",
        "protectedAreaType": null,
        "state": "West Bengal",
        "iucnCategory": null,
        "area": null,
        "osmRelationIds": [],
        "enwikiUrl": null,
        "eszStatus": "none",
        "notificationCount": 0,
        "notificationStatus": null,
        "notificationDate": null,
        "orderNumber": null,
        "notificationPdfLink": null,
        "notificationArchiveLink": null
      }
    },
    {
      "type": "Feature",
      "geometry": {
        "type": "Point",
        "coordinates": [
          71.3225,
          22.1475
        ]
      },
      "properties": {
        "wikidataId": "Q124973261",
        "wikidataUrl": "https://www.wikidata.org/wiki/Q124973261",
        "name": "Hingolgadh Sanctuary",
        "protectedAreaType": "Wildlife Sanctuary",
        "state": "Gujarat",
        "iucnCategory": "IUCN category IV: Habitat/Species Management Area",
        "area": null,
        "osmRelationIds": [],
        "enwikiUrl": "https://en.wikipedia.org/wiki/Hingolgadh_Sanctuary",
        "eszStatus": "final",
        "notificationCount": 2,
        "notificationStatus": "Final",
        "notificationDate": "2017-06-20",
        "orderNumber": "S.O. 1942 (E)",
        "notificationPdfLink": "https://moef.gov.in/uploads/2017/06/Hingolgadh%20Wildlife%20Sanctuary%2C%20Gujarat.pdf"
      }
    },
    {
      "type": "Feature",
      "geometry": {
        "type": "Point",
        "coordinates": [
          70.825,
          21.25
        ]
      },
      "properties": {
        "wikidataId": "Q125167022",
        "wikidataUrl": "https://www.wikidata.org/wiki/Q125167022",
        "name": "Pania Wildlife Sanctuary",
        "protectedAreaType": "Wildlife Sanctuary",
        "state": "Gujarat",
        "iucnCategory": "IUCN category IV: Habitat/Species Management Area",
        "area": null,
        "osmRelationIds": [],
        "enwikiUrl": "https://en.wikipedia.org/wiki/Pania_Wildlife_Sanctuary",
        "eszStatus": "none",
        "notificationCount": 0,
        "notificationStatus": null,
        "notificationDate": null,
        "orderNumber": null,
        "notificationPdfLink": null,
        "notificationArchiveLink": null
      }
    },
    {
      "type": "Feature",
      "geometry": {
        "type": "Point",
        "coordinates": [
          70.95245,
          22.53176
        ]
      },
      "properties": {
        "wikidataId": "Q125503789",
        "wikidataUrl": "https://www.wikidata.org/wiki/Q125503789",
        "name": "Rampara Sanctuary",
        "protectedAreaType": "Wildlife Sanctuary",
        "state": "Gujarat",
        "iucnCategory": "IUCN category IV: Habitat/Species Management Area",
        "area": null,
        "osmRelationIds": [],
        "enwikiUrl": "https://en.wikipedia.org/wiki/Rampara_Sanctuary",
        "eszStatus": "final",
        "notificationCount": 2,
        "notificationStatus": "Final",
        "notificationDate": "2017-12-29",
        "orderNumber": "S.O. 4108(E)",
        "notificationPdfLink": "https://moef.gov.in/uploads/2017/06/rampara.pdf"
      }
    },
    {
      "type": "Feature",
      "geometry": {
        "type": "Point",
        "coordinates": [
          76.08333333,
          32.01666667
        ]
      },
      "properties": {
        "wikidataId": "Q125881279",
        "wikidataUrl": "https://www.wikidata.org/wiki/Q125881279",
        "name": "Pong Dam Lake Wildlife Sanctuary",
        "protectedAreaType": "Wildlife Sanctuary",
        "state": "Himachal Pradesh",
        "iucnCategory": "IUCN category IV: Habitat/Species Management Area",
        "area": null,
        "osmRelationIds": [],
        "enwikiUrl": "https://en.wikipedia.org/wiki/Pong_Dam_Lake_Wildlife_Sanctuary",
        "eszStatus": "draft",
        "notificationCount": 2,
        "notificationStatus": "Draft",
        "notificationDate": "2022-04-28",
        "orderNumber": "S.O. 2021(E)",
        "notificationPdfLink": "https://moef.gov.in/uploads/2021/08/Draft-Notification-S-O-No-2021.pdf"
      }
    },
    {
      "type": "Feature",
      "geometry": {
        "type": "Point",
        "coordinates": [
          75.2,
          32.75
        ]
      },
      "properties": {
        "wikidataId": "Q125881460",
        "wikidataUrl": "https://www.wikidata.org/wiki/Q125881460",
        "name": "Mansar-Surinsar Wildlife sanctuary",
        "protectedAreaType": "Wildlife Sanctuary",
        "state": "Jammu and Kashmir",
        "iucnCategory": "IUCN category IV: Habitat/Species Management Area",
        "area": null,
        "osmRelationIds": [],
        "enwikiUrl": "https://en.wikipedia.org/wiki/Mansar-Surinsar_Lakes_Wildlife_Sanctuary",
        "eszStatus": "none",
        "notificationCount": 0,
        "notificationStatus": null,
        "notificationDate": null,
        "orderNumber": null,
        "notificationPdfLink": null,
        "notificationArchiveLink": null
      }
    },
    {
      "type": "Feature",
      "geometry": {
        "type": "Point",
        "coordinates": [
          78.8335,
          16.3557
        ]
      },
      "properties": {
        "wikidataId": "Q127499823",
        "wikidataUrl": "https://www.wikidata.org/wiki/Q127499823",
        "name": "Amrabad Tiger Reserve",
        "protectedAreaType": "Tiger Reserve",
        "state": "Telangana",
        "iucnCategory": null,
        "area": null,
        "osmRelationIds": [],
        "enwikiUrl": "https://en.wikipedia.org/wiki/Amrabad_Tiger_Reserve?action=edit&redlink=1",
        "eszStatus": "draft",
        "notificationCount": 1,
        "notificationStatus": "Draft",
        "notificationDate": "2018-03-13",
        "orderNumber": "S.O. 1123(E)",
        "notificationPdfLink": "https://moef.gov.in/uploads/2018/05/amarabad.pdf"
      }
    },
    {
      "type": "Feature",
      "geometry": {
        "type": "Point",
        "coordinates": [
          72.41364,
          23.13903
        ]
      },
      "properties": {
        "wikidataId": "Q129176824",
        "wikidataUrl": "https://www.wikidata.org/wiki/Q129176824",
        "name": "Thol Lake Bird Sanctuary",
        "protectedAreaType": "Bird Sanctuary",
        "state": "Gujarat",
        "iucnCategory": "IUCN category IV: Habitat/Species Management Area",
        "area": null,
        "osmRelationIds": [],
        "enwikiUrl": "https://en.wikipedia.org/wiki/Thol_Lake_Bird_Sanctuary",
        "eszStatus": "none",
        "notificationCount": 0,
        "notificationStatus": null,
        "notificationDate": null,
        "orderNumber": null,
        "notificationPdfLink": null,
        "notificationArchiveLink": null
      }
    },
    {
      "type": "Feature",
      "geometry": {
        "type": "Point",
        "coordinates": [
          84.555,
          21.3471
        ]
      },
      "properties": {
        "wikidataId": "Q129677593",
        "wikidataUrl": "https://www.wikidata.org/wiki/Q129677593",
        "name": "Khalasuni Wildlife Sanctuary",
        "protectedAreaType": "Wildlife Sanctuary",
        "state": "Odisha",
        "iucnCategory": "IUCN category IV: Habitat/Species Management Area",
        "area": null,
        "osmRelationIds": [],
        "enwikiUrl": "https://en.wikipedia.org/wiki/Khalasuni_Wildlife_Sanctuary",
        "eszStatus": "final",
        "notificationCount": 2,
        "notificationStatus": "Final",
        "notificationDate": "2019-08-30",
        "orderNumber": "S.O. 3149(E)",
        "notificationPdfLink": "https://moef.gov.in/uploads/2018/12/badarma.pdf"
      }
    },
    {
      "type": "Feature",
      "geometry": {
        "type": "Point",
        "coordinates": [
          93.2842,
          25.9006
        ]
      },
      "properties": {
        "wikidataId": "Q130661062",
        "wikidataUrl": "https://www.wikidata.org/wiki/Q130661062",
        "name": "Marat Longri Wildlife Sanctuary",
        "protectedAreaType": "Wildlife Sanctuary",
        "state": "Assam",
        "iucnCategory": "IUCN category IV: Habitat/Species Management Area",
        "area": null,
        "osmRelationIds": [],
        "enwikiUrl": "https://en.wikipedia.org/wiki/Marat_Longri_Wildlife_Sanctuary",
        "eszStatus": "none",
        "notificationCount": 0,
        "notificationStatus": null,
        "notificationDate": null,
        "orderNumber": null,
        "notificationPdfLink": null,
        "notificationArchiveLink": null
      }
    },
    {
      "type": "Feature",
      "geometry": {
        "type": "Point",
        "coordinates": [
          78.0125,
          30.465277777
        ]
      },
      "properties": {
        "wikidataId": "Q130974135",
        "wikidataUrl": "https://www.wikidata.org/wiki/Q130974135",
        "name": "Mussoorie Wildlife Sanctuary",
        "protectedAreaType": "Wildlife Sanctuary",
        "state": "Uttarakhand",
        "iucnCategory": "IUCN category IV: Habitat/Species Management Area",
        "area": null,
        "osmRelationIds": [],
        "enwikiUrl": "https://en.wikipedia.org/wiki/Mussoorie_Wildlife_Sanctuary",
        "eszStatus": "none",
        "notificationCount": 0,
        "notificationStatus": null,
        "notificationDate": null,
        "orderNumber": null,
        "notificationPdfLink": null,
        "notificationArchiveLink": null
      }
    },
    {
      "type": "Feature",
      "geometry": {
        "type": "Point",
        "coordinates": [
          94.65,
          27.666666666
        ]
      },
      "properties": {
        "wikidataId": "Q130974168",
        "wikidataUrl": "https://www.wikidata.org/wiki/Q130974168",
        "name": "Kane Wildlife Sanctuary",
        "protectedAreaType": "Wildlife Sanctuary",
        "state": "Arunachal Pradesh",
        "iucnCategory": "IUCN category IV: Habitat/Species Management Area",
        "area": null,
        "osmRelationIds": [],
        "enwikiUrl": "https://en.wikipedia.org/wiki/Kane_Wildlife_Sanctuary",
        "eszStatus": "final",
        "notificationCount": 3,
        "notificationStatus": "Final",
        "notificationDate": null,
        "orderNumber": "S.O. 1718(E)",
        "notificationPdfLink": "https://moef.gov.in/uploads/2021/05/Kane-Notification.pdf"
      }
    },
    {
      "type": "Feature",
      "geometry": {
        "type": "Point",
        "coordinates": [
          95.208611111,
          29.016388888
        ]
      },
      "properties": {
        "wikidataId": "Q130974183",
        "wikidataUrl": "https://www.wikidata.org/wiki/Q130974183",
        "name": "Yordi Rabe Supse Wildlife Sanctuary",
        "protectedAreaType": "Wildlife Sanctuary",
        "state": "Arunachal Pradesh",
        "iucnCategory": "IUCN category IV: Habitat/Species Management Area",
        "area": null,
        "osmRelationIds": [],
        "enwikiUrl": "https://en.wikipedia.org/wiki/Yordi_Rabe_Supse_Wildlife_Sanctuary",
        "eszStatus": "draft",
        "notificationCount": 1,
        "notificationStatus": "Draft",
        "notificationDate": "2016-02-19",
        "orderNumber": "S.O. 568(E)",
        "notificationPdfLink": "https://moef.gov.in/uploads/2017/06/S.O.%20568(E)%20%5B19.02.2016%5D%20Draft%20Notification%20declaring%20Eco%20sensitive%20Zone%20around%20Yordi%20Rabe%20Supse%20Wildlife%20Sanctuary%2C%20Arunachal%20Pradesh.pdf"
      }
    },
    {
      "type": "Feature",
      "geometry": {
        "type": "Point",
        "coordinates": [
          86.4,
          24.8175
        ]
      },
      "properties": {
        "wikidataId": "Q130974254",
        "wikidataUrl": "https://www.wikidata.org/wiki/Q130974254",
        "name": "Nakti Dam Wildlife Sanctuary",
        "protectedAreaType": "Wildlife Sanctuary",
        "state": "Bihar",
        "iucnCategory": "IUCN category IV: Habitat/Species Management Area",
        "area": null,
        "osmRelationIds": [],
        "enwikiUrl": "https://en.wikipedia.org/wiki/Nakti_Dam_Wildlife_Sanctuary",
        "eszStatus": "draft",
        "notificationCount": 2,
        "notificationStatus": "Draft",
        "notificationDate": "2016-06-24",
        "orderNumber": "S.O. 2198(E)",
        "notificationPdfLink": "https://moef.gov.in/uploads/2017/06/Nagi%20Dam%20Bird%20Sanctuary%2C%20Bihar.pdf"
      }
    },
    {
      "type": "Feature",
      "geometry": {
        "type": "Point",
        "coordinates": [
          81.734722222,
          22.552222222
        ]
      },
      "properties": {
        "wikidataId": "Q130974349",
        "wikidataUrl": "https://www.wikidata.org/wiki/Q130974349",
        "name": "Badalkhol Wildlife Sanctuary",
        "protectedAreaType": "Wildlife Sanctuary",
        "state": "Chhattisgarh",
        "iucnCategory": "IUCN category IV: Habitat/Species Management Area",
        "area": null,
        "osmRelationIds": [],
        "enwikiUrl": "https://en.wikipedia.org/wiki/Badalkhol_Wildlife_Sanctuary",
        "eszStatus": "draft",
        "notificationCount": 1,
        "notificationStatus": "Draft",
        "notificationDate": "2016-03-29",
        "orderNumber": "S.O. 1246(E)",
        "notificationPdfLink": "https://moef.gov.in/uploads/2017/06/Badalkhol%20Wildlife%20Sanctuary%2C%20Chhattisgarh.pdf"
      }
    },
    {
      "type": "Feature",
      "geometry": {
        "type": "Point",
        "coordinates": [
          80.9394,
          19.0991
        ]
      },
      "properties": {
        "wikidataId": "Q130974358",
        "wikidataUrl": "https://www.wikidata.org/wiki/Q130974358",
        "name": "Bhairamgarh Wildlife Sanctuary",
        "protectedAreaType": "Wildlife Sanctuary",
        "state": "Chhattisgarh",
        "iucnCategory": "IUCN category IV: Habitat/Species Management Area",
        "area": null,
        "osmRelationIds": [],
        "enwikiUrl": "https://en.wikipedia.org/wiki/Bhairamgarh_Wildlife_Sanctuary",
        "eszStatus": "none",
        "notificationCount": 0,
        "notificationStatus": null,
        "notificationDate": null,
        "orderNumber": null,
        "notificationPdfLink": null,
        "notificationArchiveLink": null
      }
    },
    {
      "type": "Feature",
      "geometry": {
        "type": "Point",
        "coordinates": [
          83.1366,
          21.501
        ]
      },
      "properties": {
        "wikidataId": "Q130974367",
        "wikidataUrl": "https://www.wikidata.org/wiki/Q130974367",
        "name": "Gomardha Wildlife Sanctuary",
        "protectedAreaType": "Wildlife Sanctuary",
        "state": "Chhattisgarh",
        "iucnCategory": "IUCN category IV: Habitat/Species Management Area",
        "area": null,
        "osmRelationIds": [],
        "enwikiUrl": "https://en.wikipedia.org/wiki/Gomardha_Wildlife_Sanctuary",
        "eszStatus": "draft",
        "notificationCount": 1,
        "notificationStatus": "Draft",
        "notificationDate": "2016-02-19",
        "orderNumber": "S.O.570(E)",
        "notificationPdfLink": "https://moef.gov.in/uploads/2017/06/Gomarda%20Wildlife%20Sanctuary%2C%20Chhatisgarh.pdf"
      }
    },
    {
      "type": "Feature",
      "geometry": {
        "type": "Point",
        "coordinates": [
          80.841,
          18.3171
        ]
      },
      "properties": {
        "wikidataId": "Q130974386",
        "wikidataUrl": "https://www.wikidata.org/wiki/Q130974386",
        "name": "Pamed Wildlife Sanctuary",
        "protectedAreaType": "Wildlife Sanctuary",
        "state": "Chhattisgarh",
        "iucnCategory": "IUCN category IV: Habitat/Species Management Area",
        "area": null,
        "osmRelationIds": [],
        "enwikiUrl": "https://en.wikipedia.org/wiki/Pamed_Wildlife_Sanctuary",
        "eszStatus": "final",
        "notificationCount": 2,
        "notificationStatus": "Final",
        "notificationDate": "2017-07-20",
        "orderNumber": "S.O. 2273 (E)",
        "notificationPdfLink": "https://moef.gov.in/uploads/2017/06/Pamed%20Wildlife%20Sanctuary%2C%20Chhattisgarh%20(1)_1.pdf"
      }
    },
    {
      "type": "Feature",
      "geometry": {
        "type": "Point",
        "coordinates": [
          83.5283,
          23.548
        ]
      },
      "properties": {
        "wikidataId": "Q130974396",
        "wikidataUrl": "https://www.wikidata.org/wiki/Q130974396",
        "name": "Semarsot Wildlife Sanctuary",
        "protectedAreaType": "Wildlife Sanctuary",
        "state": "Chhattisgarh",
        "iucnCategory": "IUCN category IV: Habitat/Species Management Area",
        "area": 430.35,
        "osmRelationIds": [],
        "enwikiUrl": "https://en.wikipedia.org/wiki/Semarsot_Wildlife_Sanctuary",
        "eszStatus": "draft",
        "notificationCount": 1,
        "notificationStatus": "Draft",
        "notificationDate": "2016-03-21",
        "orderNumber": "S.O. 1165(E)",
        "notificationPdfLink": "https://moef.gov.in/uploads/2017/06/Semarsot%20Wildlife%20Sanctuary%2C%20CHHATTISGARH.pdf"
      }
    },
    {
      "type": "Feature",
      "geometry": {
        "type": "Point",
        "coordinates": [
          83.56,
          27.31
        ]
      },
      "properties": {
        "wikidataId": "Q7554593",
        "wikidataUrl": "https://www.wikidata.org/wiki/Q7554593",
        "name": "Sohagi Barwa Wildlife Sanctuary",
        "protectedAreaType": "Wildlife Sanctuary",
        "state": "Uttar Pradesh",
        "iucnCategory": "IUCN category IV: Habitat/Species Management Area",
        "area": null,
        "osmRelationIds": [],
        "enwikiUrl": "https://en.wikipedia.org/wiki/Sohagi_Barwa_Wildlife_Sanctuary",
        "eszStatus": "final",
        "notificationCount": 2,
        "notificationStatus": "Final",
        "notificationDate": "2017-11-29",
        "orderNumber": "S.O. 3776(E)",
        "notificationPdfLink": "https://moef.gov.in/uploads/2017/06/sohagi.pdf"
      }
    },
    {
      "type": "Feature",
      "geometry": {
        "type": "Point",
        "coordinates": [
          74.4349,
          27.7981
        ]
      },
      "properties": {
        "wikidataId": "Q7678698",
        "wikidataUrl": "https://www.wikidata.org/wiki/Q7678698",
        "name": "Tal Chhapar Sanctuary",
        "protectedAreaType": "Wildlife Sanctuary",
        "state": "Rajasthan",
        "iucnCategory": "IUCN category IV: Habitat/Species Management Area",
        "area": null,
        "osmRelationIds": [],
        "enwikiUrl": "https://en.wikipedia.org/wiki/Tal_Chhapar_Sanctuary",
        "eszStatus": "final",
        "notificationCount": 2,
        "notificationStatus": "Final",
        "notificationDate": "2024-09-27",
        "orderNumber": "S.O. No. 4242(E)",
        "notificationPdfLink": "https://moef.gov.in/uploads/pdf/Tal_chappar_final_notification.pdf"
      }
    },
    {
      "type": "Feature",
      "geometry": {
        "type": "Point",
        "coordinates": [
          72.392701,
          23.140152
        ]
      },
      "properties": {
        "wikidataId": "Q7786671",
        "wikidataUrl": "https://www.wikidata.org/wiki/Q7786671",
        "name": "Thol Lake",
        "protectedAreaType": null,
        "state": "Gujarat",
        "iucnCategory": null,
        "area": null,
        "osmRelationIds": [],
        "enwikiUrl": "https://en.wikipedia.org/wiki/Thol_Lake",
        "eszStatus": "none",
        "notificationCount": 0,
        "notificationStatus": null,
        "notificationDate": null,
        "orderNumber": null,
        "notificationPdfLink": null,
        "notificationArchiveLink": null
      }
    },
    {
      "type": "Feature",
      "geometry": {
        "type": "Point",
        "coordinates": [
          79.3225,
          10.6989
        ]
      },
      "properties": {
        "wikidataId": "Q7908370",
        "wikidataUrl": "https://www.wikidata.org/wiki/Q7908370",
        "name": "Vaduvoor Bird Sanctuary",
        "protectedAreaType": "Bird Sanctuary",
        "state": "Tamil Nadu",
        "iucnCategory": "IUCN category IV: Habitat/Species Management Area",
        "area": 128.1,
        "osmRelationIds": [],
        "enwikiUrl": "https://en.wikipedia.org/wiki/Vaduvoor_Bird_Sanctuary",
        "eszStatus": "final",
        "notificationCount": 2,
        "notificationStatus": "Final",
        "notificationDate": "2019-09-16",
        "orderNumber": "S.O. 3306(E)",
        "notificationPdfLink": "https://moef.gov.in/uploads/2018/12/vaduvoor-1.pdf"
      }
    },
    {
      "type": "Feature",
      "geometry": {
        "type": "Point",
        "coordinates": [
          93.76194444,
          7.11277778
        ]
      },
      "properties": {
        "wikidataId": "Q2979693",
        "wikidataUrl": "https://www.wikidata.org/wiki/Q2979693",
        "name": "Campbell Bay National Park",
        "protectedAreaType": "National Park",
        "state": "Andaman and Nicobar Islands",
        "iucnCategory": "IUCN category II: National Park",
        "area": 426.23,
        "osmRelationIds": [],
        "enwikiUrl": "https://en.wikipedia.org/wiki/Campbell_Bay_National_Park",
        "eszStatus": "final",
        "notificationCount": 2,
        "notificationStatus": "Final",
        "notificationDate": "2021-03-12",
        "orderNumber": "S.O.1193(E)",
        "notificationPdfLink": "https://moef.gov.in/uploads/2021/03/campbell.pdf"
      }
    },
    {
      "type": "Feature",
      "geometry": {
        "type": "Point",
        "coordinates": [
          90.75,
          25.5
        ]
      },
      "properties": {
        "wikidataId": "Q2979712",
        "wikidataUrl": "https://www.wikidata.org/wiki/Q2979712",
        "name": "Balpakram National Park",
        "protectedAreaType": "National Park",
        "state": "Meghalaya",
        "iucnCategory": "IUCN category II: National Park",
        "area": 352,
        "osmRelationIds": [],
        "enwikiUrl": "https://en.wikipedia.org/wiki/Balpakram_National_Park",
        "eszStatus": "none",
        "notificationCount": 0,
        "notificationStatus": null,
        "notificationDate": null,
        "orderNumber": null,
        "notificationPdfLink": null,
        "notificationArchiveLink": null
      }
    },
    {
      "type": "Feature",
      "geometry": {
        "type": "Point",
        "coordinates": [
          76.8899,
          28.4623
        ]
      },
      "properties": {
        "wikidataId": "Q2985097",
        "wikidataUrl": "https://www.wikidata.org/wiki/Q2985097",
        "name": "Sultanpur National Park",
        "protectedAreaType": "National Park",
        "state": "Haryana",
        "iucnCategory": "IUCN category II: National Park",
        "area": null,
        "osmRelationIds": [],
        "enwikiUrl": "https://en.wikipedia.org/wiki/Sultanpur_National_Park",
        "eszStatus": "final",
        "notificationCount": 3,
        "notificationStatus": "Final",
        "notificationDate": "2021-02-17",
        "orderNumber": "S.O. 740(E)",
        "notificationPdfLink": "https://moef.gov.in/uploads/2021/02/Sultanpur-Amendment.pdf"
      }
    },
    {
      "type": "Feature",
      "geometry": {
        "type": "Point",
        "coordinates": [
          88.8,
          26.7
        ]
      },
      "properties": {
        "wikidataId": "Q2985148",
        "wikidataUrl": "https://www.wikidata.org/wiki/Q2985148",
        "name": "Gorumara National Park",
        "protectedAreaType": "National Park",
        "state": "West Bengal",
        "iucnCategory": "IUCN category II: National Park",
        "area": null,
        "osmRelationIds": [],
        "enwikiUrl": "https://en.wikipedia.org/wiki/Gorumara_National_Park",
        "eszStatus": "draft",
        "notificationCount": 1,
        "notificationStatus": "Draft",
        "notificationDate": "2023-11-16",
        "orderNumber": "S.O. No. 4952(E)",
        "notificationPdfLink": "https://moef.gov.in/uploads/2023/11/SO4952(E)-gorumara-redraft.pdf"
      }
    },
    {
      "type": "Feature",
      "geometry": {
        "type": "Point",
        "coordinates": [
          77.55194444,
          30.33194444
        ]
      },
      "properties": {
        "wikidataId": "Q2985156",
        "wikidataUrl": "https://www.wikidata.org/wiki/Q2985156",
        "name": "Kalesar National Park",
        "protectedAreaType": "National Park",
        "state": "Haryana",
        "iucnCategory": "IUCN category II: National Park",
        "area": null,
        "osmRelationIds": [],
        "enwikiUrl": "https://en.wikipedia.org/wiki/Kalesar_National_Park",
        "eszStatus": "final",
        "notificationCount": 2,
        "notificationStatus": "Final",
        "notificationDate": "2016-04-22",
        "orderNumber": "S.O 1485",
        "notificationPdfLink": "https://moef.gov.in/uploads/2019/10/KAlesar-haryana-sno-62.pdf"
      }
    },
    {
      "type": "Feature",
      "geometry": {
        "type": "Point",
        "coordinates": [
          76.0853,
          11.84763
        ]
      },
      "properties": {
        "wikidataId": "Q14205920",
        "wikidataUrl": "https://www.wikidata.org/wiki/Q14205920",
        "name": "Begur Wildlife Sanctuary",
        "protectedAreaType": "Wildlife Sanctuary",
        "state": "Kerala",
        "iucnCategory": null,
        "area": null,
        "osmRelationIds": [],
        "enwikiUrl": null,
        "eszStatus": "none",
        "notificationCount": 0,
        "notificationStatus": null,
        "notificationDate": null,
        "orderNumber": null,
        "notificationPdfLink": null,
        "notificationArchiveLink": null
      }
    },
    {
      "type": "Feature",
      "geometry": {
        "type": "Point",
        "coordinates": [
          77.588888888,
          31.574166666
        ]
      },
      "properties": {
        "wikidataId": "Q14229383",
        "wikidataUrl": "https://www.wikidata.org/wiki/Q14229383",
        "name": "Pin Valley National Park",
        "protectedAreaType": "National Park",
        "state": "Himachal Pradesh",
        "iucnCategory": "IUCN category II: National Park",
        "area": null,
        "osmRelationIds": [],
        "enwikiUrl": "https://en.wikipedia.org/wiki/Pin_Valley_National_Park",
        "eszStatus": "draft",
        "notificationCount": 1,
        "notificationStatus": "Draft",
        "notificationDate": "2016-03-11",
        "orderNumber": "S.O. 1053(E)",
        "notificationPdfLink": "https://moef.gov.in/uploads/2017/06/Pin%20Valley%20National%20Park%2C%20HP.pdf"
      }
    },
    {
      "type": "Feature",
      "geometry": {
        "type": "Point",
        "coordinates": [
          93.8825,
          26.39527778
        ]
      },
      "properties": {
        "wikidataId": "Q14618939",
        "wikidataUrl": "https://www.wikidata.org/wiki/Q14618939",
        "name": "Nambor Wildlife Sanctuary",
        "protectedAreaType": "Wildlife Sanctuary",
        "state": "Assam",
        "iucnCategory": "IUCN category IV: Habitat/Species Management Area",
        "area": null,
        "osmRelationIds": [],
        "enwikiUrl": "https://en.wikipedia.org/wiki/Nambor_Wildlife_Sanctuary",
        "eszStatus": "none",
        "notificationCount": 0,
        "notificationStatus": null,
        "notificationDate": null,
        "orderNumber": null,
        "notificationPdfLink": null,
        "notificationArchiveLink": null
      }
    },
    {
      "type": "Feature",
      "geometry": {
        "type": "Point",
        "coordinates": [
          95.37,
          27.53
        ]
      },
      "properties": {
        "wikidataId": "Q14623369",
        "wikidataUrl": "https://www.wikidata.org/wiki/Q14623369",
        "name": "Bherjan-Borajan-Padumoni Wildlife Sanctuary",
        "protectedAreaType": "Wildlife Sanctuary",
        "state": "Assam",
        "iucnCategory": "IUCN category IV: Habitat/Species Management Area",
        "area": null,
        "osmRelationIds": [],
        "enwikiUrl": "https://en.wikipedia.org/wiki/Bherjan-Borajan-Padumoni_Wildlife_Sanctuary",
        "eszStatus": "draft",
        "notificationCount": 2,
        "notificationStatus": "Draft",
        "notificationDate": "2021-06-07",
        "orderNumber": "S.O. 2181(E)",
        "notificationPdfLink": "https://moef.gov.in/uploads/2021/06/berjan-borajan.pdf"
      }
    },
    {
      "type": "Feature",
      "geometry": {
        "type": "Point",
        "coordinates": [
          94.59638889,
          27.12194444
        ]
      },
      "properties": {
        "wikidataId": "Q14623377",
        "wikidataUrl": "https://www.wikidata.org/wiki/Q14623377",
        "name": "Pani Dihing Wildlife Sanctuary",
        "protectedAreaType": "Wildlife Sanctuary",
        "state": "Assam",
        "iucnCategory": "IUCN category IV: Habitat/Species Management Area",
        "area": null,
        "osmRelationIds": [],
        "enwikiUrl": "https://en.wikipedia.org/wiki/Pani_Dihing_Wildlife_Sanctuary",
        "eszStatus": "final",
        "notificationCount": 3,
        "notificationStatus": "Final",
        "notificationDate": "2022-04-25",
        "orderNumber": "S.O. 1923(E)",
        "notificationPdfLink": "https://moef.gov.in/uploads/2022/04/Final-Notification-S-O-No-1923.pdf"
      }
    },
    {
      "type": "Feature",
      "geometry": {
        "type": "Point",
        "coordinates": [
          86.28,
          25.23
        ]
      },
      "properties": {
        "wikidataId": "Q15198953",
        "wikidataUrl": "https://www.wikidata.org/wiki/Q15198953",
        "name": "Bhimbandh Wildlife Sanctuary",
        "protectedAreaType": "Wildlife Sanctuary",
        "state": "Bihar",
        "iucnCategory": "IUCN category IV: Habitat/Species Management Area",
        "area": 681.99,
        "osmRelationIds": [],
        "enwikiUrl": "https://en.wikipedia.org/wiki/Bhimbandh_Wildlife_Sanctuary",
        "eszStatus": "final",
        "notificationCount": 2,
        "notificationStatus": "Final",
        "notificationDate": "2024-09-06",
        "orderNumber": "S .O. No. 3831(E)",
        "notificationPdfLink": "https://moef.gov.in/uploads/pdf/bhimband-amendment.pdf"
      }
    },
    {
      "type": "Feature",
      "geometry": {
        "type": "Point",
        "coordinates": [
          91.74027778,
          26.80583333
        ]
      },
      "properties": {
        "wikidataId": "Q15203562",
        "wikidataUrl": "https://www.wikidata.org/wiki/Q15203562",
        "name": "Bornadi Wildlife Sanctuary",
        "protectedAreaType": "Wildlife Sanctuary",
        "state": "Assam",
        "iucnCategory": "IUCN category IV: Habitat/Species Management Area",
        "area": 26.22,
        "osmRelationIds": [],
        "enwikiUrl": "https://en.wikipedia.org/wiki/Bornadi_Wildlife_Sanctuary",
        "eszStatus": "none",
        "notificationCount": 0,
        "notificationStatus": null,
        "notificationDate": null,
        "orderNumber": null,
        "notificationPdfLink": null,
        "notificationArchiveLink": null
      }
    },
    {
      "type": "Feature",
      "geometry": {
        "type": "Point",
        "coordinates": [
          83.5,
          25.05
        ]
      },
      "properties": {
        "wikidataId": "Q15232550",
        "wikidataUrl": "https://www.wikidata.org/wiki/Q15232550",
        "name": "Kaimur Wildlife Sanctuary",
        "protectedAreaType": "Wildlife Sanctuary",
        "state": "Bihar",
        "iucnCategory": "IUCN category IV: Habitat/Species Management Area",
        "area": 1342,
        "osmRelationIds": [],
        "enwikiUrl": "https://en.wikipedia.org/wiki/Kaimur_Wildlife_Sanctuary",
        "eszStatus": "final",
        "notificationCount": 2,
        "notificationStatus": "Final",
        "notificationDate": "2015-12-30",
        "orderNumber": "SO 3549(E)",
        "notificationPdfLink": "https://moef.gov.in/uploads/2020/08/SO-3549E30.12.2015-Notification-declaring-Eco-sensitive-Zone-around-the-Kaimur-Wildlife-Sanctuary-in-the-state-of-Bihar..pdf"
      }
    },
    {
      "type": "Feature",
      "geometry": {
        "type": "Point",
        "coordinates": [
          78.48333333,
          9.33333333
        ]
      },
      "properties": {
        "wikidataId": "Q15233552",
        "wikidataUrl": "https://www.wikidata.org/wiki/Q15233552",
        "name": "Kanjirankulam Bird Sanctuary",
        "protectedAreaType": "Bird Sanctuary",
        "state": "Tamil Nadu",
        "iucnCategory": "IUCN category IV: Habitat/Species Management Area",
        "area": null,
        "osmRelationIds": [],
        "enwikiUrl": "https://en.wikipedia.org/wiki/Kanjirankulam_Bird_Sanctuary",
        "eszStatus": "final",
        "notificationCount": 2,
        "notificationStatus": "Final",
        "notificationDate": "2019-11-06",
        "orderNumber": "S.O. 4007(E)",
        "notificationPdfLink": "https://moef.gov.in/uploads/2019/10/kanjirankulam.pdf"
      }
    },
    {
      "type": "Feature",
      "geometry": {
        "type": "Point",
        "coordinates": [
          73.833,
          17.7
        ]
      },
      "properties": {
        "wikidataId": "Q15234037",
        "wikidataUrl": "https://www.wikidata.org/wiki/Q15234037",
        "name": "Kas Plateau Reserved Forest",
        "protectedAreaType": null,
        "state": "Maharashtra",
        "iucnCategory": null,
        "area": 1142,
        "osmRelationIds": [],
        "enwikiUrl": "https://en.wikipedia.org/wiki/Kas_plateau",
        "eszStatus": "none",
        "notificationCount": 0,
        "notificationStatus": null,
        "notificationDate": null,
        "orderNumber": null,
        "notificationPdfLink": null,
        "notificationArchiveLink": null
      }
    },
    {
      "type": "Feature",
      "geometry": {
        "type": "Point",
        "coordinates": [
          88.43889,
          26.87361
        ]
      },
      "properties": {
        "wikidataId": "Q15243705",
        "wikidataUrl": "https://www.wikidata.org/wiki/Q15243705",
        "name": "Mahananda Wildlife Sanctuary",
        "protectedAreaType": "Wildlife Sanctuary",
        "state": "West Bengal",
        "iucnCategory": "IUCN category IV: Habitat/Species Management Area",
        "area": null,
        "osmRelationIds": [],
        "enwikiUrl": "https://en.wikipedia.org/wiki/Mahananda_Wildlife_Sanctuary",
        "eszStatus": "final",
        "notificationCount": 3,
        "notificationStatus": "Final",
        "notificationDate": "2020-09-22",
        "orderNumber": "S.O. 3237(E)",
        "notificationPdfLink": null
      }
    },
    {
      "type": "Feature",
      "geometry": {
        "type": "Point",
        "coordinates": [
          96.629166666,
          27.641666666
        ]
      },
      "properties": {
        "wikidataId": "Q131007942",
        "wikidataUrl": "https://www.wikidata.org/wiki/Q131007942",
        "name": "Kamala Wildlife Sanctuary",
        "protectedAreaType": "Wildlife Sanctuary",
        "state": "Arunachal Pradesh",
        "iucnCategory": "IUCN category IV: Habitat/Species Management Area",
        "area": null,
        "osmRelationIds": [],
        "enwikiUrl": "https://en.wikipedia.org/wiki/Kamala_Wildlife_Sanctuary",
        "eszStatus": "none",
        "notificationCount": 0,
        "notificationStatus": null,
        "notificationDate": null,
        "orderNumber": null,
        "notificationPdfLink": null,
        "notificationArchiveLink": null
      }
    },
    {
      "type": "Feature",
      "geometry": {
        "type": "Point",
        "coordinates": [
          93.883333333,
          28.160833333
        ]
      },
      "properties": {
        "wikidataId": "Q131007944",
        "wikidataUrl": "https://www.wikidata.org/wiki/Q131007944",
        "name": "Ringba-Roba Wildlife Sanctuary",
        "protectedAreaType": "Wildlife Sanctuary",
        "state": "Arunachal Pradesh",
        "iucnCategory": "IUCN category IV: Habitat/Species Management Area",
        "area": null,
        "osmRelationIds": [],
        "enwikiUrl": "https://en.wikipedia.org/wiki/Ringba-Roba_Wildlife_Sanctuary",
        "eszStatus": "none",
        "notificationCount": 0,
        "notificationStatus": null,
        "notificationDate": null,
        "orderNumber": null,
        "notificationPdfLink": null,
        "notificationArchiveLink": null
      }
    },
    {
      "type": "Feature",
      "geometry": {
        "type": "Point",
        "coordinates": [
          77.8,
          10.383333333
        ]
      },
      "properties": {
        "wikidataId": "Q131123428",
        "wikidataUrl": "https://www.wikidata.org/wiki/Q131123428",
        "name": "Kodaikanal Wildlife Sanctuary",
        "protectedAreaType": "Wildlife Sanctuary",
        "state": "Tamil Nadu",
        "iucnCategory": "IUCN category IV: Habitat/Species Management Area",
        "area": null,
        "osmRelationIds": [],
        "enwikiUrl": "https://en.wikipedia.org/wiki/Kodaikanal_Wildlife_Sanctuary",
        "eszStatus": "none",
        "notificationCount": 0,
        "notificationStatus": null,
        "notificationDate": null,
        "orderNumber": null,
        "notificationPdfLink": null,
        "notificationArchiveLink": null
      }
    },
    {
      "type": "Feature",
      "geometry": {
        "type": "Point",
        "coordinates": [
          82.471944444,
          23.601944444
        ]
      },
      "properties": {
        "wikidataId": "Q131465770",
        "wikidataUrl": "https://www.wikidata.org/wiki/Q131465770",
        "name": "Guru Ghasidas - Tamor Pingla Tiger Reserve",
        "protectedAreaType": "Tiger Reserve",
        "state": "Chhattisgarh",
        "iucnCategory": "IUCN category II: National Park",
        "area": null,
        "osmRelationIds": [],
        "enwikiUrl": "https://en.wikipedia.org/wiki/Guru_Ghasidas_-_Tamor_Pingla_Tiger_Reserve",
        "eszStatus": "none",
        "notificationCount": 0,
        "notificationStatus": null,
        "notificationDate": null,
        "orderNumber": null,
        "notificationPdfLink": null,
        "notificationArchiveLink": null
      }
    },
    {
      "type": "Feature",
      "geometry": {
        "type": "Point",
        "coordinates": [
          75.516666666,
          24.866666666
        ]
      },
      "properties": {
        "wikidataId": "Q131612272",
        "wikidataUrl": "https://www.wikidata.org/wiki/Q131612272",
        "name": "Bhensrodgarh Wildlife Sanctuary",
        "protectedAreaType": "Wildlife Sanctuary",
        "state": "Rajasthan",
        "iucnCategory": "IUCN category IV: Habitat/Species Management Area",
        "area": null,
        "osmRelationIds": [],
        "enwikiUrl": "https://en.wikipedia.org/wiki/Bhensrodgarh_Wildlife_Sanctuary",
        "eszStatus": "final",
        "notificationCount": 2,
        "notificationStatus": "Final",
        "notificationDate": "2021-09-10",
        "orderNumber": "S.O.3683(E)",
        "notificationPdfLink": "https://moef.gov.in/uploads/2020/08/bhainsorgarh-1.pdf"
      }
    },
    {
      "type": "Feature",
      "geometry": {
        "type": "Point",
        "coordinates": [
          92.968333333,
          12.709166666
        ]
      },
      "properties": {
        "wikidataId": "Q131632374",
        "wikidataUrl": "https://www.wikidata.org/wiki/Q131632374",
        "name": "Cuthbert Bay Wildlife Sanctuary",
        "protectedAreaType": "Wildlife Sanctuary",
        "state": "Andaman and Nicobar Islands",
        "iucnCategory": "IUCN category IV: Habitat/Species Management Area",
        "area": null,
        "osmRelationIds": [],
        "enwikiUrl": "https://en.wikipedia.org/wiki/Cuthbert_Bay_Wildlife_Sanctuary",
        "eszStatus": "final",
        "notificationCount": 2,
        "notificationStatus": "Final",
        "notificationDate": "2019-02-27",
        "orderNumber": "S.O. 1042(E)",
        "notificationPdfLink": "https://moef.gov.in/uploads/2018/12/cuterbert.pdf"
      }
    },
    {
      "type": "Feature",
      "geometry": {
        "type": "Point",
        "coordinates": [
          70.5,
          21.416666666
        ]
      },
      "properties": {
        "wikidataId": "Q131939336",
        "wikidataUrl": "https://www.wikidata.org/wiki/Q131939336",
        "name": "Girnar Wildlife Sanctuary",
        "protectedAreaType": "Wildlife Sanctuary",
        "state": "Gujarat",
        "iucnCategory": "IUCN category IV: Habitat/Species Management Area",
        "area": null,
        "osmRelationIds": [],
        "enwikiUrl": "https://en.wikipedia.org/wiki/Girnar_Wildlife_Sanctuary",
        "eszStatus": "final",
        "notificationCount": 3,
        "notificationStatus": "Final",
        "notificationDate": "2012-05-31",
        "orderNumber": "S.O. 1260",
        "notificationPdfLink": "https://moef.gov.in/uploads/2017/06/S.O.%201260%20%5B31.05.2012%5D%20Final%20ESZ%20Notification%20on%20Girnar%20Reserve%20Forest%2C%20Gujarat.pdf"
      }
    },
    {
      "type": "Feature",
      "geometry": {
        "type": "Point",
        "coordinates": [
          82.49597,
          24.6338
        ]
      },
      "properties": {
        "wikidataId": "Q131995100",
        "wikidataUrl": "https://www.wikidata.org/wiki/Q131995100",
        "name": "Bagdara Wildlife Sanctuary",
        "protectedAreaType": "Wildlife Sanctuary",
        "state": "Madhya Pradesh",
        "iucnCategory": "IUCN category IV: Habitat/Species Management Area",
        "area": null,
        "osmRelationIds": [],
        "enwikiUrl": "https://en.wikipedia.org/wiki/Bagdara_Wildlife_Sanctuary",
        "eszStatus": "final",
        "notificationCount": 2,
        "notificationStatus": "Final",
        "notificationDate": "2017-09-13",
        "orderNumber": "S.O. 3028 (E)",
        "notificationPdfLink": "https://moef.gov.in/uploads/2017/06/Bagdara%20Wildlife%20Sanctuary%2C%20MP%20Final.pdf"
      }
    },
    {
      "type": "Feature",
      "geometry": {
        "type": "Point",
        "coordinates": [
          78.64,
          25.35
        ]
      },
      "properties": {
        "wikidataId": "Q132068974",
        "wikidataUrl": "https://www.wikidata.org/wiki/Q132068974",
        "name": "Orchha Wildlife Sanctuary",
        "protectedAreaType": "Wildlife Sanctuary",
        "state": "Madhya Pradesh",
        "iucnCategory": "IUCN category IV: Habitat/Species Management Area",
        "area": null,
        "osmRelationIds": [],
        "enwikiUrl": "https://en.wikipedia.org/wiki/Orchha_Wildlife_Sanctuary",
        "eszStatus": "final",
        "notificationCount": 2,
        "notificationStatus": "Final",
        "notificationDate": "2018-01-03",
        "orderNumber": "S.O. 35(E)",
        "notificationPdfLink": "https://moef.gov.in/uploads/2017/06/orchha.pdf"
      }
    },
    {
      "type": "Feature",
      "geometry": {
        "type": "Point",
        "coordinates": [
          81.45285,
          24.282934
        ]
      },
      "properties": {
        "wikidataId": "Q132126728",
        "wikidataUrl": "https://www.wikidata.org/wiki/Q132126728",
        "name": "Son Gharial Wildlife Sanctuary",
        "protectedAreaType": "Wildlife Sanctuary",
        "state": "Madhya Pradesh",
        "iucnCategory": "IUCN category IV: Habitat/Species Management Area",
        "area": null,
        "osmRelationIds": [],
        "enwikiUrl": "https://en.wikipedia.org/wiki/Son_Gharial_Wildlife_Sanctuary",
        "eszStatus": "final",
        "notificationCount": 3,
        "notificationStatus": "Final",
        "notificationDate": "2016-12-14",
        "orderNumber": "S.O. 4030 (E)",
        "notificationPdfLink": "https://moef.gov.in/uploads/2017/06/Son%20Gharial%20WLS%2C%20Madhya%20Pradesh.pdf"
      }
    },
    {
      "type": "Feature",
      "geometry": {
        "type": "Point",
        "coordinates": [
          76.93204,
          26.29969
        ]
      },
      "properties": {
        "wikidataId": "Q134522768",
        "wikidataUrl": "https://www.wikidata.org/wiki/Q134522768",
        "name": "Kailadevi Wildlife Sanctuary",
        "protectedAreaType": "Wildlife Sanctuary",
        "state": "Rajasthan",
        "iucnCategory": "IUCN category IV: Habitat/Species Management Area",
        "area": null,
        "osmRelationIds": [],
        "enwikiUrl": "https://en.wikipedia.org/wiki/Kailadevi_Wildlife_Sanctuary",
        "eszStatus": "none",
        "notificationCount": 0,
        "notificationStatus": null,
        "notificationDate": null,
        "orderNumber": null,
        "notificationPdfLink": null,
        "notificationArchiveLink": null
      }
    },
    {
      "type": "Feature",
      "geometry": {
        "type": "Point",
        "coordinates": [
          76.055555555,
          27.047777777
        ]
      },
      "properties": {
        "wikidataId": "Q134581460",
        "wikidataUrl": "https://www.wikidata.org/wiki/Q134581460",
        "name": "Jamwa Ramgarh Wildlife Sanctuary",
        "protectedAreaType": "Wildlife Sanctuary",
        "state": "Rajasthan",
        "iucnCategory": "IUCN category IV: Habitat/Species Management Area",
        "area": null,
        "osmRelationIds": [],
        "enwikiUrl": "https://en.wikipedia.org/wiki/Jamwa_Ramgarh_Wildlife_Sanctuary",
        "eszStatus": "final",
        "notificationCount": 2,
        "notificationStatus": "Final",
        "notificationDate": "2018-12-18",
        "orderNumber": "S.O. 6212(E)",
        "notificationPdfLink": "https://moef.gov.in/uploads/2019/05/jamwa-ramgarh-Final-ESZ.pdf"
      }
    },
    {
      "type": "Feature",
      "geometry": {
        "type": "Point",
        "coordinates": [
          75.8374,
          26.9993
        ]
      },
      "properties": {
        "wikidataId": "Q134581467",
        "wikidataUrl": "https://www.wikidata.org/wiki/Q134581467",
        "name": "Nahargarh Wildlife Sanctuary",
        "protectedAreaType": "Wildlife Sanctuary",
        "state": "Rajasthan",
        "iucnCategory": "IUCN category IV: Habitat/Species Management Area",
        "area": null,
        "osmRelationIds": [],
        "enwikiUrl": "https://en.wikipedia.org/wiki/Nahargarh_Wildlife_Sanctuary",
        "eszStatus": "final",
        "notificationCount": 3,
        "notificationStatus": "Final",
        "notificationDate": "2019-03-08",
        "orderNumber": "S.O. 1220(E)",
        "notificationPdfLink": "https://moef.gov.in/uploads/2018/12/nahargarh.pdf"
      }
    },
    {
      "type": "Feature",
      "geometry": {
        "type": "Point",
        "coordinates": [
          76.486944444,
          24.71
        ]
      },
      "properties": {
        "wikidataId": "Q134610688",
        "wikidataUrl": "https://www.wikidata.org/wiki/Q134610688",
        "name": "Shergarh Wildlife Sanctuary",
        "protectedAreaType": "Wildlife Sanctuary",
        "state": "Rajasthan",
        "iucnCategory": "IUCN category IV: Habitat/Species Management Area",
        "area": null,
        "osmRelationIds": [],
        "enwikiUrl": "https://en.wikipedia.org/wiki/Shergarh_Wildlife_Sanctuary",
        "eszStatus": "draft",
        "notificationCount": 2,
        "notificationStatus": "Draft",
        "notificationDate": "2018-07-09",
        "orderNumber": "S.O. 3361(E)",
        "notificationPdfLink": "https://moef.gov.in/uploads/2019/10/shergarh-1.pdf"
      }
    },
    {
      "type": "Feature",
      "geometry": {
        "type": "Point",
        "coordinates": [
          76.3907,
          25.8824
        ]
      },
      "properties": {
        "wikidataId": "Q134610692",
        "wikidataUrl": "https://www.wikidata.org/wiki/Q134610692",
        "name": "Sawai Man Singh Wildlife Sanctuary",
        "protectedAreaType": "Wildlife Sanctuary",
        "state": "Rajasthan",
        "iucnCategory": "IUCN category IV: Habitat/Species Management Area",
        "area": null,
        "osmRelationIds": [],
        "enwikiUrl": "https://en.wikipedia.org/wiki/Sawai_Man_Singh_Wildlife_Sanctuary",
        "eszStatus": "none",
        "notificationCount": 0,
        "notificationStatus": null,
        "notificationDate": null,
        "orderNumber": null,
        "notificationPdfLink": null,
        "notificationArchiveLink": null
      }
    },
    {
      "type": "Feature",
      "geometry": {
        "type": "Point",
        "coordinates": [
          77.74904,
          26.6118
        ]
      },
      "properties": {
        "wikidataId": "Q134721122",
        "wikidataUrl": "https://www.wikidata.org/wiki/Q134721122",
        "name": "Van Vihar Wildlife Sanctuary",
        "protectedAreaType": "Wildlife Sanctuary",
        "state": "Rajasthan",
        "iucnCategory": "IUCN category IV: Habitat/Species Management Area",
        "area": null,
        "osmRelationIds": [],
        "enwikiUrl": "https://en.wikipedia.org/wiki/Van_Vihar_Wildlife_Sanctuary",
        "eszStatus": "final",
        "notificationCount": 2,
        "notificationStatus": "Final",
        "notificationDate": "2017-03-23",
        "orderNumber": "S.O. 938(E)",
        "notificationPdfLink": "https://moef.gov.in/uploads/2017/06/Van%20Vihar%20Wildlife%20Sanctuary%2C%20Rajasthan.pdf"
      }
    },
    {
      "type": "Feature",
      "geometry": {
        "type": "Point",
        "coordinates": [
          90.295891666,
          26.716966666
        ]
      },
      "properties": {
        "wikidataId": "Q134984377",
        "wikidataUrl": "https://www.wikidata.org/wiki/Q134984377",
        "name": "Sikhna Jwhwlao National Park",
        "protectedAreaType": "National Park",
        "state": "Assam",
        "iucnCategory": "IUCN category II: National Park",
        "area": null,
        "osmRelationIds": [],
        "enwikiUrl": "https://en.wikipedia.org/wiki/Sikhna_Jwhwlao_National_Park",
        "eszStatus": "none",
        "notificationCount": 0,
        "notificationStatus": null,
        "notificationDate": null,
        "orderNumber": null,
        "notificationPdfLink": null,
        "notificationArchiveLink": null
      }
    },
    {
      "type": "Feature",
      "geometry": {
        "type": "Point",
        "coordinates": [
          74.779,
          22.341
        ]
      },
      "properties": {
        "wikidataId": "Q135111713",
        "wikidataUrl": "https://www.wikidata.org/wiki/Q135111713",
        "name": "Dinosaur Fossils National Park",
        "protectedAreaType": "National Park",
        "state": "Madhya Pradesh",
        "iucnCategory": "IUCN category II: National Park",
        "area": null,
        "osmRelationIds": [],
        "enwikiUrl": "https://en.wikipedia.org/wiki/Dinosaur_Fossils_National_Park",
        "eszStatus": "final",
        "notificationCount": 2,
        "notificationStatus": "Final",
        "notificationDate": "2017-08-17",
        "orderNumber": "S.O. 2669",
        "notificationPdfLink": "https://moef.gov.in/uploads/2017/06/Dinosaur%20National%20Park%2C%20Madhya%20Pradesh.pdf"
      }
    },
    {
      "type": "Feature",
      "geometry": {
        "type": "Point",
        "coordinates": [
          81.144444444,
          22.11
        ]
      },
      "properties": {
        "wikidataId": "Q135350399",
        "wikidataUrl": "https://www.wikidata.org/wiki/Q135350399",
        "name": "Bhoramdev Wildlife Sanctuary",
        "protectedAreaType": "Wildlife Sanctuary",
        "state": "Chhattisgarh",
        "iucnCategory": "IUCN category IV: Habitat/Species Management Area",
        "area": null,
        "osmRelationIds": [],
        "enwikiUrl": "https://en.wikipedia.org/wiki/Bhoramdev_Wildlife_Sanctuary",
        "eszStatus": "draft",
        "notificationCount": 1,
        "notificationStatus": "Draft",
        "notificationDate": "2023-10-09",
        "orderNumber": "S.O. 4381(E)",
        "notificationPdfLink": "https://moef.gov.in/uploads/2023/11/SO4381(E)-bordamdeo.pdf"
      }
    },
    {
      "type": "Feature",
      "geometry": {
        "type": "Point",
        "coordinates": [
          86.3044,
          25.8315
        ]
      },
      "properties": {
        "wikidataId": "Q135350403",
        "wikidataUrl": "https://www.wikidata.org/wiki/Q135350403",
        "name": "Kusheshwar Asthan Bird Sanctuary",
        "protectedAreaType": "Bird Sanctuary",
        "state": "Bihar",
        "iucnCategory": "IUCN category IV: Habitat/Species Management Area",
        "area": null,
        "osmRelationIds": [],
        "enwikiUrl": "https://en.wikipedia.org/wiki/Kusheshwar_Asthan_Bird_Sanctuary",
        "eszStatus": "final",
        "notificationCount": 2,
        "notificationStatus": "Final",
        "notificationDate": "2017-08-22",
        "orderNumber": "S.O. 2735",
        "notificationPdfLink": "https://moef.gov.in/uploads/2017/06/Kusheshwar%20Asthan%20Bird%20Sanctuary%20Bihar%20Final.pdf"
      }
    },
    {
      "type": "Feature",
      "geometry": {
        "type": "Point",
        "coordinates": [
          77.0667,
          23.625
        ]
      },
      "properties": {
        "wikidataId": "Q135404149",
        "wikidataUrl": "https://www.wikidata.org/wiki/Q135404149",
        "name": "Narsinghgarh Wildlife Sanctuary",
        "protectedAreaType": "Wildlife Sanctuary",
        "state": "Madhya Pradesh",
        "iucnCategory": "IUCN category IV: Habitat/Species Management Area",
        "area": null,
        "osmRelationIds": [],
        "enwikiUrl": "https://en.wikipedia.org/wiki/Narsinghgarh_Wildlife_Sanctuary",
        "eszStatus": "final",
        "notificationCount": 2,
        "notificationStatus": "Final",
        "notificationDate": "2018-07-27",
        "orderNumber": "S.O. 3689(E)",
        "notificationPdfLink": "https://moef.gov.in/uploads/2017/06/Narsinghgarh.pdf"
      }
    },
    {
      "type": "Feature",
      "geometry": {
        "type": "Point",
        "coordinates": [
          78.0765,
          32.2096
        ]
      },
      "properties": {
        "wikidataId": "Q135404156",
        "wikidataUrl": "https://www.wikidata.org/wiki/Q135404156",
        "name": "Kibber Wildlife Sanctuary",
        "protectedAreaType": "Wildlife Sanctuary",
        "state": "Himachal Pradesh",
        "iucnCategory": "IUCN category IV: Habitat/Species Management Area",
        "area": null,
        "osmRelationIds": [],
        "enwikiUrl": "https://en.wikipedia.org/wiki/Kibber_Wildlife_Sanctuary",
        "eszStatus": "final",
        "notificationCount": 3,
        "notificationStatus": "Final",
        "notificationDate": "2022-05-06",
        "orderNumber": "S.O. 2135(E)",
        "notificationPdfLink": "https://moef.gov.in/uploads/2021/08/Published-Final-Notification-S-O-No-2135.pdf"
      }
    },
    {
      "type": "Feature",
      "geometry": {
        "type": "Point",
        "coordinates": [
          92.838,
          24.136
        ]
      },
      "properties": {
        "wikidataId": "Q135412386",
        "wikidataUrl": "https://www.wikidata.org/wiki/Q135412386",
        "name": "Pualreng Wildlife Sanctuary",
        "protectedAreaType": "Wildlife Sanctuary",
        "state": "Mizoram",
        "iucnCategory": "IUCN category IV: Habitat/Species Management Area",
        "area": null,
        "osmRelationIds": [],
        "enwikiUrl": "https://en.wikipedia.org/wiki/Pualreng_Wildlife_Sanctuary",
        "eszStatus": "final",
        "notificationCount": 2,
        "notificationStatus": "Final",
        "notificationDate": "2019-06-12",
        "orderNumber": "S.O. 1966(E)",
        "notificationPdfLink": "https://moef.gov.in/uploads/2019/06/pualreng.pdf"
      }
    },
    {
      "type": "Feature",
      "geometry": {
        "type": "Point",
        "coordinates": [
          75.7697,
          15.1841
        ]
      },
      "properties": {
        "wikidataId": "Q135419116",
        "wikidataUrl": "https://www.wikidata.org/wiki/Q135419116",
        "name": "Kappatagudda Wildlife Sanctuary",
        "protectedAreaType": "Wildlife Sanctuary",
        "state": "Karnataka",
        "iucnCategory": "IUCN category IV: Habitat/Species Management Area",
        "area": null,
        "osmRelationIds": [],
        "enwikiUrl": "https://en.wikipedia.org/wiki/Kappatagudda_Wildlife_Sanctuary",
        "eszStatus": "draft",
        "notificationCount": 1,
        "notificationStatus": "Draft",
        "notificationDate": "2024-09-30",
        "orderNumber": "S.O. No. 4262(E)",
        "notificationPdfLink": "https://moef.gov.in/uploads/pdf/kappathaguda_draft.pdf"
      }
    },
    {
      "type": "Feature",
      "geometry": {
        "type": "Point",
        "coordinates": [
          76.7496,
          13.0197
        ]
      },
      "properties": {
        "wikidataId": "Q135455927",
        "wikidataUrl": "https://www.wikidata.org/wiki/Q135455927",
        "name": "Adichunchanagiri Peacock Wildlife Sanctuary",
        "protectedAreaType": "Wildlife Sanctuary",
        "state": "Karnataka",
        "iucnCategory": "IUCN category IV: Habitat/Species Management Area",
        "area": null,
        "osmRelationIds": [],
        "enwikiUrl": "https://en.wikipedia.org/wiki/Adichunchanagiri_Peacock_Wildlife_Sanctuary",
        "eszStatus": "final",
        "notificationCount": 3,
        "notificationStatus": "Final",
        "notificationDate": "2020-09-07",
        "orderNumber": "S.O. 3032(E)",
        "notificationPdfLink": "https://moef.gov.in/uploads/2020/09/adinachunchunagiri.pdf"
      }
    },
    {
      "type": "Feature",
      "geometry": {
        "type": "Point",
        "coordinates": [
          80.96194,
          23.69944
        ]
      },
      "properties": {
        "wikidataId": "Q135483626",
        "wikidataUrl": "https://www.wikidata.org/wiki/Q135483626",
        "name": "Panpatha Wildlife Sanctuary",
        "protectedAreaType": "Wildlife Sanctuary",
        "state": "Madhya Pradesh",
        "iucnCategory": "IUCN category IV: Habitat/Species Management Area",
        "area": null,
        "osmRelationIds": [],
        "enwikiUrl": "https://en.wikipedia.org/wiki/Panpatha_Wildlife_Sanctuary",
        "eszStatus": "final",
        "notificationCount": 2,
        "notificationStatus": "Final",
        "notificationDate": "2016-12-14",
        "orderNumber": "S.O. 4027 (E)",
        "notificationPdfLink": "https://moef.gov.in/uploads/2017/06/Bandhavgarh%20National%20Park%2C%20Madhya%20Pradesh_0.pdf"
      }
    },
    {
      "type": "Feature",
      "geometry": {
        "type": "Point",
        "coordinates": [
          78.769444444,
          9.4575
        ]
      },
      "properties": {
        "wikidataId": "Q135622710",
        "wikidataUrl": "https://www.wikidata.org/wiki/Q135622710",
        "name": "Therthangal Bird Sanctuary",
        "protectedAreaType": "Bird Sanctuary",
        "state": "Tamil Nadu",
        "iucnCategory": "IUCN category IV: Habitat/Species Management Area",
        "area": null,
        "osmRelationIds": [],
        "enwikiUrl": "https://en.wikipedia.org/wiki/Therthangal_Bird_Sanctuary",
        "eszStatus": "final",
        "notificationCount": 2,
        "notificationStatus": "Final",
        "notificationDate": "2019-12-17",
        "orderNumber": "S.O. 4499(E)",
        "notificationPdfLink": "https://moef.gov.in/uploads/2019/10/therthnagal-bird.pdf"
      }
    },
    {
      "type": "Feature",
      "geometry": {
        "type": "Point",
        "coordinates": [
          78.866388888,
          9.369722222
        ]
      },
      "properties": {
        "wikidataId": "Q135622961",
        "wikidataUrl": "https://www.wikidata.org/wiki/Q135622961",
        "name": "Sakkarakottai Bird Sanctuary",
        "protectedAreaType": "Bird Sanctuary",
        "state": "Tamil Nadu",
        "iucnCategory": "IUCN category IV: Habitat/Species Management Area",
        "area": null,
        "osmRelationIds": [],
        "enwikiUrl": "https://en.wikipedia.org/wiki/Sakkarakottai_Bird_Sanctuary",
        "eszStatus": "final",
        "notificationCount": 2,
        "notificationStatus": "Final",
        "notificationDate": "2019-12-11",
        "orderNumber": "S.O. 4440(E)",
        "notificationPdfLink": "https://moef.gov.in/uploads/2019/12/sakkarakottai-bird.pdf"
      }
    },
    {
      "type": "Feature",
      "geometry": {
        "type": "Point",
        "coordinates": [
          85.556666666,
          24.616666666
        ]
      },
      "properties": {
        "wikidataId": "Q135650177",
        "wikidataUrl": "https://www.wikidata.org/wiki/Q135650177",
        "name": "Rajauli Wildlife Sanctuary",
        "protectedAreaType": "Wildlife Sanctuary",
        "state": "Bihar",
        "iucnCategory": "IUCN category IV: Habitat/Species Management Area",
        "area": null,
        "osmRelationIds": [],
        "enwikiUrl": "https://en.wikipedia.org/wiki/Rajauli_Wildlife_Sanctuary",
        "eszStatus": "none",
        "notificationCount": 0,
        "notificationStatus": null,
        "notificationDate": null,
        "orderNumber": null,
        "notificationPdfLink": null,
        "notificationArchiveLink": null
      }
    },
    {
      "type": "Feature",
      "geometry": {
        "type": "Point",
        "coordinates": [
          77.6003,
          26.5755
        ]
      },
      "properties": {
        "wikidataId": "Q135741931",
        "wikidataUrl": "https://www.wikidata.org/wiki/Q135741931",
        "name": "Ramsagar Wildlife Sanctuary",
        "protectedAreaType": "Wildlife Sanctuary",
        "state": "Rajasthan",
        "iucnCategory": "IUCN category IV: Habitat/Species Management Area",
        "area": null,
        "osmRelationIds": [],
        "enwikiUrl": "https://en.wikipedia.org/wiki/Ramsagar_Wildlife_Sanctuary",
        "eszStatus": "final",
        "notificationCount": 3,
        "notificationStatus": "Final",
        "notificationDate": "2020-10-15",
        "orderNumber": "S.O. 3632(E)",
        "notificationPdfLink": "https://moef.gov.in/uploads/2020/10/ramsagar.pdf"
      }
    },
    {
      "type": "Feature",
      "geometry": {
        "type": "Point",
        "coordinates": [
          75.84,
          30.242
        ]
      },
      "properties": {
        "wikidataId": "Q135798492",
        "wikidataUrl": "https://www.wikidata.org/wiki/Q135798492",
        "name": "Bir Aishvan Wildlife Sanctuary",
        "protectedAreaType": "Wildlife Sanctuary",
        "state": "Punjab",
        "iucnCategory": "IUCN category IV: Habitat/Species Management Area",
        "area": null,
        "osmRelationIds": [],
        "enwikiUrl": "https://en.wikipedia.org/wiki/Bir_Aishvan_Wildlife_Sanctuary",
        "eszStatus": "final",
        "notificationCount": 3,
        "notificationStatus": "Final",
        "notificationDate": "2016-10-26",
        "orderNumber": "S. O. 3313",
        "notificationPdfLink": "https://moef.gov.in/uploads/2017/06/Bir%20Aishwan%20Wildlife%20Sanctuary%20Final%2C%20Punjab.pdf"
      }
    },
    {
      "type": "Feature",
      "geometry": {
        "type": "Point",
        "coordinates": [
          88.56,
          21.65
        ]
      },
      "properties": {
        "wikidataId": "Q135826470",
        "wikidataUrl": "https://www.wikidata.org/wiki/Q135826470",
        "name": "West Sunderban Wildlife Sanctuary",
        "protectedAreaType": "Wildlife Sanctuary",
        "state": "West Bengal",
        "iucnCategory": "IUCN category IV: Habitat/Species Management Area",
        "area": 556.45,
        "osmRelationIds": [
          "678835645"
        ],
        "enwikiUrl": "https://en.wikipedia.org/wiki/West_Sunderban_Wildlife_Sanctuary",
        "eszStatus": "none",
        "notificationCount": 0,
        "notificationStatus": null,
        "notificationDate": null,
        "orderNumber": null,
        "notificationPdfLink": null,
        "notificationArchiveLink": null
      }
    },
    {
      "type": "Feature",
      "geometry": {
        "type": "Point",
        "coordinates": [
          77.6171,
          32.4752
        ]
      },
      "properties": {
        "wikidataId": "Q135838331",
        "wikidataUrl": "https://www.wikidata.org/wiki/Q135838331",
        "name": "Chandratal Wildlife Sanctuary",
        "protectedAreaType": "Wildlife Sanctuary",
        "state": "Himachal Pradesh",
        "iucnCategory": "IUCN category IV: Habitat/Species Management Area",
        "area": null,
        "osmRelationIds": [],
        "enwikiUrl": "https://en.wikipedia.org/wiki/Chandratal_Wildlife_Sanctuary",
        "eszStatus": "draft",
        "notificationCount": 1,
        "notificationStatus": "Draft",
        "notificationDate": "2016-06-03",
        "orderNumber": "S.O. 1978(E)",
        "notificationPdfLink": "https://moef.gov.in/uploads/2017/06/Chandertal%20Wildlife%20Sanctuary%2C%20HP.pdf"
      }
    },
    {
      "type": "Feature",
      "geometry": {
        "type": "Point",
        "coordinates": [
          75.966666666,
          24.833333333
        ]
      },
      "properties": {
        "wikidataId": "Q135901958",
        "wikidataUrl": "https://www.wikidata.org/wiki/Q135901958",
        "name": "Darrah Wildlife Sanctuary",
        "protectedAreaType": "Wildlife Sanctuary",
        "state": "Rajasthan",
        "iucnCategory": "IUCN category IV: Habitat/Species Management Area",
        "area": null,
        "osmRelationIds": [],
        "enwikiUrl": "https://en.wikipedia.org/wiki/Darrah_Wildlife_Sanctuary",
        "eszStatus": "none",
        "notificationCount": 0,
        "notificationStatus": null,
        "notificationDate": null,
        "orderNumber": null,
        "notificationPdfLink": null,
        "notificationArchiveLink": null
      }
    },
    {
      "type": "Feature",
      "geometry": {
        "type": "Point",
        "coordinates": [
          77.83,
          26.66
        ]
      },
      "properties": {
        "wikidataId": "Q135933288",
        "wikidataUrl": "https://www.wikidata.org/wiki/Q135933288",
        "name": "Kesarbagh Wildlife Sanctuary",
        "protectedAreaType": "Wildlife Sanctuary",
        "state": "Rajasthan",
        "iucnCategory": "IUCN category IV: Habitat/Species Management Area",
        "area": 14.76,
        "osmRelationIds": [],
        "enwikiUrl": "https://en.wikipedia.org/wiki/Kesarbagh_Wildlife_Sanctuary",
        "eszStatus": "final",
        "notificationCount": 3,
        "notificationStatus": "Final",
        "notificationDate": "2020-08-28",
        "orderNumber": "S.O. 2641(E)",
        "notificationPdfLink": "https://moef.gov.in/uploads/2019/02/kesarbagh.pdf"
      }
    },
    {
      "type": "Feature",
      "geometry": {
        "type": "Point",
        "coordinates": [
          75.6386,
          25.0097
        ]
      },
      "properties": {
        "wikidataId": "Q135963448",
        "wikidataUrl": "https://www.wikidata.org/wiki/Q135963448",
        "name": "Jawahar Sagar Wildlife Sanctuary",
        "protectedAreaType": "Wildlife Sanctuary",
        "state": "Rajasthan",
        "iucnCategory": "IUCN category IV: Habitat/Species Management Area",
        "area": null,
        "osmRelationIds": [],
        "enwikiUrl": "https://en.wikipedia.org/wiki/Jawahar_Sagar_Wildlife_Sanctuary",
        "eszStatus": "none",
        "notificationCount": 0,
        "notificationStatus": null,
        "notificationDate": null,
        "orderNumber": null,
        "notificationPdfLink": null,
        "notificationArchiveLink": null
      }
    },
    {
      "type": "Feature",
      "geometry": {
        "type": "Point",
        "coordinates": [
          91.65,
          26.12
        ]
      },
      "properties": {
        "wikidataId": "Q136289030",
        "wikidataUrl": "https://www.wikidata.org/wiki/Q136289030",
        "name": "Deepar Beel Wildlife Sanctuary",
        "protectedAreaType": "Wildlife Sanctuary",
        "state": "Assam",
        "iucnCategory": "IUCN category IV: Habitat/Species Management Area",
        "area": null,
        "osmRelationIds": [],
        "enwikiUrl": "https://en.wikipedia.org/wiki/Deepar_Beel_Wildlife_Sanctuary",
        "eszStatus": "draft",
        "notificationCount": 1,
        "notificationStatus": "Draft",
        "notificationDate": "2021-08-25",
        "orderNumber": "S.O. 3494(E)",
        "notificationPdfLink": "https://moef.gov.in/uploads/2020/08/deepar-bol.pdf"
      }
    },
    {
      "type": "Feature",
      "geometry": {
        "type": "Point",
        "coordinates": [
          76.9132,
          32.2852
        ]
      },
      "properties": {
        "wikidataId": "Q136289107",
        "wikidataUrl": "https://www.wikidata.org/wiki/Q136289107",
        "name": "Dhauladhar Wildlife Sanctuary",
        "protectedAreaType": "Wildlife Sanctuary",
        "state": "Himachal Pradesh",
        "iucnCategory": "IUCN category IV: Habitat/Species Management Area",
        "area": null,
        "osmRelationIds": [],
        "enwikiUrl": "https://en.wikipedia.org/wiki/Dhauladhar_Wildlife_Sanctuary",
        "eszStatus": "final",
        "notificationCount": 3,
        "notificationStatus": "Final",
        "notificationDate": "2022-01-05",
        "orderNumber": "S.O.65(E)",
        "notificationPdfLink": "https://moef.gov.in/uploads/2022/01/dhauladhar.pdf"
      }
    },
    {
      "type": "Feature",
      "geometry": {
        "type": "Point",
        "coordinates": [
          77.95,
          31.716666666
        ]
      },
      "properties": {
        "wikidataId": "Q136289123",
        "wikidataUrl": "https://www.wikidata.org/wiki/Q136289123",
        "name": "Rupi Bhaba Wildlife Sanctuary",
        "protectedAreaType": "Wildlife Sanctuary",
        "state": "Himachal Pradesh",
        "iucnCategory": "IUCN category IV: Habitat/Species Management Area",
        "area": null,
        "osmRelationIds": [],
        "enwikiUrl": "https://en.wikipedia.org/wiki/Rupi_Bhaba_Wildlife_Sanctuary",
        "eszStatus": "draft",
        "notificationCount": 1,
        "notificationStatus": "Draft",
        "notificationDate": "2021-07-12",
        "orderNumber": "S.O. 2777(E)",
        "notificationPdfLink": "https://moef.gov.in/uploads/2021/07/rupi-bhava.pdf"
      }
    },
    {
      "type": "Feature",
      "geometry": {
        "type": "Point",
        "coordinates": [
          76.46,
          30.19
        ]
      },
      "properties": {
        "wikidataId": "Q136707825",
        "wikidataUrl": "https://www.wikidata.org/wiki/Q136707825",
        "name": "Bir Bunerheri Wildlife Sanctuary",
        "protectedAreaType": "Wildlife Sanctuary",
        "state": "Punjab",
        "iucnCategory": "IUCN category IV: Habitat/Species Management Area",
        "area": null,
        "osmRelationIds": [],
        "enwikiUrl": "https://en.wikipedia.org/wiki/Bir_Bunerheri_Wildlife_Sanctuary",
        "eszStatus": "final",
        "notificationCount": 2,
        "notificationStatus": "Final",
        "notificationDate": "2016-07-01",
        "orderNumber": "S.O. 2277(E)",
        "notificationPdfLink": "https://moef.gov.in/uploads/2017/06/Bir%20Bhunerheri%20Wildlife%20Sanctuary%2C%20Punjab.pdf"
      }
    },
    {
      "type": "Feature",
      "geometry": {
        "type": "Point",
        "coordinates": [
          75.4425,
          32.255
        ]
      },
      "properties": {
        "wikidataId": "Q136955738",
        "wikidataUrl": "https://www.wikidata.org/wiki/Q136955738",
        "name": "Kathlaur Kushlian Wildlife Sanctuary",
        "protectedAreaType": "Wildlife Sanctuary",
        "state": "Punjab",
        "iucnCategory": "IUCN category IV: Habitat/Species Management Area",
        "area": null,
        "osmRelationIds": [],
        "enwikiUrl": "https://en.wikipedia.org/wiki/Kathlaur_Kushlian_Wildlife_Sanctuary",
        "eszStatus": "final",
        "notificationCount": 2,
        "notificationStatus": "Final",
        "notificationDate": "2016-12-28",
        "orderNumber": "S.O. 4204(E)",
        "notificationPdfLink": "https://moef.gov.in/uploads/2017/06/Kathlaur-Kushalia%20Wildlife%20Sanctuary.pdf"
      }
    },
    {
      "type": "Feature",
      "geometry": {
        "type": "Point",
        "coordinates": [
          74.9138,
          22.7428
        ]
      },
      "properties": {
        "wikidataId": "Q136994418",
        "wikidataUrl": "https://www.wikidata.org/wiki/Q136994418",
        "name": "Sardarpur Wildlife Sanctuary",
        "protectedAreaType": "Wildlife Sanctuary",
        "state": "Madhya Pradesh",
        "iucnCategory": "IUCN category IV: Habitat/Species Management Area",
        "area": null,
        "osmRelationIds": [],
        "enwikiUrl": "https://en.wikipedia.org/wiki/Sardarpur_Wildlife_Sanctuary",
        "eszStatus": "final",
        "notificationCount": 2,
        "notificationStatus": "Final",
        "notificationDate": "2020-08-28",
        "orderNumber": "S.O. 2935(E)",
        "notificationPdfLink": null
      }
    },
    {
      "type": "Feature",
      "geometry": {
        "type": "Point",
        "coordinates": [
          78.1767,
          23.1786
        ]
      },
      "properties": {
        "wikidataId": "Q136994694",
        "wikidataUrl": "https://www.wikidata.org/wiki/Q136994694",
        "name": "Singhori Wildlife Sanctuary",
        "protectedAreaType": "Wildlife Sanctuary",
        "state": "Madhya Pradesh",
        "iucnCategory": "IUCN category IV: Habitat/Species Management Area",
        "area": null,
        "osmRelationIds": [],
        "enwikiUrl": "https://en.wikipedia.org/wiki/Singhori_Wildlife_Sanctuary",
        "eszStatus": "final",
        "notificationCount": 2,
        "notificationStatus": "Final",
        "notificationDate": "2017-08-11",
        "orderNumber": "S.O. 2605 (E)",
        "notificationPdfLink": "https://moef.gov.in/uploads/2017/06/Ratapani%20and%20Singhori%20WLS%20Final%2C%20Madhya%20Pradesh.pdf"
      }
    },
    {
      "type": "Feature",
      "geometry": {
        "type": "Point",
        "coordinates": [
          73.7652,
          19.4514
        ]
      },
      "properties": {
        "wikidataId": "Q137008662",
        "wikidataUrl": "https://www.wikidata.org/wiki/Q137008662",
        "name": "Kalsubai Harishchandragad Wildlife Sanctuary",
        "protectedAreaType": "Wildlife Sanctuary",
        "state": "Maharashtra",
        "iucnCategory": "IUCN category IV: Habitat/Species Management Area",
        "area": null,
        "osmRelationIds": [],
        "enwikiUrl": "https://en.wikipedia.org/wiki/Kalsubai_Harishchandragad_Wildlife_Sanctuary",
        "eszStatus": "final",
        "notificationCount": 2,
        "notificationStatus": "Final",
        "notificationDate": "2017-04-28",
        "orderNumber": "S.O. 1367 (E)",
        "notificationPdfLink": "https://moef.gov.in/uploads/2017/06/Kalsubai%20Harishchandragad%20Wildlife%20Sanctuary%2C%20Maharashtra.pdf"
      }
    },
    {
      "type": "Feature",
      "geometry": {
        "type": "Point",
        "coordinates": [
          76.6949,
          33.0266
        ]
      },
      "properties": {
        "wikidataId": "Q137008771",
        "wikidataUrl": "https://www.wikidata.org/wiki/Q137008771",
        "name": "Sechu Tuan Nala Wildlife Sanctuary",
        "protectedAreaType": "Wildlife Sanctuary",
        "state": "Himachal Pradesh",
        "iucnCategory": "IUCN category IV: Habitat/Species Management Area",
        "area": null,
        "osmRelationIds": [],
        "enwikiUrl": "https://en.wikipedia.org/wiki/Sechu_Tuan_Nala_Wildlife_Sanctuary",
        "eszStatus": "final",
        "notificationCount": 2,
        "notificationStatus": "Final",
        "notificationDate": "2017-09-29",
        "orderNumber": "S.O. 3193 (E)",
        "notificationPdfLink": "https://moef.gov.in/uploads/2017/06/Sechu%20Tuan%20Nala%20Wildlife%20Sanctuary%20HP.pdf"
      }
    },
    {
      "type": "Feature",
      "geometry": {
        "type": "Point",
        "coordinates": [
          78.4083,
          31.3469
        ]
      },
      "properties": {
        "wikidataId": "Q137027173",
        "wikidataUrl": "https://www.wikidata.org/wiki/Q137027173",
        "name": "Rakchham Chitkul Wildlife Sanctuary",
        "protectedAreaType": "Wildlife Sanctuary",
        "state": "Himachal Pradesh",
        "iucnCategory": "IUCN category IV: Habitat/Species Management Area",
        "area": null,
        "osmRelationIds": [],
        "enwikiUrl": "https://en.wikipedia.org/wiki/Rakchham_Chitkul_Wildlife_Sanctuary",
        "eszStatus": "final",
        "notificationCount": 2,
        "notificationStatus": "Final",
        "notificationDate": "2017-07-28",
        "orderNumber": "S.O. 2404 (E)",
        "notificationPdfLink": "https://moef.gov.in/uploads/2017/06/Rakchham-Chitkul%20Wildlife%20Sanctuary%2C%20Himachal%20Pradesh.pdf"
      }
    },
    {
      "type": "Feature",
      "geometry": {
        "type": "Point",
        "coordinates": [
          92.5441,
          23.3052
        ]
      },
      "properties": {
        "wikidataId": "Q137049264",
        "wikidataUrl": "https://www.wikidata.org/wiki/Q137049264",
        "name": "Thorangtlang Wildlife Sanctuary",
        "protectedAreaType": "Wildlife Sanctuary",
        "state": "Mizoram",
        "iucnCategory": "IUCN category IV: Habitat/Species Management Area",
        "area": null,
        "osmRelationIds": [],
        "enwikiUrl": "https://en.wikipedia.org/wiki/Thorangtlang_Wildlife_Sanctuary",
        "eszStatus": "final",
        "notificationCount": 2,
        "notificationStatus": "Final",
        "notificationDate": "2019-06-25",
        "orderNumber": "S.O. 2165(E)",
        "notificationPdfLink": "https://moef.gov.in/uploads/2019/07/thorangtlang.pdf"
      }
    },
    {
      "type": "Feature",
      "geometry": {
        "type": "Point",
        "coordinates": [
          92.9485,
          23.5376
        ]
      },
      "properties": {
        "wikidataId": "Q137049306",
        "wikidataUrl": "https://www.wikidata.org/wiki/Q137049306",
        "name": "Tawi Wildlife Sanctuary",
        "protectedAreaType": "Wildlife Sanctuary",
        "state": "Mizoram",
        "iucnCategory": "IUCN category IV: Habitat/Species Management Area",
        "area": null,
        "osmRelationIds": [],
        "enwikiUrl": "https://en.wikipedia.org/wiki/Tawi_Wildlife_Sanctuary",
        "eszStatus": "final",
        "notificationCount": 2,
        "notificationStatus": "Final",
        "notificationDate": "2019-06-12",
        "orderNumber": "S.O. 1967(E)",
        "notificationPdfLink": "https://moef.gov.in/uploads/2019/06/tawi.pdf"
      }
    },
    {
      "type": "Feature",
      "geometry": {
        "type": "Point",
        "coordinates": [
          92.9067,
          22.0374
        ]
      },
      "properties": {
        "wikidataId": "Q137144512",
        "wikidataUrl": "https://www.wikidata.org/wiki/Q137144512",
        "name": "Tokalo Wildlife Sanctuary",
        "protectedAreaType": "Wildlife Sanctuary",
        "state": "Mizoram",
        "iucnCategory": "IUCN category IV: Habitat/Species Management Area",
        "area": null,
        "osmRelationIds": [],
        "enwikiUrl": "https://en.wikipedia.org/wiki/Tokalo_Wildlife_Sanctuary",
        "eszStatus": "draft",
        "notificationCount": 1,
        "notificationStatus": "Draft",
        "notificationDate": "2021-01-28",
        "orderNumber": "S.O. 439(E)",
        "notificationPdfLink": "https://moef.gov.in/uploads/2021/02/tokalo.pdf"
      }
    },
    {
      "type": "Feature",
      "geometry": {
        "type": "Point",
        "coordinates": [
          93.4155,
          25.2032
        ]
      },
      "properties": {
        "wikidataId": "Q137223329",
        "wikidataUrl": "https://www.wikidata.org/wiki/Q137223329",
        "name": "Jiri-Makru Wildlife Sanctuary",
        "protectedAreaType": "Wildlife Sanctuary",
        "state": "Manipur",
        "iucnCategory": "IUCN category IV: Habitat/Species Management Area",
        "area": null,
        "osmRelationIds": [],
        "enwikiUrl": "https://en.wikipedia.org/wiki/Jiri-Makru_Wildlife_Sanctuary",
        "eszStatus": "final",
        "notificationCount": 2,
        "notificationStatus": "Final",
        "notificationDate": "2017-07-06",
        "orderNumber": "S.O. 2146 (E)",
        "notificationPdfLink": "https://moef.gov.in/uploads/2017/06/Jiri%20-%20Makru%20Wildlife%20Sanctuary%2C%20Manipur.pdf"
      }
    },
    {
      "type": "Feature",
      "geometry": {
        "type": "Point",
        "coordinates": [
          92.4494,
          25.1187
        ]
      },
      "properties": {
        "wikidataId": "Q137223381",
        "wikidataUrl": "https://www.wikidata.org/wiki/Q137223381",
        "name": "Narpuh Wildlife Sanctuary",
        "protectedAreaType": "Wildlife Sanctuary",
        "state": "Meghalaya",
        "iucnCategory": "IUCN category IV: Habitat/Species Management Area",
        "area": null,
        "osmRelationIds": [],
        "enwikiUrl": "https://en.wikipedia.org/wiki/Narpuh_Wildlife_Sanctuary",
        "eszStatus": "final",
        "notificationCount": 2,
        "notificationStatus": "Final",
        "notificationDate": "2017-09-06",
        "orderNumber": "S.O. 2942",
        "notificationPdfLink": "https://moef.gov.in/uploads/2017/06/Narpuh%20Wildlife%20Sanctuary%20Meghalaya%20Final.pdf"
      }
    },
    {
      "type": "Feature",
      "geometry": {
        "type": "Point",
        "coordinates": [
          92.9468,
          23.1234
        ]
      },
      "properties": {
        "wikidataId": "Q137223750",
        "wikidataUrl": "https://www.wikidata.org/wiki/Q137223750",
        "name": "Khawnglung Wildlife Sanctuary",
        "protectedAreaType": "Wildlife Sanctuary",
        "state": "Mizoram",
        "iucnCategory": "IUCN category IV: Habitat/Species Management Area",
        "area": null,
        "osmRelationIds": [],
        "enwikiUrl": "https://en.wikipedia.org/wiki/Khawnglung_Wildlife_Sanctuary",
        "eszStatus": "final",
        "notificationCount": 2,
        "notificationStatus": "Final",
        "notificationDate": "2019-12-06",
        "orderNumber": "S.O. 4372(E)",
        "notificationPdfLink": "https://moef.gov.in/uploads/2019/10/khawanglung.pdf"
      }
    },
    {
      "type": "Feature",
      "geometry": {
        "type": "Point",
        "coordinates": [
          92.7748,
          22.4309
        ]
      },
      "properties": {
        "wikidataId": "Q137224032",
        "wikidataUrl": "https://www.wikidata.org/wiki/Q137224032",
        "name": "Ngengpui Wildlife Sanctuary",
        "protectedAreaType": "Wildlife Sanctuary",
        "state": "Mizoram",
        "iucnCategory": "IUCN category IV: Habitat/Species Management Area",
        "area": null,
        "osmRelationIds": [],
        "enwikiUrl": "https://en.wikipedia.org/wiki/Ngengpui_Wildlife_Sanctuary",
        "eszStatus": "none",
        "notificationCount": 0,
        "notificationStatus": null,
        "notificationDate": null,
        "orderNumber": null,
        "notificationPdfLink": null,
        "notificationArchiveLink": null
      }
    },
    {
      "type": "Feature",
      "geometry": {
        "type": "Point",
        "coordinates": [
          74.73888,
          16.22251
        ]
      },
      "properties": {
        "wikidataId": "Q137252985",
        "wikidataUrl": "https://www.wikidata.org/wiki/Q137252985",
        "name": "Ghataprabha Wildlife Sanctuary",
        "protectedAreaType": "Wildlife Sanctuary",
        "state": "Karnataka",
        "iucnCategory": "IUCN category IV: Habitat/Species Management Area",
        "area": null,
        "osmRelationIds": [],
        "enwikiUrl": "https://en.wikipedia.org/wiki/Ghataprabha_Wildlife_Sanctuary",
        "eszStatus": "final",
        "notificationCount": 2,
        "notificationStatus": "Final",
        "notificationDate": "2017-06-28",
        "orderNumber": "S.O. 2029 (E)",
        "notificationPdfLink": "https://moef.gov.in/uploads/2017/06/Ghataprabha%20Bird%20Sanctuary%2C%20Karnataka.pdf"
      }
    },
    {
      "type": "Feature",
      "geometry": {
        "type": "Point",
        "coordinates": [
          75.3801,
          34.229
        ]
      },
      "properties": {
        "wikidataId": "Q137254449",
        "wikidataUrl": "https://www.wikidata.org/wiki/Q137254449",
        "name": "Baltal Thajwas Wildlife Sanctuary",
        "protectedAreaType": "Wildlife Sanctuary",
        "state": "Jammu and Kashmir",
        "iucnCategory": "IUCN category IV: Habitat/Species Management Area",
        "area": null,
        "osmRelationIds": [],
        "enwikiUrl": "https://en.wikipedia.org/wiki/Baltal_Thajwas_Wildlife_Sanctuary",
        "eszStatus": "draft",
        "notificationCount": 1,
        "notificationStatus": "Draft",
        "notificationDate": "2021-06-07",
        "orderNumber": "S.O. 2184(E)",
        "notificationPdfLink": "https://moef.gov.in/uploads/2021/06/dachigaon.pdf"
      }
    },
    {
      "type": "Feature",
      "geometry": {
        "type": "Point",
        "coordinates": [
          90.345169,
          25.596067
        ]
      },
      "properties": {
        "wikidataId": "Q137368881",
        "wikidataUrl": "https://www.wikidata.org/wiki/Q137368881",
        "name": "Selbagre Hoolock Gibbon Reserve",
        "protectedAreaType": null,
        "state": "Meghalaya",
        "iucnCategory": null,
        "area": null,
        "osmRelationIds": [],
        "enwikiUrl": null,
        "eszStatus": "none",
        "notificationCount": 0,
        "notificationStatus": null,
        "notificationDate": null,
        "orderNumber": null,
        "notificationPdfLink": null,
        "notificationArchiveLink": null
      }
    },
    {
      "type": "Feature",
      "geometry": {
        "type": "Point",
        "coordinates": [
          93.7194,
          25.85623
        ]
      },
      "properties": {
        "wikidataId": "Q137591486",
        "wikidataUrl": "https://www.wikidata.org/wiki/Q137591486",
        "name": "Rangapahar Wildlife Sanctuary",
        "protectedAreaType": "Wildlife Sanctuary",
        "state": "Nagaland",
        "iucnCategory": "IUCN category IV: Habitat/Species Management Area",
        "area": null,
        "osmRelationIds": [],
        "enwikiUrl": "https://en.wikipedia.org/wiki/Rangapahar_Wildlife_Sanctuary",
        "eszStatus": "none",
        "notificationCount": 0,
        "notificationStatus": null,
        "notificationDate": null,
        "orderNumber": null,
        "notificationPdfLink": null,
        "notificationArchiveLink": null
      }
    },
    {
      "type": "Feature",
      "geometry": {
        "type": "Point",
        "coordinates": [
          79.68,
          19.68
        ]
      },
      "properties": {
        "wikidataId": "Q137596744",
        "wikidataUrl": "https://www.wikidata.org/wiki/Q137596744",
        "name": "Kanhargaon Wildlife Sanctuary",
        "protectedAreaType": "Wildlife Sanctuary",
        "state": "Maharashtra",
        "iucnCategory": null,
        "area": null,
        "osmRelationIds": [],
        "enwikiUrl": "https://en.wikipedia.org/wiki/Kanhargaon_Wildlife_Sanctuary",
        "eszStatus": "none",
        "notificationCount": 0,
        "notificationStatus": null,
        "notificationDate": null,
        "orderNumber": null,
        "notificationPdfLink": null,
        "notificationArchiveLink": null
      }
    },
    {
      "type": "Feature",
      "geometry": {
        "type": "Point",
        "coordinates": [
          76.8509,
          21.2441
        ]
      },
      "properties": {
        "wikidataId": "Q137596748",
        "wikidataUrl": "https://www.wikidata.org/wiki/Q137596748",
        "name": "Wan Wildlife Sanctuary",
        "protectedAreaType": "Wildlife Sanctuary",
        "state": "Maharashtra",
        "iucnCategory": "IUCN category IV: Habitat/Species Management Area",
        "area": null,
        "osmRelationIds": [],
        "enwikiUrl": "https://en.wikipedia.org/wiki/Wan_Wildlife_Sanctuary",
        "eszStatus": "none",
        "notificationCount": 0,
        "notificationStatus": null,
        "notificationDate": null,
        "orderNumber": null,
        "notificationPdfLink": null,
        "notificationArchiveLink": null
      }
    },
    {
      "type": "Feature",
      "geometry": {
        "type": "Point",
        "coordinates": [
          76.3688,
          20.5599
        ]
      },
      "properties": {
        "wikidataId": "Q137670177",
        "wikidataUrl": "https://www.wikidata.org/wiki/Q137670177",
        "name": "Dnyanganga Wildlife Sanctuary",
        "protectedAreaType": "Wildlife Sanctuary",
        "state": "Maharashtra",
        "iucnCategory": "IUCN category IV: Habitat/Species Management Area",
        "area": null,
        "osmRelationIds": [],
        "enwikiUrl": "https://en.wikipedia.org/wiki/Dnyanganga_Wildlife_Sanctuary",
        "eszStatus": "final",
        "notificationCount": 2,
        "notificationStatus": "Final",
        "notificationDate": "2017-05-17",
        "orderNumber": "S.O. 1604 (E)",
        "notificationPdfLink": "https://moef.gov.in/uploads/2017/06/Dyanganga%20Wildlife%20Sanctuary%2C%20Maharashtra.pdf"
      }
    },
    {
      "type": "Feature",
      "geometry": {
        "type": "Point",
        "coordinates": [
          81.0284,
          22.3642
        ]
      },
      "properties": {
        "wikidataId": "Q137691018",
        "wikidataUrl": "https://www.wikidata.org/wiki/Q137691018",
        "name": "Phen Wildlife Sanctuary",
        "protectedAreaType": "Wildlife Sanctuary",
        "state": "Madhya Pradesh",
        "iucnCategory": "IUCN category IV: Habitat/Species Management Area",
        "area": null,
        "osmRelationIds": [],
        "enwikiUrl": "https://en.wikipedia.org/wiki/Phen_Wildlife_Sanctuary",
        "eszStatus": "draft",
        "notificationCount": 1,
        "notificationStatus": "Draft",
        "notificationDate": "2020-07-24",
        "orderNumber": "S.O. 2438(E)",
        "notificationPdfLink": "https://moef.gov.in/uploads/2019/10/kanha.pdf"
      }
    },
    {
      "type": "Feature",
      "geometry": {
        "type": "Point",
        "coordinates": [
          78.6417,
          29.6442
        ]
      },
      "properties": {
        "wikidataId": "Q137699186",
        "wikidataUrl": "https://www.wikidata.org/wiki/Q137699186",
        "name": "Sonanadi Wildlife Sanctuary",
        "protectedAreaType": "Wildlife Sanctuary",
        "state": "Uttarakhand",
        "iucnCategory": "IUCN category IV: Habitat/Species Management Area",
        "area": null,
        "osmRelationIds": [],
        "enwikiUrl": "https://en.wikipedia.org/wiki/Sonanadi_Wildlife_Sanctuary",
        "eszStatus": "none",
        "notificationCount": 0,
        "notificationStatus": null,
        "notificationDate": null,
        "orderNumber": null,
        "notificationPdfLink": null,
        "notificationArchiveLink": null
      }
    },
    {
      "type": "Feature",
      "geometry": {
        "type": "Point",
        "coordinates": [
          84.1708,
          25.8429
        ]
      },
      "properties": {
        "wikidataId": "Q137699192",
        "wikidataUrl": "https://www.wikidata.org/wiki/Q137699192",
        "name": "Surha Tal Bird Sanctuary",
        "protectedAreaType": "Bird Sanctuary",
        "state": "Uttar Pradesh",
        "iucnCategory": "IUCN category IV: Habitat/Species Management Area",
        "area": null,
        "osmRelationIds": [],
        "enwikiUrl": "https://en.wikipedia.org/wiki/Surha_Tal_Bird_Sanctuary",
        "eszStatus": "final",
        "notificationCount": 2,
        "notificationStatus": "Final",
        "notificationDate": "2019-03-11",
        "orderNumber": "S.O. 1315(E)",
        "notificationPdfLink": "https://moef.gov.in/uploads/2018/12/jai-prakash-narayan.pdf"
      }
    },
    {
      "type": "Feature",
      "geometry": {
        "type": "Point",
        "coordinates": [
          80.15,
          19.8
        ]
      },
      "properties": {
        "wikidataId": "Q137801052",
        "wikidataUrl": "https://www.wikidata.org/wiki/Q137801052",
        "name": "Pranhita Wildlife Sanctuary",
        "protectedAreaType": "Wildlife Sanctuary",
        "state": "Maharashtra",
        "iucnCategory": null,
        "area": null,
        "osmRelationIds": [],
        "enwikiUrl": "https://en.wikipedia.org/wiki/Pranhita_Wildlife_Sanctuary",
        "eszStatus": "final",
        "notificationCount": 3,
        "notificationStatus": "Final",
        "notificationDate": "2020-09-07",
        "orderNumber": "S.O. 3030(E)",
        "notificationPdfLink": "https://moef.gov.in/uploads/2020/09/pranhita.pdf"
      }
    },
    {
      "type": "Feature",
      "geometry": {
        "type": "Point",
        "coordinates": [
          75.829,
          11.131
        ]
      },
      "properties": {
        "wikidataId": "Q37564",
        "wikidataUrl": "https://www.wikidata.org/wiki/Q37564",
        "name": "Kadalundi Bird Sanctuary",
        "protectedAreaType": "Bird Sanctuary",
        "state": "Kerala",
        "iucnCategory": null,
        "area": null,
        "osmRelationIds": [],
        "enwikiUrl": "https://en.wikipedia.org/wiki/Kadalundi_Bird_Sanctuary",
        "eszStatus": "none",
        "notificationCount": 0,
        "notificationStatus": null,
        "notificationDate": null,
        "orderNumber": null,
        "notificationPdfLink": null,
        "notificationArchiveLink": null
      }
    },
    {
      "type": "Feature",
      "geometry": {
        "type": "Point",
        "coordinates": [
          77.473,
          30.439
        ]
      },
      "properties": {
        "wikidataId": "Q22080908",
        "wikidataUrl": "https://www.wikidata.org/wiki/Q22080908",
        "name": "Simbalbara National Park",
        "protectedAreaType": "National Park",
        "state": "Himachal Pradesh",
        "iucnCategory": "IUCN category II: National Park",
        "area": null,
        "osmRelationIds": [],
        "enwikiUrl": "https://en.wikipedia.org/wiki/Simbalbara_National_Park",
        "eszStatus": "final",
        "notificationCount": 3,
        "notificationStatus": "Final",
        "notificationDate": "2022-01-13",
        "orderNumber": "S.O.172(E)",
        "notificationPdfLink": "https://moef.gov.in/uploads/2022/01/col-sher-jung.pdf"
      }
    },
    {
      "type": "Feature",
      "geometry": {
        "type": "Point",
        "coordinates": [
          96.43333333,
          27.66666667
        ]
      },
      "properties": {
        "wikidataId": "Q22231355",
        "wikidataUrl": "https://www.wikidata.org/wiki/Q22231355",
        "name": "Kamlang Wildlife Sanctuary",
        "protectedAreaType": "Tiger Reserve",
        "state": "Arunachal Pradesh",
        "iucnCategory": "IUCN category IV: Habitat/Species Management Area",
        "area": null,
        "osmRelationIds": [],
        "enwikiUrl": "https://en.wikipedia.org/wiki/Kamlang_Wildlife_Sanctuary",
        "eszStatus": "final",
        "notificationCount": 4,
        "notificationStatus": "Final",
        "notificationDate": "2024-08-09",
        "orderNumber": "S.O. 3243(E)",
        "notificationPdfLink": "https://moef.gov.in/uploads/pdf/kamlang_final.pdf"
      }
    },
    {
      "type": "Feature",
      "geometry": {
        "type": "Point",
        "coordinates": [
          78.851,
          9.25
        ]
      },
      "properties": {
        "wikidataId": "Q22948452",
        "wikidataUrl": "https://www.wikidata.org/wiki/Q22948452",
        "name": "Ervadi Dargah Sharif",
        "protectedAreaType": null,
        "state": "Tamil Nadu",
        "iucnCategory": null,
        "area": null,
        "osmRelationIds": [],
        "enwikiUrl": "https://en.wikipedia.org/wiki/Erwadi_dargah",
        "eszStatus": "none",
        "notificationCount": 0,
        "notificationStatus": null,
        "notificationDate": null,
        "orderNumber": null,
        "notificationPdfLink": null,
        "notificationArchiveLink": null
      }
    },
    {
      "type": "Feature",
      "geometry": {
        "type": "Point",
        "coordinates": [
          79.46383333,
          14.00916667
        ]
      },
      "properties": {
        "wikidataId": "Q24906034",
        "wikidataUrl": "https://www.wikidata.org/wiki/Q24906034",
        "name": "Sri Penusila Narasimha Wildlife Sanctuary",
        "protectedAreaType": "Wildlife Sanctuary",
        "state": "Andhra Pradesh",
        "iucnCategory": "IUCN category IV: Habitat/Species Management Area",
        "area": null,
        "osmRelationIds": [],
        "enwikiUrl": "https://en.wikipedia.org/wiki/Sri_Penusila_Narasimha_Wildlife_Sanctuary",
        "eszStatus": "final",
        "notificationCount": 2,
        "notificationStatus": "Final",
        "notificationDate": "2020-08-28",
        "orderNumber": "S.O. 2936(E)",
        "notificationPdfLink": null
      }
    },
    {
      "type": "Feature",
      "geometry": {
        "type": "Point",
        "coordinates": [
          73.873611111,
          25.658333333
        ]
      },
      "properties": {
        "wikidataId": "Q24945625",
        "wikidataUrl": "https://www.wikidata.org/wiki/Q24945625",
        "name": "Todgarh-Raoli Sanctuary",
        "protectedAreaType": "Wildlife Sanctuary",
        "state": "Rajasthan",
        "iucnCategory": "IUCN category IV: Habitat/Species Management Area",
        "area": null,
        "osmRelationIds": [],
        "enwikiUrl": "https://en.wikipedia.org/wiki/Todgarh-Raoli_Wildlife_Sanctuary",
        "eszStatus": "final",
        "notificationCount": 2,
        "notificationStatus": "Final",
        "notificationDate": "2017-04-13",
        "orderNumber": "S.O. 1173(E)",
        "notificationPdfLink": "https://moef.gov.in/uploads/2017/06/Todgarh%20Raoli%20Wildlife%20Sanctuary%2C%20Rajasthan.pdf"
      }
    },
    {
      "type": "Feature",
      "geometry": {
        "type": "Point",
        "coordinates": [
          81.9362,
          20.1857
        ]
      },
      "properties": {
        "wikidataId": "Q24946728",
        "wikidataUrl": "https://www.wikidata.org/wiki/Q24946728",
        "name": "Sitanadi Wildlife Sanctuary",
        "protectedAreaType": "Tiger Reserve",
        "state": "Chhattisgarh",
        "iucnCategory": "IUCN category IV: Habitat/Species Management Area",
        "area": 553.36,
        "osmRelationIds": [],
        "enwikiUrl": "https://en.wikipedia.org/wiki/Sitanadi_Wildlife_Sanctuary",
        "eszStatus": "none",
        "notificationCount": 0,
        "notificationStatus": null,
        "notificationDate": null,
        "orderNumber": null,
        "notificationPdfLink": null,
        "notificationArchiveLink": null
      }
    },
    {
      "type": "Feature",
      "geometry": {
        "type": "Point",
        "coordinates": [
          77.442,
          11.962
        ]
      },
      "properties": {
        "wikidataId": "Q24948250",
        "wikidataUrl": "https://www.wikidata.org/wiki/Q24948250",
        "name": "Malai Mahadeshwara Wildlife Sanctuary",
        "protectedAreaType": "Wildlife Sanctuary",
        "state": "Karnataka",
        "iucnCategory": "IUCN category IV: Habitat/Species Management Area",
        "area": null,
        "osmRelationIds": [],
        "enwikiUrl": "https://en.wikipedia.org/wiki/Male_Mahadeshwara_Wildlife_Sanctuary",
        "eszStatus": "final",
        "notificationCount": 2,
        "notificationStatus": "Final",
        "notificationDate": "2017-09-14",
        "orderNumber": "S.O. 3031 (E)",
        "notificationPdfLink": "https://moef.gov.in/uploads/2017/06/Malai%20Mahadeshwara%20Wildlife%20Sanctuary%2C%20Karnataka%20Final.pdf"
      }
    },
    {
      "type": "Feature",
      "geometry": {
        "type": "Point",
        "coordinates": [
          78.47771,
          33.43355
        ]
      },
      "properties": {
        "wikidataId": "Q26794303",
        "wikidataUrl": "https://www.wikidata.org/wiki/Q26794303",
        "name": "Changthang Wildlife Sanctuary",
        "protectedAreaType": "Wildlife Sanctuary",
        "state": "Ladakh",
        "iucnCategory": "IUCN category IV: Habitat/Species Management Area",
        "area": null,
        "osmRelationIds": [],
        "enwikiUrl": "https://en.wikipedia.org/wiki/Changthang_Wildlife_Sanctuary",
        "eszStatus": "none",
        "notificationCount": 0,
        "notificationStatus": null,
        "notificationDate": null,
        "orderNumber": null,
        "notificationPdfLink": null,
        "notificationArchiveLink": null
      }
    },
    {
      "type": "Feature",
      "geometry": {
        "type": "Point",
        "coordinates": [
          77.24725,
          8.48875
        ]
      },
      "properties": {
        "wikidataId": "Q26794308",
        "wikidataUrl": "https://www.wikidata.org/wiki/Q26794308",
        "name": "Neyyar Wildlife Reserve",
        "protectedAreaType": "Wildlife Sanctuary",
        "state": "Tamil Nadu",
        "iucnCategory": null,
        "area": null,
        "osmRelationIds": [],
        "enwikiUrl": null,
        "eszStatus": "none",
        "notificationCount": 0,
        "notificationStatus": null,
        "notificationDate": null,
        "orderNumber": null,
        "notificationPdfLink": null,
        "notificationArchiveLink": null
      }
    },
    {
      "type": "Feature",
      "geometry": {
        "type": "Point",
        "coordinates": [
          77.13658,
          8.81061
        ]
      },
      "properties": {
        "wikidataId": "Q26794312",
        "wikidataUrl": "https://www.wikidata.org/wiki/Q26794312",
        "name": "Shendurney Wildlife Reserve",
        "protectedAreaType": "Wildlife Sanctuary",
        "state": "Kerala",
        "iucnCategory": null,
        "area": null,
        "osmRelationIds": [],
        "enwikiUrl": null,
        "eszStatus": "none",
        "notificationCount": 0,
        "notificationStatus": null,
        "notificationDate": null,
        "orderNumber": null,
        "notificationPdfLink": null,
        "notificationArchiveLink": null
      }
    },
    {
      "type": "Feature",
      "geometry": {
        "type": "Point",
        "coordinates": [
          94.0021,
          25.6267
        ]
      },
      "properties": {
        "wikidataId": "Q28173945",
        "wikidataUrl": "https://www.wikidata.org/wiki/Q28173945",
        "name": "Khonoma Nature Conservation and Tragopan Sanctuary",
        "protectedAreaType": "Wildlife Sanctuary",
        "state": "Nagaland",
        "iucnCategory": null,
        "area": null,
        "osmRelationIds": [],
        "enwikiUrl": "https://en.wikipedia.org/wiki/Khonoma_Nature_Conservation_and_Tragopan_Sanctuary",
        "eszStatus": "none",
        "notificationCount": 0,
        "notificationStatus": null,
        "notificationDate": null,
        "orderNumber": null,
        "notificationPdfLink": null,
        "notificationArchiveLink": null
      }
    },
    {
      "type": "Feature",
      "geometry": {
        "type": "Point",
        "coordinates": [
          85.8017064,
          20.7073695
        ]
      },
      "properties": {
        "wikidataId": "Q28174315",
        "wikidataUrl": "https://www.wikidata.org/wiki/Q28174315",
        "name": "Kapilasa Wildlife Sanctuary",
        "protectedAreaType": "Wildlife Sanctuary",
        "state": "Odisha",
        "iucnCategory": "IUCN category IV: Habitat/Species Management Area",
        "area": null,
        "osmRelationIds": [],
        "enwikiUrl": "https://en.wikipedia.org/wiki/Kapilasa_Wildlife_Sanctuary",
        "eszStatus": "final",
        "notificationCount": 2,
        "notificationStatus": "Final",
        "notificationDate": "2015-06-17",
        "orderNumber": "S.O. 1659",
        "notificationPdfLink": "https://moef.gov.in/uploads/2017/06/S.O.%201659%20%5B17.06.2015%5D%20Final%20ESZ%20Notification%20on%20Kapilash%20Wildlife%20Sanctuary%2C%20Odisha.pdf"
      }
    },
    {
      "type": "Feature",
      "geometry": {
        "type": "Point",
        "coordinates": [
          73.245354,
          24.2150223
        ]
      },
      "properties": {
        "wikidataId": "Q30593531",
        "wikidataUrl": "https://www.wikidata.org/wiki/Q30593531",
        "name": "Phulwari ki Nal Wildlife Sanctuary",
        "protectedAreaType": "Wildlife Sanctuary",
        "state": "Rajasthan",
        "iucnCategory": "IUCN category IV: Habitat/Species Management Area",
        "area": null,
        "osmRelationIds": [],
        "enwikiUrl": "https://en.wikipedia.org/wiki/Phulwari_ki_Nal_Wildlife_Sanctuary",
        "eszStatus": "draft",
        "notificationCount": 2,
        "notificationStatus": "Draft",
        "notificationDate": "2105-08-31",
        "orderNumber": "S.O. 2383",
        "notificationPdfLink": "https://moef.gov.in/uploads/2019/10/S.O.-2383-31.08.2105-Draft-ESZ-Notification-on-Phulwari-ki-Nal-Wildlife-Sanctuary-Rajasthan.pdf"
      }
    },
    {
      "type": "Feature",
      "geometry": {
        "type": "Point",
        "coordinates": [
          75.857361111,
          11.884055555
        ]
      },
      "properties": {
        "wikidataId": "Q31708100",
        "wikidataUrl": "https://www.wikidata.org/wiki/Q31708100",
        "name": "Kottiyoor Wildlife Sanctuary",
        "protectedAreaType": "Wildlife Sanctuary",
        "state": "Kerala",
        "iucnCategory": "IUCN category IV: Habitat/Species Management Area",
        "area": 30.38,
        "osmRelationIds": [],
        "enwikiUrl": "https://en.wikipedia.org/wiki/Kottiyoor_Wildlife_Sanctuary",
        "eszStatus": "draft",
        "notificationCount": 2,
        "notificationStatus": "Draft",
        "notificationDate": "2020-08-24",
        "orderNumber": "S.O. 2940(E)",
        "notificationPdfLink": "https://moef.gov.in/uploads/2019/02/kottiyoor.pdf"
      }
    },
    {
      "type": "Feature",
      "geometry": {
        "type": "Point",
        "coordinates": [
          77.41,
          32.23
        ]
      },
      "properties": {
        "wikidataId": "Q31708488",
        "wikidataUrl": "https://www.wikidata.org/wiki/Q31708488",
        "name": "Inderkilla National Park",
        "protectedAreaType": "National Park",
        "state": "Himachal Pradesh",
        "iucnCategory": "IUCN category II: National Park",
        "area": null,
        "osmRelationIds": [],
        "enwikiUrl": "https://en.wikipedia.org/wiki/Inderkilla_National_Park",
        "eszStatus": "final",
        "notificationCount": 2,
        "notificationStatus": "Final",
        "notificationDate": "2018-01-17",
        "orderNumber": "S.O. 277(E)",
        "notificationPdfLink": "https://moef.gov.in/uploads/2017/06/inderkila_0.pdf"
      }
    },
    {
      "type": "Feature",
      "geometry": {
        "type": "Point",
        "coordinates": [
          88.52722222,
          27.22305556
        ]
      },
      "properties": {
        "wikidataId": "Q38251694",
        "wikidataUrl": "https://www.wikidata.org/wiki/Q38251694",
        "name": "Sumin Reserve Forest",
        "protectedAreaType": null,
        "state": "Sikkim",
        "iucnCategory": null,
        "area": null,
        "osmRelationIds": [],
        "enwikiUrl": "https://en.wikipedia.org/wiki/Sumin_Reserve_Forest",
        "eszStatus": "none",
        "notificationCount": 0,
        "notificationStatus": null,
        "notificationDate": null,
        "orderNumber": null,
        "notificationPdfLink": null,
        "notificationArchiveLink": null
      }
    },
    {
      "type": "Feature",
      "geometry": {
        "type": "Point",
        "coordinates": [
          76.475,
          11.266666666
        ]
      },
      "properties": {
        "wikidataId": "Q39057492",
        "wikidataUrl": "https://www.wikidata.org/wiki/Q39057492",
        "name": "Nilambur Elephant Reserve",
        "protectedAreaType": null,
        "state": "Kerala",
        "iucnCategory": null,
        "area": null,
        "osmRelationIds": [],
        "enwikiUrl": "https://en.wikipedia.org/wiki/Nilambur_Elephant_Reserve",
        "eszStatus": "none",
        "notificationCount": 0,
        "notificationStatus": null,
        "notificationDate": null,
        "orderNumber": null,
        "notificationPdfLink": null,
        "notificationArchiveLink": null
      }
    },
    {
      "type": "Feature",
      "geometry": {
        "type": "Point",
        "coordinates": [
          77.87,
          12.41
        ]
      },
      "properties": {
        "wikidataId": "Q48724282",
        "wikidataUrl": "https://www.wikidata.org/wiki/Q48724282",
        "name": "Cauvery North Wildlife Sanctuary",
        "protectedAreaType": "Wildlife Sanctuary",
        "state": "Tamil Nadu",
        "iucnCategory": "IUCN category IV: Habitat/Species Management Area",
        "area": null,
        "osmRelationIds": [],
        "enwikiUrl": "https://en.wikipedia.org/wiki/Cauvery_North_Wildlife_Sanctuary",
        "eszStatus": "final",
        "notificationCount": 2,
        "notificationStatus": "Final",
        "notificationDate": "2020-01-01",
        "orderNumber": "S.O. 7(E)",
        "notificationPdfLink": "https://moef.gov.in/uploads/2019/10/cauvery-north.pdf"
      }
    },
    {
      "type": "Feature",
      "geometry": {
        "type": "Point",
        "coordinates": [
          75.6935,
          11.4446
        ]
      },
      "properties": {
        "wikidataId": "Q48727189",
        "wikidataUrl": "https://www.wikidata.org/wiki/Q48727189",
        "name": "Malabar Wildlife Sanctuary",
        "protectedAreaType": "Wildlife Sanctuary",
        "state": "Kerala",
        "iucnCategory": "IUCN category IV: Habitat/Species Management Area",
        "area": null,
        "osmRelationIds": [],
        "enwikiUrl": "https://en.wikipedia.org/wiki/Malabar_Wildlife_Sanctuary",
        "eszStatus": "draft",
        "notificationCount": 3,
        "notificationStatus": "Draft",
        "notificationDate": "2020-08-05",
        "orderNumber": "S.O. 2634(E)",
        "notificationPdfLink": "https://moef.gov.in/uploads/2019/10/malabar.pdf"
      }
    },
    {
      "type": "Feature",
      "geometry": {
        "type": "Point",
        "coordinates": [
          82.15,
          26.933333333
        ]
      },
      "properties": {
        "wikidataId": "Q48729855",
        "wikidataUrl": "https://www.wikidata.org/wiki/Q48729855",
        "name": "Parvati Arga Bird Sanctuary",
        "protectedAreaType": "Wildlife Sanctuary",
        "state": "Uttar Pradesh",
        "iucnCategory": "IUCN category IV: Habitat/Species Management Area",
        "area": null,
        "osmRelationIds": [],
        "enwikiUrl": "https://en.wikipedia.org/wiki/Parvati_Arga_Bird_Sanctuary",
        "eszStatus": "final",
        "notificationCount": 2,
        "notificationStatus": "Final",
        "notificationDate": "2017-11-29",
        "orderNumber": "S.O. 3775(E)",
        "notificationPdfLink": "https://moef.gov.in/uploads/2017/06/parvati%20arga.pdf"
      }
    },
    {
      "type": "Feature",
      "geometry": {
        "type": "Point",
        "coordinates": [
          79.8429,
          12.5977
        ]
      },
      "properties": {
        "wikidataId": "Q48730174",
        "wikidataUrl": "https://www.wikidata.org/wiki/Q48730174",
        "name": "Karikili Bird Sanctuary",
        "protectedAreaType": "Bird Sanctuary",
        "state": "Tamil Nadu",
        "iucnCategory": "IUCN category IV: Habitat/Species Management Area",
        "area": null,
        "osmRelationIds": [],
        "enwikiUrl": "https://en.wikipedia.org/wiki/Karikili_Bird_Sanctuary",
        "eszStatus": "none",
        "notificationCount": 0,
        "notificationStatus": null,
        "notificationDate": null,
        "orderNumber": null,
        "notificationPdfLink": null,
        "notificationArchiveLink": null
      }
    },
    {
      "type": "Feature",
      "geometry": {
        "type": "Point",
        "coordinates": [
          79.7286,
          23.547
        ]
      },
      "properties": {
        "wikidataId": "Q48731965",
        "wikidataUrl": "https://www.wikidata.org/wiki/Q48731965",
        "name": "Veerangana Durgavati Wildlife Sanctuary",
        "protectedAreaType": "Tiger Reserve",
        "state": "Madhya Pradesh",
        "iucnCategory": "IUCN category IV: Habitat/Species Management Area",
        "area": null,
        "osmRelationIds": [],
        "enwikiUrl": "https://en.wikipedia.org/wiki/Veerangana_Durgavati_Wildlife_Sanctuary",
        "eszStatus": "final",
        "notificationCount": 3,
        "notificationStatus": "Final",
        "notificationDate": "2021-11-08",
        "orderNumber": "S.O.4617(E)",
        "notificationPdfLink": "https://moef.gov.in/uploads/2020/08/veerangana-durgawati-1.pdf"
      }
    },
    {
      "type": "Feature",
      "geometry": {
        "type": "Point",
        "coordinates": [
          92.5,
          27.2
        ]
      },
      "properties": {
        "wikidataId": "Q15276427",
        "wikidataUrl": "https://www.wikidata.org/wiki/Q15276427",
        "name": "Sessa Orchid Sanctuary",
        "protectedAreaType": "Wildlife Sanctuary",
        "state": "Arunachal Pradesh",
        "iucnCategory": "IUCN category IV: Habitat/Species Management Area",
        "area": 100,
        "osmRelationIds": [],
        "enwikiUrl": "https://en.wikipedia.org/wiki/Sessa_Orchid_Sanctuary",
        "eszStatus": "draft",
        "notificationCount": 1,
        "notificationStatus": "Draft",
        "notificationDate": "2023-08-22",
        "orderNumber": "S.O. 3780(E)",
        "notificationPdfLink": "https://moef.gov.in/uploads/2023/11/ESZ-Draft-Sessa-Orchid-Sanctuary-Arunachal-pradesh.pdf"
      }
    },
    {
      "type": "Feature",
      "geometry": {
        "type": "Point",
        "coordinates": [
          85.30666667,
          19.69416667
        ]
      },
      "properties": {
        "wikidataId": "Q15650265",
        "wikidataUrl": "https://www.wikidata.org/wiki/Q15650265",
        "name": "Nalbana Bird Sanctuary",
        "protectedAreaType": "Bird Sanctuary",
        "state": "Odisha",
        "iucnCategory": "IUCN category IV: Habitat/Species Management Area",
        "area": null,
        "osmRelationIds": [],
        "enwikiUrl": "https://en.wikipedia.org/wiki/Nalbana_Bird_Sanctuary",
        "eszStatus": "none",
        "notificationCount": 0,
        "notificationStatus": null,
        "notificationDate": null,
        "orderNumber": null,
        "notificationPdfLink": null,
        "notificationArchiveLink": null
      }
    },
    {
      "type": "Feature",
      "geometry": {
        "type": "Point",
        "coordinates": [
          86.5,
          21.333333333
        ]
      },
      "properties": {
        "wikidataId": "Q15723901",
        "wikidataUrl": "https://www.wikidata.org/wiki/Q15723901",
        "name": "Kuldiha Wildlife Sanctuary",
        "protectedAreaType": "Wildlife Sanctuary",
        "state": "Odisha",
        "iucnCategory": "IUCN category IV: Habitat/Species Management Area",
        "area": null,
        "osmRelationIds": [],
        "enwikiUrl": "https://en.wikipedia.org/wiki/Kuldiha_Wildlife_Sanctuary",
        "eszStatus": "final",
        "notificationCount": 2,
        "notificationStatus": "Final",
        "notificationDate": "2017-08-09",
        "orderNumber": "S.O. 2539 (E)",
        "notificationPdfLink": "https://moef.gov.in/uploads/2017/06/Kuldiha%20Wildlife%20Sanctuary%2C%20Odisha.pdf"
      }
    },
    {
      "type": "Feature",
      "geometry": {
        "type": "Point",
        "coordinates": [
          79.66667,
          30.71667
        ]
      },
      "properties": {
        "wikidataId": "Q15839097",
        "wikidataUrl": "https://www.wikidata.org/wiki/Q15839097",
        "name": "Nanda Devi and Valley of Flowers National Parks",
        "protectedAreaType": "National Park",
        "state": "Uttarakhand",
        "iucnCategory": null,
        "area": 514286,
        "osmRelationIds": [],
        "enwikiUrl": "https://en.wikipedia.org/wiki/Nanda_Devi_and_Valley_of_Flowers_National_Parks",
        "eszStatus": "none",
        "notificationCount": 0,
        "notificationStatus": null,
        "notificationDate": null,
        "orderNumber": null,
        "notificationPdfLink": null,
        "notificationArchiveLink": null
      }
    },
    {
      "type": "Feature",
      "geometry": {
        "type": "Point",
        "coordinates": [
          83.068,
          24.685
        ]
      },
      "properties": {
        "wikidataId": "Q15982945",
        "wikidataUrl": "https://www.wikidata.org/wiki/Q15982945",
        "name": "Kaimoor Sanctuary",
        "protectedAreaType": "Wildlife Sanctuary",
        "state": "Uttar Pradesh",
        "iucnCategory": "IUCN category IV: Habitat/Species Management Area",
        "area": null,
        "osmRelationIds": [],
        "enwikiUrl": "https://en.wikipedia.org/wiki/Kaimoor_Wildlife_Sanctuary",
        "eszStatus": "final",
        "notificationCount": 2,
        "notificationStatus": "Final",
        "notificationDate": "2017-03-20",
        "orderNumber": "S.O. 891 (E)",
        "notificationPdfLink": "https://moef.gov.in/uploads/2017/06/Kaimur%20Wild%20Life%20Sanctuary%2C%20Uttar%20Pradesh.pdf"
      }
    },
    {
      "type": "Feature",
      "geometry": {
        "type": "Point",
        "coordinates": [
          76.5515,
          28.5326
        ]
      },
      "properties": {
        "wikidataId": "Q16155392",
        "wikidataUrl": "https://www.wikidata.org/wiki/Q16155392",
        "name": "Bhindawas Wildlife Sanctuary",
        "protectedAreaType": "Wildlife Sanctuary",
        "state": "Haryana",
        "iucnCategory": "IUCN category IV: Habitat/Species Management Area",
        "area": null,
        "osmRelationIds": [],
        "enwikiUrl": "https://en.wikipedia.org/wiki/Bhindawas_Wildlife_Sanctuary",
        "eszStatus": "final",
        "notificationCount": 3,
        "notificationStatus": "Final",
        "notificationDate": "2016-09-30",
        "orderNumber": "S.O. 3100(E)",
        "notificationPdfLink": "https://moef.gov.in/uploads/2017/06/Bhindawas%20Wildlife%20Sanctuary%2C%20Haryana.pdf"
      }
    },
    {
      "type": "Feature",
      "geometry": {
        "type": "Point",
        "coordinates": [
          75.262,
          14.92
        ]
      },
      "properties": {
        "wikidataId": "Q16253187",
        "wikidataUrl": "https://www.wikidata.org/wiki/Q16253187",
        "name": "Bankapur Peacock Sanctuary",
        "protectedAreaType": "Wildlife Sanctuary",
        "state": "Karnataka",
        "iucnCategory": null,
        "area": null,
        "osmRelationIds": [],
        "enwikiUrl": "https://en.wikipedia.org/wiki/Bankapura_Peacock_Sanctuary",
        "eszStatus": "none",
        "notificationCount": 0,
        "notificationStatus": null,
        "notificationDate": null,
        "orderNumber": null,
        "notificationPdfLink": null,
        "notificationArchiveLink": null
      }
    },
    {
      "type": "Feature",
      "geometry": {
        "type": "Point",
        "coordinates": [
          74.2561,
          15.1085
        ]
      },
      "properties": {
        "wikidataId": "Q16887542",
        "wikidataUrl": "https://www.wikidata.org/wiki/Q16887542",
        "name": "Netravali Wildlife Sanctuary",
        "protectedAreaType": "Wildlife Sanctuary",
        "state": "Goa",
        "iucnCategory": "IUCN category IV: Habitat/Species Management Area",
        "area": null,
        "osmRelationIds": [],
        "enwikiUrl": "https://en.wikipedia.org/wiki/Netravali_Wildlife_Sanctuary",
        "eszStatus": "final",
        "notificationCount": 2,
        "notificationStatus": "Final",
        "notificationDate": "2015-02-17",
        "orderNumber": "S.O. No. 555",
        "notificationPdfLink": "https://moef.gov.in/uploads/2017/06/S.O.%20No.%20555%20%5B17.02.2015%5D%20Final%20ESZ%20Notification%20on%20Netravali%20WLS%20%2C%20Goa.pdf"
      }
    },
    {
      "type": "Feature",
      "geometry": {
        "type": "Point",
        "coordinates": [
          93.2167,
          23.8333
        ]
      },
      "properties": {
        "wikidataId": "Q16894124",
        "wikidataUrl": "https://www.wikidata.org/wiki/Q16894124",
        "name": "Lengteng Wildlife Sanctuary",
        "protectedAreaType": "Wildlife Sanctuary",
        "state": "Mizoram",
        "iucnCategory": "IUCN category IV: Habitat/Species Management Area",
        "area": null,
        "osmRelationIds": [],
        "enwikiUrl": "https://en.wikipedia.org/wiki/Lengteng_Wildlife_Sanctuary",
        "eszStatus": "final",
        "notificationCount": 2,
        "notificationStatus": "Final",
        "notificationDate": "2019-07-02",
        "orderNumber": "S.O. 2359(E)",
        "notificationPdfLink": "https://moef.gov.in/uploads/2018/12/lengteng.pdf"
      }
    },
    {
      "type": "Feature",
      "geometry": {
        "type": "Point",
        "coordinates": [
          75.4603,
          13.7406
        ]
      },
      "properties": {
        "wikidataId": "Q16894577",
        "wikidataUrl": "https://www.wikidata.org/wiki/Q16894577",
        "name": "Mandagadde Bird Sanctuary",
        "protectedAreaType": "Bird Sanctuary",
        "state": "Karnataka",
        "iucnCategory": null,
        "area": 0.0046,
        "osmRelationIds": [],
        "enwikiUrl": "https://en.wikipedia.org/wiki/Mandagadde_Bird_Sanctuary",
        "eszStatus": "none",
        "notificationCount": 0,
        "notificationStatus": null,
        "notificationDate": null,
        "orderNumber": null,
        "notificationPdfLink": null,
        "notificationArchiveLink": null
      }
    },
    {
      "type": "Feature",
      "geometry": {
        "type": "Point",
        "coordinates": [
          88.76,
          27.34
        ]
      },
      "properties": {
        "wikidataId": "Q16896392",
        "wikidataUrl": "https://www.wikidata.org/wiki/Q16896392",
        "name": "Pangolakha Wildlife Sanctuary",
        "protectedAreaType": "Wildlife Sanctuary",
        "state": "Sikkim",
        "iucnCategory": "IUCN category IV: Habitat/Species Management Area",
        "area": 124,
        "osmRelationIds": [],
        "enwikiUrl": "https://en.wikipedia.org/wiki/Pangolakha_Wildlife_Sanctuary",
        "eszStatus": "final",
        "notificationCount": 4,
        "notificationStatus": "Final",
        "notificationDate": "2014-08-27",
        "orderNumber": "S.O. 2173",
        "notificationPdfLink": "https://moef.gov.in/uploads/2017/06/S.O.%202173%20%5B27.08.2014%5D%20Final%20ESZ%20Notification%20Pangolakha%20Widllife%20Sanctuary%2C%20Sikkim.pdf"
      }
    },
    {
      "type": "Feature",
      "geometry": {
        "type": "Point",
        "coordinates": [
          78.2185,
          27.8575
        ]
      },
      "properties": {
        "wikidataId": "Q16900034",
        "wikidataUrl": "https://www.wikidata.org/wiki/Q16900034",
        "name": "Shekha Bird Sanctuary",
        "protectedAreaType": "Bird Sanctuary",
        "state": "Uttar Pradesh",
        "iucnCategory": "IUCN category IV: Habitat/Species Management Area",
        "area": null,
        "osmRelationIds": [],
        "enwikiUrl": "https://en.wikipedia.org/wiki/Shekha_Bird_Sanctuary",
        "eszStatus": "none",
        "notificationCount": 0,
        "notificationStatus": null,
        "notificationDate": null,
        "orderNumber": null,
        "notificationPdfLink": null,
        "notificationArchiveLink": null
      }
    },
    {
      "type": "Feature",
      "geometry": {
        "type": "Point",
        "coordinates": [
          77.3116,
          31.9523
        ]
      },
      "properties": {
        "wikidataId": "Q16948098",
        "wikidataUrl": "https://www.wikidata.org/wiki/Q16948098",
        "name": "Kanwar Sanctuary",
        "protectedAreaType": "Wildlife Sanctuary",
        "state": "Himachal Pradesh",
        "iucnCategory": "IUCN category IV: Habitat/Species Management Area",
        "area": null,
        "osmRelationIds": [],
        "enwikiUrl": "https://en.wikipedia.org/wiki/Kanwar_Sanctuary",
        "eszStatus": "final",
        "notificationCount": 3,
        "notificationStatus": "Final",
        "notificationDate": "2021-11-08",
        "orderNumber": "S.O.4615(E)",
        "notificationPdfLink": "https://moef.gov.in/uploads/2020/08/kanwar.pdf"
      }
    },
    {
      "type": "Feature",
      "geometry": {
        "type": "Point",
        "coordinates": [
          93.8728,
          26.4185
        ]
      },
      "properties": {
        "wikidataId": "Q16954910",
        "wikidataUrl": "https://www.wikidata.org/wiki/Q16954910",
        "name": "Nambor - Doigrung Wildlife Sanctuary",
        "protectedAreaType": "Wildlife Sanctuary",
        "state": "Assam",
        "iucnCategory": "IUCN category IV: Habitat/Species Management Area",
        "area": null,
        "osmRelationIds": [],
        "enwikiUrl": "https://en.wikipedia.org/wiki/Nambor_-_Doigrung_Wildlife_Sanctuary",
        "eszStatus": "none",
        "notificationCount": 0,
        "notificationStatus": null,
        "notificationDate": null,
        "orderNumber": null,
        "notificationPdfLink": null,
        "notificationArchiveLink": null
      }
    },
    {
      "type": "Feature",
      "geometry": {
        "type": "Point",
        "coordinates": [
          77.34334,
          8.3543
        ]
      },
      "properties": {
        "wikidataId": "Q16979364",
        "wikidataUrl": "https://www.wikidata.org/wiki/Q16979364",
        "name": "Kanyakumari Wildlife Sanctuary",
        "protectedAreaType": "Wildlife Sanctuary",
        "state": "Tamil Nadu",
        "iucnCategory": null,
        "area": null,
        "osmRelationIds": [],
        "enwikiUrl": "https://en.wikipedia.org/wiki/Kanniyakumari_Wildlife_Sanctuary",
        "eszStatus": "final",
        "notificationCount": 3,
        "notificationStatus": "Final",
        "notificationDate": "2020-09-22",
        "orderNumber": "S.O. 3236(E)",
        "notificationPdfLink": "https://moef.gov.in/uploads/2020/09/kanyakumari.pdf"
      }
    },
    {
      "type": "Feature",
      "geometry": {
        "type": "Point",
        "coordinates": [
          74.6172,
          29.8643
        ]
      },
      "properties": {
        "wikidataId": "Q17002774",
        "wikidataUrl": "https://www.wikidata.org/wiki/Q17002774",
        "name": "Abubshahar Wildlife Sanctuary",
        "protectedAreaType": "Wildlife Sanctuary",
        "state": "Haryana",
        "iucnCategory": "IUCN category IV: Habitat/Species Management Area",
        "area": null,
        "osmRelationIds": [],
        "enwikiUrl": "https://en.wikipedia.org/wiki/Abubshahar_Wildlife_Sanctuary",
        "eszStatus": "none",
        "notificationCount": 0,
        "notificationStatus": null,
        "notificationDate": null,
        "orderNumber": null,
        "notificationPdfLink": null,
        "notificationArchiveLink": null
      }
    },
    {
      "type": "Feature",
      "geometry": {
        "type": "Point",
        "coordinates": [
          76.96822,
          30.7689
        ]
      },
      "properties": {
        "wikidataId": "Q17002798",
        "wikidataUrl": "https://www.wikidata.org/wiki/Q17002798",
        "name": "Bir Shikargarh Wildlife Sanctuary",
        "protectedAreaType": "Wildlife Sanctuary",
        "state": "Haryana",
        "iucnCategory": "IUCN category IV: Habitat/Species Management Area",
        "area": null,
        "osmRelationIds": [],
        "enwikiUrl": "https://en.wikipedia.org/wiki/Bir_Shikargarh_Wildlife_Sanctuary",
        "eszStatus": "final",
        "notificationCount": 2,
        "notificationStatus": "Final",
        "notificationDate": "2016-11-23",
        "orderNumber": "S.O. 3516(E)",
        "notificationPdfLink": "https://moef.gov.in/uploads/2017/06/Bir%20Shikargarh%20Wildlife%20Sanctuary%2C%20Haryana%20Final%20Notification.pdf"
      }
    },
    {
      "type": "Feature",
      "geometry": {
        "type": "Point",
        "coordinates": [
          76.9405,
          30.7077
        ]
      },
      "properties": {
        "wikidataId": "Q17002860",
        "wikidataUrl": "https://www.wikidata.org/wiki/Q17002860",
        "name": "Khol Hi-Raitan Wildlife Sanctuary",
        "protectedAreaType": "Wildlife Sanctuary",
        "state": "Haryana",
        "iucnCategory": "IUCN category IV: Habitat/Species Management Area",
        "area": null,
        "osmRelationIds": [],
        "enwikiUrl": "https://en.wikipedia.org/wiki/Khol_Hi-Raitan_Wildlife_Sanctuary",
        "eszStatus": "final",
        "notificationCount": 3,
        "notificationStatus": "Final",
        "notificationDate": "2016-10-26",
        "orderNumber": "S. O. 3308",
        "notificationPdfLink": "https://moef.gov.in/uploads/2017/06/Khol%20Hi%20Raitan%20Wildlife%20Sanctuary%20Final%2C%20Haryana.pdf"
      }
    },
    {
      "type": "Feature",
      "geometry": {
        "type": "Point",
        "coordinates": [
          76.397,
          28.4094
        ]
      },
      "properties": {
        "wikidataId": "Q17002923",
        "wikidataUrl": "https://www.wikidata.org/wiki/Q17002923",
        "name": "Nahar Wildlife Sanctuary",
        "protectedAreaType": "Wildlife Sanctuary",
        "state": "Haryana",
        "iucnCategory": "IUCN category IV: Habitat/Species Management Area",
        "area": null,
        "osmRelationIds": [],
        "enwikiUrl": "https://en.wikipedia.org/wiki/Nahar_Wildlife_Sanctuary",
        "eszStatus": "final",
        "notificationCount": 3,
        "notificationStatus": "Final",
        "notificationDate": "2021-08-18",
        "orderNumber": "S.O. 3371(E)",
        "notificationPdfLink": "https://moef.gov.in/uploads/2020/08/Final-Notification.pdf"
      }
    },
    {
      "type": "Feature",
      "geometry": {
        "type": "Point",
        "coordinates": [
          76.3567,
          29.9928
        ]
      },
      "properties": {
        "wikidataId": "Q17002953",
        "wikidataUrl": "https://www.wikidata.org/wiki/Q17002953",
        "name": "Saraswati Wildlife Sanctuary",
        "protectedAreaType": "Wildlife Sanctuary",
        "state": "Haryana",
        "iucnCategory": "IUCN category IV: Habitat/Species Management Area",
        "area": null,
        "osmRelationIds": [],
        "enwikiUrl": "https://en.wikipedia.org/wiki/Saraswati_Wildlife_Sanctuary",
        "eszStatus": "none",
        "notificationCount": 0,
        "notificationStatus": null,
        "notificationDate": null,
        "orderNumber": null,
        "notificationPdfLink": null,
        "notificationArchiveLink": null
      }
    },
    {
      "type": "Feature",
      "geometry": {
        "type": "Point",
        "coordinates": [
          76.6811,
          29.9384
        ]
      },
      "properties": {
        "wikidataId": "Q17003846",
        "wikidataUrl": "https://www.wikidata.org/wiki/Q17003846",
        "name": "Chhilchhila Wildlife Sanctuary",
        "protectedAreaType": "Wildlife Sanctuary",
        "state": "Haryana",
        "iucnCategory": "IUCN category IV: Habitat/Species Management Area",
        "area": null,
        "osmRelationIds": [],
        "enwikiUrl": "https://en.wikipedia.org/wiki/Chhilchhila_Wildlife_Sanctuary",
        "eszStatus": "final",
        "notificationCount": 3,
        "notificationStatus": "Final",
        "notificationDate": "2017-02-14",
        "orderNumber": "S. O. 436",
        "notificationPdfLink": "https://moef.gov.in/uploads/2017/06/Chhilchhila%20Wildlife%20Sanctuary%20Final%2C%20Haryana.pdf"
      }
    },
    {
      "type": "Feature",
      "geometry": {
        "type": "Point",
        "coordinates": [
          76.5273,
          28.5651
        ]
      },
      "properties": {
        "wikidataId": "Q17005614",
        "wikidataUrl": "https://www.wikidata.org/wiki/Q17005614",
        "name": "Khaparwas Wildlife Sanctuary",
        "protectedAreaType": "Wildlife Sanctuary",
        "state": "Haryana",
        "iucnCategory": "IUCN category IV: Habitat/Species Management Area",
        "area": null,
        "osmRelationIds": [],
        "enwikiUrl": "https://en.wikipedia.org/wiki/Khaparwas_Wildlife_Sanctuary",
        "eszStatus": "final",
        "notificationCount": 2,
        "notificationStatus": "Final",
        "notificationDate": "2017-01-10",
        "orderNumber": "S. O. 68 (E)",
        "notificationPdfLink": "https://moef.gov.in/uploads/2019/10/Khaparwas-Wildlife-Sanctuary-Haryana-sno-61.pdf"
      }
    },
    {
      "type": "Feature",
      "geometry": {
        "type": "Point",
        "coordinates": [
          81.2,
          16.61666667
        ]
      },
      "properties": {
        "wikidataId": "Q17014014",
        "wikidataUrl": "https://www.wikidata.org/wiki/Q17014014",
        "name": "Kolleru Bird Sanctuary",
        "protectedAreaType": "Wildlife Sanctuary",
        "state": "Andhra Pradesh",
        "iucnCategory": "IUCN category IV: Habitat/Species Management Area",
        "area": null,
        "osmRelationIds": [],
        "enwikiUrl": "https://en.wikipedia.org/wiki/Kolleru_Bird_Sanctuary",
        "eszStatus": "none",
        "notificationCount": 0,
        "notificationStatus": null,
        "notificationDate": null,
        "orderNumber": null,
        "notificationPdfLink": null,
        "notificationArchiveLink": null
      }
    },
    {
      "type": "Feature",
      "geometry": {
        "type": "Point",
        "coordinates": [
          88.385591,
          27.338032
        ]
      },
      "properties": {
        "wikidataId": "Q17051622",
        "wikidataUrl": "https://www.wikidata.org/wiki/Q17051622",
        "name": "Maenam Wildlife Sanctuary",
        "protectedAreaType": "Wildlife Sanctuary",
        "state": "Sikkim",
        "iucnCategory": "IUCN category IV: Habitat/Species Management Area",
        "area": 36.34,
        "osmRelationIds": [],
        "enwikiUrl": "https://en.wikipedia.org/wiki/Maenam_Wildlife_Sanctuary",
        "eszStatus": "final",
        "notificationCount": 3,
        "notificationStatus": "Final",
        "notificationDate": "2014-08-27",
        "orderNumber": "S.O. 2170",
        "notificationPdfLink": "https://moef.gov.in/uploads/2017/06/S.O.%202170%20%5B27.08.2014%5D%20Final%20ESZ%20Notification%20on%20Maenam%20Wildlife%20Sanctuary%2C%20Sikkim.pdf"
      }
    },
    {
      "type": "Feature",
      "geometry": {
        "type": "Point",
        "coordinates": [
          80.266666666,
          23.283333333
        ]
      },
      "properties": {
        "wikidataId": "Q17052151",
        "wikidataUrl": "https://www.wikidata.org/wiki/Q17052151",
        "name": "Dumna Nature Reserve Park",
        "protectedAreaType": null,
        "state": "Madhya Pradesh",
        "iucnCategory": null,
        "area": null,
        "osmRelationIds": [],
        "enwikiUrl": "https://en.wikipedia.org/wiki/Dumna_Nature_Reserve_Park",
        "eszStatus": "none",
        "notificationCount": 0,
        "notificationStatus": null,
        "notificationDate": null,
        "orderNumber": null,
        "notificationPdfLink": null,
        "notificationArchiveLink": null
      }
    },
    {
      "type": "Feature",
      "geometry": {
        "type": "Point",
        "coordinates": [
          78.1346,
          25.6304
        ]
      },
      "properties": {
        "wikidataId": "Q17064063",
        "wikidataUrl": "https://www.wikidata.org/wiki/Q17064063",
        "name": "Karera Wildlife Sanctuary",
        "protectedAreaType": "Wildlife Sanctuary",
        "state": "Madhya Pradesh",
        "iucnCategory": "IUCN category IV: Habitat/Species Management Area",
        "area": null,
        "osmRelationIds": [],
        "enwikiUrl": "https://en.wikipedia.org/wiki/Karera_Wildlife_Sanctuary",
        "eszStatus": "final",
        "notificationCount": 2,
        "notificationStatus": "Final",
        "notificationDate": "2017-09-18",
        "orderNumber": "S.O. 3063 (E)",
        "notificationPdfLink": "https://moef.gov.in/uploads/2017/06/Karera%20Wildlife%20Sanctuary%2C%20MP%20Final.pdf"
      }
    },
    {
      "type": "Feature",
      "geometry": {
        "type": "Point",
        "coordinates": [
          76.88527778,
          32.59861111
        ]
      },
      "properties": {
        "wikidataId": "Q17067959",
        "wikidataUrl": "https://www.wikidata.org/wiki/Q17067959",
        "name": "Kugti Sanctuary",
        "protectedAreaType": "Wildlife Sanctuary",
        "state": "Himachal Pradesh",
        "iucnCategory": "IUCN category IV: Habitat/Species Management Area",
        "area": null,
        "osmRelationIds": [],
        "enwikiUrl": "https://en.wikipedia.org/wiki/Kugti_Sanctuary",
        "eszStatus": "final",
        "notificationCount": 3,
        "notificationStatus": "Final",
        "notificationDate": "2021-07-12",
        "orderNumber": "S.O.2775(E)",
        "notificationPdfLink": "https://moef.gov.in/uploads/2021/07/kugti.pdf"
      }
    },
    {
      "type": "Feature",
      "geometry": {
        "type": "Point",
        "coordinates": [
          70.44,
          23.91
        ]
      },
      "properties": {
        "wikidataId": "Q17068229",
        "wikidataUrl": "https://www.wikidata.org/wiki/Q17068229",
        "name": "Kutch Desert Wildlife Sanctuary",
        "protectedAreaType": "Wildlife Sanctuary",
        "state": "Gujarat",
        "iucnCategory": "IUCN category IV: Habitat/Species Management Area",
        "area": 7506.22,
        "osmRelationIds": [],
        "enwikiUrl": "https://en.wikipedia.org/wiki/Kutch_Desert_Wildlife_Sanctuary",
        "eszStatus": "final",
        "notificationCount": 2,
        "notificationStatus": "Final",
        "notificationDate": "2019-08-30",
        "orderNumber": "S.O. 3150(E)",
        "notificationPdfLink": "https://moef.gov.in/uploads/2018/12/kutch-Desert.pdf"
      }
    },
    {
      "type": "Feature",
      "geometry": {
        "type": "Point",
        "coordinates": [
          78.280555555,
          27.518055555
        ]
      },
      "properties": {
        "wikidataId": "Q17082192",
        "wikidataUrl": "https://www.wikidata.org/wiki/Q17082192",
        "name": "Patna Bird Sanctuary",
        "protectedAreaType": "Bird Sanctuary",
        "state": "Uttar Pradesh",
        "iucnCategory": "IUCN category IV: Habitat/Species Management Area",
        "area": null,
        "osmRelationIds": [],
        "enwikiUrl": "https://en.wikipedia.org/wiki/Patna_Bird_Sanctuary",
        "eszStatus": "final",
        "notificationCount": 2,
        "notificationStatus": "Final",
        "notificationDate": "2018-09-11",
        "orderNumber": "S.O. 4773(E)",
        "notificationPdfLink": "https://moef.gov.in/uploads/2017/06/patna.pdf"
      }
    },
    {
      "type": "Feature",
      "geometry": {
        "type": "Point",
        "coordinates": [
          75.4714,
          33.6594
        ]
      },
      "properties": {
        "wikidataId": "Q17138383",
        "wikidataUrl": "https://www.wikidata.org/wiki/Q17138383",
        "name": "Rajparian Wildlife Sanctuary",
        "protectedAreaType": "Wildlife Sanctuary",
        "state": "Jammu and Kashmir",
        "iucnCategory": "IUCN category IV: Habitat/Species Management Area",
        "area": null,
        "osmRelationIds": [],
        "enwikiUrl": "https://en.wikipedia.org/wiki/Rajparian_Wildlife_Sanctuary",
        "eszStatus": "final",
        "notificationCount": 2,
        "notificationStatus": "Final",
        "notificationDate": "2020-06-18",
        "orderNumber": "S.O. 1958(E)",
        "notificationPdfLink": "https://moef.gov.in/uploads/2019/10/rajparian.pdf"
      }
    },
    {
      "type": "Feature",
      "geometry": {
        "type": "Point",
        "coordinates": [
          94.5,
          27.066667
        ]
      },
      "properties": {
        "wikidataId": "Q17564493",
        "wikidataUrl": "https://www.wikidata.org/wiki/Q17564493",
        "name": "Bordoibam Bilmukh Bird Sanctuary",
        "protectedAreaType": "Bird Sanctuary",
        "state": "Assam",
        "iucnCategory": null,
        "area": null,
        "osmRelationIds": [],
        "enwikiUrl": null,
        "eszStatus": "none",
        "notificationCount": 0,
        "notificationStatus": null,
        "notificationDate": null,
        "orderNumber": null,
        "notificationPdfLink": null,
        "notificationArchiveLink": null
      }
    },
    {
      "type": "Feature",
      "geometry": {
        "type": "Point",
        "coordinates": [
          82.105731,
          18.221411
        ]
      },
      "properties": {
        "wikidataId": "Q18110132",
        "wikidataUrl": "https://www.wikidata.org/wiki/Q18110132",
        "name": "Balimela Wildlife Sanctuary",
        "protectedAreaType": "Wildlife Sanctuary",
        "state": "Odisha",
        "iucnCategory": null,
        "area": null,
        "osmRelationIds": [],
        "enwikiUrl": "https://en.wikipedia.org/wiki/Balimela_Wildlife_Sanctuary",
        "eszStatus": "none",
        "notificationCount": 0,
        "notificationStatus": null,
        "notificationDate": null,
        "orderNumber": null,
        "notificationPdfLink": null,
        "notificationArchiveLink": null
      }
    },
    {
      "type": "Feature",
      "geometry": {
        "type": "Point",
        "coordinates": [
          86.0477,
          19.8619
        ]
      },
      "properties": {
        "wikidataId": "Q18110145",
        "wikidataUrl": "https://www.wikidata.org/wiki/Q18110145",
        "name": "Balukhand-Konark Wildlife Sanctuary",
        "protectedAreaType": "Wildlife Sanctuary",
        "state": "Odisha",
        "iucnCategory": "IUCN category IV: Habitat/Species Management Area",
        "area": null,
        "osmRelationIds": [],
        "enwikiUrl": "https://en.wikipedia.org/wiki/Balukhand-Konark_Wildlife_Sanctuary",
        "eszStatus": "final",
        "notificationCount": 3,
        "notificationStatus": "Final",
        "notificationDate": "2017-05-19",
        "orderNumber": "S.O. 1654 (E)",
        "notificationPdfLink": "https://moef.gov.in/uploads/2017/06/Balukhanda-Konark%20Wildlife%20Sanctuary%2C%20Odisha.pdf"
      }
    },
    {
      "type": "Feature",
      "geometry": {
        "type": "Point",
        "coordinates": [
          83.646108,
          21.557097
        ]
      },
      "properties": {
        "wikidataId": "Q18111621",
        "wikidataUrl": "https://www.wikidata.org/wiki/Q18111621",
        "name": "Debrigarh Wildlife Sanctuary",
        "protectedAreaType": "Wildlife Sanctuary",
        "state": "Odisha",
        "iucnCategory": "IUCN category IV: Habitat/Species Management Area",
        "area": null,
        "osmRelationIds": [],
        "enwikiUrl": "https://en.wikipedia.org/wiki/Debrigarh_Wildlife_Sanctuary",
        "eszStatus": "final",
        "notificationCount": 2,
        "notificationStatus": "Final",
        "notificationDate": "2017-06-07",
        "orderNumber": "S.O. 1814",
        "notificationPdfLink": "https://moef.gov.in/uploads/2017/06/Debrigarh%20Wildlife%20Sanctuary%2C%20Odisha.pdf"
      }
    },
    {
      "type": "Feature",
      "geometry": {
        "type": "Point",
        "coordinates": [
          86.2689,
          21.2934
        ]
      },
      "properties": {
        "wikidataId": "Q18125400",
        "wikidataUrl": "https://www.wikidata.org/wiki/Q18125400",
        "name": "Hadgarh Wildlife Sanctuary",
        "protectedAreaType": "Wildlife Sanctuary",
        "state": "Odisha",
        "iucnCategory": "IUCN category IV: Habitat/Species Management Area",
        "area": null,
        "osmRelationIds": [],
        "enwikiUrl": "https://en.wikipedia.org/wiki/Hadgarh_Wildlife_Sanctuary",
        "eszStatus": "draft",
        "notificationCount": 1,
        "notificationStatus": "Draft",
        "notificationDate": "2019-01-29",
        "orderNumber": "S.O. 505(E)",
        "notificationPdfLink": "https://moef.gov.in/uploads/2019/01/simlipal.pdf"
      }
    },
    {
      "type": "Feature",
      "geometry": {
        "type": "Point",
        "coordinates": [
          81.982249,
          18.366719
        ]
      },
      "properties": {
        "wikidataId": "Q18126911",
        "wikidataUrl": "https://www.wikidata.org/wiki/Q18126911",
        "name": "Kondakameru Wildlife Sanctuary",
        "protectedAreaType": "Wildlife Sanctuary",
        "state": "Odisha",
        "iucnCategory": null,
        "area": null,
        "osmRelationIds": [],
        "enwikiUrl": "https://en.wikipedia.org/wiki/Kondakameru_Wildlife_Sanctuary",
        "eszStatus": "none",
        "notificationCount": 0,
        "notificationStatus": null,
        "notificationDate": null,
        "orderNumber": null,
        "notificationPdfLink": null,
        "notificationArchiveLink": null
      }
    },
    {
      "type": "Feature",
      "geometry": {
        "type": "Point",
        "coordinates": [
          79.94962,
          13.83325
        ]
      },
      "properties": {
        "wikidataId": "Q18128630",
        "wikidataUrl": "https://www.wikidata.org/wiki/Q18128630",
        "name": "Nelapattu Bird Sanctuary",
        "protectedAreaType": "Bird Sanctuary",
        "state": "Andhra Pradesh",
        "iucnCategory": null,
        "area": null,
        "osmRelationIds": [],
        "enwikiUrl": "https://en.wikipedia.org/wiki/Nelapattu_Bird_Sanctuary",
        "eszStatus": "final",
        "notificationCount": 2,
        "notificationStatus": "Final",
        "notificationDate": "2017-06-09",
        "orderNumber": "S.O. 1868 (E)",
        "notificationPdfLink": "https://moef.gov.in/uploads/2017/06/Nelapattu%20Bird%20Sanctuary%2C%20Andhra%20Pradesh.pdf"
      }
    },
    {
      "type": "Feature",
      "geometry": {
        "type": "Point",
        "coordinates": [
          81.4856,
          17.483
        ]
      },
      "properties": {
        "wikidataId": "Q18129185",
        "wikidataUrl": "https://www.wikidata.org/wiki/Q18129185",
        "name": "Papikonda National Park",
        "protectedAreaType": "National Park",
        "state": "Andhra Pradesh",
        "iucnCategory": "IUCN category II: National Park",
        "area": 591,
        "osmRelationIds": [],
        "enwikiUrl": "https://en.wikipedia.org/wiki/Papikonda_National_Park",
        "eszStatus": "none",
        "notificationCount": 0,
        "notificationStatus": null,
        "notificationDate": null,
        "orderNumber": null,
        "notificationPdfLink": null,
        "notificationArchiveLink": null
      }
    },
    {
      "type": "Feature",
      "geometry": {
        "type": "Point",
        "coordinates": [
          84.4324626,
          26.815789
        ]
      },
      "properties": {
        "wikidataId": "Q18355976",
        "wikidataUrl": "https://www.wikidata.org/wiki/Q18355976",
        "name": "Udaypur Wildlife Sanctuary",
        "protectedAreaType": "Wildlife Sanctuary",
        "state": "Bihar",
        "iucnCategory": "IUCN category IV: Habitat/Species Management Area",
        "area": null,
        "osmRelationIds": [],
        "enwikiUrl": "https://en.wikipedia.org/wiki/Udaypur_Wildlife_Sanctuary",
        "eszStatus": "final",
        "notificationCount": 3,
        "notificationStatus": "Final",
        "notificationDate": "2017-06-28",
        "orderNumber": "S.O. 2030 (E)",
        "notificationPdfLink": "https://moef.gov.in/uploads/2019/08/Udaipur-Wildlife-Sanctuary-Bihar.pdf"
      }
    },
    {
      "type": "Feature",
      "geometry": {
        "type": "Point",
        "coordinates": [
          92.678,
          25.082
        ]
      },
      "properties": {
        "wikidataId": "Q19326278",
        "wikidataUrl": "https://www.wikidata.org/wiki/Q19326278",
        "name": "Borail Wildlife Sanctuary",
        "protectedAreaType": "Wildlife Sanctuary",
        "state": "Assam",
        "iucnCategory": null,
        "area": null,
        "osmRelationIds": [],
        "enwikiUrl": "https://en.wikipedia.org/wiki/Borail_Wildlife_Sanctuary",
        "eszStatus": "final",
        "notificationCount": 3,
        "notificationStatus": "Final",
        "notificationDate": "2022-04-25",
        "orderNumber": "S.O. 1924(E)",
        "notificationPdfLink": "https://moef.gov.in/uploads/2022/04/Final-Notification-S-O-No-1924.pdf"
      }
    },
    {
      "type": "Feature",
      "geometry": {
        "type": "Point",
        "coordinates": [
          93.3829,
          25.92
        ]
      },
      "properties": {
        "wikidataId": "Q19361520",
        "wikidataUrl": "https://www.wikidata.org/wiki/Q19361520",
        "name": "East Karbi-Anglong Wildlife Sanctuary",
        "protectedAreaType": "Wildlife Sanctuary",
        "state": "Assam",
        "iucnCategory": "IUCN category IV: Habitat/Species Management Area",
        "area": null,
        "osmRelationIds": [],
        "enwikiUrl": "https://en.wikipedia.org/wiki/East_Karbi-Anglong_Wildlife_Sanctuary",
        "eszStatus": "none",
        "notificationCount": 0,
        "notificationStatus": null,
        "notificationDate": null,
        "orderNumber": null,
        "notificationPdfLink": null,
        "notificationArchiveLink": null
      }
    },
    {
      "type": "Feature",
      "geometry": {
        "type": "Point",
        "coordinates": [
          91.86213,
          26.18422
        ]
      },
      "properties": {
        "wikidataId": "Q19361617",
        "wikidataUrl": "https://www.wikidata.org/wiki/Q19361617",
        "name": "Amchang Wildlife Sanctuary",
        "protectedAreaType": "Wildlife Sanctuary",
        "state": "Assam",
        "iucnCategory": "IUCN category IV: Habitat/Species Management Area",
        "area": 78.64,
        "osmRelationIds": [],
        "enwikiUrl": "https://en.wikipedia.org/wiki/Amchang_Wildlife_Sanctuary",
        "eszStatus": "final",
        "notificationCount": 2,
        "notificationStatus": "Final",
        "notificationDate": "2017-06-07",
        "orderNumber": "S.O. 1817 (E)",
        "notificationPdfLink": "https://moef.gov.in/uploads/2017/06/Amchang%20Wildlife%20Sanctuary%2C%20Assam_0.pdf"
      }
    },
    {
      "type": "Feature",
      "geometry": {
        "type": "Point",
        "coordinates": [
          72.642752927,
          24.356118321
        ]
      },
      "properties": {
        "wikidataId": "Q19833696",
        "wikidataUrl": "https://www.wikidata.org/wiki/Q19833696",
        "name": "Balaram Ambaji Widelife Sanctuary",
        "protectedAreaType": "Wildlife Sanctuary",
        "state": "Gujarat",
        "iucnCategory": "IUCN category IV: Habitat/Species Management Area",
        "area": 542.08,
        "osmRelationIds": [],
        "enwikiUrl": "https://en.wikipedia.org/wiki/Balaram_Ambaji_Wildlife_Sanctuary",
        "eszStatus": "final",
        "notificationCount": 2,
        "notificationStatus": "Final",
        "notificationDate": "2021-11-08",
        "orderNumber": "S.O.4618(E)",
        "notificationPdfLink": "https://moef.gov.in/uploads/2020/08/balaram-ambaji.pdf"
      }
    },
    {
      "type": "Feature",
      "geometry": {
        "type": "Point",
        "coordinates": [
          78.6167,
          29.5667
        ]
      },
      "properties": {
        "wikidataId": "Q19881905",
        "wikidataUrl": "https://www.wikidata.org/wiki/Q19881905",
        "name": "Amangarh Tiger Reserve",
        "protectedAreaType": "Tiger Reserve",
        "state": "Uttar Pradesh",
        "iucnCategory": null,
        "area": null,
        "osmRelationIds": [],
        "enwikiUrl": "https://en.wikipedia.org/wiki/Amangarh_Tiger_Reserve",
        "eszStatus": "none",
        "notificationCount": 0,
        "notificationStatus": null,
        "notificationDate": null,
        "orderNumber": null,
        "notificationPdfLink": null,
        "notificationArchiveLink": null
      }
    },
    {
      "type": "Feature",
      "geometry": {
        "type": "Point",
        "coordinates": [
          79.45,
          29.38
        ]
      },
      "properties": {
        "wikidataId": "Q19894392",
        "wikidataUrl": "https://www.wikidata.org/wiki/Q19894392",
        "name": "Naina Devi Himalayan Bird Conservation Reserve",
        "protectedAreaType": "Bird Sanctuary",
        "state": "Uttarakhand",
        "iucnCategory": null,
        "area": null,
        "osmRelationIds": [],
        "enwikiUrl": "https://en.wikipedia.org/wiki/Naina_Devi_Himalayan_Bird_Conservation_Reserve",
        "eszStatus": "none",
        "notificationCount": 0,
        "notificationStatus": null,
        "notificationDate": null,
        "orderNumber": null,
        "notificationPdfLink": null,
        "notificationArchiveLink": null
      }
    },
    {
      "type": "Feature",
      "geometry": {
        "type": "Point",
        "coordinates": [
          79.9053,
          19.0256
        ]
      },
      "properties": {
        "wikidataId": "Q19895392",
        "wikidataUrl": "https://www.wikidata.org/wiki/Q19895392",
        "name": "Pranahita Wildlife Sanctuary",
        "protectedAreaType": "Wildlife Sanctuary",
        "state": "Telangana",
        "iucnCategory": "IUCN category IV: Habitat/Species Management Area",
        "area": null,
        "osmRelationIds": [],
        "enwikiUrl": "https://en.wikipedia.org/wiki/Pranahita_Wildlife_Sanctuary",
        "eszStatus": "draft",
        "notificationCount": 1,
        "notificationStatus": "Draft",
        "notificationDate": "2014-11-17",
        "orderNumber": "S.O. 2926",
        "notificationPdfLink": "https://moef.gov.in/uploads/2017/06/S.O.%202926%20%5B17.11.2014%5D%20Draft%20ESZ%20Notification%20of%20Paranhita%20(Blackbuck)%20Widlife%20Sanctuary%2C%20Telangana.pdf"
      }
    },
    {
      "type": "Feature",
      "geometry": {
        "type": "Point",
        "coordinates": [
          73.7,
          20.91
        ]
      },
      "properties": {
        "wikidataId": "Q19895529",
        "wikidataUrl": "https://www.wikidata.org/wiki/Q19895529",
        "name": "Purna Wildlife Sanctuary",
        "protectedAreaType": "Wildlife Sanctuary",
        "state": "Gujarat",
        "iucnCategory": null,
        "area": 160.84,
        "osmRelationIds": [],
        "enwikiUrl": "https://en.wikipedia.org/wiki/Purna_Wildlife_Sanctuary",
        "eszStatus": "final",
        "notificationCount": 3,
        "notificationStatus": "Final",
        "notificationDate": "2012-05-31",
        "orderNumber": "S.O. 1259",
        "notificationPdfLink": "https://moef.gov.in/uploads/2017/06/S.O.%201259%20%5B31.05.2012%5D%20Final%20ESZ%20Notification%20on%20Purna%20Wildlife%20Sanctuary%2C%20Gujarat.pdf"
      }
    },
    {
      "type": "Feature",
      "geometry": {
        "type": "Point",
        "coordinates": [
          78.8833,
          14.6
        ]
      },
      "properties": {
        "wikidataId": "Q19898458",
        "wikidataUrl": "https://www.wikidata.org/wiki/Q19898458",
        "name": "Sri Lankamalleswara Wildlife Sanctuary",
        "protectedAreaType": "Wildlife Sanctuary",
        "state": "Andhra Pradesh",
        "iucnCategory": null,
        "area": null,
        "osmRelationIds": [],
        "enwikiUrl": "https://en.wikipedia.org/wiki/Sri_Lankamalleswara_Wildlife_Sanctuary",
        "eszStatus": "final",
        "notificationCount": 2,
        "notificationStatus": "Final",
        "notificationDate": "2017-04-13",
        "orderNumber": "S.O. 1174(E)",
        "notificationPdfLink": "https://moef.gov.in/uploads/2017/06/Sri%20Lankamalleswara%20Wildlife%20Sanctuary%2C%20Andhra%20Pradesh.pdf"
      }
    },
    {
      "type": "Feature",
      "geometry": {
        "type": "Point",
        "coordinates": [
          86.84,
          20.57
        ]
      },
      "properties": {
        "wikidataId": "Q22031428",
        "wikidataUrl": "https://www.wikidata.org/wiki/Q22031428",
        "name": "Gahirmatha Marine Sanctuary",
        "protectedAreaType": "Wildlife Sanctuary",
        "state": "Odisha",
        "iucnCategory": "IUCN category IV: Habitat/Species Management Area",
        "area": null,
        "osmRelationIds": [],
        "enwikiUrl": "https://en.wikipedia.org/wiki/Gahirmatha_Marine_Sanctuary",
        "eszStatus": "final",
        "notificationCount": 1,
        "notificationStatus": "Final",
        "notificationDate": "2015-06-16",
        "orderNumber": "S.O. 1601",
        "notificationPdfLink": "https://moef.gov.in/uploads/2017/06/S.O.%201601%5B16.06.2015%5D%20(E)%20Final%20ESZ%20Notification%20on%20Bhitarkanika%20Wildlife%20Sanctuary%20and%20Gahirmatha%20(Marine)%20Wildlife%20Sanctuary%2C%20Odisha.pdf"
      }
    },
    {
      "type": "Feature",
      "geometry": {
        "type": "Point",
        "coordinates": [
          79.24833,
          21.69306
        ]
      },
      "properties": {
        "wikidataId": "WIKIPEDIA:maharashtra:pench-tiger-reserve",
        "wikidataUrl": null,
        "name": "Pench Tiger Reserve",
        "protectedAreaType": "Tiger Reserve",
        "state": "Maharashtra",
        "iucnCategory": null,
        "area": 741.22,
        "osmRelationIds": [],
        "enwikiUrl": "https://en.wikipedia.org/wiki/Pench_Tiger_Reserve",
        "eszStatus": "final",
        "notificationCount": 2,
        "notificationStatus": "Final",
        "notificationDate": "2017-09-13",
        "orderNumber": "S.O. 3029 (E)",
        "notificationPdfLink": "https://moef.gov.in/uploads/2017/06/Pench%20NP%20Maharashtra%20Final.pdf"
      }
    },
    {
      "type": "Feature",
      "geometry": {
        "type": "Point",
        "coordinates": [
          75.85611,
          24.86806
        ]
      },
      "properties": {
        "wikidataId": "WIKIPEDIA:rajasthan:mukandra-hills-tiger-reserve",
        "wikidataUrl": null,
        "name": "Mukandra Hills Tiger Reserve",
        "protectedAreaType": "Tiger Reserve",
        "state": "Rajasthan",
        "iucnCategory": null,
        "area": 759.99,
        "osmRelationIds": [],
        "enwikiUrl": "https://en.wikipedia.org/wiki/Mukandra_Hills_Tiger_Reserve",
        "eszStatus": "none",
        "notificationCount": 0,
        "notificationStatus": null,
        "notificationDate": null,
        "orderNumber": null,
        "notificationPdfLink": null,
        "notificationArchiveLink": null
      }
    },
    {
      "type": "Feature",
      "geometry": {
        "type": "Point",
        "coordinates": [
          77.02,
          26.5
        ]
      },
      "properties": {
        "wikidataId": "WIKIPEDIA:rajasthan:dholpur-karauli-tiger-reserve",
        "wikidataUrl": null,
        "name": "Dholpur—Karauli Tiger Reserve",
        "protectedAreaType": "Tiger Reserve",
        "state": "Rajasthan",
        "iucnCategory": null,
        "area": 599.64,
        "osmRelationIds": [],
        "enwikiUrl": "https://en.wikipedia.org/wiki/Dholpur—Karauli_Tiger_Reserve?action=edit&redlink=1",
        "eszStatus": "none",
        "notificationCount": 0,
        "notificationStatus": null,
        "notificationDate": null,
        "orderNumber": null,
        "notificationPdfLink": null,
        "notificationArchiveLink": null
      }
    }
  ]
}