moefSNo,state,protectedAreaName,protectedAreaType,notificationStatus,notificationDate,notificationSummary,notificationPdfLink,maps,notificationUploadDate,orderNumber,wikidataId,wikidataLabel,partOf,image,iucnCategory,locatedInAdminTerritorialEntity,coordinateLatitude,coordinateLongitude,significantPlace,heritageDesignation,area,officialWebsite,pageBanner,commonsCategory,osmRelationIds,enwikiUrl,matchConfidence
1,Andhra Pradesh,Pulicat Bird Sanctuary,Bird Sanctuary,Draft,2014-01-03,"1. S.O. 22 [03.01.2014] Draft ESZ Notification on Pulicat Bird Sanctuary(1.26 MB), Andhra Pradesh-Tamil Nadu",https://moef.gov.in/uploads/2017/06/S.O.%2022%20%5B03.01.2014%5D%20Draft%20ESZ%20Notification%20on%20Pulicat%20Bird%20Sanctuary%2C%20Andhra%20Pradesh-Tamil%20Nadu.pdf,[],09/01/2014,S.O. 22,,,,,,,,,,,,,,,,,none
1,Andhra Pradesh,Pulicat Wildlife Sanctuary,Wildlife Sanctuary,Final,2015-06-26,"1. S.O. 1736 [26.06.2015] Final ESZ Notification on Pulicat Wildlife Sanctuary(11.84 MB), Andhra Pradesh",https://moef.gov.in/uploads/2017/06/S.O.%201736%20%5B26.06.2015%5D%20Final%20ESZ%20Notification%20on%20Pulicat%20Wildlife%20Sanctuary%2C%20Andhra%20Pradesh.pdf,[],29/07/2015,S.O. 1736,,,,,,,,,,,,,,,,,none
2,Andhra Pradesh,Great Indian Bustard Rollapadu Wildlife Sanctuary,Wildlife Sanctuary,Draft,2015-11-20,2. SO 3127(E)[20.11.2015] Draft notification declaring Eco-sensitive Zone around the Great Indian Bustard Rollapadu Wildlife Sanctuary(859.99 KB) in the state of Andhra Pradesh,https://moef.gov.in/uploads/2017/06/SO%203127(E)%5B20.11.2015%5D%20Draft%20notification%20declaring%20Eco-sensitive%20Zone%20around%20the%20Great%20Indian%20Bustard%20Rollapadu%20Wildlife%20Sanctuary%20%20Sanctuary%20%20in%20the%20state%20of%20Andhra%20Pradesh.pdf,[],14/01/2016,SO 3127(E),Q5599356,Great Indian Bustard Sanctuary,,http://commons.wikimedia.org/wiki/Special:FilePath/Great%20Indian%20Bustard%20in%20newly%20opened%20area.jpg,IUCN category IV: Habitat/Species Management Area,Maharashtra,18.35,75.19388889,,,,,,Great Indian Bustard Sanctuary,,https://en.wikipedia.org/wiki/Great_Indian_Bustard_Sanctuary,fuzzy
2,Andhra Pradesh,Great Indian Bustard Rollapadu Wildlife Sanctuary,Wildlife Sanctuary,Final,2017-05-15,"2. S.O. 1567 (E) [15.05.2017] Final Notification declaring Eco Sensitive Zone around Great Indian Bustard Rollapadu Wildlife Sanctuary(2.08 MB), Andhra Pradesh",https://moef.gov.in/uploads/2017/06/Great%20Indian%20Bustard%2C%20Rollapadu%20Wildlife%20Sanctuary%2C%20Andhra%20Pradesh.pdf,[],26/05/2017,S.O. 1567 (E),Q5599356,Great Indian Bustard Sanctuary,,http://commons.wikimedia.org/wiki/Special:FilePath/Great%20Indian%20Bustard%20in%20newly%20opened%20area.jpg,IUCN category IV: Habitat/Species Management Area,Maharashtra,18.35,75.19388889,,,,,,Great Indian Bustard Sanctuary,,https://en.wikipedia.org/wiki/Great_Indian_Bustard_Sanctuary,fuzzy
3,Andhra Pradesh,Kambalkonda Wildlife Sanctuary,Wildlife Sanctuary,Draft,2016-01-07,3. SO 62(E)[07.01.2016] Draft notification declaring Eco-sensitive Zone around the Kambalkonda Wildlife Sanctuary(1.01 MB) in the state of Andhra pradesh,https://moef.gov.in/uploads/2017/06/SO%2062(E)%5B07.01.2016%5D%20Draft%20notification%20declaring%20Eco-sensitive%20Zone%20around%20the%20Kambalkonda%20Wildlife%20%20Sanctuary%20%20in%20the%20state%20of%20Andhra%20pradesh.pdf,[],18/01/2016,SO 62(E),,,,,,,,,,,,,,,,,none
3,Andhra Pradesh,Kambalakonda Wildlife Sanctuary,Wildlife Sanctuary,Final,2017-04-28,"3. S.O. 1366 (E) [28.04.2017] Final Notification declaring Eco Sensitive Zone around Kambalakonda Wildlife Sanctuary(712.46 KB), Andhra Pradesh",https://moef.gov.in/uploads/2017/06/Kambalakonda%20Wildlife%20Sanctuary%2C%20Andhra%20Pradesh.pdf,[],04/05/2017,S.O. 1366 (E),Q12060948,Kambalakonda Wildlife Sanctuary,,http://commons.wikimedia.org/wiki/Special:FilePath/Kambhalakonda%20EDC%20Vizag.jpg,IUCN category IV: Habitat/Species Management Area,Andhra Pradesh,17.82527778,83.30861111,Visakhapatnam,,,http://forest.ap.nic.in/WL%20KAMBALAKONDA.htm,,Kambalakonda Wildlife Sanctuary,,https://en.wikipedia.org/wiki/Kambalakonda_Wildlife_Sanctuary,exact
4,Andhra Pradesh,Rajiv Gandhi National Park,National Park,Draft,2016-02-04,"4. S.O.436(E) [04.02.2016] Draft Notification declaring Eco Sensitive Zone around Rajiv Gandhi National Park(1.68 MB), Andhra Pradesh",https://moef.gov.in/uploads/2017/06/S.O.436(E)%20%5B04.02.2016%5D%20Draft%20Notification%20declaring%20Eco%20Sensitive%20Zone%20around%20Rajiv%20Gandhi%20National%20Park%2C%20Andhra%20Pradesh.pdf,[],24/02/2016,S.O.436(E),Q96401141,Rajiv Gandhi National Park,,,IUCN category II: National Park,Andhra Pradesh,14.726944444,78.560833333,,,,,,,,https://en.wikipedia.org/wiki/Rajiv_Gandhi_National_Park_(Rameswaram),exact
,Andhra Pradesh,Rajiv Gandhi National Park,National Park,Final,2017-05-15,"S.O. 1563 (E) [15.05.2017] Final Notification Declaring Eco Sensitive Zone around Rajiv Gandhi National Park(2.39 MB), Andhra Pradesh S .O. No. 17(E) [31.12.2024] Amendment in the Final Notification of Eco-sensitive Zone around Rajiv Gandhi National Park(1.78 MB), Andhra Pradesh",https://moef.gov.in/uploads/2017/06/Rajiv%20Gandhi%20National%20Park%2C%20Andhra%20Pradesh_0.pdf,[],14/01/2025,S.O. 1563 (E),Q96401141,Rajiv Gandhi National Park,,,IUCN category II: National Park,Andhra Pradesh,14.726944444,78.560833333,,,,,,,,https://en.wikipedia.org/wiki/Rajiv_Gandhi_National_Park_(Rameswaram),exact
5,Andhra Pradesh,Nelapattu Bird Sanctuary,Bird Sanctuary,Draft,2016-01-15,"5. S.O.250(E) [15.01.2016] Draft Notification declaring Eco sensitive Zone around Nelapattu Bird Sanctuary(394.07 KB), Andhra Pradesh",https://moef.gov.in/uploads/2017/06/S.O.250(E)%20%5B15.01.2016%5D%20Draft%20Notification%20declaring%20Eco%20sensitive%20Zone%20around%20Nelapattu%20Bird%20Sanctuary%2C%20Andhra%20Pradesh.pdf,[],24/02/2016,S.O.250(E),Q18128630,Nelapattu Bird Sanctuary,,http://commons.wikimedia.org/wiki/Special:FilePath/Nellapattu%20Bird%20Sanctuary%20board.jpg,,,13.83325,79.94962,,,,,,,,https://en.wikipedia.org/wiki/Nelapattu_Bird_Sanctuary,exact
5,Andhra Pradesh,Nelapattu Bird Sanctuary,Bird Sanctuary,Final,2017-06-09,"5. S.O. 1868 (E) [09.06.2017] Final Notification Declaring Eco Sensitive Zone around Nelapattu Bird Sanctuary(2.98 MB), Andhra Pradesh",https://moef.gov.in/uploads/2017/06/Nelapattu%20Bird%20Sanctuary%2C%20Andhra%20Pradesh.pdf,[],23/06/2017,S.O. 1868 (E),Q18128630,Nelapattu Bird Sanctuary,,http://commons.wikimedia.org/wiki/Special:FilePath/Nellapattu%20Bird%20Sanctuary%20board.jpg,,,13.83325,79.94962,,,,,,,,https://en.wikipedia.org/wiki/Nelapattu_Bird_Sanctuary,exact
6,Andhra Pradesh,Sri Lankamalleswara Wildlife Sanctuary,Wildlife Sanctuary,Draft,2015-12-07,"6. S.O. 3328(E) [07.12.2015] Draft Notification declaring Eco sensitive Zone around Sri Lankamalleswara Wildlife Sanctuary(2.91 MB), Andhra Pradesh",https://moef.gov.in/uploads/2017/06/S.O.%203328(E)%20%5B07.12.2015%5D%20Draft%20Notification%20declaring%20Eco%20sensitive%20Zone%20around%20Sri%20Lankamalleswara%20Wildlife%20Sanctuary%2C%20Andhra%20Pradesh.pdf,[],03/03/2016,S.O. 3328(E),Q19898458,Sri Lankamalleswara Wildlife Sanctuary,,,,,14.6,78.8833,Kadapa,,,,,Sri Lankamalleswara Wildlife Sanctuary,,https://en.wikipedia.org/wiki/Sri_Lankamalleswara_Wildlife_Sanctuary,exact
6,Andhra Pradesh,Sri Lankamalleswara Wildlife Sanctuary,Wildlife Sanctuary,Final,2017-04-13,"6. S.O. 1174(E) [13.04.2017] Final Notification Declaring Eco Sensitive Zone around Sri Lankamalleswara Wildlife Sanctuary(1.25 MB), Andhra Pradesh",https://moef.gov.in/uploads/2017/06/Sri%20Lankamalleswara%20Wildlife%20Sanctuary%2C%20Andhra%20Pradesh.pdf,[],01/05/2017,S.O. 1174(E),Q19898458,Sri Lankamalleswara Wildlife Sanctuary,,,,,14.6,78.8833,Kadapa,,,,,Sri Lankamalleswara Wildlife Sanctuary,,https://en.wikipedia.org/wiki/Sri_Lankamalleswara_Wildlife_Sanctuary,exact
7,Andhra Pradesh,Sri Penusila Narsimha Swamy Sanctuary,Wildlife Sanctuary,Draft,2018-01-03,"7. S.O. 36(E) [03.01.2018] Draft Notification declaring Eco Sensitive Zone around Sri Penusila Narsimha Swamy Sanctuary(2.68 MB), Andhra Pradesh.",https://moef.gov.in/uploads/2017/06/penusila.pdf,[],17/01/2018,S.O. 36(E),,,,,,,,,,,,,,,,,none
7,Andhra Pradesh,Sri Penusila,Wildlife Sanctuary,Final,2020-08-28,"7. S.O. 2936(E) [ 28.08.2020] Final Notification declaring Eco Sensitive Zone around Sri Penusila(308 KB) Wildlife Sanctuary, Andhra Pradesh",,[],31/08/2020,S.O. 2936(E),,,,,,,,,,,,,,,,,none
8,Andhra Pradesh,Sri Venkateshwara National Park Sanctuary,National Park,Draft,2019-01-24,"8. S.O. 377(E) [24.01.2019] Draft Notification declaring Eco Sensitive Zone around Sri Venkateshwara National Park & Sanctuary,(3.00 MB), Andhra Pradesh.",https://moef.gov.in/uploads/2017/06/sri-venkateshwar-1.pdf,[],04/02/2019,S.O. 377(E),,,,,,,,,,,,,,,,,none
8,Andhra Pradesh,Sri Venkateshwara National Park Sanctuary,National Park,Final,2021-06-18,"8. S.O. 2409(E) [ 18.06.2021] Final Notification declaring Eco Sensitive Zone around Sri Venkateshwara NP & Sanctuary(3.00 MB), Andhra Pradesh.",https://moef.gov.in/uploads/2021/06/sri-venkateshwara.pdf,[],22/06/2021,S.O. 2409(E),,,,,,,,,,,,,,,,,none
9,Andhra Pradesh,Krishna Wildlife Sanctuary,Wildlife Sanctuary,Draft,2019-11-29,"9. S.O. 4322(E) [29.11.2019] Draft Notification declaring Eco Sensitive Zone around Krishna Wildlife Sanctuary ,(296 KB). Andhra Pradesh",https://moef.gov.in/uploads/2019/10/krishna.pdf,[],04/12/2019,S.O. 4322(E),Q6437498,Krishna Wildlife Sanctuary,,http://commons.wikimedia.org/wiki/Special:FilePath/Mangroves%20W%20IMG%206896.jpg,IUCN category IV: Habitat/Species Management Area,,15.7,80.7,Machilipatnam,,,,,Krishna Wildlife Sanctuary,,https://en.wikipedia.org/wiki/Krishna_Wildlife_Sanctuary,exact
,Andhra Pradesh,Krishna Wildlife Sanctuary,Wildlife Sanctuary,Final,2020-08-05,"S.O. 2632(E) [ 05.08.2020] Final Notification declaring Eco Sensitive Zone around Krishna Wildlife Sanctuary(56 KB)., Andhra Pradesh",https://moef.gov.in/uploads/2019/10/krishna-1.pdf,[],11/08/2020,S.O. 2632(E),Q6437498,Krishna Wildlife Sanctuary,,http://commons.wikimedia.org/wiki/Special:FilePath/Mangroves%20W%20IMG%206896.jpg,IUCN category IV: Habitat/Species Management Area,,15.7,80.7,Machilipatnam,,,,,Krishna Wildlife Sanctuary,,https://en.wikipedia.org/wiki/Krishna_Wildlife_Sanctuary,exact
10,Andhra Pradesh,Coringa Wildlife Santuary,Wildlife Sanctuary,Draft,2020-01-10,"10. .S.O. 173(E) [10.01.2020] Draft Notification declaring Eco Sensitive Zone around Coringa Wildlife Santuary(526 KB), Andhra Pradesh.",https://moef.gov.in/uploads/2019/10/coringa-1.pdf,[],21/01/2020,S.O. 173(E),,,,,,,,,,,,,,,,,none
9,Andhra Pradesh,Coringa Wildlife Sanctuary,Wildlife Sanctuary,Final,2021-09-21,"9. S.O.3922(E) [21.09.2021] Final Notification declaring Eco Sensitive Zone around Coringa Wildlife Sanctuary(3.00 MB), Andhra Pradesh.",https://moef.gov.in/uploads/2020/08/coringa.pdf,[],27/09/2021,S.O.3922(E),Q5170559,Coringa Wildlife Sanctuary,,http://commons.wikimedia.org/wiki/Special:FilePath/Coringa%20Wildlife%20Sanctuary.JPG,IUCN category IV: Habitat/Species Management Area,Andhra Pradesh,16.83138889,82.33666667,Kakinada,,,,,Coringa Wildlife Sanctuary,,https://en.wikipedia.org/wiki/Coringa_Wildlife_Sanctuary,exact
11,Andhra Pradesh,Nagarjunasagar Srisailam Tiger Reserve Wildlife Santuary,Tiger Reserve,Draft,2020-02-11,"11. S.O. 653(E) [11.02.2020] Draft Notification declaring Eco Sensitive Zone around Nagarjunasagar Srisailam Tiger Reserve Wildlife Santuary(789 KB), Andhra Pradesh.",https://moef.gov.in/uploads/2019/10/nagarjunasagar.pdf,[],17/02/2020,S.O. 653(E),,,,,,,,,,,,,,,,,none
10,Andhra Pradesh,Nagarjunasagar Srisailam Tiger Reserve Wildlife Santuary,Tiger Reserve,Final,2021-10-18,"10. S.O.4373(E) [18.10.2021] Final Notification declaring Eco Sensitive Zone around Nagarjunasagar Srisailam Tiger Reserve Wildlife Santuary(789 KB), Andhra Pradesh.",https://moef.gov.in/uploads/2020/08/Nagarjunasagar.pdf,[],28/10/2021,S.O.4373(E),,,,,,,,,,,,,,,,,none
12,Andhra Pradesh,Koundinya Wildlife Sanctuary,Wildlife Sanctuary,Draft,2022-05-04,"12. S.O. 2077(E) [04.05.2022] Draft Notification declaring Eco Sensitive Zone around Koundinya Wildlife Sanctuary, in the state of Andhra Pradesh.(789 KB), Andhra Pradesh.",https://moef.gov.in/uploads/2021/08/Published-Draft-Notification-S-O-2077.pdf,[],04/05/2022,S.O. 2077(E),Q6434637,Koundinya Wildlife Sanctuary,,http://commons.wikimedia.org/wiki/Special:FilePath/Andhra%20Pradesh%20-%20Landscapes%20from%20Andhra%20Pradesh%2C%20views%20from%20Indias%20South%20Central%20Railway%20%2877%29.JPG,IUCN category IV: Habitat/Species Management Area,,13.025,78.645,Chittorgarh,,,,,Koundinya Wildlife Sanctuary,,https://en.wikipedia.org/wiki/Koundinya_Wildlife_Sanctuary,exact
13,Andaman and Nicobar,Union Territory of Andaman and Nicobar Islands,National Park,Draft,2016-04-26,13. S.O 1498(E) [26.04.2016] Draft Notification declaring Eco sensitive Zone around the Union Territory of Andaman and Nicobar Islands (995.79 KB) (i). Maps of 4 National Parks of the 97 Island PAs of A&N Islands Rani Jhansi NP 2.Buttons NP (ii).Maps of 93 Wildlife Sanctuaries of the 97 Island PAs of A&N Islands Andman Group of Island PAs Nicobar Group of Island PAs (iii).Individual maps of 93 WLS of the 97 Island PAs of A&N Islands 1. Arial 2. Bamboo 3. Barren 4. Batti Malv 5. Belle 6.Bennette 7. Bingham 8. Blister 9. Bluff 10. Bondoville 11. Brush 12. Buchanan 13. Channel 14. Cinque Island 15. Clyde 16. Cone 17. Curlew Bp 18. Curlew 19. Defence 20. Dot 21. Dotrell 22. Duncan 23. East 24. Egg 25. Entrance26. Flat 27. Gander 28. Goose 29. Gurjan 30. Hump 31. Inglis 32. Interview 33. James 34. Jungle 35. Kwang Tung36. Kyd 37. Landfall 38. Latouche 39. Mangrove 40. Mask41. Mayo 42. Megapode 43.Montgomery 44.Narcondam45. North Brother 46.North Reef 47.North 48.Oliver49.Orchid 50.Ox 51.Oyester I 52.Oyester II 53.Paget54.Parkinson 55.Passage 56.Petric 57.Pitman 58.Peacock59.Point 60.Potanma 61.Ranger 62.Reef 63.Roper64.Ross 65.Rowe 66.Sandy 67.Sea Serpent 68.Shark69.Shearme 70.Sir Hugh Rose 71.Sisters 72.Snake Island73. Snake-I 74.South Brother 75.South Reef 76.South Sentinel 77.Spike II 78.Spike-I 79.Stoat 80.Surat81.Swamp 82.Table Dalgarno 83.Table(Excelsior)84.Talabaicha 85.Temple 86.Tillongchong 87.Tree 88.Trilby89.Tuft 90.Turtle 91.West 92.Wharf 93.White Cliff,https://moef.gov.in/uploads/2019/10/Andaman-and-Nicobar-Islands.pdf,"[{""title"":""Rani Jhansi NP"",""link"":""https://moef.gov.in/uploads/2017/06/Rani%20jhansi.jpg""},{""title"":""Buttons NP"",""link"":""https://moef.gov.in/uploads/2017/06/Buttons.jpg""},{""title"":""Andman Group of Island PAs"",""link"":""https://moef.gov.in/uploads/2017/06/Andman%20grp%20of%20island.jpg""},{""title"":""Nicobar Group of Island PAs"",""link"":""https://moef.gov.in/uploads/2017/06/Nicobar%20grp%20of%20island.jpg""},{""title"":""Arial"",""link"":""https://moef.gov.in/uploads/2017/06/1.%20ARIAL_0.jpg""},{""title"":""Bamboo"",""link"":""https://moef.gov.in/uploads/2017/06/2.%20BAMBOO.jpg""},{""title"":""Barren"",""link"":""https://moef.gov.in/uploads/2017/06/3.%20BARREN.jpg""},{""title"":""Batti Malv"",""link"":""https://moef.gov.in/uploads/2017/06/4.%20BATTI%20MALV.jpg""},{""title"":""Belle"",""link"":""https://moef.gov.in/uploads/2017/06/5.%20BELLE.jpg""},{""title"":""Bennette"",""link"":""https://moef.gov.in/uploads/2017/06/6.%20BENNETTE_0.jpg""},{""title"":""Bingham"",""link"":""https://moef.gov.in/uploads/2017/06/7.%20BINGHAM.jpg""},{""title"":""Blister"",""link"":""https://moef.gov.in/uploads/2017/06/8.%20BLISTER.jpg""},{""title"":""Bluff"",""link"":""https://moef.gov.in/uploads/2017/06/9.%20BLUFF.jpg""},{""title"":""Bondoville"",""link"":""https://moef.gov.in/uploads/2017/06/10.%20BONDOVILLE.jpg""},{""title"":""Brush"",""link"":""https://moef.gov.in/uploads/2017/06/11.%20BRUSH.jpg""},{""title"":""Buchanan"",""link"":""https://moef.gov.in/uploads/2017/06/12.%20BUCHANAN.jpg""},{""title"":""Channel"",""link"":""https://moef.gov.in/uploads/2017/06/13.%20CHANNEL.jpg""},{""title"":""Cinque Island"",""link"":""https://moef.gov.in/uploads/2017/06/14.%20CINQUE%20ISLAND.jpg""},{""title"":""Clyde"",""link"":""https://moef.gov.in/uploads/2017/06/15.%20CLYDE.jpg""},{""title"":""Cone"",""link"":""https://moef.gov.in/uploads/2017/06/16.%20CONE.jpg""},{""title"":""Curlew Bp"",""link"":""https://moef.gov.in/uploads/2017/06/17.%20CURLEW%20BP.jpg""},{""title"":""Curlew"",""link"":""https://moef.gov.in/uploads/2017/06/18.%20CURLEW.jpg""},{""title"":""Defence"",""link"":""https://moef.gov.in/uploads/2017/06/19.%20DEFENCE.jpg""},{""title"":""Dot"",""link"":""https://moef.gov.in/uploads/2017/06/20.%20DOT.jpg""},{""title"":""Dotrell"",""link"":""https://moef.gov.in/uploads/2017/06/21.%20DOTRELL.jpg""},{""title"":""Duncan"",""link"":""https://moef.gov.in/uploads/2017/06/22.%20DUNCAN.jpg""},{""title"":""East"",""link"":""https://moef.gov.in/uploads/2017/06/23.%20EAST.jpg""},{""title"":""Egg"",""link"":""https://moef.gov.in/uploads/2017/06/24.%20EGG.jpg""},{""title"":""Entrance"",""link"":""https://moef.gov.in/uploads/2017/06/25.%20ENTRANCE.jpg""},{""title"":""Flat"",""link"":""https://moef.gov.in/uploads/2017/06/26.%20FLAT.jpg""},{""title"":""Gander"",""link"":""https://moef.gov.in/uploads/2017/06/27.%20GANDER.jpg""},{""title"":""Goose"",""link"":""https://moef.gov.in/uploads/2017/06/28.%20GOOSE.jpg""},{""title"":""Gurjan"",""link"":""https://moef.gov.in/uploads/2017/06/29.%20GURJAN.jpg""},{""title"":""Hump"",""link"":""https://moef.gov.in/uploads/2017/06/30.%20HUMP.jpg""},{""title"":""Inglis"",""link"":""https://moef.gov.in/uploads/2017/06/31.%20INGLIS.jpg""},{""title"":""Interview"",""link"":""https://moef.gov.in/uploads/2017/06/32.%20INTERVIEW.jpg""},{""title"":""James"",""link"":""https://moef.gov.in/uploads/2017/06/33.%20JAMES.jpg""},{""title"":""Jungle"",""link"":""https://moef.gov.in/uploads/2017/06/34.%20JUNGLE.jpg""},{""title"":""Kwang Tung"",""link"":""https://moef.gov.in/uploads/2017/06/35.%20KWANG%20TUNG.jpg""},{""title"":""Kyd"",""link"":""https://moef.gov.in/uploads/2017/06/36.%20KYD_0.jpg""},{""title"":""Landfall"",""link"":""https://moef.gov.in/uploads/2017/06/37.%20LANDFALL.jpg""},{""title"":""Latouche"",""link"":""https://moef.gov.in/uploads/2017/06/38.%20LATOUCHE.jpg""},{""title"":""Mangrove"",""link"":""https://moef.gov.in/uploads/2017/06/39.%20MANGROVE.jpg""},{""title"":""Mask"",""link"":""https://moef.gov.in/uploads/2017/06/40.%20MASK.jpg""},{""title"":""Mayo"",""link"":""https://moef.gov.in/uploads/2017/06/41.%20MAYO.jpg""},{""title"":""Megapode"",""link"":""https://moef.gov.in/uploads/2017/06/42.%20MEGAPODE.jpg""},{""title"":""Montgomery"",""link"":""https://moef.gov.in/uploads/2017/06/43.MONTGOMERY.jpg""},{""title"":""Narcondam"",""link"":""https://moef.gov.in/uploads/2017/06/44.NARCONDAM.jpg""},{""title"":""North Brother"",""link"":""https://moef.gov.in/uploads/2017/06/45.%20NORTH%20BROTHER.jpg""},{""title"":""North Reef"",""link"":""https://moef.gov.in/uploads/2017/06/46.NORTH%20REEF.jpg""},{""title"":""North"",""link"":""https://moef.gov.in/uploads/2017/06/47.NORTH_.jpg""},{""title"":""Oliver"",""link"":""https://moef.gov.in/uploads/2017/06/48.OLIVER.jpg""},{""title"":""Orchid"",""link"":""https://moef.gov.in/uploads/2017/06/49.ORCHID.jpg""},{""title"":""Ox"",""link"":""https://moef.gov.in/uploads/2017/06/50.OX_.jpg""},{""title"":""Oyester I"",""link"":""https://moef.gov.in/uploads/2017/06/51.OYESTER%20I.jpg""},{""title"":""Oyester II"",""link"":""https://moef.gov.in/uploads/2017/06/52.OYESTER%20II.jpg""},{""title"":""Paget"",""link"":""https://moef.gov.in/uploads/2017/06/53.PAGET_.jpg""},{""title"":""Parkinson"",""link"":""https://moef.gov.in/uploads/2017/06/54.PARKINSON.jpg""},{""title"":""Passage"",""link"":""https://moef.gov.in/uploads/2017/06/55.PASSAGE.jpg""},{""title"":""Petric"",""link"":""https://moef.gov.in/uploads/2017/06/56.PETRIC.jpg""},{""title"":""Pitman"",""link"":""https://moef.gov.in/uploads/2017/06/57.PITMAN.jpg""},{""title"":""Peacock"",""link"":""https://moef.gov.in/uploads/2017/06/58.PEACOCK.jpg""},{""title"":""Point"",""link"":""https://moef.gov.in/uploads/2017/06/59.POINT_.jpg""},{""title"":""Potanma"",""link"":""https://moef.gov.in/uploads/2017/06/60.POTANMA.jpg""},{""title"":""Ranger"",""link"":""https://moef.gov.in/uploads/2017/06/61.RANGER.jpg""},{""title"":""Reef"",""link"":""https://moef.gov.in/uploads/2017/06/62.REEF_.jpg""},{""title"":""Roper"",""link"":""https://moef.gov.in/uploads/2017/06/63.ROPER_.jpg""},{""title"":""Ross"",""link"":""https://moef.gov.in/uploads/2017/06/64.ROSS_.jpg""},{""title"":""Rowe"",""link"":""https://moef.gov.in/uploads/2017/06/65.ROWE_.jpg""},{""title"":""Sandy"",""link"":""https://moef.gov.in/uploads/2017/06/66.SANDY_.jpg""},{""title"":""Sea Serpent"",""link"":""https://moef.gov.in/uploads/2017/06/67.SEA%20SERPENT.jpg""},{""title"":""Shark"",""link"":""https://moef.gov.in/uploads/2017/06/68.SHARK_.jpg""},{""title"":""Shearme"",""link"":""https://moef.gov.in/uploads/2017/06/69.SHEARME.jpg""},{""title"":""Sir Hugh Rose"",""link"":""https://moef.gov.in/uploads/2017/06/70.SIR%20HUGH%20ROSE.jpg""},{""title"":""Sisters"",""link"":""https://moef.gov.in/uploads/2017/06/71.SISTERS.jpg""},{""title"":""Snake Island"",""link"":""https://moef.gov.in/uploads/2017/06/72.SNAKE%20ISLAND.jpg""},{""title"":""Snake-I"",""link"":""https://moef.gov.in/uploads/2017/06/73.%20SNAKE-1.jpg""},{""title"":""South Brother"",""link"":""https://moef.gov.in/uploads/2017/06/74.SOUTH%20BROTHER.jpg""},{""title"":""South Reef"",""link"":""https://moef.gov.in/uploads/2017/06/75.SOUTH%20REEF.jpg""},{""title"":""South Sentinel"",""link"":""https://moef.gov.in/uploads/2017/06/76.SOUTH%20SENTINEL.jpg""},{""title"":""Spike II"",""link"":""https://moef.gov.in/uploads/2017/06/77.SPIKE%20II.jpg""},{""title"":""Spike-I"",""link"":""https://moef.gov.in/uploads/2017/06/78.SPIKE-1.jpg""},{""title"":""Stoat"",""link"":""https://moef.gov.in/uploads/2017/06/79.STOAT_.jpg""},{""title"":""Surat"",""link"":""https://moef.gov.in/uploads/2017/06/80.SURAT_.jpg""},{""title"":""Swamp"",""link"":""https://moef.gov.in/uploads/2017/06/81.SWAMP_.jpg""},{""title"":""Table Dalgarno"",""link"":""https://moef.gov.in/uploads/2017/06/82.TABLE%20DALGARNO.jpg""},{""title"":""Table(Excelsior)"",""link"":""https://moef.gov.in/uploads/2017/06/83.TABLE(EXCELSIOR).jpg""},{""title"":""Talabaicha"",""link"":""https://moef.gov.in/uploads/2017/06/84.TALABAICHA.jpg""},{""title"":""Temple"",""link"":""https://moef.gov.in/uploads/2017/06/85.TEMPLE.jpg""},{""title"":""Tillongchong"",""link"":""https://moef.gov.in/uploads/2017/06/86.TILLONGCHONG.jpg""},{""title"":""Tree"",""link"":""https://moef.gov.in/uploads/2017/06/87.TREE_.jpg""},{""title"":""Trilby"",""link"":""https://moef.gov.in/uploads/2017/06/88.TRILBY.jpg""},{""title"":""Tuft"",""link"":""https://moef.gov.in/uploads/2017/06/89.TUFT_.jpg""},{""title"":""Turtle"",""link"":""https://moef.gov.in/uploads/2017/06/90.TURTLE.jpg""},{""title"":""West"",""link"":""https://moef.gov.in/uploads/2017/06/91.WEST_.jpg""},{""title"":""Wharf"",""link"":""https://moef.gov.in/uploads/2017/06/92.WHARF_.jpg""},{""title"":""White Cliff"",""link"":""https://moef.gov.in/uploads/2017/06/93.WHITE%20CLIFF.jpg""}]",27/04/2016,S.O 1498(E),,,,,,,,,,,,,,,,,none
11,Andaman and Nicobar,Areas in the Union Territory of Andaman and Nicobar Island,,Final,2016-09-30,11. S.O. 3099(E) [30.09.2016] Final Notification declaring Eco Sensitive Zone around 97 Protected Areas in the Union Territory of Andaman and Nicobar Island(1.78 MB),https://moef.gov.in/uploads/2019/08/Andaman-and-Nicobar-Islands-Final-notification.pdf,[],05/10/2016,S.O. 3099(E),,,,,,,,,,,,,,,,,none
14,Andaman and Nicobar,Cuthbert Bay Wildlife,Wildlife Sanctuary,Draft,2017-09-06,14. S.O. 2939 (E) [06.09.2017] Draft Notification Declaring Eco Sensitive Zone around Cuthbert Bay Wildlife Sanctuary(1.74 MB) Andaman,https://moef.gov.in/uploads/2019/10/Cuthbert-Bay-Wildlife-Sanctuary-Andamans-Draft-sno-13.pdf,[],12/09/2017,S.O. 2939 (E),,,,,,,,,,,,,,,,,none
12,Andaman and Nicobar,Cuthbert Bay Sanctuary,Wildlife Sanctuary,Final,2019-02-27,12. S.O. 1042(E) [27.02.2019] Final Notification declaring Eco Sensitive Zone around Cuthbert Bay Sanctuary(1.78 MB),https://moef.gov.in/uploads/2018/12/cuterbert.pdf,[],05/10/2016,S.O. 1042(E),Q131632374,Cuthbert Bay Wildlife Sanctuary,,,IUCN category IV: Habitat/Species Management Area,Andaman and Nicobar Islands,12.709166666,92.968333333,,,,,,,,https://en.wikipedia.org/wiki/Cuthbert_Bay_Wildlife_Sanctuary,exact
15,Andaman and Nicobar,Saddle Peak National Park,National Park,Draft,2017-10-13,"15. S.O. 3328 (E) [13.10.2017] Draft Notification declaring Eco Sensitive Zone around Saddle Peak National Park(2.93 MB), Andaman & Nicobar",https://moef.gov.in/uploads/2017/06/saddle%20peak%20NP_1.pdf,[],,S.O. 3328 (E),Q775202,Saddle Peak National Park,,http://commons.wikimedia.org/wiki/Special:FilePath/Nth%20Andaman%20locale.png,IUCN category II: National Park,North and Middle Andaman district,13.15861111,93.00555556,,,32.54,,,,9282556,https://en.wikipedia.org/wiki/Saddle_Peak_National_Park,exact
13,Andaman and Nicobar,Saddle Peak National Park,National Park,Final,2018-05-11,"13. S.O. 1874(E) [11.05.2018] Final Notification declaring Eco Sensitive Zone around Saddle Peak National Park,(2.54 MB) Andaman and Nicobar Islands.",https://moef.gov.in/uploads/2019/08/saddle-peak.pdf,[],15/05/2018,S.O. 1874(E),Q775202,Saddle Peak National Park,,http://commons.wikimedia.org/wiki/Special:FilePath/Nth%20Andaman%20locale.png,IUCN category II: National Park,North and Middle Andaman district,13.15861111,93.00555556,,,32.54,,,,9282556,https://en.wikipedia.org/wiki/Saddle_Peak_National_Park,exact
16,Andaman and Nicobar,Mount harriet National Park,National Park,Draft,2018-02-26,"16. S.O. 799(E) [26.02.2018] Draft Notification declaring Eco Sensitive Zone aroundMount harriet National Park(4.72 MB), Andaman & Nicobar",https://moef.gov.in/uploads/2018/05/Mount-harriet.pdf,[],07/03/2016,S.O. 799(E),,,,,,,,,,,,,,,,,none
14,Andaman and Nicobar,Mount Harriet National Park,National Park,Final,2019-02-04,"14. S.O. 652(E) [04.02.2019] Final Notification declaring Eco Sensitive Zone around Mount Harriet National Park,(3.00 MB) S.O. No. 6014(E) [22.12.2022] Amendment in the Notification of Eco-sensitive Zone around Mount Harriet National Park, in the UT of Andaman and Nicobar Islands(1,254 KB), Andaman and Nicobar Islands",https://moef.gov.in/uploads/2018/12/mount-harriet.pdf,[],05/10/2016 and 22/12/2022,S.O. 652(E),,,,,,,,,,,,,,,,,none
17,Andaman and Nicobar,"Campbell Bay National Park, Andaman & Nicobar Islands",National Park,Draft,2020-10-28,"17. S.O. 3873(E) [28.10.2020] Draft Notification declaring Eco Sensitive Zone around Campbell Bay National Park, Andaman & Nicobar Islands. (23.00 KB)",https://moef.gov.in/uploads/2019/02/champbell.pdf,[],02/11/2020,S.O. 3873(E),,,,,,,,,,,,,,,,,none
15,Andaman and Nicobar,Mount Harriet National Park,National Park,Final,2021-03-12,"15. S.O.1193(E) [12.03.2021] Final Notification declaring Eco Sensitive Zone around Campbell Bay National Park(3.00 MB) , Andaman & Nicobar Islands.",https://moef.gov.in/uploads/2021/03/campbell.pdf,[],15/03/2021,S.O.1193(E),,,,,,,,,,,,,,,,,none
18,Andaman and Nicobar,"Galathea Bay National Park, Andaman & Nicobar Islands",National Park,Draft,2020-10-28,"18. S.O. 3874(E) [28.10.2020] Draft Notification declaring Eco Sensitive Zone around Galathea Bay National Park, Andaman & Nicobar Islands. (58 KB).",https://moef.gov.in/uploads/2019/02/galateea.pdf,[],02/11/2020,S.O. 3874(E),,,,,,,,,,,,,,,,,none
16,Andaman and Nicobar,"Galathea Bay National Park, Andaman & Nicobar Islands",National Park,Final,2021-03-12,"16. S.O.1194(E) [12.03.2021] Final Notification declaring Eco Sensitive Zone around Galathea Bay National Park, Andaman & Nicobar Islands. (86 KB).",https://moef.gov.in/uploads/2021/03/galathea.pdf,[],15/03/2021,S.O.1194(E),,,,,,,,,,,,,,,,,none
19,Andaman and Nicobar,Mahatma Gandhi Marine (Wandoor) National Park,National Park,Draft,2020-12-24,"19. S.O. 4694(E) [24.12.2020] Draft Notification declaring Eco Sensitive Zone around Mahatma Gandhi Marine (Wandoor) National Park, Andaman & Nicobar Islands(95 KB).",https://moef.gov.in/uploads/2020/12/mahatma-gandhi-marine-NP.pdf,[],28/12/2020,S.O. 4694(E),Q3364527,Mahatma Gandhi Marine National Park,Andaman Islands,http://commons.wikimedia.org/wiki/Special:FilePath/Jolly%20Boys%20Island%202010.jpg,IUCN category II: National Park,,11.57055556,92.65694444,,,281.5,,http://commons.wikimedia.org/wiki/Special:FilePath/Mahatma%20Gandhi%20Marine%20National%20Park%20%28cropped%29.jpg,Mahatma Gandhi Marine National Park,,https://en.wikipedia.org/wiki/Mahatma_Gandhi_Marine_National_Park,fuzzy
17,Andaman and Nicobar,Mahatma Gandhi Marine National Park,National Park,Final,2022-04-28,"17. S.O. 2020(E) [28.04.2022] Final Notification declaring Eco Sensitive Zone around Mahatma Gandhi Marine National Park, in the state of Andaman and Nicobar Islands(86 KB).",https://moef.gov.in/uploads/2021/08/Final-Notification-S-O-No-2020.pdf,[],28/04/2022,S.O. 2020(E),Q3364527,Mahatma Gandhi Marine National Park,Andaman Islands,http://commons.wikimedia.org/wiki/Special:FilePath/Jolly%20Boys%20Island%202010.jpg,IUCN category II: National Park,,11.57055556,92.65694444,,,281.5,,http://commons.wikimedia.org/wiki/Special:FilePath/Mahatma%20Gandhi%20Marine%20National%20Park%20%28cropped%29.jpg,Mahatma Gandhi Marine National Park,,https://en.wikipedia.org/wiki/Mahatma_Gandhi_Marine_National_Park,exact
20,Arunachal Pradesh,Kane Wildlife Sanctuary,Wildlife Sanctuary,Draft,2015-09-03,"20. S.O. 2535 [03.09.2015] Draft ESZ Notification on Kane Wildlife Sanctuary(7.54 MB), Arunachal Pradesh & Map(110.45 KB)",https://moef.gov.in/uploads/2017/06/S.O.%202535%20%20%5B03.09.2015%5D%20Draft%20ESZ%20Notification%20on%20Kane%20Wildlife%20Sanctuary%2C%20Arunachal%20Pradesh.pdf,[],28/09/2015,S.O. 2535,Q130974168,Kane Wildlife Sanctuary,,,IUCN category IV: Habitat/Species Management Area,Arunachal Pradesh,27.666666666,94.65,,,,,,,,https://en.wikipedia.org/wiki/Kane_Wildlife_Sanctuary,exact
18,Arunachal Pradesh,Kane Wildlife Sanctuary,Wildlife Sanctuary,Final,,"18. S.O. 1718(E) [08.04.2021/30.04.2021] Final Notification declaring Eco Sensitive Zone around Kane Wildlife Sanctuary,(10.55 KB) Arunachal Pradesh",https://moef.gov.in/uploads/2021/05/Kane-Notification.pdf,[],03/05/2021,S.O. 1718(E),Q130974168,Kane Wildlife Sanctuary,,,IUCN category IV: Habitat/Species Management Area,Arunachal Pradesh,27.666666666,94.65,,,,,,,,https://en.wikipedia.org/wiki/Kane_Wildlife_Sanctuary,exact
20,Arunachal Pradesh,Kane Wildlife Sanctuary,Wildlife Sanctuary,Draft,2020-06-09,"20. S.O. 1877(E) [09.06.2020] Draft Notification declaring Eco Sensitive Zone around Kane Wildlife Sanctuary,p(180.65 KB) Arunachal Pradesh Re-notification New",https://moef.gov.in/uploads/2019/10/kane.pdf,[],15/06/2020,S.O. 1877(E),Q130974168,Kane Wildlife Sanctuary,,,IUCN category IV: Habitat/Species Management Area,Arunachal Pradesh,27.666666666,94.65,,,,,,,,https://en.wikipedia.org/wiki/Kane_Wildlife_Sanctuary,exact
21,Arunachal Pradesh,Tale Wildlife Sanctuary,Wildlife Sanctuary,Draft,2015-09-17,"21. S.O. 2538 [17.09.2015] Draft ESZ Notification on Tale Wildlife Sanctuary(7.31 MB), Arunachal Pradesh & Map",https://moef.gov.in/uploads/2017/06/S.O.%202538%20%5B17.09.2015%5D%20Draft%20ESZ%20Notification%20on%20Tale%20Wildlife%20Sanctuary%2C%20Arunachal%20Pradesh_0.pdf,"[{""title"":""Map"",""link"":""https://moef.gov.in/uploads/2017/06/Map%20of%20Tale%20WLS_0.jpg""}]",28/10/2015,S.O. 2538,,,,,,,,,,,,,,,,,none
22,Arunachal Pradesh,Daying Ering Wildlife Sanctuary,Wildlife Sanctuary,Draft,2015-11-17,"22. S.O. 3101(E) [17.11.2015] Draft Notification declaring Eco Sensitive Zone around Daying Ering Wildlife Sanctuary(515.78 KB), Arunachal Pradesh",https://moef.gov.in/uploads/2017/06/DayingEring%20Wildlife%20Sanctuary%2C%20Arunachal%20Pradesh.pdf,[],,S.O. 3101(E),,,,,,,,,,,,,,,,,none
23,Arunachal Pradesh,Kamlang Wildlife Sanctuary,Wildlife Sanctuary,Draft,2023-11-10,"23. S.O. 4893(E) [10.11.2023] Re-Draft Notification declaring Eco Sensitive Zone around Kamlang Wildlife Sanctuary, (1,923 KB) in the state of Arunachal PradeshRe-notification New",https://moef.gov.in/uploads/2023/11/SO4893(E)-kamlang-redraft.pdf,[],28/11/2023,S.O. 4893(E),Q22231355,Kamlang Wildlife Sanctuary,,http://commons.wikimedia.org/wiki/Special:FilePath/Glao%20Glow%20Lake%201.jpg,IUCN category IV: Habitat/Species Management Area,Arunachal Pradesh,27.66666667,96.43333333,Wakro,,,http://arunachalforests.gov.in/kamlang_wildlife_sanctuary.html,,Kamlang Wildlife Sanctuary,,https://en.wikipedia.org/wiki/Kamlang_Wildlife_Sanctuary,exact
24,Arunachal Pradesh,Kamlang WLS,Wildlife Sanctuary,Draft,2018-05-23,24. S.O. 2050(E) [23.05.2018] Draft Notification declaring Eco Sensitive Zone around Kamlang WLS (746.17 KB)Arunachal Pradesh Re-notification New,https://moef.gov.in/uploads/2018/12/kamalang.pdf,[],25/05/2018,S.O. 2050(E),Q22231355,Kamlang Wildlife Sanctuary,,http://commons.wikimedia.org/wiki/Special:FilePath/Glao%20Glow%20Lake%201.jpg,IUCN category IV: Habitat/Species Management Area,Arunachal Pradesh,27.66666667,96.43333333,Wakro,,,http://arunachalforests.gov.in/kamlang_wildlife_sanctuary.html,,Kamlang Wildlife Sanctuary,,https://en.wikipedia.org/wiki/Kamlang_Wildlife_Sanctuary,exact
25,Arunachal Pradesh,Kamlang Tiger Reserve,Tiger Reserve,Draft,2022-05-02,"25. S.O. 2052(E) [02.05.2022] Re-Draft Notification declaring Eco Sensitive Zone around Kamlang Tiger Reserve, (746.17 KB) in the state of Arunachal Pradesh Re-notification New",https://moef.gov.in/uploads/2022/05/Published-Draft-Notification.pdf,[],05/05/2022,S.O. 2052(E),Q22231355,Kamlang Wildlife Sanctuary,,http://commons.wikimedia.org/wiki/Special:FilePath/Glao%20Glow%20Lake%201.jpg,IUCN category IV: Habitat/Species Management Area,Arunachal Pradesh,27.66666667,96.43333333,Wakro,,,http://arunachalforests.gov.in/kamlang_wildlife_sanctuary.html,,Kamlang Wildlife Sanctuary,,https://en.wikipedia.org/wiki/Kamlang_Wildlife_Sanctuary,exact
,Arunachal Pradesh,Kamlang Wildlife Sanctuary and Namdapha Tiger Reserve,Tiger Reserve,Final,2024-08-09,S.O. 3243(E) [09.08.2024] Final Notification declaring Eco Sensitive Zone around Kamlang Wildlife Sanctuary and Namdapha Tiger Reserve(3080 KB).Arunachal Pradesh.,https://moef.gov.in/uploads/pdf/kamlang_final.pdf,[],13/08/2024,S.O. 3243(E),,,,,,,,,,,,,,,,,none
26,Arunachal Pradesh,Namdapa Wildlife Sanctuary,Wildlife Sanctuary,Draft,2015-12-08,26. SO 3331(E)[08.12.2015] Draft notification declaring Eco-sensitive Zone around the Namdapa Wildlife Sanctuary (479.24 KB)in the state of Arunachal Pradesh & Map(288.45 KB),https://moef.gov.in/uploads/2017/06/SO%203331(E)%5B08.12.2015%5D%20Draft%20notification%20declaring%20Eco-sensitive%20Zone%20around%20the%20Namdapa%20%20Wildlife%20Sanctuary%20%20in%20the%20state%20of%20Arunachal%20Pradesh..pdf,[],30/12/2015,SO 3331(E),,,,,,,,,,,,,,,,,none
27,Arunachal Pradesh,Mehao Wildlife Sanctuary,Wildlife Sanctuary,Draft,2015-12-30,27. SO 3546(E)[30.12.2015] Draft notification declaring Eco-sensitive Zone around the Mehao Wildlife Sanctuary(1.22 MB) in the state of Arunachal Pradesh.,https://moef.gov.in/uploads/2017/06/SO%203546(E)%5B30.12.2015%5D%20Draft%20notification%20declaring%20Eco-sensitive%20Zone%20around%20the%20Mehao%20Wildlife%20Sanctuary%20%20in%20the%20state%20of%20Arunachal%20Pradesh..pdf,[],08/01/2015,SO 3546(E),Q107324541,Mehao Wildlife Sanctuary,,,IUCN category IV: Habitat/Species Management Area,Arunachal Pradesh,28.1575,95.94,,,,,,,,https://en.wikipedia.org/wiki/Mehao_Wildlife_Sanctuary,exact
28,Arunachal Pradesh,Mehao WLS,Wildlife Sanctuary,Draft,2018-02-22,"28. S.O. 772(E) [22.02.2018] Draft Notification declaring Eco Sensitive Zone around Mehao WLS(12 KB), Arunachal Pradesh Re-notification New",https://moef.gov.in/uploads/2019/08/mehao.pdf,[],05/03/2018,S.O. 772(E),Q107324541,Mehao Wildlife Sanctuary,,,IUCN category IV: Habitat/Species Management Area,Arunachal Pradesh,28.1575,95.94,,,,,,,,https://en.wikipedia.org/wiki/Mehao_Wildlife_Sanctuary,exact
29,Arunachal Pradesh,Mouling National Park,National Park,Draft,2016-02-23,"29. S.O. 572(E) [23.02.2016] Draft Notification declaring Eco sensitive Zone around Mouling National Park(773.56 KB), Arunachal Pradesh",https://moef.gov.in/uploads/2017/06/S.O.%20572(E)%20%5B23.02.2016%5D%20Draft%20Notification%20declaring%20Eco%20sensitive%20Zone%20around%20Mouling%20National%20Park%2C%20Arunachal%20Pradesh.pdf,[],04/03/2016,S.O. 572(E),Q3143047,Mouling National Park,,http://commons.wikimedia.org/wiki/Special:FilePath/Tragopan%20blythii01.jpg,IUCN category II: National Park,,28.58333333,94.86666667,,,,,,,,https://en.wikipedia.org/wiki/Mouling_National_Park,exact
19,Arunachal Pradesh,Mouling National Park,National Park,Final,2019-06-03,"19. S.O. 1918(E) [03.06.2019] Final Notification declaring Eco Sensitive Zone around Mouling National Park , (105 KB).Arunachal Pradesh.",https://moef.gov.in/uploads/2019/06/mouling.pdf,[],07/06/2019,S.O. 1918(E),Q3143047,Mouling National Park,,http://commons.wikimedia.org/wiki/Special:FilePath/Tragopan%20blythii01.jpg,IUCN category II: National Park,,28.58333333,94.86666667,,,,,,,,https://en.wikipedia.org/wiki/Mouling_National_Park,exact
30,Arunachal Pradesh,Mouling National Park,National Park,Draft,2018-05-25,"30. S.O. 2114(E) [25.05.2018] Draft Notification declaring Eco Sensitive Zone around Mouling National Park (7.24 MB)Arunachal Pradesh, Re-notification New",https://moef.gov.in/uploads/2018/05/mouling.pdf,[],30/05/2018,S.O. 2114(E),Q3143047,Mouling National Park,,http://commons.wikimedia.org/wiki/Special:FilePath/Tragopan%20blythii01.jpg,IUCN category II: National Park,,28.58333333,94.86666667,,,,,,,,https://en.wikipedia.org/wiki/Mouling_National_Park,exact
31,Arunachal Pradesh,Yordi Rabe Supse Wildlife Sanctuary,Wildlife Sanctuary,Draft,2016-02-19,"31. S.O. 568(E) [19.02.2016] Draft Notification declaring Eco sensitive Zone around Yordi Rabe Supse Wildlife Sanctuary(299.2 KB), Arunachal Pradesh",https://moef.gov.in/uploads/2017/06/S.O.%20568(E)%20%5B19.02.2016%5D%20Draft%20Notification%20declaring%20Eco%20sensitive%20Zone%20around%20Yordi%20Rabe%20Supse%20Wildlife%20Sanctuary%2C%20Arunachal%20Pradesh.pdf,[],04/03/2016,S.O. 568(E),Q130974183,Yordi Rabe Supse Wildlife Sanctuary,,,IUCN category IV: Habitat/Species Management Area,Arunachal Pradesh,29.016388888,95.208611111,,,,,,,,https://en.wikipedia.org/wiki/Yordi_Rabe_Supse_Wildlife_Sanctuary,exact
32,Arunachal Pradesh,Eagle Nest Wildlife Sanctuary,Wildlife Sanctuary,Draft,2016-08-05,"32. S.O. 2639(E) [05.08.2016] Draft notification declaring Eco Sensitive Zone around Eagle Nest Wildlife Sanctuary(483.01 KB), Arunachal Pradesh",https://moef.gov.in/uploads/2017/06/Eagle%20Nest%20Wildlife%20Sanctuary%2C%20Arunachal%20Pradesh.pdf,[],22/08/2016,S.O. 2639(E),,,,,,,,,,,,,,,,,none
20,Arunachal Pradesh,Eagle Nest Wildlife,Wildlife Sanctuary,Final,2020-08-28,"20. S.O. 2943(E) [ 28.08.2020] Final Notification declaring Eco Sensitive Zone around Eagle Nest Wildlife (98 KB)Sanctuary, Arunachal Pradesh",https://moef.gov.in/uploads/2019/02/Eagle-nest.pdf,[],31/08/2020,S.O. 2943(E),,,,,,,,,,,,,,,,,none
33,Arunachal Pradesh,Eagle Nest Wildlife Sanctuary,Wildlife Sanctuary,Draft,2019-08-23,"33. S.O. 3033(E) [23.08.2019] Draft Notification declaring Eco Sensitive Zone around Eagle Nest Wildlife Sanctuary ,(65 KB) Arunachal Pradesh. Re-notification New",https://moef.gov.in/uploads/2018/12/eagle-nest.pdf,[],28/08/2019,S.O. 3033(E),,,,,,,,,,,,,,,,,none
34,Arunachal Pradesh,Dibang Wildlife Sanctuary,Wildlife Sanctuary,Draft,2020-05-22,"34. S.O. 1614(E) [22.05.2020] Draft Notification declaring Eco Sensitive Zone around Dibang Wildlife Sanctuary(89 KB), Arunachal Pradesh",https://moef.gov.in/uploads/2019/10/dibang.pdf,[],27/05/2020,S.O. 1614(E),Q5272213,Dibang Wildlife Sanctuary,,,IUCN category IV: Habitat/Species Management Area,Arunachal Pradesh,29.047,95.79,,,,,,,,https://en.wikipedia.org/wiki/Dibang_Wildlife_Sanctuary,exact
21,Arunachal Pradesh,Dibang Wildlife Sanctuary,Wildlife Sanctuary,Final,2020-12-24,"21. S.O.4696(E) [24.12.2020] Final Notification declaring Eco Sensitive Zone around Dibang Wildlife Sanctuary, ,(1.32 MB) Arunachal Pradesh",https://moef.gov.in/uploads/2020/12/dibang.pdf,[],28/12/2020,S.O.4696(E),Q5272213,Dibang Wildlife Sanctuary,,,IUCN category IV: Habitat/Species Management Area,Arunachal Pradesh,29.047,95.79,,,,,,,,https://en.wikipedia.org/wiki/Dibang_Wildlife_Sanctuary,exact
35,Arunachal Pradesh,Sessa Orchid Wildlife Sanctuary,Wildlife Sanctuary,Draft,2023-08-22,"35. S.O. 3780(E) [22.08.2023] Draft Notification declaring Eco Sensitive Zone around Sessa Orchid(3,721 KB), Arunachal Pradesh",https://moef.gov.in/uploads/2023/11/ESZ-Draft-Sessa-Orchid-Sanctuary-Arunachal-pradesh.pdf,[],05/12/2023,S.O. 3780(E),Q15276427,Sessa Orchid Sanctuary,,http://commons.wikimedia.org/wiki/Special:FilePath/Coelogyne%20nitida.jpg,IUCN category IV: Habitat/Species Management Area,West Kameng district,27.2,92.5,,,100,,,,,https://en.wikipedia.org/wiki/Sessa_Orchid_Sanctuary,exact
30,Assam,Rajiv Gandhi Orang National Park,National Park,Draft,2015-09-22,"30. S.O. 2600 [22.09.2015] Draft ESZ Notification on Rajiv Gandhi Orang National Park[PDF],(9.76 MB) Assam & Map[PDF](365.73 KB)",https://moef.gov.in/uploads/2019/10/S.O.-2600-22.09.2015-Draft-ESZ-Notification-on-Rajiv-Gandhi-Orang-National-Park-Assam.pdf,[],6/11/2015,S.O. 2600,Q96401141,Rajiv Gandhi National Park,,,IUCN category II: National Park,Andhra Pradesh,14.726944444,78.560833333,,,,,,,,https://en.wikipedia.org/wiki/Rajiv_Gandhi_National_Park_(Rameswaram),fuzzy
36,Assam,Nameri Wildlife Sanctuary,Wildlife Sanctuary,Draft,2015-12-09,36. SO 3335(E)[09.12.2015] Draft notification declaring Eco-sensitive Zone around the Nameri Wildlife Sanctuary(1.58 MB) in the state of Assam& Map(126.08 KB),https://moef.gov.in/uploads/2017/06/SO%203335(E)%5B09.12.2015%5D%20Draft%20notification%20declaring%20Eco-sensitive%20Zone%20around%20the%20Nameri%20%20Wildlife%20Sanctuary%20in%20the%20state%20of%20Assam..pdf,[],30/12/2015,SO 3335(E),Q2989157,Nameri National Park,,http://commons.wikimedia.org/wiki/Special:FilePath/NAMERI%20NATIONAL%20PARK%20%2C%20ASSAM%2C%20INDIA%2C%20Wild%20Life.jpg,IUCN category II: National Park,Sonitpur district,27.01,92.79,Barpeta Road,,,,http://commons.wikimedia.org/wiki/Special:FilePath/Nameri%20National%20Park%20banner.jpg,Nameri National Park,,https://en.wikipedia.org/wiki/Nameri_National_Park,exact
22,Assam,Nameri National Park and Sonai-Rupai Wildlife,National Park,Final,2020-10-27,"22. S.O. 3881(E) [ 27.10.2020] Final Notification declaring Eco Sensitive Zone around Nameri National Park and Sonai-Rupai Wildlife (78 KB) Sanctuary , Assam",https://moef.gov.in/uploads/2019/02/nameri.pdf,[],02/11/2020,S.O. 3881(E),,,,,,,,,,,,,,,,,none
37,Assam,Nameri National Park,National Park,Draft,2019-02-04,"37. S.O. 653(E) [04.02.2019] Draft notification declaring Eco-sensitive Zone around the Nameri National Park(9.76 MB), AssamRe-notification New",https://moef.gov.in/uploads/2018/12/nameri.pdf,[],08/02/2019,S.O. 653(E),Q2989157,Nameri National Park,,http://commons.wikimedia.org/wiki/Special:FilePath/NAMERI%20NATIONAL%20PARK%20%2C%20ASSAM%2C%20INDIA%2C%20Wild%20Life.jpg,IUCN category II: National Park,Sonitpur district,27.01,92.79,Barpeta Road,,,,http://commons.wikimedia.org/wiki/Special:FilePath/Nameri%20National%20Park%20banner.jpg,Nameri National Park,,https://en.wikipedia.org/wiki/Nameri_National_Park,exact
38,Assam,Laokhowa-Burhachapori Wildlife Sanctuary,Wildlife Sanctuary,Draft,2015-11-27,"38. SO 3236(E)[27.11.2015] Draft notification declaring Eco-sensitive Zone around the Laokhowa-Burhachapori Wildlife Sanctuary (2.00 MB), Assam",https://moef.gov.in/uploads/2018/12/SO-3334E09.12.2015-Draft-notification-declaring-Eco-sensitive-Zone-around-the-Laokhowa-Burhachapori-Wildlife-Sanctuary-in-the-State-of-Assam.pdf,[],11/04/2016,SO 3236(E),,,,,,,,,,,,,,,,,none
39,Assam,Bherjan-Borajan Padumoni Wildlife Sanctuary,Wildlife Sanctuary,Draft,2015-12-09,39. SO 3334(E)[09.12.2015] Draft notification declaring Eco-sensitive Zone around the Bherjan-Borajan Padumoni Wildlife Sanctuary(4.1 MB) in the state of Assam,https://moef.gov.in/uploads/2017/06/SO%203334(E)%5B09.12.2015%5D%20Draft%20notification%20declaring%20Eco-sensitive%20Zone%20around%20the%20Bherjan-Borajan%20Padumoni%20Wildlife%20Sanctuary%20in%20the%20state%20of%20Assam.pdf,[],14/01/2016,SO 3334(E),,,,,,,,,,,,,,,,,none
40,Assam,Borajan-Bherjan-Padumoni Wildlife Sanctuary,Wildlife Sanctuary,Draft,2021-06-07,"40. S.O. 2181(E) [07.06.2021] Draft Notification declaring Eco Sensitive Zone around Borajan-Bherjan-Padumoni Wildlife Sanctuary ,Assam(9.76 MB), AssamRe-notification New",https://moef.gov.in/uploads/2021/06/berjan-borajan.pdf,[],14/06/2021,S.O. 2181(E),,,,,,,,,,,,,,,,,none
41,Assam,Amchang Wildlife Sanctuary,Wildlife Sanctuary,Draft,2016-03-21,"41. S.O.1166(E) [21.03.2016] Draft Notification declaring Eco sensitive Zone around Amchang Wildlife Sanctuary(1.06 MB), Assam",https://moef.gov.in/uploads/2017/06/Amchang%20Wildlife%20Sanctuary%2C%20Assam.pdf,[],11/04/2016,S.O.1166(E),Q19361617,Amchang Wildlife Sanctuary,,,IUCN category IV: Habitat/Species Management Area,Assam,26.18422,91.86213,,,78.64,,,,,https://en.wikipedia.org/wiki/Amchang_Wildlife_Sanctuary,exact
23,Assam,Amchang Wildlife Sanctuary,Wildlife Sanctuary,Final,2017-06-07,"23. S.O. 1817 (E) [07.06.2017] Final Notification declaring Eco Sensitive Zone around Amchang Wildlife Sanctuary(3.55 MB), Assam",https://moef.gov.in/uploads/2017/06/Amchang%20Wildlife%20Sanctuary%2C%20Assam_0.pdf,[],12/06/2017,S.O. 1817 (E),Q19361617,Amchang Wildlife Sanctuary,,,IUCN category IV: Habitat/Species Management Area,Assam,26.18422,91.86213,,,78.64,,,,,https://en.wikipedia.org/wiki/Amchang_Wildlife_Sanctuary,exact
42,Assam,Dibru-Saikhowa National Park,National Park,Draft,2016-04-08,"42. S.O. 1363(E) [08.04.2016] Draft Notification declaring Eco sensitive Zone around Dibru-Saikhowa National Park(1.01 MB), Assam",https://moef.gov.in/uploads/2017/06/Dibru-Saikhowa%20National%20Park%2C%20Assam.pdf,[],26/04/2016,S.O. 1363(E),Q1209353,Dibru-Saikhowa National Park,,http://commons.wikimedia.org/wiki/Special:FilePath/Dibru-Saikhowa%20National%20Park%20%282%29.jpg,IUCN category II: National Park,,27.649841,95.340294,Tinsukia,,,,,Dibru-Saikhowa National Park,,https://en.wikipedia.org/wiki/Dibru-Saikhowa_National_Park,exact
24,Assam,Dibru Saikhowa National,National Park,Final,2020-01-28,"24. S.O. 460(E) [28.01.2020] Final Notification declaring Eco Sensitive Zone around Dibru Saikhowa National (65 KB)Park, Assam",https://moef.gov.in/uploads/2019/10/dibru-saikhowa.pdf,[],11/02/2020,S.O. 460(E),,,,,,,,,,,,,,,,,none
43,Assam,Dibru-Saikhowa National Park,National Park,Draft,2018-05-22,"43. S.O. 2029(E) [22.05.2018] Draft Notification declaring Eco Sensitive Zone around Dibru-Saikhowa National Park(5.08 MB), Assam Re-Notification New",https://moef.gov.in/uploads/2018/05/dibru.pdf,[],24/04/2016,S.O. 2029(E),Q1209353,Dibru-Saikhowa National Park,,http://commons.wikimedia.org/wiki/Special:FilePath/Dibru-Saikhowa%20National%20Park%20%282%29.jpg,IUCN category II: National Park,,27.649841,95.340294,Tinsukia,,,,,Dibru-Saikhowa National Park,,https://en.wikipedia.org/wiki/Dibru-Saikhowa_National_Park,exact
44,Assam,Barail Wildlife Sanctuary,Wildlife Sanctuary,Draft,2016-04-08,"44. S.O. 1364(E) [08.04.2016] Draft Notification declaring Eco sensitive Zone around Barail Wildlife Sanctuary(1.79 MB), Assam",https://moef.gov.in/uploads/2017/06/Borail%20Wildlife%20Sanctuary%2C%20Assam.pdf,[],26/04/2016,S.O. 1364(E),,,,,,,,,,,,,,,,,none
25,Assam,Barail Wildlife Sanctuary,Wildlife Sanctuary,Final,2022-04-25,"25. S.O. 1924(E) [25.04.2022] Final Notification declaring Eco Sensitive Zone around Barail Wildlife Sanctuary,(245 KB) Assam.",https://moef.gov.in/uploads/2022/04/Final-Notification-S-O-No-1924.pdf,[],25/04/2022,S.O. 1924(E),,,,,,,,,,,,,,,,,none
45,Assam,Panidehing Bird Sanctuary,Bird Sanctuary,Draft,2016-04-19,"45. S.O. 1439 (E) [19.04.2016] Draft Notification declaring Eco Sensitive zone around Panidehing Bird Sanctuary(1.67 MB), Assam",https://moef.gov.in/uploads/2017/06/Panidehing%2C%20Assam.pdf,[],03/05/2016,S.O. 1439 (E),,,,,,,,,,,,,,,,,none
26,Assam,Panidehing Bird Sanctuary,Bird Sanctuary,Final,2022-04-25,"26. S.O. 1923(E) [25.04.2022] Final Notification declaring Eco Sensitive Zone around Panidehing Bird Sanctuary,(125 KB) Assam.",https://moef.gov.in/uploads/2022/04/Final-Notification-S-O-No-1923.pdf,[],25/04/2022,S.O. 1923(E),,,,,,,,,,,,,,,,,none
46,Assam,Panidehing Wildlife Sanctuary,Wildlife Sanctuary,Draft,2021-09-28,"46. S.O. 4021(E) [28.09.2021] Draft Notification declaring Eco Sensitive Zone around Panidehing Wildlife Sanctuary (3.02 MB), Assam Re-Notification New",https://moef.gov.in/uploads/2020/08/PANIDEHING-1.pdf,[],08/10/2021,S.O. 4021(E),,,,,,,,,,,,,,,,,none
47,Assam,Sonai Rupai Wildlife Sanctuary,Wildlife Sanctuary,Draft,2016-09-09,"47. S.O. 2907(E) [09.09.2016] Draft notification declaring Eco Sensitive Zone around Sonai Rupai Wildlife Sanctuary(847.9 KB), Assam",https://moef.gov.in/uploads/2017/06/Sonai%20Rupai%20Wildlife%20Sanctuary%20Assam.pdf,[],15/09/2016,S.O. 2907(E),Q3490050,Sonai Rupai Wildlife Sanctuary,,,IUCN category IV: Habitat/Species Management Area,,26.89416667,92.34583333,Tezpur,,,,,,,https://en.wikipedia.org/wiki/Sonai_Rupai_Wildlife_Sanctuary,exact
48,Assam,Hollongapar Gibbon Sanctuary,Wildlife Sanctuary,Draft,2018-05-07,"48. S.O. 1828(E) [07.05.2018] Draft Notification declaring Eco Sensitive Zone around Hollongapar Gibbon Sanctuary(9.29 MB), Assam",https://moef.gov.in/uploads/2018/05/Hollongapar-Gibbon-Sanctuary.pdf,[],14/05/2018,S.O. 1828(E),,,,,,,,,,,,,,,,,none
27,Assam,Hollongapur Gibbon Sanctuary,Wildlife Sanctuary,Final,2019-09-25,"27. S.O. 3462(E) [25.09.2019] Final Notification declaring Eco Sensitive Zone around Hollongapur Gibbon Sanctuary,(56 KB) Assam.",https://moef.gov.in/uploads/2018/12/hollongapar.pdf,[],30/09/2019,S.O. 3462(E),,,,,,,,,,,,,,,,,none
49,Assam,Dehing Patkai Sanctuary,Wildlife Sanctuary,Draft,2019-05-30,"49. S.O. 1915(E) [30.05.2019] Draft Notification declaring Eco Sensitive Zone around Dehing Patkai Sanctuary,(654 KB) Assam",https://moef.gov.in/uploads/2019/06/dehing-patkai.pdf,[],10/06/2019,S.O. 1915(E),Q5252276,Dehing Patkai National Park,,http://commons.wikimedia.org/wiki/Special:FilePath/Dehing%20Patkai.jpg,IUCN category II: National Park,Tinsukia district,27.331,95.526,,,231,,,Dehing Patkai National Park,,https://en.wikipedia.org/wiki/Dehing_Patkai_National_Park,exact
50,Assam,Chakrashila Wildlife Sanctuary,Wildlife Sanctuary,Draft,2020-06-04,"50. S.O. 1737(E) [04.06.2020] Draft Notification declaring Eco Sensitive Zone around Chakrashila Wildlife Sanctuary,(2.3 MB) Assam.",https://moef.gov.in/uploads/2019/10/chakrashila.pdf,[],10/06/2020,S.O. 1737(E),Q5068408,Chakrashila Wildlife Sanctuary,,,IUCN category IV: Habitat/Species Management Area,Assam,26.338,90.329,,,,,,,,https://en.wikipedia.org/wiki/Chakrashila_Wildlife_Sanctuary,exact
28,Assam,Chakrashila Wildlife Sanctuary,Wildlife Sanctuary,Final,,"28. S.O. 1716(E) [08.04.2021/30.04.2021] Final Notification declaring Eco Sensitive Zone around Chakrashila Wildlife Sanctuary,(56 KB). Assam.",https://moef.gov.in/uploads/2021/05/Chakrashila-Notification-1.pdf,[],03/05/2021,S.O. 1716(E),Q5068408,Chakrashila Wildlife Sanctuary,,,IUCN category IV: Habitat/Species Management Area,Assam,26.338,90.329,,,,,,,,https://en.wikipedia.org/wiki/Chakrashila_Wildlife_Sanctuary,exact
51,Assam,Deepar Beel Wildlife Sanctuary,Wildlife Sanctuary,Draft,2021-08-25,"51. S.O. 3494(E) [25.08.2021] Draft Notification declaring Eco Sensitive Zone around Deepar Beel Wildlife Sanctuary, in the state of Assam. (2.01 MB)",https://moef.gov.in/uploads/2020/08/deepar-bol.pdf,[],26/08/2021,S.O. 3494(E),Q136289030,Deepar Beel Wildlife Sanctuary,,,IUCN category IV: Habitat/Species Management Area,Assam,26.12,91.65,,,,,,,,https://en.wikipedia.org/wiki/Deepar_Beel_Wildlife_Sanctuary,exact
29,Assam,,,Final,,29.,,[],,,,,,,,,,,,,,,,,,,none
52,Assam,Borail Wildlife Sanctuary,Wildlife Sanctuary,Draft,2021-10-01,"52. S.O. 4064(E) [01.10.2021] Draft Notification declaring Eco Sensitive Zone around Borail Wildlife Sanctuary, in the state of Assam. (2.01 MB)",https://moef.gov.in/uploads/2020/08/borail.pdf,[],05/10/2021,S.O. 4064(E),Q19326278,Borail Wildlife Sanctuary,,,,Assam,25.082,92.678,,,,,,,,https://en.wikipedia.org/wiki/Borail_Wildlife_Sanctuary,exact
53,Bihar,Baraila Lake Salim Ali Jubba Sahni Bird Sanctuary,Bird Sanctuary,Draft,2015-08-31,"53. S.O. 2386 [31.08.2015] Draft ESZ Notification onBaraila Lake Salim Ali Jubba Sahni Bird Sanctuary(8.45 MB), Bihar & Map(200.93 KB)",https://moef.gov.in/uploads/2017/06/S.O.%202386%20%5B31.08.2015%5D%20Draft%20ESZ%20Notification%20on%20Baraila%20Lake%20Salim%20Ali%20Jubba%20Sahni%20Bird%20Sanctuary%2C%20Bihar.pdf,[],02/09/2015,S.O. 2386,,,,,,,,,,,,,,,,,none
30,Bihar,Baraila Lake Salim Ali Jubba Sahni Bird Sanctuary,Bird Sanctuary,Final,2016-11-23,"30. S.O. 3517(E) [23.11.2016] Final Notification declaring Eco Sensitive Zone around Baraila Lake Salim Ali Jubba Sahni Bird Sanctuary(1.2 MB), Bihar. S .O. No. 4337(E) [04.10.2024] Final Notification declaring Eco Sensitive Zone around Baraila Lake Salim Ali Jubba Sahni Bird Sanctuary(1.71 MB), Bihar.",https://moef.gov.in/uploads/2017/06/Baraila%20Lake%20Salim%20Ali%20Jubba%20Sahni%20Bird%20Sanctuary%2C%20Bihar%20Final%20Notification24-11-2016.pdf,[],08/10/2024,S.O. 3517(E),,,,,,,,,,,,,,,,,none
54,Bihar,Pant Wildlife Sanctuary,Wildlife Sanctuary,Draft,2015-09-17,"54. S.O. 2536 [17.09.2015] Draft ESZ Notification on Pant Wildlife Sanctuary(6.86 MB), Bihar & Map(238.15 KB)",https://moef.gov.in/uploads/2017/06/S.O.%202536%20%5B17.09.2015%5D%20Draft%20ESZ%20Notification%20on%20Pant%20Wildlife%20Sanctuary%2C%20Bihar.pdf,[],06/10/2015,S.O. 2536,Q85846882,Pant Wildlife Sanctuary,,,IUCN category IV: Habitat/Species Management Area,Nalanda district; Bihar,24.9928,85.4233,,,,,,,,https://en.wikipedia.org/wiki/Pant_Wildlife_Sanctuary,exact
31,Bihar,Rajgir Wildlife Sanctuary,Wildlife Sanctuary,Final,2017-01-10,"31. S.O. 71(E) [10.01.2017] Final Notification declaring Eco Sensitive Zone around Rajgir Wildlife Sanctuary,(1.41 MB)Bihar",https://moef.gov.in/uploads/2017/06/Rajgir%20Wildlife%20Sanctuary%2C%20Bihar.pdf,[],16/01/2017,S.O. 71(E),,,,,,,,,,,,,,,,,none
55,Bihar,Kaimur Wildlife Sanctuarry,Wildlife Sanctuary,Draft,2015-01-28,"55. S.O. No 274 [28.01.2015] Draft ESZ Notification onKaimur Wildlife Sanctuarry(1.06 MB), Bihar & Map(389.51 KB)",https://moef.gov.in/uploads/2017/06/S.O.%20No%20274%20%5B28.01.2015%5D%20Draft%20ESZ%20Notification%20on%20Kaimur%20Wildlife%20Sanctuary%2C%20Bihar.pdf,[],18/02/2015,S.O. No 274,,,,,,,,,,,,,,,,,none
32,Bihar,Kaimur-Wildlife-Sanctuary,Wildlife Sanctuary,Final,2015-12-30,32. SO 3549(E)[30.12.2015] Notification declaring Eco-sensitive Zone around the Kaimur Wildlife Sanctuary (687 KB) in the state of Bihar & Map (194 KB),https://moef.gov.in/uploads/2020/08/SO-3549E30.12.2015-Notification-declaring-Eco-sensitive-Zone-around-the-Kaimur-Wildlife-Sanctuary-in-the-state-of-Bihar..pdf,[],08/01/2015,SO 3549(E),,,,,,,,,,,,,,,,,none
56,Bihar,Vikramshila Gangetic Dolphin WLS,Wildlife Sanctuary,Draft,2015-11-09,"56. S.O. 3030 [09.11.2015] Vikramshila Gangetic Dolphin WLS(1.05 MB), Bihar & Map(102.67 KB)",https://moef.gov.in/uploads/2017/06/S.O.%203030%20%5B09.11.2015%5D%20Vikramshila%20Gangetic%20Dolphin%20WLS%2C%20Bihar.pdf,[],,S.O. 3030,Q7929607,Vikramshila Gangetic Dolphin Sanctuary,,http://commons.wikimedia.org/wiki/Special:FilePath/Ganga%20dolphin%20Bhagalpur.JPG,IUCN category IV: Habitat/Species Management Area,Bihar,25.269611111,87.026305555,,,,,,,,https://en.wikipedia.org/wiki/Vikramshila_Gangetic_Dolphin_Sanctuary,exact
57,Bihar,Udaipur Wildlife Sanctuary,Wildlife Sanctuary,Draft,2015-12-30,57. SO 3547(E)[30.12.2015] Draft notification declaring Eco-sensitive Zone around the Udaipur Wildlife Sanctuary(231.75 KB) in the state of Bihar & Map(197.68 KB),https://moef.gov.in/uploads/2017/06/SO%203547(E)%5B30.12.2015%5D%20Draft%20notification%20declaring%20Eco-sensitive%20Zone%20around%20the%20Udaipur%20Wildlife%20Sanctuary%20%20in%20the%20state%20of%20Bihar..pdf,[],08/01/2015,SO 3547(E),,,,,,,,,,,,,,,,,none
33,Bihar,Udaipur Wildlife Sanctuary,Wildlife Sanctuary,Final,2017-06-28,"33. S.O. 2030 (E) [28.06.2017] Final Notification declaring Eco Sensitive Zone around Udaipur Wildlife Sanctuary(2.55 MB), Bihar S .O. No. 5510(E) [20.12.2024] Amendment in the Final Notification of Eco-sensitive Zone around Udaipur Wildlife Sanctuary(1.75 MB), Bihar",https://moef.gov.in/uploads/2019/08/Udaipur-Wildlife-Sanctuary-Bihar.pdf,[],31/12/2024,S.O. 2030 (E),,,,,,,,,,,,,,,,,none
58,Bihar,Bhimbandh Wildlife Sanctuary,Wildlife Sanctuary,Draft,2016-03-11,"58. S.O. 1054(E) [11.03.2016] Draft Notification declaring Eco sensitive Zone around Bhimbandh Wildlife Sanctuary(635.07 KB), Bihar",https://moef.gov.in/uploads/2017/06/Bhimbandh%20Wildlife%20Sanctuary%2C%20Bihar.pdf,[],17/03/2016,S.O. 1054(E),Q15198953,Bhimbandh Wildlife Sanctuary,,,IUCN category IV: Habitat/Species Management Area,Munger district,25.23,86.28,,,681.99,,,Bhimbandh Wildlife Sanctuary,,https://en.wikipedia.org/wiki/Bhimbandh_Wildlife_Sanctuary,exact
34,Bihar,"Bhimbandh Wildlife Sanctuary,",Wildlife Sanctuary,Final,2024-09-06,"34. S .O. No. 3831(E) [06.09.2024] Amendment in the Final Notification of Eco-sensitive Zone around Bhimbandh Wildlife Sanctuary, (1.69 MB), Bihar.",https://moef.gov.in/uploads/pdf/bhimband-amendment.pdf,[],16/01/2017,S .O. No. 3831(E),Q15198953,Bhimbandh Wildlife Sanctuary,,,IUCN category IV: Habitat/Species Management Area,Munger district,25.23,86.28,,,681.99,,,Bhimbandh Wildlife Sanctuary,,https://en.wikipedia.org/wiki/Bhimbandh_Wildlife_Sanctuary,exact
59,Bihar,Gautam Buddha Wildlife Sanctuary,Wildlife Sanctuary,Draft,2016-04-08,"59. S.O. 1361(E) [08.04.2016] Draft Notification declaring Eco sensitive Zone around Gautam Buddha Wildlife Sanctuary(1.72 MB), Bihar",https://moef.gov.in/uploads/2017/06/e%20Gautam%20Buddha%20Wildlife%20Sanctuary%2C%20Bihar.pdf,[],26/04/2016,S.O. 1361(E),,,,,,,,,,,,,,,,,none
35,Bihar,Gautam Buddha Wildlife Sanctuary,Wildlife Sanctuary,Final,2017-07-12,"35. S.O. 2200 (E) [12.07.2017] Final Notification Declaring Eco Sensitive Zone around Gautam Buddha Wildlife Sanctuary,(1.68 MB) Bihar S .O. No. 5383(E) [13.12.2024] Amendment in the Final Notification of Eco-sensitive Zone around Gautam Buddha Wildlife Sanctuary,(1.73 MB) Bihar",https://moef.gov.in/uploads/2017/06/Gautam%20Buddha%20Wildlife%20Sanctuary%2C%20Bihar.pdf,[],19/12/2024,S.O. 2200 (E),,,,,,,,,,,,,,,,,none
60,Bihar,Kusheshwar Asthan Bird Sanctuary,Bird Sanctuary,Draft,2016-05-19,"60. S.O. 1823(E) [19.05.2016] Draft Notification declaring Eco Sensitive Zone around Kusheshwar Asthan Bird Sanctuary(765.63 KB), Bihar",https://moef.gov.in/uploads/2017/06/Kusheshwar%20Asthan%20Bird%20Sanctuary%2C%20Bihar.pdf,[],26/05/2016,S.O. 1823(E),Q135350403,Kusheshwar Asthan Bird Sanctuary,,,IUCN category IV: Habitat/Species Management Area,Bihar,25.8315,86.3044,,,,,,,,https://en.wikipedia.org/wiki/Kusheshwar_Asthan_Bird_Sanctuary,exact
36,Bihar,Kusheshwar Asthan Bird Sanctuary,Bird Sanctuary,Final,2017-08-22,"36. S.O. 2735 [22.08.2017] Final Notification declaring Eco Sensitive Zone around Kusheshwar Asthan Bird Sanctuary(2.14 MB), Bihar",https://moef.gov.in/uploads/2017/06/Kusheshwar%20Asthan%20Bird%20Sanctuary%20Bihar%20Final.pdf,[],11/09/2017,S.O. 2735,Q135350403,Kusheshwar Asthan Bird Sanctuary,,,IUCN category IV: Habitat/Species Management Area,Bihar,25.8315,86.3044,,,,,,,,https://en.wikipedia.org/wiki/Kusheshwar_Asthan_Bird_Sanctuary,exact
61,Bihar,Valmiki Wildlife Sanctuary,Wildlife Sanctuary,Draft,2016-05-19,"61. S.O. 1824(E) [19.05.2016] Draft Notification declaring Eco Sensitive Zone around Valmiki Wildlife Sanctuary(1017.42 KB), Bihar",https://moef.gov.in/uploads/2017/06/Valmiki%20Wildlife%20Sanctuary%2C%20Bihar.pdf,[],01/06/2016,S.O. 1824(E),Q2428291,Valmiki National Park,,http://commons.wikimedia.org/wiki/Special:FilePath/Valmiki%20tiger%20reserve.jpg,IUCN category II: National Park,Bihar,27.0652,84.1793,,,,,,Valmiki National Park,,https://en.wikipedia.org/wiki/Valmiki_National_Park,exact
37,Bihar,Valmiki Wildlife Sanctuary Valmiki National Park and Valmiki Tiger Reserve,Tiger Reserve,Final,2017-09-13,"37. S.O. 3026 (E) [13.09.2017] Final Notification declaring Eco Sensitive Zone around Valmiki Wildlife Sanctuary, Valmiki National Park and Valmiki Tiger Reserve(4.23 MB), Bihar",https://moef.gov.in/uploads/2017/06/Valmiki%20Wildlife%20Sanctuary%2C%20Valmiki%20National%20Park%20and%20Valmiki%2C%20Bihar%20Final.pdf,[],19/09/2017,S.O. 3026 (E),,,,,,,,,,,,,,,,,none
38,Bihar,Valmiki Wildlife Sanctuary Valmiki National Park and Valmiki Tiger Reserve,Tiger Reserve,Final,2021-07-09,"38. S.O. 2765(E) [09.07.2021] Amendment in final Notification declaring Eco Sensitive Zone around Valmiki Wildlife Sanctuary, Valmiki National Park and Valmiki Tiger Reserve, in the State of (4.23 MB), Bihar",https://moef.gov.in/uploads/2021/07/Valmiki-Notification-1.pdf,[],12/07/2021,S.O. 2765(E),,,,,,,,,,,,,,,,,none
62,Bihar,Nagi Dam Bird Sanctuary,Bird Sanctuary,Draft,2016-06-24,"62. S.O. 2198(E) [24.06.2016] Draft Notification declaring Eco Sensitive Zone around Nagi Dam Bird Sanctuary(796.04 KB), Bihar",https://moef.gov.in/uploads/2017/06/Nagi%20Dam%20Bird%20Sanctuary%2C%20Bihar.pdf,[],21/07/2016,S.O. 2198(E),,,,,,,,,,,,,,,,,none
63,Bihar,Nakti Dam Bird Sanctuary,Bird Sanctuary,Draft,2016-06-24,"63. S.O. 2197(E) [24.06.2016] Draft Notification declaring Eco Sensitive Zone around Nakti Dam Bird Sanctuary(672.22 KB), Bihar",https://moef.gov.in/uploads/2019/10/Nakti-Dam-Bird-Sanctuary-Bihar.pdf,[],21/07/2016,S.O. 2197(E),Q130974254,Nakti Dam Wildlife Sanctuary,,,IUCN category IV: Habitat/Species Management Area,Bihar,24.8175,86.4,,,,,,,,https://en.wikipedia.org/wiki/Nakti_Dam_Wildlife_Sanctuary,exact
64,Chandigarh,City Bird Sanctuary,Bird Sanctuary,Draft,2015-07-27,"64. S.O. 2045 [27.07.2015] Draft ESZ Notification on City Bird Sanctuary(13.42 MB), UT Chandigarh & Map(345.05 KB)",https://moef.gov.in/uploads/2017/06/S.O.%202045%20%5B27.07.2015%5D%20Draft%20ESZ%20Notification%20on%20City%20Bird%20Sanctuary%2C%20UT%20Chandigarh.pdf,[],10/09/2015,S.O. 2045,,,,,,,,,,,,,,,,,none
39,Chandigarh,Bird Sanctuary Union Territory,Bird Sanctuary,Final,2017-01-10,"39. S. O. 69 (E) [10.01.2017] Final Notification declaring Eco Sensitive Zone around City Bird Sanctuary, Union Territory(1.39 MB), Chandigarh",https://moef.gov.in/uploads/2017/06/City%20Bird%20Sanctuary%2C%20Chandigarh_1.pdf,[],12/01/2017,S. O. 69 (E),,,,,,,,,,,,,,,,,none
65,Chandigarh,Sukhna Wildlife Sanctuary,Wildlife Sanctuary,Draft,2015-09-17,"65. S.O. 2541 (E) [17.09.2015] Draft ESZ Notification on Sukhna Wildlife Sanctuary(5.67 MB), Chandigarh & Map(308.67 KB)",https://moef.gov.in/uploads/2017/06/S.O.%202541%20(E)%20%5B17.09.2015%5D%20Draft%20ESZ%20Notification%20on%20Sukhna%20Wildlife%20Sanctuary%2C%20Punjab.pdf,[],,S.O. 2541 (E),,,,,,,,,,,,,,,,,none
40,Chandigarh,Sukhna Wildlife Sanctuary,Wildlife Sanctuary,Final,2017-01-19,"40. S.O. 185 (E) [19.01.2017] Final Notification declaring Eco-Sensitive Zone around Sukhna Wildlife Sanctuary,(1.99 MB) Chandigarh.",https://moef.gov.in/uploads/2017/06/Sukhna%20Wildlife%20Sanctuary%2C%20Chandigarh.pdf,[],25/01/2017,S.O. 185 (E),,,,,,,,,,,,,,,,,none
66,Chattisgarh,Barnawapara Wildlife,Wildlife Sanctuary,Draft,2016-01-14,"66. S.O.251(E) [14.01.2016] Draft Notification declaring Eco sensitive Zone around Barnawapara Wildlife Sanctuary(638.87 KB), Chhattisgarh Map1(118.34 KB)Map2(112.42 KB) Map3(126.47 KB) Map4(115.98 KB)",https://moef.gov.in/uploads/2019/10/S.O.251E-14.01.2016-Draft-Notification-declaring-Eco-sensitive-Zone-around-Barnawapara-Wildlife-Sanctuary-Chhattisgarh-1.pdf,[],24/02/2016,S.O.251(E),,,,,,,,,,,,,,,,,none
41,Chattisgarh,Barnawapara Wildlife Sanctuary,Wildlife Sanctuary,Final,2017-07-12,"41. S.O. 2201 (E) [12.07.2017] Final Notification Declaring Eco Sensitive Zone around Barnawapara Wildlife Sanctuary,(5.07 MB) Chhattisgarh. S .O. No. 4386(E) [09.10.2024] Final Notification Declaring Eco Sensitive Zone around Barnawapara Wildlife Sanctuary,(1.74 MB) Chhattisgarh.",https://moef.gov.in/uploads/2017/06/Barnawapara%20Wildlife%20Sanctuary%2C%20Chhattisgarh.pdf,[],11/10/2024,S.O. 2201 (E),Q104879966,Barnawapara Wildlife sanctuary,,,IUCN category IV: Habitat/Species Management Area,Chhattisgarh,21.5,82.47,,,,,,,,https://en.wikipedia.org/wiki/Barnawapara_Wildlife_Sanctuary,exact
67,Chattisgarh,Pamed Wildlife Sanctuary,Wildlife Sanctuary,Draft,2016-01-18,"67. S. O. 252(E) [18.01.2016] Draft Notification declaring Eco sensitive Zone around Pamed Wildlife Sanctuary(730.92 KB), Chhattisgarh Map1(118.87 KB) Map2(108.19 KB) Map3(120.77 KB) Map4(111.92 KB)",https://moef.gov.in/uploads/2019/10/S.-O.-252E-18.01.2016-Draft-Notification-declaring-Eco-sensitive-Zone-around-Pamed-Wildlife-Sanctuary-Chhattisgarh.pdf,[],25/02/2016,S. O. 252(E),Q130974386,Pamed Wildlife Sanctuary,,,IUCN category IV: Habitat/Species Management Area,Chhattisgarh,18.3171,80.841,,,,,,,,https://en.wikipedia.org/wiki/Pamed_Wildlife_Sanctuary,exact
42,Chattisgarh,Pamed Wildlife Sanctuary,Wildlife Sanctuary,Final,2017-07-20,"42. S.O. 2273 (E) [20.07.2017] Final Notification declaring Eco Sensitive Zone around Pamed Wildlife Sanctuary,(2.43 MB) Chhattisgarh",https://moef.gov.in/uploads/2017/06/Pamed%20Wildlife%20Sanctuary%2C%20Chhattisgarh%20(1)_1.pdf,[],24/07/2017,S.O. 2273 (E),Q130974386,Pamed Wildlife Sanctuary,,,IUCN category IV: Habitat/Species Management Area,Chhattisgarh,18.3171,80.841,,,,,,,,https://en.wikipedia.org/wiki/Pamed_Wildlife_Sanctuary,exact
68,Chattisgarh,Gomarda Wildlife Sanctuary,Wildlife Sanctuary,Draft,2016-02-19,"68. S.O.570(E) [19.02.2016] Draft Notification declaring Eco sensitive Zone around Gomarda Wildlife Sanctuary(304.92 KB), Chhattisgarh Map1(124.96 KB) Map2(117 KB)Map3(123.04 KB) Map4(119.04 KB)",https://moef.gov.in/uploads/2017/06/Gomarda%20Wildlife%20Sanctuary%2C%20Chhatisgarh.pdf,[],11/03/2016,S.O.570(E),,,,,,,,,,,,,,,,,none
69,Chattisgarh,Semarsot Wildlife Sanctuary,Wildlife Sanctuary,Draft,2016-03-21,"69. S.O. 1165(E) [21.03.2016] Draft Notification declaring Eco sensitive Zone around Semarsot Wildlife Sanctuary(2.76 MB), Chhatisgarh Map1(120.43 KB) Map2(111.99 KB)Map3(117.32 KB) Map4(115.09 KB)",https://moef.gov.in/uploads/2017/06/Semarsot%20Wildlife%20Sanctuary%2C%20CHHATTISGARH.pdf,[],30/03/2016,S.O. 1165(E),Q130974396,Semarsot Wildlife Sanctuary,,,IUCN category IV: Habitat/Species Management Area,Chhattisgarh,23.548,83.5283,,,430.35,,,,,https://en.wikipedia.org/wiki/Semarsot_Wildlife_Sanctuary,exact
70,Chattisgarh,Badalkhol Wildlife Sanctuary,Wildlife Sanctuary,Draft,2016-03-29,"70. S.O. 1246(E) [29.03.2016] Draft Notification declaring Eco sensitive Zone around Badalkhol Wildlife Sanctuary(1.85 MB), Chhattisgarh",https://moef.gov.in/uploads/2017/06/Badalkhol%20Wildlife%20Sanctuary%2C%20Chhattisgarh.pdf,[],05/04/2016,S.O. 1246(E),Q130974349,Badalkhol Wildlife Sanctuary,,,IUCN category IV: Habitat/Species Management Area,Chhattisgarh,22.552222222,81.734722222,,,,,,,,https://en.wikipedia.org/wiki/Badalkhol_Wildlife_Sanctuary,exact
71,Chattisgarh,Bhoramdeo Wildlife Sanctuary,Wildlife Sanctuary,Draft,2023-10-09,"71. S.O. 4381(E) [09.10.2023] Re-Draft Notification declaring Eco Sensitive Zone around Bhoramdeo Wildlife Sanctuary, (2,741 KB) in the state of ChhattisgarhRe-notification New",https://moef.gov.in/uploads/2023/11/SO4381(E)-bordamdeo.pdf,[],09/10/2023,S.O. 4381(E),,,,,,,,,,,,,,,,,none
72,Chattisgarh,Udanti Sitanadi Tiger Reserve,Tiger Reserve,Draft,2017-11-22,"72. S.O. 3712(E) [22.11.2017] Draft Notification declaring Eco Sensitive Zone around Udanti Sitanadi Tiger Reserve,(5.15 MB) Chhattisgarh.",https://moef.gov.in/uploads/2017/06/udanti-sitandi(1).pdf,[],29/11/2017,S.O. 3712(E),,,,,,,,,,,,,,,,,none
73,Chattisgarh,Kanger Valley National Park,National Park,Draft,,"73. Draft Notification declaring Eco Sensitive Zone around Kanger Valley National Park, (5.15 MB) Chhattisgarh.",https://moef.gov.in/uploads/2018/05/kanger-valley.pdf,[],01/05/2018,,,,,,,,,,,,,,,,,,none
43,Chattisgarh,Kanger Valley Wildlife Sanctuary,Wildlife Sanctuary,Final,2019-10-10,"43. S.O. 3653(E) [10.10.2019] Final Notification declaring Eco Sensitive Zone around Kanger Valley Wildlife Sanctuary, (90 KB)Chhattisgarh.",https://moef.gov.in/uploads/2018/12/kanger.pdf,[],17/10/2019,S.O. 3653(E),,,,,,,,,,,,,,,,,none
74,Chattisgarh,Achanakmar WLS,Wildlife Sanctuary,Draft,2018-04-16,"74. S.O. 1654(E) [16.04.2018] Draft Notification declaring Eco Sensitive Zone around Achanakmar WLS,(5.15 MB) Chhattisgarh.",https://moef.gov.in/uploads/2018/05/Achanakmar-1.pdf,[],01/05/2018,S.O. 1654(E),Q4673468,Achanakmar Wildlife Sanctuary,,http://commons.wikimedia.org/wiki/Special:FilePath/Achankmar%20Tiger.jpg,IUCN category IV: Habitat/Species Management Area,Chhattisgarh,22.5502338,81.734942,,,,http://wwfindia.org/about_wwf/critical_regions/satpura_maikal/kanha_achanakmar/,,Achanakmar Wildlife Sanctuary,,https://en.wikipedia.org/wiki/Achanakmar_Wildlife_Sanctuary,exact
44,Chattisgarh,Achanakmar Wildlife Sanctuary,Wildlife Sanctuary,Final,2019-10-10,"44. S.O. 3654(E) [10.10.2019] Final Notification declaring Eco Sensitive Zone around Achanakmar Wildlife Sanctuary,(68 KB) Chhattisgarh.",https://moef.gov.in/uploads/2018/12/achanakmar.pdf,[],17/10/2019,S.O. 3654(E),Q4673468,Achanakmar Wildlife Sanctuary,,http://commons.wikimedia.org/wiki/Special:FilePath/Achankmar%20Tiger.jpg,IUCN category IV: Habitat/Species Management Area,Chhattisgarh,22.5502338,81.734942,,,,http://wwfindia.org/about_wwf/critical_regions/satpura_maikal/kanha_achanakmar/,,Achanakmar Wildlife Sanctuary,,https://en.wikipedia.org/wiki/Achanakmar_Wildlife_Sanctuary,exact
75,Dadra Nagar Haveli,Dadra Nagar Haveli,,Draft,2014-11-17,75. S.O. 2927 [17.11.2014] Draft ESZ Notification on Dadra & Nagar Haveli(1 MB),https://moef.gov.in/uploads/2017/06/S.O.%202927%20%5B17.11.2014%5D%20Draft%20ESZ%20Notification%20on%20Dadra%20%26%20Nagar%20Haveli.pdf,[],02/01/2014,S.O. 2927,,,,,,,,,,,,,,,,,none
45,Dadra Nagar Haveli,Dadra and Nagar Haveli WLS,Wildlife Sanctuary,Final,2015-09-04,45. S.O. 2413 [04.09.2015] Final ESZ Notification on Dadra and Nagar Haveli WLS(11.3 MB),https://moef.gov.in/uploads/2017/06/S.O.%202413%20%5B04.09.2015%5D%20Final%20ESZ%20Notification%20on%20Dadra%20and%20Nagar%20Haveli%20WLS.pdf,[],21/09/2015,S.O. 2413,Q115804851,Dadra and Nagar Haveli Wildlife Sanctuary,,,IUCN category IV: Habitat/Species Management Area,Dadra and Nagar Haveli district,20.2899,73.0949,,,,,,,,https://en.wikipedia.org/wiki/Dadra_and_Nagar_Haveli_Wildlife_Sanctuary,exact
76,Delhi,Asola Bhatti Wildlife Sanctuary,Wildlife Sanctuary,Draft,2016-06-15,"76. S.O. 2114(E) [15.06.2016] Draft Notification declaring Eco Sensitive Zone around Asola Bhatti Wildlife Sanctuary(696.89 KB), NCT, Delhi",https://moef.gov.in/uploads/2017/06/Asola%20Bhatti%20Wildlife%20Sanctuary%2C%20Delhi.pdf,[],22/06/2016,S.O. 2114(E),Q4807575,Asola Bhatti Wildlife Sanctuary,,,IUCN category IV: Habitat/Species Management Area,Delhi,28.4762,77.23,,,,,,Asola-Bhatti Wildlife Sanctuary,,https://en.wikipedia.org/wiki/Asola_Bhatti_Wildlife_Sanctuary,exact
46,Delhi,Asola Bhatti Wildlife Sanctuary,Wildlife Sanctuary,Final,2017-09-12,"46. S.O. 2996 (E) [12.09.2017] Final Notification declaring Eco Sensitive Zone around Asola Bhatti Wildlife Sanctuary,(1.9 MB) NCT, Delhi",https://moef.gov.in/uploads/2017/06/Asola%20Bhatti%20Wildlife%20Sanctuary%2C%20New%20Delhi%20Final.pdf,[],14/09/2017,S.O. 2996 (E),Q4807575,Asola Bhatti Wildlife Sanctuary,,,IUCN category IV: Habitat/Species Management Area,Delhi,28.4762,77.23,,,,,,Asola-Bhatti Wildlife Sanctuary,,https://en.wikipedia.org/wiki/Asola_Bhatti_Wildlife_Sanctuary,exact
77,Goa,Dr Salim Ali Wildlife Sanctuary,Wildlife Sanctuary,Draft,2014-03-03,"77. S.O. 542 [03.03.2014] Draft ESZ Notification on Dr Salim Ali Wildlife Sanctuary(384.92 KB), Goa",https://moef.gov.in/uploads/2017/06/S.O.%20542%20%5B03.03.2014%5D%20Draft%20ESZ%20Notification%20on%20Dr%20Salim%20Ali%20Wildlife%20Sanctuary%2C%20Goa.pdf,[],,S.O. 542,Q2667857,Salim Ali National Park,,http://commons.wikimedia.org/wiki/Special:FilePath/RSGC.jpg,IUCN category II: National Park,Srinagar,34.081,74.804,Srinagar,,,,,,,https://en.wikipedia.org/wiki/Salim_Ali_National_Park,fuzzy
47,Goa,Dr. Salim Ali Wildlife Sanctuary,Bird Sanctuary,Final,2015-02-23,"47. S.O. No. 607, [23.02.2015] Final ESZ Notification onDr. Salim Ali Wildlife Sanctuary (2.13 MB),Goa S.O. No. 3514(E) [07.08.2023] Amendment in the Final Notification of Eco-sensitive Zone around Dr. Salim Ali Bird Sanctuary, in the state of Goa (1,107 KB), Goa S .O. No. 3740(E) [02.09.2024] Amendment in the Final Notification of Eco-sensitive Zone around Dr. Salim Ali Bird Sanctuary, in the state of Goa (1.76 MB), Goa",https://moef.gov.in/uploads/2017/06/S.O.%20No.%20607%2C%20%5B23.02.2015%5D%20Final%20ESZ%20Notification%20on%20Dr.%20Salim%20Ali%20Wildlife%20Sanctuary%20Goa_0.pdf,[],04/09/2024,S.O. No. 607,Q2667857,Salim Ali National Park,,http://commons.wikimedia.org/wiki/Special:FilePath/RSGC.jpg,IUCN category II: National Park,Srinagar,34.081,74.804,Srinagar,,,,,,,https://en.wikipedia.org/wiki/Salim_Ali_National_Park,fuzzy
78,Goa,Cotigao Wildlife Sanctuary,Wildlife Sanctuary,Draft,2014-03-03,"78. S.O. 630 [03.03.2014] Draft ESZ Notifictaion on Cotigao Wildlife Sanctuary(598.25 KB), Goa",https://moef.gov.in/uploads/2017/06/S.O.%20630%20%5B03.03.2014%5D%20Draft%20ESZ%20Notifictaion%20on%20Cotigao%20Wildlife%20Sanctuary%2C%20Goa.pdf,[],,S.O. 630,Q5175367,Cotigao Wildlife Sanctuary,,,,Canacona taluk,14.976,74.206,,,,,,,,https://en.wikipedia.org/wiki/Cotigao_Wildlife_Sanctuary,exact
48,Goa,Cotigao WLS,Wildlife Sanctuary,Final,2015-02-24,"48. S.O. No. 438 [24.02.2015] Final ESZ Notification onCotigao WLS(820.21 KB), Goa “S.O. No. 5702(E) [07.12.2022] Amendment in the Final Notification of Eco-sensitive Zone around Cotigao Wildlife Sanctuary in the state of Goa(1,199 KB), Goa",https://moef.gov.in/uploads/2017/06/S.O.%20No.%20438%20%5B24.02.2015%5D%20Final%20ESZ%20Notification%20on%20Cotigao%20WLS%2C%20Goa.pdf,[],24-12-2022,S.O. No. 438,Q5175367,Cotigao Wildlife Sanctuary,,,,Canacona taluk,14.976,74.206,,,,,,,,https://en.wikipedia.org/wiki/Cotigao_Wildlife_Sanctuary,exact
79,Goa,Netravali Wildlife Sanctuary,Wildlife Sanctuary,Draft,2014-03-03,"79. S.O. 631 [03.03.2014] Draft ESZ Notifictaion onNetravali Wildlife Sanctuary(831.2 KB), Goa",https://moef.gov.in/uploads/2017/06/S.O.%20631%20%5B03.03.2014%5D%20Draft%20ESZ%20Notifictaion%20on%20Netravali%20Wildlife%20Sanctuary%2C%20Goa.pdf,[],24/03/2014,S.O. 631,Q16887542,Netravali Wildlife Sanctuary,,,IUCN category IV: Habitat/Species Management Area,Goa,15.1085,74.2561,,,,,,,,https://en.wikipedia.org/wiki/Netravali_Wildlife_Sanctuary,exact
49,Goa,Netravali WLS,Wildlife Sanctuary,Final,2015-02-17,"49. S.O. No. 555 [17.02.2015] Final ESZ Notification onNetravali WLS (1.56 MB), Goa",https://moef.gov.in/uploads/2017/06/S.O.%20No.%20555%20%5B17.02.2015%5D%20Final%20ESZ%20Notification%20on%20Netravali%20WLS%20%2C%20Goa.pdf,[],,S.O. No. 555,Q16887542,Netravali Wildlife Sanctuary,,,IUCN category IV: Habitat/Species Management Area,Goa,15.1085,74.2561,,,,,,,,https://en.wikipedia.org/wiki/Netravali_Wildlife_Sanctuary,exact
80,Goa,Madei Wildlife Sanctuary,Wildlife Sanctuary,Draft,2014-03-03,"80. S.O. 632 [03.03.2014] Draft ESZ Notification on Madei Wildlife Sanctuary(631.87 KB), Goa",https://moef.gov.in/uploads/2017/06/S.O.%20632%20%5B03.03.2014%5D%20Draft%20ESZ%20Notification%20on%20Madei%20Wildlife%20Sanctuary%2C%20Goa.pdf,[],24/03/2014,S.O. 632,,,,,,,,,,,,,,,,,none
50,Goa,Madei WLS,Wildlife Sanctuary,Final,2015-02-25,"50. S.O. 616 [25.02.2015] Final ESZ Notification on Madei WLS(2.48 MB), Goa S .O. No. 3754(E) [03.09.2024] Amendment in the Final Notification of Eco-sensitive Zone around Madei WLS(1.74 MB), Goa",https://moef.gov.in/uploads/2017/06/S.O.%20616%20%5B25.02.2015%5D%20Final%20ESZ%20Notification%20on%20Madei%20WLS%2C%20Goa.pdf,[],04/09/2024,S.O. 616,,,,,,,,,,,,,,,,,none
81,Goa,Bhagwan Mahaveer Wildlife Sanctuary and National Park,National Park,Draft,2014-03-13,"81. S.O. 635 [13.03.2014] Draft Notification on Bhagwan Mahaveer Wildlife Sanctuary and National Park(986.51 KB), Goa",https://moef.gov.in/uploads/2017/06/S.O.%20635%20%5B13.03.2014%5D%20Draft%20Notification%20on%20Bhagwan%20Mahaveer%20Wildlife%20Sanctuary%20and%20National%20Park%2C%20Goa.pdf,[],24/03/2014,S.O. 635,Q2397554,Bhagwan Mahaveer Sanctuary and Mollem National Park,,http://commons.wikimedia.org/wiki/Special:FilePath/Mollem%20ticket%20sign.JPG,IUCN category II: National Park,South Goa District,15.37361111,74.25861111,,,107,,,Bhagwan Mahaveer Sanctuary and Mollem National Park,,https://en.wikipedia.org/wiki/Bhagwan_Mahaveer_Sanctuary_and_Mollem_National_Park,fuzzy
51,Goa,Bhagwan Mahaveer WLS,Wildlife Sanctuary,Final,2015-01-23,"51. S.O. No. 221 [23.01.2015] Final ESZ Notification onBhagwan Mahaveer WLS(1.51 MB) ,Goa S.O. No. 3513(E) [07.08.2023] Amendment in the Final Notification of Eco-sensitive Zone around Bhagwan Mahaveer Wildlife Sanctuary, in the state of Goa (1,106 KB), Goa S .O. No. 3548 (E) [21.08.2024] Amendment in the Final Notification of Eco-sensitive Zone around Amendment in the Final Notification of Eco-sensitive Zone around Bhagwan Mahaveer Wildlife Sanctuary, in the state of Goa (2.14 MB), Goa",https://moef.gov.in/uploads/2017/06/S.O.%20No.%20221%20%5B23.01.2015%5D%20Final%20ESZ%20Notification%20on%20Bhagwan%20Mahaveer%20WLS%20Goa.pdf,[],23/08/2024,S.O. No. 221,,,,,,,,,,,,,,,,,none
82,Goa,Bondla Wildlife Sanctuary,Wildlife Sanctuary,Draft,2014-03-03,"82. S.O. 633(E) [03.03.2014] Draft Notification declaring Eco Sensitive zone around Bondla Wildlife Sanctuary(972.99 KB), Goa",https://moef.gov.in/uploads/2017/06/Bondla%2C%20Goa.pdf,[],03/05/2016,S.O. 633(E),Q4941423,Bondla Wildlife Sanctuary,,,,,15.4268,74.1136,,,,,http://commons.wikimedia.org/wiki/Special:FilePath/Bondla%20Banner.jpg,Bondla Wildlife Sanctuary,,https://en.wikipedia.org/wiki/Bondla_Wildlife_Sanctuary,exact
52,Goa,Bondla WLS,Wildlife Sanctuary,Final,2015-01-25,"52. S.O. 615 [25.01.2015] Final ESZ Notification on Bondla WLS(863.6 KB), Goa S.O. No. 3026(E) [29.07.2024] Amendment in the Final Notification of Eco-sensitive Zone around Bondla Wildlife Sanctuary, in the state of Goa (1,072 KB), Goa",https://moef.gov.in/uploads/2017/06/S.O.%20615%20%5B25.01.2015%5D%20Final%20ESZ%20Notification%20on%20Bondla%20WLS%2C%20Goa.pdf,[],,S.O. 615,Q4941423,Bondla Wildlife Sanctuary,,,,,15.4268,74.1136,,,,,http://commons.wikimedia.org/wiki/Special:FilePath/Bondla%20Banner.jpg,Bondla Wildlife Sanctuary,,https://en.wikipedia.org/wiki/Bondla_Wildlife_Sanctuary,exact
83,Gujarat,Marine National Park and Marine Sanctuary,National Park,Draft,2012-02-29,"83. S.O. 353 (E) [29.2.2012] Draft Notification declaring Eco sensitive Zone around Marine National Park and Marine Sanctuary(762.62 KB), Gujarat",https://moef.gov.in/uploads/2017/06/Marine%20national%20park%2C%20Gujarat.pdf,[],04/04/2016,S.O. 353 (E),,,,,,,,,,,,,,,,,none
53,Gujarat,Marine National and Marine Sanctuary,National Park,Final,2013-08-22,"53. S.O. 2561 [22.08.2013] Final ESZ Notification on Marine National and Marine Sanctuary(2.13 MB), Gujarat",https://moef.gov.in/uploads/2017/06/S.O.%202561%20%5B22.08.2013%5D%20Final%20ESZ%20Notification%20on%20Marine%20National%20and%20Marine%20Sanctuary%2C%20Gujarat.pdf,[],06/09/2013,S.O. 2561,,,,,,,,,,,,,,,,,none
84,Gujarat,Girnar WL Sanctuary,Wildlife Sanctuary,Draft,2011-06-01,"84. S.O. 1264 [01.06.2011] Draft ESZ Notification on Girnar WL Sanctuary(1.78 MB), Gujarat",https://moef.gov.in/uploads/2017/06/S.O.%201264%20%5B01.06.2011%5D%20Draft%20ESZ%20Notification%20on%20on%20Girnar%20WL%20Sanctuary%2C%20Gujarat.pdf,[],,S.O. 1264,Q131939336,Girnar Wildlife Sanctuary,,,IUCN category IV: Habitat/Species Management Area,Gujarat,21.416666666,70.5,,,,,,,,https://en.wikipedia.org/wiki/Girnar_Wildlife_Sanctuary,fuzzy
54,Gujarat,Girnar Reserve Forest,Wildlife Sanctuary,Final,2012-05-31,"54. S.O. 1260 [31.05.2012] Final ESZ Notification onGirnar Reserve Forest(1.43 MB), Gujarat S.O. No. 5236 (E) [10.11.2022] Amendment in the ESZ Notification around Girnar Wildlife Sanctuary, in the state of Gujarat. (1,054 KB), Gujarat",https://moef.gov.in/uploads/2017/06/S.O.%201260%20%5B31.05.2012%5D%20Final%20ESZ%20Notification%20on%20Girnar%20Reserve%20Forest%2C%20Gujarat.pdf,[],26/05/2013 & 16/11/2022,S.O. 1260,Q131939336,Girnar Wildlife Sanctuary,,,IUCN category IV: Habitat/Species Management Area,Gujarat,21.416666666,70.5,,,,,,,,https://en.wikipedia.org/wiki/Girnar_Wildlife_Sanctuary,exact
85,Gujarat,Narayan Sarovar Wildlife Sanctuary,Wildlife Sanctuary,Draft,2011-06-01,"85. S.O. 1265 [01.06.2011] Draft ESZ Notification onNarayan Sarovar Wildlife Sanctuary(1.18 MB), Gujarat",https://moef.gov.in/uploads/2017/06/S.O.%201265%20%5B01.06.2011%5D%20Draft%20ESZ%20Notification%20on%20Narayan%20Sarovar%20Wildlife%20Sanctuary%2C%20Gujarat.pdf,[],,S.O. 1265,Q6965495,Narayan Sarovar Sanctuary,,http://commons.wikimedia.org/wiki/Special:FilePath/Chinkara.jpg,IUCN category IV: Habitat/Species Management Area,Kutch district,23.61666667,68.68333333,,,444.23,,,,,https://en.wikipedia.org/wiki/Narayan_Sarovar_Sanctuary,exact
55,Gujarat,Narayan Sarovar Wildlife Sanctuary,Wildlife Sanctuary,Final,2012-05-31,"55. S.O. 1257 [31.05.2012] Final ESZ Notification onNarayan Sarovar Wildlife Sanctuary(984.21 KB), Gujarat S.O. No. 3515(E) [07.08.2023] Amendment in the Final Notification of Eco-sensitive Zone around Narayan Sarovar Wildlife Sanctuary, in the state of Gujarat (1,113 KB), Gujarat",https://moef.gov.in/uploads/2017/06/S.O.%201257%20%5B31.05.2012%5D%20Final%20ESZ%20Notification%20on%20Narayan%20Sarovar%20Wildlife%20Sanctuary%2C%20Gujarat.pdf,[],26/05/2013 & 07/08/2023,S.O. 1257,Q6965495,Narayan Sarovar Sanctuary,,http://commons.wikimedia.org/wiki/Special:FilePath/Chinkara.jpg,IUCN category IV: Habitat/Species Management Area,Kutch district,23.61666667,68.68333333,,,444.23,,,,,https://en.wikipedia.org/wiki/Narayan_Sarovar_Sanctuary,exact
86,Gujarat,Purna WL Sanctuary,Wildlife Sanctuary,Draft,2011-06-01,"86. S.O. 1266 [01.06.2011] Draft ESZ Notification on Purna WL Sanctuary(711.75 KB), Gujarat",https://moef.gov.in/uploads/2017/06/S.O.%201266%20%5B01.06.2011%5D%20Draft%20ESZ%20Notification%20on%20on%20Purna%20WL%20Sanctuary%2C%20Gujarat.pdf,[],,S.O. 1266,,,,,,,,,,,,,,,,,none
56,Gujarat,Purna Wildlife Sanctuary,Wildlife Sanctuary,Final,2012-05-31,"56. S.O. 1259 [31.05.2012] Final ESZ Notification on Purna Wildlife Sanctuary(925.33 KB), Gujarat S.O. No. 5313(E) [12.12.2023] Amendment in the Final Notification of Eco-sensitive Zone around Purna Wildlife Sanctuary, in the state of Gujarat(1,362 KB)",https://moef.gov.in/uploads/2017/06/S.O.%201259%20%5B31.05.2012%5D%20Final%20ESZ%20Notification%20on%20Purna%20Wildlife%20Sanctuary%2C%20Gujarat.pdf,[],26/05/2013,S.O. 1259,,,,,,,,,,,,,,,,,none
87,Gujarat,Vansda WLS,Wildlife Sanctuary,Draft,2011-06-01,"87. S.O. 1267 [01.06.2011] Draft ESZ Notification onVansda WLS(4.19 MB), Gujarat",https://moef.gov.in/uploads/2017/06/S.O.%201267%20%5B01.06.2011%5D%20Draft%20ESZ%20Notification%20on%20Vansda%20WLS%2C%20Gujarat.pdf,[],,S.O. 1267,Q2669063,Vansda National Park,,http://commons.wikimedia.org/wiki/Special:FilePath/Vansda%20N%20Park6.jpg,IUCN category II: National Park,Vansda Taluka,20.7333,73.4667,Vansda,,,,,Vansda National Park,,https://en.wikipedia.org/wiki/Vansda_National_Park,exact
57,Gujarat,Vansda NP,National Park,Final,2012-05-31,"57. S.O. No. 1258 [31.05.2012] Final ESZ Notification onVansda NP(3.15 MB), Gujarat S.O. No. 5316(E) [12.12.2023] Amendment in the Final Notification of Eco-sensitive Zone around Vansda National Park, in the state of Gujarat(750 KB)",https://moef.gov.in/uploads/2017/06/S.O.%20No.%201258%20%5B31.05.2012%5D%20Final%20ESZ%20Notification%20on%20Vansda%20NP%2C%20Gujarat.pdf,[],26/05/2013 & 12/12/2023,S.O. No. 1258,Q2669063,Vansda National Park,,http://commons.wikimedia.org/wiki/Special:FilePath/Vansda%20N%20Park6.jpg,IUCN category II: National Park,Vansda Taluka,20.7333,73.4667,Vansda,,,,,Vansda National Park,,https://en.wikipedia.org/wiki/Vansda_National_Park,exact
88,Gujarat,Barda Wildlife Sanctuary,Wildlife Sanctuary,Draft,2015-11-02,"88. S.O. 2991[02.11.2015] Draft ESZ Notification on Barda Wildlife Sanctuary(827.5 KB), Gujarat",https://moef.gov.in/uploads/2017/06/S.O.%202991%5B02.11.2015%5D%20Draft%20ESZ%20Notification%20on%20Barda%20Wildlife%20Sanctuary%2C%20Gujarat.pdf,[],10/11/2015,S.O. 2991,Q4860066,Barda Wildlife Sanctuary,,,IUCN category IV: Habitat/Species Management Area,Porbandar district,21.851,69.699,Porbandar,,192.31,,,,,https://en.wikipedia.org/wiki/Barda_Wildlife_Sanctuary,exact
58,Gujarat,Barda Wildlife Sanctuary,Wildlife Sanctuary,Final,2017-04-28,"58. S.O. 1365(E) [28.04.2017] Final Notification declaring Eco Sensitive Zone around Barda Wildlife Sanctuary(2.25 MB), Gujarat",https://moef.gov.in/uploads/2017/06/Barda%20Wildlife%20Sanctuary%2C%20Gujarat_0.pdf,[],17/05/2017,S.O. 1365(E),Q4860066,Barda Wildlife Sanctuary,,,IUCN category IV: Habitat/Species Management Area,Porbandar district,21.851,69.699,Porbandar,,192.31,,,,,https://en.wikipedia.org/wiki/Barda_Wildlife_Sanctuary,exact
89,Gujarat,Thol Wildlife Sanctuary,Wildlife Sanctuary,Draft,2013-10-18,"89. S.O. 3202 [18.10.2013] Draft ESZ Notification on Thol Wildlife Sanctuary(4.14 MB), Gujarat",https://moef.gov.in/uploads/2017/06/S.O.%203202%20%5B18.10.2013%5D%20Draft%20ESZ%20Notification%20on%20Thol%20Wildlife%20Sanctuary%2C%20Gujarat.pdf,[],,S.O. 3202,Q7786672,Thol Wildlife Sanctuary,,,,,23.14,72.4,,,,,,,,https://en.wikipedia.org/wiki/Thol_Wildlife_Sanctuary,exact
59,Gujarat,Thol Wildlife Sanctuary,Bird Sanctuary,Final,,"59. S.O. 421 [0902.2015] Final ESZ Notification on Thol Bird Sanctuary(1.44 MB), Gujarat",https://moef.gov.in/uploads/2017/06/S.O.%20421%20%5B0902.2015%5D%20Final%20ESZ%20Notification%20on%20Thol%20Bird%20Sanctuary%2C%20Gujarat.pdf,[],,S.O. 421,Q7786672,Thol Wildlife Sanctuary,,,,,23.14,72.4,,,,,,,,https://en.wikipedia.org/wiki/Thol_Wildlife_Sanctuary,exact
90,Gujarat,Shoolpaneshwar Wildlife Sanctuary,Wildlife Sanctuary,Draft,2015-07-30,"90. S.O. 2079 E [30.07.2015] Draft ESZ Notification on Shoolpaneshwar Wildlife Sanctuary(18.17 MB), Gujarat & Map(186.17 KB)",https://moef.gov.in/uploads/2019/10/S.O.-2079-E-30.07.2015-Draft-ESZ-Notification-on-Shoolpaneshwar-Wildlife-Sanctuary-Maharashtra.pdf,[],04/08/2015,S.O. 2079,Q7500463,Shoolpaneshwar Wildlife Sanctuary,,,,Gujarat,21.7606223,73.7948516,,,,,,Shoolpaneshwar Wildlife Sanctuary,,https://en.wikipedia.org/wiki/Shoolpaneshwar_Wildlife_Sanctuary,exact
60,Gujarat,Shoolpaneshwar Wildlife Sanctuary,Wildlife Sanctuary,Final,2016-05-05,"60. S.O.1653(E) [05.05.2016] Final Notification declaring Eco Sensitive Zone around Shoolpaneshwar Wildlife Sanctuary(1.11 MB), Gujarat",https://moef.gov.in/uploads/2017/06/Shoolpaneshwar%2C%20Gujarat.pdf,[],10/05/2016,S.O.1653(E),Q7500463,Shoolpaneshwar Wildlife Sanctuary,,,,Gujarat,21.7606223,73.7948516,,,,,,Shoolpaneshwar Wildlife Sanctuary,,https://en.wikipedia.org/wiki/Shoolpaneshwar_Wildlife_Sanctuary,exact
91,Gujarat,Porbander Wildlife Sanctuary,Wildlife Sanctuary,Draft,2015-11-20,"91. S.O. 3129 [20.11.2015] Porbander Wildlife Sanctuary(1.06 MB), Gujarat & Map(162.57 KB)",https://moef.gov.in/uploads/2019/10/S.O.-3129-20.11.2015-Porbander-Wildlife-Sanctuary-Gujarat.pdf,[],,S.O. 3129,,,,,,,,,,,,,,,,,none
61,Gujarat,Porbander Wildlife Sanctuary,Wildlife Sanctuary,Final,2018-05-07,"61. S.O. 1829(E) [07.05.2018] Final Notification declaring Eco Sensitive Zone around Porbandar Wildlife Sanctuary,(3.47 MB) Gujarat.",https://moef.gov.in/uploads/2019/08/porbandar.pdf,[],11/05/2018,S.O. 1829(E),,,,,,,,,,,,,,,,,none
92,Gujarat,Porbander Bird Sanctuary Gujarat,Bird Sanctuary,Draft,2017-09-21,"92. S.O. 3083 (E) [21.09.2017] Draft Notification declaring Eco Sensitive Zone around Porbander Bird Sanctuary, Gujarat(2.49 MB) Re-Notification New",https://moef.gov.in/uploads/2017/06/Porbandar%20Bird%20Sanctuary%2C%20Gujarat%20Renotified%20Draft.pdf,[],25/09/2017,S.O. 3083 (E),,,,,,,,,,,,,,,,,none
93,Gujarat,Gaga Wildlife Sanctuary,Wildlife Sanctuary,Draft,2015-12-09,93. SO 3338(E)[09.12.2015] Draft notification declaring Eco-sensitive Zone around the Gaga Wildlife Sanctuary (2.27 MB)in the state of Gujarat.,https://moef.gov.in/uploads/2017/06/SO%203338(E)%5B09.12.2015%5D%20Draft%20notification%20declaring%20Eco-sensitive%20Zone%20around%20the%20Gaga%20Wildlife%20Sanctuary%20in%20the%20state%20of%20Gujarat..pdf,[],30/12/2015,SO 3338(E),Q2731635,Gaga Wildlife Sanctuary,,,IUCN category IV: Habitat/Species Management Area,Gujarat,22.10775,69.16923,,,,,,,,https://en.wikipedia.org/wiki/Gaga_Wildlife_Sanctuary,exact
62,Gujarat,Gaga Sanctuary,Wildlife Sanctuary,Final,2017-06-09,"62. S.O. 1865 (E) [09.06.2017] Final Notification Declaring Eco Sensitive Zone around Gaga Sanctuary(2.56 MB), Gujarat",https://moef.gov.in/uploads/2017/06/Gaga%20Sanctuary%2C%20Gujarat.pdf,[],15/06/2017,S.O. 1865 (E),Q2731635,Gaga Wildlife Sanctuary,,,IUCN category IV: Habitat/Species Management Area,Gujarat,22.10775,69.16923,,,,,,,,https://en.wikipedia.org/wiki/Gaga_Wildlife_Sanctuary,exact
94,Gujarat,Nalsarovar Bird Sanctuary,Bird Sanctuary,Draft,2015-12-07,94. SO 3341(E)[07.12.2015] Draft notification declaring Eco-sensitive Zone around the Nalsarovar Bird Sanctuary(2.5 MB) in the state of Gujarat.,https://moef.gov.in/uploads/2017/06/SO%203341(E)%5B07.12.2015%5D%20Draft%20notification%20declaring%20Eco-sensitive%20Zone%20around%20the%20Nalsarovar%20Bird%20Sanctuary%20in%20the%20state%20of%20Gujarat..pdf,[],30/12/2015,SO 3341(E),,,,,,,,,,,,,,,,,none
63,Gujarat,Nalsarovar Bird Sanctuary,Bird Sanctuary,Final,2017-06-07,"63. S.O. 1812 [07.06.2017] Final Notification declaring Eco Sensitive Zone around Nalsarovar Bird Sanctuary(1.95 MB), Gujarat S .O. No. 4572(E) [18.10.2024] Amendment in the Final Notification of Eco-sensitive Zone around Nalsarovar Bird Sanctuary(2.09 MB), Gujarat",https://moef.gov.in/uploads/2017/06/Nalsarovar%20Bird%20Sanctuary%2C%20Gujarat.pdf,[],23/10/2024,S.O. 1812,,,,,,,,,,,,,,,,,none
95,Gujarat,Hingolgadh Wildlife Sanctuary,Wildlife Sanctuary,Draft,2015-12-18,95. SO 3495(E)[18.12.2015] Draft notification declaring Eco-sensitive Zone around the Hingolgadh Wildlife Sanctuary(824.43 KB) in the state of Gujarat.,https://moef.gov.in/uploads/2017/06/SO%203495(E)%5B18.12.2015%5D%20Draft%20notification%20declaring%20Eco-sensitive%20Zone%20around%20the%20Hingolgadh%20Wildlife%20Sanctuary%20%20in%20the%20state%20of%20Gujarat..pdf,[],13/01/2016,SO 3495(E),Q124973261,Hingolgadh Sanctuary,,,IUCN category IV: Habitat/Species Management Area,Gujarat,22.1475,71.3225,,,,,,,,https://en.wikipedia.org/wiki/Hingolgadh_Sanctuary,exact
64,Gujarat,Hingolgadh Wildlife Sanctuary,Wildlife Sanctuary,Final,2017-06-20,"64. S.O. 1942 (E) [20.06.2017] Final Notification Declaring Eco Sensitive Zone around Hingolgadh Wildlife Sanctuary(2.57 MB), Gujarat",https://moef.gov.in/uploads/2017/06/Hingolgadh%20Wildlife%20Sanctuary%2C%20Gujarat.pdf,[],23/06/2017,S.O. 1942 (E),Q124973261,Hingolgadh Sanctuary,,,IUCN category IV: Habitat/Species Management Area,Gujarat,22.1475,71.3225,,,,,,,,https://en.wikipedia.org/wiki/Hingolgadh_Sanctuary,exact
96,Gujarat,Velvadar Black Buck Wildlife Sanctuary,Wildlife Sanctuary,Draft,2015-12-21,96. SO 67(E)[21.12.2015] Draft notification declaring Eco-sensitive Zone around the Velvadar Black Buck Wildlife Sanctuary (650.67 KB)in the state of Gujarat,https://moef.gov.in/uploads/2017/06/SO%2067(E)%5B22.11.2015%5D%20Draft%20notification%20declaring%20Eco-sensitive%20Zone%20around%20the%20Velvadar%20Black%20Buck%20Wildlife%20Sanctuary%20in%20the%20state%20of%20Gujarat.pdf,[],18/01/2016,SO 67(E),,,,,,,,,,,,,,,,,none
65,Gujarat,Velavadhar Wild Life Sanctuary,Wildlife Sanctuary,Final,2017-07-06,"65. S.O. 2149 (E) [06.07.2017] Final Notification Declaring Eco Sensitive Zone around Velavadhar Wild Life Sanctuary,(3.16 MB) Gujarat",https://moef.gov.in/uploads/2017/06/Velavedar%20Black%20Buck%20National%20Park%2C%20Gujarat.pdf,[],28/07/2017,S.O. 2149 (E),,,,,,,,,,,,,,,,,none
97,Gujarat,Khijadia Wildlife Sanctuary,Wildlife Sanctuary,Draft,2017-09-06,"97. S.O. 2941 (E) [06.09.2017] Draft Notification declaring Eco Sensitive Zone around Khijadia Wildlife Sanctuary(3.09 MB), Gujarat Re–notification New",https://moef.gov.in/uploads/2017/06/Khijadiya%20Bird%20Sanctuary%20Gujarat%20re%20notified.pdf,[],12/09/2017,S.O. 2941 (E),Q105944439,Khijadia Bird Sanctuary,,,,Jamnagar district,,,,,,,,,,,exact
66,Gujarat,Khijadiya Wildlife Sanctuary,Wildlife Sanctuary,Final,2018-06-19,"66. S.O. 2950(E) [19.06.2018] Final Notification declaring Eco Sensitive Zone around Khijadiya Wildlife Sanctuary,(5.48 MB) Gujarat.",https://moef.gov.in/uploads/2017/06/khijadia.pdf,[],22/06/2018,S.O. 2950(E),Q2730580,Khijadiya Bird Sanctuary,,http://commons.wikimedia.org/wiki/Special:FilePath/Flamingoes%20fly%20by%20in%20Khijadiya.jpg,IUCN category IV: Habitat/Species Management Area,Jamnagar district,22.51,70.14,,,6.05,,,Khijadiya Bird Sanctuary,,https://en.wikipedia.org/wiki/Khijadiya_Bird_Sanctuary,exact
98,Gujarat,Gir National Park,National Park,Draft,2016-11-03,"98. S.O. 3370 (E) [03.11.2016]: Draft notification declaring Eco Sensitive Zone around Gir National Park(1.77 MB), the Gir Wildlife Sanctuary, the Paniya Wildlife Sanctuary and the Mitiyala Wildlife Sanctuary, Gujarat. S.O. No. 3997(E) [18.09.2024] Draft Notification of Eco-sensitive Zone around Gir National Park(4.50 MB), the Gir Wildlife Sanctuary, the Paniya Wildlife Sanctuary and the Mitiyala Wildlife Sanctuary, Gujarat.Re-notification New",https://moef.gov.in/uploads/2017/06/Gir%20National%20Park%2C%20Gujarat_2.pdf,[],24/09/2024,S.O. 3370 (E),Q337028,Gir Forest,,http://commons.wikimedia.org/wiki/Special:FilePath/Gir%20lion-Gir%20forest%2Cjunagadh%2Cgujarat%2Cindia.jpeg,IUCN category IV: Habitat/Species Management Area,Junagadh district,21.13556,70.79667,Junagadh,,259,https://girnationalpark.info/,http://commons.wikimedia.org/wiki/Special:FilePath/Gir%20Forest%20banner%20Asiatic%20Lion.jpg,Gir Forest National Park,,https://en.wikipedia.org/wiki/Gir_National_Park,exact
99,Gujarat,Rampara Wildlife Sanctuary,Wildlife Sanctuary,Draft,2017-01-10,"99. S.O. 72 (E) [10.01.2017] Draft Notification declaring Eco Sensitive Zone around Rampara Wildlife Sanctuary,(1.37 MB) Gujarat.",https://moef.gov.in/uploads/2017/06/Rampara%20Wildlife%20Sanctuary%2C%20Gujarat.pdf,[],23/01/2017,S.O. 72 (E),Q125503789,Rampara Sanctuary,,,IUCN category IV: Habitat/Species Management Area,Morbi district,22.53176,70.95245,,,,,,,,https://en.wikipedia.org/wiki/Rampara_Sanctuary,exact
67,Gujarat,Rampara Wildlife Sanctuary,Wildlife Sanctuary,Final,2017-12-29,"67. S.O. 4108(E) [29.12.2017] Final Notification declaring Eco Sensitive Zone around Rampara Wildlife Sanctuary(3.95 MB), Gujarat.",https://moef.gov.in/uploads/2017/06/rampara.pdf,[],12/01/2018,S.O. 4108(E),Q125503789,Rampara Sanctuary,,,IUCN category IV: Habitat/Species Management Area,Morbi district,22.53176,70.95245,,,,,,,,https://en.wikipedia.org/wiki/Rampara_Sanctuary,exact
100,Gujarat,Jessore WLS,Wildlife Sanctuary,Draft,2017-02-06,"100. S. O. 351 (E) [06.02.2017] Draft Notification declaring Eco Sensitive Zone around Jessore WLS(1.45 MB), Gujarat.",https://moef.gov.in/uploads/2017/06/Jessore%20Wildlife%20Sanctuary%2C%20Gujarat.pdf,[],10/02/2017,S. O. 351 (E),,,,,,,,,,,,,,,,,none
68,Gujarat,Jessore Wildlife Sanctuary,Wildlife Sanctuary,Final,2017-10-16,"68. S.O. 3342(E) [16.10.2017] Final Notification declaring Eco Sensitive Zone around Jessore Wildlife Sanctuary(2.4 MB), Gujarat",https://moef.gov.in/uploads/2017/06/jessore%2C%20gujarat.pdf,[],02/11/2017,S.O. 3342(E),,,,,,,,,,,,,,,,,none
101,Gujarat,Ratanmahal Wildlife Sanctuary,Wildlife Sanctuary,Draft,2017-11-10,"101. S.O. 3574(E) [10.11.2017] Draft Notification declaring Eco Sensitive Zone around Ratanmahal Wildlife Sanctuary(4.06 MB), Gujarat.",https://moef.gov.in/uploads/2017/06/ratan%20mahal.pdf,[],15/11/2017,S.O. 3574(E),,,,,,,,,,,,,,,,,none
69,Gujarat,Ratanmahal Wildlife Sanctuary,Wildlife Sanctuary,Final,2019-01-30,"69. S.O. 549(E) [30.01.2019] Final Notification declaring Eco Sensitive Zone around Ratanmahal Wildlife Sanctuary(2.4 MB), Gujarat",https://moef.gov.in/uploads/2017/06/ratanmahal-1.pdf,[],08/02/2019,S.O. 549(E),,,,,,,,,,,,,,,,,none
102,Gujarat,Jambugodha Wildlife Sanctuary,Wildlife Sanctuary,Draft,2017-12-29,"102. S.O. 4109(E) [29.12.2017] Draft Notification declaring Eco Sensitive Zone around Jambugodha Wildlife Sanctuary(5.08 MB) , Gujarat.",https://moef.gov.in/uploads/2017/06/jambugodha_0.pdf,[],12/01/2018,S.O. 4109(E),,,,,,,,,,,,,,,,,none
70,Gujarat,around Jambugodha Wildlife Sanctuary,Wildlife Sanctuary,Final,2019-03-11,"70. S.O. 1316(E) [11.03.2019] Final Notification declaring Eco Sensitive Zone around Jambugodha Wildlife Sanctuary(6.00 MB), Gujarat",https://moef.gov.in/uploads/2018/12/jambugoda.pdf,[],18/03/2019,S.O. 1316(E),,,,,,,,,,,,,,,,,none
103,Gujarat,Kutch Bustard Wildlife Sanctuary,Wildlife Sanctuary,Draft,2018-01-15,"103. S.O. 231(E) [15.01.2018] Draft Notification declaring Eco Sensitive Zone around Kutch Bustard Wildlife Sanctuary(3.78 MB) , Gujarat.",https://moef.gov.in/uploads/2017/06/kutch.pdf,[],25/01/2018,S.O. 231(E),Q2726467,Kutch Bustard Sanctuary,,http://commons.wikimedia.org/wiki/Special:FilePath/Sonchiriya.jpg,IUCN category IV: Habitat/Species Management Area,Kutch district,23.219,68.714,,,2,,,,,https://en.wikipedia.org/wiki/Kutch_Bustard_Sanctuary,exact
71,Gujarat,Kutch Bustard Sanctuary,Wildlife Sanctuary,Final,2018-12-11,"71. S.O. 6117(E) [11.12.2018] Final Notification declaring Eco Sensitive Zone around Kutch Bustard Sanctuary Wildlife(2.42 MB), Sanctuary, Gujarat.",https://moef.gov.in/uploads/2018/12/kucth-bustard.pdf,[],21/12/2018,S.O. 6117(E),Q2726467,Kutch Bustard Sanctuary,,http://commons.wikimedia.org/wiki/Special:FilePath/Sonchiriya.jpg,IUCN category IV: Habitat/Species Management Area,Kutch district,23.219,68.714,,,2,,,,,https://en.wikipedia.org/wiki/Kutch_Bustard_Sanctuary,exact
104,Gujarat,Wild Ass Wildlife Sanctuary,Wildlife Sanctuary,Draft,2018-01-16,"104. S.O. 262(E) [16.01.2018] Draft Notification declaring Eco Sensitive Zone around Wild Ass Wildlife Sanctuary(7.8 MB) , Gujarat.",https://moef.gov.in/uploads/2017/06/wild%20ass.pdf,[],25/01/2018,S.O. 262(E),,,,,,,,,,,,,,,,,none
72,Gujarat,Wild Ass Wildlife Sanctuary,Wildlife Sanctuary,Final,2018-10-04,"72. S.O. 5138(E) [04.10.2018] Final Notification declaring Eco Sensitive Zone around Wild Ass Sanctuary(6.3 MB), Gujarat.",https://moef.gov.in/uploads/2018/11/wild-ass_0.pdf,[],12/10/2018,S.O. 5138(E),,,,,,,,,,,,,,,,,none
105,Gujarat,Kutch Desert Sanctuary,Wildlife Sanctuary,Draft,2018-09-11,"105. S.O. 4775(E) [11.09.2018] Draft Notification declaring Eco Sensitive Zone around Kutch Desert Sanctuary(3.63 MB) , Gujarat.",https://moef.gov.in/uploads/2017/06/kutch-desert.pdf,[],25/09/2018,S.O. 4775(E),Q17068229,Kutch Desert Wildlife Sanctuary,,,IUCN category IV: Habitat/Species Management Area,Kutch district,23.91,70.44,,,7506.22,,,,,https://en.wikipedia.org/wiki/Kutch_Desert_Wildlife_Sanctuary,exact
73,Gujarat,Kutch Desert Sanctuary,Wildlife Sanctuary,Final,2019-08-30,"73. S.O. 3150(E) [30.08.2019] Final Notification declaring Eco Sensitive Zone around Kutch Desert Sanctuary (51 KB), Gujarat.",https://moef.gov.in/uploads/2018/12/kutch-Desert.pdf,[],03/09/2019,S.O. 3150(E),Q17068229,Kutch Desert Wildlife Sanctuary,,,IUCN category IV: Habitat/Species Management Area,Kutch district,23.91,70.44,,,7506.22,,,,,https://en.wikipedia.org/wiki/Kutch_Desert_Wildlife_Sanctuary,exact
106,Gujarat,Balaram Ambaji Sanctuary,Wildlife Sanctuary,Draft,2021-01-05,"106. S.O. 55(E) [05.01.2021] Draft Notification declaring Eco Sensitive Zone around Balaram Ambaji Sanctuary,(3.63 MB) , Gujarat.",https://moef.gov.in/uploads/2021/01/balaram-1.pdf,[],06/01/2021,S.O. 55(E),Q19833696,Balaram Ambaji Widelife Sanctuary,,http://commons.wikimedia.org/wiki/Special:FilePath/AViewOfPeaksOnTheWayToAmbaji.JPG,IUCN category IV: Habitat/Species Management Area,Gujarat,24.356118321,72.642752927,Palanpur,,542.08,,,,,https://en.wikipedia.org/wiki/Balaram_Ambaji_Wildlife_Sanctuary,fuzzy
74,Gujarat,Balaram Ambaji Sanctuary,Wildlife Sanctuary,Final,2021-11-08,"74. S.O.4618(E) [08.11.2021] Final Notification declaring Eco Sensitive Zone around Balaram Ambaji Sanctuary,(2.83 MB) , Gujarat.",https://moef.gov.in/uploads/2020/08/balaram-ambaji.pdf,[],13/11/2021,S.O.4618(E),Q19833696,Balaram Ambaji Widelife Sanctuary,,http://commons.wikimedia.org/wiki/Special:FilePath/AViewOfPeaksOnTheWayToAmbaji.JPG,IUCN category IV: Habitat/Species Management Area,Gujarat,24.356118321,72.642752927,Palanpur,,542.08,,,,,https://en.wikipedia.org/wiki/Balaram_Ambaji_Wildlife_Sanctuary,fuzzy
107,Haryana,Sultanpur National Park,National Park,Draft,2009-01-29,"107. S.O. 364(E) [29.01.2009] Draft Notification declaring Eco Sensitive Zone around Sultanpur National Park(77 KB), Haryana",https://moef.gov.in/uploads/2017/06/Sultanpur%20Haryana%20so364.pdf,[],03/05/2016,S.O. 364(E),Q2985097,Sultanpur National Park,,http://commons.wikimedia.org/wiki/Special:FilePath/Sultanpur%20Bird%20Sanctuary%2C%20Haryana..JPG,IUCN category II: National Park,Gurgaon division,28.4623,76.8899,,,,,http://commons.wikimedia.org/wiki/Special:FilePath/Sultanpur%20National%20Park%20banner%20Greylag%20Geese.jpg,Sultanpur National Park,,https://en.wikipedia.org/wiki/Sultanpur_National_Park,exact
75,Haryana,Sultanpur NP,National Park,Final,2010-01-27,"75. S.O. No 191 [27.01.2010] Final ESZ Notification on Sultanpur NP(1.25 MB), Haryana",https://moef.gov.in/uploads/2017/06/S.O.%20No%20191%20%5B27.01.2010%5D%20Final%20ESZ%20Notification%20on%20Sultanpur%20NP%2C%20Haryana.pdf,[],,S.O. No 191,Q2985097,Sultanpur National Park,,http://commons.wikimedia.org/wiki/Special:FilePath/Sultanpur%20Bird%20Sanctuary%2C%20Haryana..JPG,IUCN category II: National Park,Gurgaon division,28.4623,76.8899,,,,,http://commons.wikimedia.org/wiki/Special:FilePath/Sultanpur%20National%20Park%20banner%20Greylag%20Geese.jpg,Sultanpur National Park,,https://en.wikipedia.org/wiki/Sultanpur_National_Park,exact
108,Haryana,Sultanpur National Park,National Park,Final,2021-02-17,"108. S.O. 740(E) [17.02.2021] Amendment in final Notification declaring Eco Sensitive Zone around Sultanpur National Park , (1.39 MB), in the State of Haryana",https://moef.gov.in/uploads/2021/02/Sultanpur-Amendment.pdf,[],18/02/2021,S.O. 740(E),Q2985097,Sultanpur National Park,,http://commons.wikimedia.org/wiki/Special:FilePath/Sultanpur%20Bird%20Sanctuary%2C%20Haryana..JPG,IUCN category II: National Park,Gurgaon division,28.4623,76.8899,,,,,http://commons.wikimedia.org/wiki/Special:FilePath/Sultanpur%20National%20Park%20banner%20Greylag%20Geese.jpg,Sultanpur National Park,,https://en.wikipedia.org/wiki/Sultanpur_National_Park,exact
109,Haryana,Khol Hi Raitan Wildlife Sanctuary,Wildlife Sanctuary,Draft,2015-05-25,"109. S.O. 1395 [25.05.2015] Draft ESZ Notification on Khol Hi Raitan Wildlife Sanctuary(8.9 MB), Haryana Map(559.55 KB)",https://moef.gov.in/uploads/2019/10/S.O.-1395-25.05.2015-Draft-ESZ-Notification-on-Khol-Hi-Raitan-Wildlife-Sanctuary-Haryana-1.pdf,[],02/09/2015,S.O. 1395,,,,,,,,,,,,,,,,,none
77,Haryana,Khol Hi Raitan Wildlife Sanctuary,Wildlife Sanctuary,Final,2016-10-26,"77. S. O. 3308 [26.10.2016] Final Notification declaring Eco Sensitive Zone aroundKhol Hi Raitan Wildlife Sanctuary,(1.52 MB) Haryana S .O. No. 148(E) [08.01.2025] Amendment in the Final Notification of Eco-sensitive Zone aroundKhol Hi Raitan Wildlife Sanctuary,(1.77 MB) Haryana",https://moef.gov.in/uploads/2017/06/Khol%20Hi%20Raitan%20Wildlife%20Sanctuary%20Final%2C%20Haryana.pdf,[],14/01/2025,S. O. 3308,,,,,,,,,,,,,,,,,none
110,Haryana,Nahar Wildlife Sanctuary,Wildlife Sanctuary,Draft,2015-06-01,"110. S.O. 1499 [01.06.2015] Draft ESZ Notification on Nahar Wildlife Sanctuary(6.31 MB), Haryana Map(394.09 KB)",https://moef.gov.in/uploads/2019/10/S.O.-1499-01.06.2015-Draft-ESZ-Notification-on-Nahar-Wildlife-Sanctuary-Haryana.pdf,[],,S.O. 1499,Q17002923,Nahar Wildlife Sanctuary,,,IUCN category IV: Habitat/Species Management Area,Haryana,28.4094,76.397,,,,,,,,https://en.wikipedia.org/wiki/Nahar_Wildlife_Sanctuary,exact
78,Haryana,Nahar Wildlife Sanctuary,Wildlife Sanctuary,Final,2021-08-18,"78. S.O. 3371(E) [18.08.2021] Final Notification declaring Eco Sensitive Zone around Nahar Wildlife Sanctuary, (1.39 MB),Haryana",https://moef.gov.in/uploads/2020/08/Final-Notification.pdf,[],19/08/2021,S.O. 3371(E),Q17002923,Nahar Wildlife Sanctuary,,,IUCN category IV: Habitat/Species Management Area,Haryana,28.4094,76.397,,,,,,,,https://en.wikipedia.org/wiki/Nahar_Wildlife_Sanctuary,exact
111,Haryana,Nahar Wildlife Sanctuary,Wildlife Sanctuary,Draft,2020-11-27,"111. S.O. 4272(E) [27.11.2020] Draft Notification declaring Eco Sensitive Zone around Nahar Wildlife Sanctuary, (1.39 MB), Haryana Re-Notification New",https://moef.gov.in/uploads/2020/12/nahar.pdf,[],01/12/2020,S.O. 4272(E),Q17002923,Nahar Wildlife Sanctuary,,,IUCN category IV: Habitat/Species Management Area,Haryana,28.4094,76.397,,,,,,,,https://en.wikipedia.org/wiki/Nahar_Wildlife_Sanctuary,exact
112,Haryana,Bir Shikargarh Wildlife Sanctuar,Wildlife Sanctuary,Draft,2015-05-26,"112. S.O. 1447 [26.05.2015] Bir Shikargarh Wildlife Sanctuar(14.54 MB), Haryana Map(196.95 KB)",https://moef.gov.in/uploads/2019/10/S.O.-1447-26.05.2015-Bir-Shikargarh-Wildlife-Sanctuary-Haryana.pdf,[],,S.O. 1447,,,,,,,,,,,,,,,,,none
79,Haryana,Bir Shikargarh Wildlife Sanctuary,Wildlife Sanctuary,Final,2016-11-23,"79. S.O. 3516(E) [23.11.2016] Final Notification declaring Eco Sensitive Zone around Bir Shikargarh Wildlife Sanctuary(1.31 MB), Haryana.",https://moef.gov.in/uploads/2017/06/Bir%20Shikargarh%20Wildlife%20Sanctuary%2C%20Haryana%20Final%20Notification.pdf,[],24/11/2016,S.O. 3516(E),,,,,,,,,,,,,,,,,none
113,Haryana,Khaparwas Wildlife Sanctuary,Wildlife Sanctuary,Draft,2015-06-17,"113. S.O. 1948 [17.06.2015] Draft ESZ Notification on Khaparwas Wildlife Sanctuary(10.27 MB), Haryana Map(331.11 KB)",https://moef.gov.in/uploads/2019/10/S.O.-1948-17.06.2015-Draft-ESZ-Notification-on-Khaparwas-Wildlife-Sanctuary-Haryana.pdf,[],10/09/2015,S.O. 1948,Q17005614,Khaparwas Wildlife Sanctuary,,,IUCN category IV: Habitat/Species Management Area,Jhajjar district; Haryana,28.5651,76.5273,,,,,,,,https://en.wikipedia.org/wiki/Khaparwas_Wildlife_Sanctuary,exact
80,Haryana,Khaparwas Wildlife,Wildlife Sanctuary,Final,2017-01-10,"80. S. O. 68 (E) [10.01.2017] Final Notification declaring Eco Sensitive Zone around Khaparwas Wildlife(2.1 MB) Sanctuary, Haryana",https://moef.gov.in/uploads/2019/10/Khaparwas-Wildlife-Sanctuary-Haryana-sno-61.pdf,[],12/01/2017,S. O. 68 (E),,,,,,,,,,,,,,,,,none
114,Haryana,Kalesar National Park,National Park,Draft,2015-09-17,"114. S.O. 2540 [17.09.2015] Draft ESZ Notification on Kalesar National Park(9.1 MB), U.P.-HP- Uttarkahand-Haryana Map(507.75 KB)",https://moef.gov.in/uploads/2019/10/S.O.-2540-17.09.2015-Draft-ESZ-Notification-on-Kalesar-National-Park-U.P.-HP-Uttarkahand-Haryana.pdf,[],06/10/2015,S.O. 2540,Q2985156,Kalesar National Park,,http://commons.wikimedia.org/wiki/Special:FilePath/Kalesar%20as%20seen%20by%20a%20Phone%2001.jpg,IUCN category II: National Park,Yamunanagar district,30.33194444,77.55194444,,,,,,,,https://en.wikipedia.org/wiki/Kalesar_National_Park,exact
81,Haryana,Kalesar Wildlife Sanctuary,National Park,Final,2016-04-22,81. S.O 1485 [22.4.2016] Final Notification of decalring Eco-sensitive Zone around Kalesar National Park(1.08 MB) and Kalesar Wildlife Sanctuary in the State of Haryana Map,https://moef.gov.in/uploads/2019/10/KAlesar-haryana-sno-62.pdf,[],25-04-2016,S.O 1485,Q2985156,Kalesar National Park,,http://commons.wikimedia.org/wiki/Special:FilePath/Kalesar%20as%20seen%20by%20a%20Phone%2001.jpg,IUCN category II: National Park,Yamunanagar district,30.33194444,77.55194444,,,,,,,,https://en.wikipedia.org/wiki/Kalesar_National_Park,exact
1115,Haryana,Bhindawas Wildlife Sanctuary,Wildlife Sanctuary,Draft,2015-06-09,"1115. S.O.1512 [09.06.2015] Draft ESZ Notification on Bhindawas Wildlife Sanctuary(10.57 MB), Haryana Map (401.93 KB)",https://moef.gov.in/uploads/2019/10/S.O.1512-09.06.2015-Draft-ESZ-Notification-on-Bhindawas-Wildlife-Sanctuary-Haryana.pdf,[],10/09/2015,S.O.1512,Q16155392,Bhindawas Wildlife Sanctuary,,,IUCN category IV: Habitat/Species Management Area,Jhajjar district; Haryana,28.5326,76.5515,,,,,,,,https://en.wikipedia.org/wiki/Bhindawas_Wildlife_Sanctuary,exact
82,Haryana,Bhindawas Wildlife Sanctuary,Wildlife Sanctuary,Final,2016-09-30,"82. S.O. 3100(E) [30.09.2016] Final Notification declaring Eco Sensitive Zone aroundBhindawas Wildlife Sanctuary(2.2 MB), Haryana S .O. No. 191(E) [10.01.2025] Amendment in the Final Notification of Eco-sensitive Zone aroundBhindawas Wildlife Sanctuary(1.73 MB), Haryana",https://moef.gov.in/uploads/2017/06/Bhindawas%20Wildlife%20Sanctuary%2C%20Haryana.pdf,[],14/01/2025,S.O. 3100(E),Q16155392,Bhindawas Wildlife Sanctuary,,,IUCN category IV: Habitat/Species Management Area,Jhajjar district; Haryana,28.5326,76.5515,,,,,,,,https://en.wikipedia.org/wiki/Bhindawas_Wildlife_Sanctuary,exact
116,Haryana,Chhilchhila Wildlife Sanctuary,Wildlife Sanctuary,Draft,2015-12-30,116. SO 3548(E)[30.12.2015] Draft notification declaring Eco-sensitive Zone around the Chhilchhila Wildlife Sanctuary(993.04 KB) in the state of Haryana Map(108.71 KB),https://moef.gov.in/uploads/2017/06/SO%203548(E)%5B30.12.2015%5D%20Draft%20notification%20declaring%20Eco-sensitive%20Zone%20around%20the%20Chhilchhila%20Wildlife%20Sanctuary%20%20in%20the%20state%20of%20Haryana..pdf,[],08/01/2015,SO 3548(E),Q17003846,Chhilchhila Wildlife Sanctuary,,,IUCN category IV: Habitat/Species Management Area,Haryana,29.9384,76.6811,,,,,,,,https://en.wikipedia.org/wiki/Chhilchhila_Wildlife_Sanctuary,exact
83,Haryana,Chhilchhila Wildlife Sanctuary,Wildlife Sanctuary,Final,2017-02-14,"83. S. O. 436 [14.02.2017] Final Notification declaring Eco Sensitive Zone around Chhilchhila Wildlife Sanctuary(1.36 MB), Haryana S .O. No. 5534(E) [23.12.2024] Amendment in the Final Notification of Eco-sensitive Zone around Chhilchhila Wildlife Sanctuary(218 KB), Haryana",https://moef.gov.in/uploads/2017/06/Chhilchhila%20Wildlife%20Sanctuary%20Final%2C%20Haryana.pdf,[],31/12/2024,S. O. 436,Q17003846,Chhilchhila Wildlife Sanctuary,,,IUCN category IV: Habitat/Species Management Area,Haryana,29.9384,76.6811,,,,,,,,https://en.wikipedia.org/wiki/Chhilchhila_Wildlife_Sanctuary,exact
117,Haryana,Asolabhattie Wildlife Sanctuary,Wildlife Sanctuary,Draft,2017-12-29,"117. S.O. 4110(E) [29.12.2017] Draft Notification declaring Eco Sensitive Zone around Asolabhattie Wildlife Sanctuary, (2.29 MB) Haryana.",https://moef.gov.in/uploads/2017/06/asola%20bhati_0.pdf,[],12/01/2018,S.O. 4110(E),,,,,,,,,,,,,,,,,none
84,Haryana,Asola Bhatti Wildlife Sanctuary,Wildlife Sanctuary,Final,2019-05-31,"84. S.O. 1911(E) [31.05.2019] Final Notification declaring Eco Sensitive Zone around Asola Bhatti Wildlife Sanctuary,(20 KB) Haryana.",https://moef.gov.in/uploads/2019/06/asola-bhatti.pdf,[],07/06/2019,S.O. 1911(E),Q4807575,Asola Bhatti Wildlife Sanctuary,,,IUCN category IV: Habitat/Species Management Area,Delhi,28.4762,77.23,,,,,,Asola-Bhatti Wildlife Sanctuary,,https://en.wikipedia.org/wiki/Asola_Bhatti_Wildlife_Sanctuary,exact
118,Himachal Pradesh,Bandli Wildlife Sanctuary,Wildlife Sanctuary,Draft,2015-07-17,"118. S.O. 1949 [17.07.2015] Draft ESZ Notification on Bandli Wildlife Sanctuary(7.66 MB) , Himachal Pradesh& Map(563.76 KB)",https://moef.gov.in/uploads/2017/06/S.O.%201949%20%5B17.07.2015%5D%20Draft%20ESZ%20Notification%20on%20Bandli%20Wildlife%20Sanctuary%2C%20Himachal%20Pradesh.pdf,[],28/09/2015,S.O. 1949,Q123292405,Bandli Wildlife Sanctuary,,,IUCN category IV: Habitat/Species Management Area,Himachal Pradesh,31.45,76.905,,,,,,,,https://en.wikipedia.org/wiki/Bandli_Wildlife_Sanctuary,exact
119,Himachal Pradesh,Bandli Wildlife Sanctuary,Wildlife Sanctuary,Draft,2020-11-27,"119. S.O. 4273(E) [27.11.2020] Draft Notification declaring Eco Sensitive Zone around Bandli Wildlife Sanctuary, (1.39 MB), Himachal Pradesh. Re-Notification New",https://moef.gov.in/uploads/2020/12/bandli.pdf,[],01/12/2020,S.O. 4273(E),Q123292405,Bandli Wildlife Sanctuary,,,IUCN category IV: Habitat/Species Management Area,Himachal Pradesh,31.45,76.905,,,,,,,,https://en.wikipedia.org/wiki/Bandli_Wildlife_Sanctuary,exact
120,Himachal Pradesh,Daranghati Wildlife Sanctuary,Wildlife Sanctuary,Draft,2015-09-17,"120. S.O. 2539 [17.09.2015] Draft ESZ Notification on Daranghati Wildlife Sanctuary(9.46 MB), Himachal Pradesh & Map(719.2 KB)",https://moef.gov.in/uploads/2017/06/S.O.%202539%20%5B17.09.2015%5D%20Draft%20ESZ%20Notification%20on%20Daranghati%20Wildlife%20Sanctuary%2C%20Himachal%20Pradesh.pdf,[],06/10/2015,S.O. 2539,Q5222092,Daranghati Sanctuary,,,IUCN category IV: Habitat/Species Management Area,Himachal Pradesh,31.3917,77.803,,,,,,,,https://en.wikipedia.org/wiki/Daranghati_Sanctuary,exact
85,Himachal Pradesh,Daranghati Wildlife Sanctuary,Wildlife Sanctuary,Final,2017-03-16,"85. S.O. 838 (E) [16.03.2017] Final Notification declaring Eco Sensitive Zone around Daranghati Wildlife Sanctuary(1.52 MB), Himachal Pradesh. S .O. No. 3249(E) [12.08.2024] Amendment in the Final Notification of Eco-sensitive Zone around Daranghati Wildlife Sanctuary(1.71 MB), Himachal Pradesh.",https://moef.gov.in/uploads/2017/06/Daranghati%20Wildlife%20Sanctuary%2C%20Himachal%20Pradesh.pdf,[],23/08/2024,S.O. 838 (E),Q5222092,Daranghati Sanctuary,,,IUCN category IV: Habitat/Species Management Area,Himachal Pradesh,31.3917,77.803,,,,,,,,https://en.wikipedia.org/wiki/Daranghati_Sanctuary,exact
121,Himachal Pradesh,Lippa-Asrang Wildlife Sanctuary,Wildlife Sanctuary,Draft,2015-11-26,121. SO 3233(E)[26.11.2015] Draft notification declaring Eco-sensitive Zone around the Lippa-Asrang Wildlife Sanctuary (1.06 MB)in the state of Himachal Pradesh & Map,https://moef.gov.in/uploads/2019/10/SO-3233E26.11.2015-Draft-notification-declaring-Eco-sensitive-Zone-around-the-Lippa-Asrang-Wildlife-Sanctuary-in-the-state-of-Himachal-Pradesh.pdf,"[{""title"":""Map"",""link"":""https://moef.gov.in/uploads/2019/10/Lippa-Asarang-Map.jpg""}]",09/12/2015,SO 3233(E),,,,,,,,,,,,,,,,,none
,Himachal Pradesh,Lippa-Asrang Wildlife Sanctuary,Wildlife Sanctuary,Final,2026-01-08,S.O. No. 119 (E)[08.01.2026] Final Notification of Eco-sensitive Zone around Lippa-Asrang Wildlife Sanctuary (1.06 MB)in the state of Himachal Pradesh & Map,https://moef.gov.in/uploads/2026/02/119_dated_Lippa.pdf,"[{""title"":""Map"",""link"":""https://moef.gov.in/uploads/2019/10/Lippa-Asarang-Map.jpg""}]",13/02/2026,S.O. No. 119 (E),,,,,,,,,,,,,,,,,none
122,Himachal Pradesh,Pong Dam Wildlife Sanctuary,Wildlife Sanctuary,Draft,2015-11-17,"122. S.O. 3099 [17.11.2015] Pong Dam Wildlife Sanctuary(1.17 MB), Himachal Pradesh & Map",https://moef.gov.in/uploads/2019/10/S.O.-3099-17.11.2015-Pong-Dam-Wildlife-Sanctuary-Himachal-Pradesh.pdf,"[{""title"":""Map"",""link"":""https://moef.gov.in/uploads/2019/10/Map-of-ESZ-of-Pong-Dam-WLS-HP.jpg""}]",,S.O. 3099,Q125881279,Pong Dam Lake Wildlife Sanctuary,,,IUCN category IV: Habitat/Species Management Area,Himachal Pradesh,32.01666667,76.08333333,,,,,,,,https://en.wikipedia.org/wiki/Pong_Dam_Lake_Wildlife_Sanctuary,fuzzy
123,Himachal Pradesh,Pong Dam Wildlife Sanctuary,Wildlife Sanctuary,Draft,2022-04-28,"123. S.O. 2021(E) [28.04.2022] Re-Draft Notification declaring Eco Sensitive Zone around Pong Dam Lake Wildlife Sanctuary, (1.17 MB), in the state of Himachal Pradesh. Re-notification New",https://moef.gov.in/uploads/2021/08/Draft-Notification-S-O-No-2021.pdf,[],28/04/2022,S.O. 2021(E),Q125881279,Pong Dam Lake Wildlife Sanctuary,,,IUCN category IV: Habitat/Species Management Area,Himachal Pradesh,32.01666667,76.08333333,,,,,,,,https://en.wikipedia.org/wiki/Pong_Dam_Lake_Wildlife_Sanctuary,fuzzy
124,Himachal Pradesh,Chail Wildlife Sanctuary,Wildlife Sanctuary,Draft,2015-11-20,"124. S.O. 3128 [20.11.2015] Chail Wildlife Sanctuary(3.88 MB), Himachal Pradesh & Map",https://moef.gov.in/uploads/2019/10/S.O.-3128-20.11.2015-Chail-Wildlife-Sanctuary-Himachal-Pradesh.pdf,"[{""title"":""Map"",""link"":""https://moef.gov.in/uploads/2019/10/Map-of-ESZ-of-Chail-WLS-HP.jpg""}]",,S.O. 3128,Q5067785,Chail Sanctuary,,,IUCN category IV: Habitat/Species Management Area,Solan district,30.9599,77.1978,,,110,,,Chail Sanctuary,,https://en.wikipedia.org/wiki/Chail_Sanctuary,exact
125,Himachal Pradesh,Chail Wildlife Sanctuary,Wildlife Sanctuary,Draft,2020-10-15,"125. S.O. 3631(E) [15.10.2020] Draft Notification declaring Eco Sensitive Zone around Chail Wildlife Sanctuary, (564 KB) Himachal Pradesh Re-notification New",https://moef.gov.in/uploads/2020/10/chail.pdf,[],19/10/2020,S.O. 3631(E),Q5067785,Chail Sanctuary,,,IUCN category IV: Habitat/Species Management Area,Solan district,30.9599,77.1978,,,110,,,Chail Sanctuary,,https://en.wikipedia.org/wiki/Chail_Sanctuary,exact
86,Himachal Pradesh,Chail Wildlife Sanctuary,Wildlife Sanctuary,Final,2022-01-05,"86. S.O.39(E) [05.01.2022] Final Notification declaring Eco Sensitive Zone around Chail Wildlife Sanctuary(2.42 MB), Himachal Pradesh",https://moef.gov.in/uploads/2022/01/Chail.pdf,[],05/01/2022,S.O.39(E),Q5067785,Chail Sanctuary,,,IUCN category IV: Habitat/Species Management Area,Solan district,30.9599,77.1978,,,110,,,Chail Sanctuary,,https://en.wikipedia.org/wiki/Chail_Sanctuary,exact
126,Himachal Pradesh,Simbalbara Wildlife Sanctuary,Wildlife Sanctuary,Draft,2015-12-09,126. SO 3330(E)[09.12.2015] Draft notification declaring Eco-sensitive Zone around the Simbalbara Wildlife Sanctuary(323.25 KB) in the state of Himachal Pradesh.,https://moef.gov.in/uploads/2017/06/SO%203330(E)%5B09.12.2015%5D%20Draft%20notification%20declaring%20Eco-sensitive%20Zone%20around%20the%20Simbalbara%20Wildlife%20Sanctuary%20in%20the%20state%20of%20Himachal%20Pradesh..pdf,[],30/12/2015,SO 3330(E),Q22080908,Simbalbara National Park,,,IUCN category II: National Park,Himachal Pradesh,30.439,77.473,,,,,,,,https://en.wikipedia.org/wiki/Simbalbara_National_Park,exact
127,Himachal Pradesh,Col Sher Jun National Park Earlier Simbalbara National Park,National Park,Draft,2020-12-24,"127. S.O. 4697(E) [24.12.2020] Draft Notification declaring Eco Sensitive Zone around Col. Sher Jun National Park ( Earlier Simbalbara National Park), (56 KB) Himachal PradeshRe-notification New",https://moef.gov.in/uploads/2020/12/col.-sher-jung.pdf,[],28/12/2020,S.O. 4697(E),,,,,,,,,,,,,,,,,none
87,Himachal Pradesh,Col. Sher Jung National Park also known as Simbalbara National Park,National Park,Final,2022-01-13,"87. S.O.172(E) [13.01.2022] Final Notification declaring Eco Sensitive Zone around Col. Sher Jung National Park (also known as Simbalbara National Park)(3.42 MB), Himachal Pradesh",https://moef.gov.in/uploads/2022/01/col-sher-jung.pdf,[],13/01/2022,S.O.172(E),,,,,,,,,,,,,,,,,none
128,Himachal Pradesh,MajathalWildlife Sanctuary,Wildlife Sanctuary,Draft,2015-12-09,128. SO 3332(E)[09.12.2015] Draft notification declaring Eco-sensitive Zone around the MajathalWildlife Sanctuary(959.48 KB) in the state of Himachal Pradesh.,https://moef.gov.in/uploads/2017/06/SO%203332(E)%5B09.12.2015%5D%20Draft%20notification%20declaring%20Eco-sensitive%20Zone%20around%20the%20MajathalWildlife%20Sanctuary%20in%20the%20state%20of%20Himachal%20Pradesh..pdf,[],30/12/2015,SO 3332(E),,,,,,,,,,,,,,,,,none
88,Himachal Pradesh,Majathal Wildlife Sanctuary,Wildlife Sanctuary,Final,2017-06-07,"88. S.O. 1813 (E) [07.06.2017] Final Notification declaring Eco Sensitive Zone around Majathal Wildlife Sanctuary(2.42 MB), Himachal Pradesh",https://moef.gov.in/uploads/2017/06/Majathal%20Wildlife%20Sanctuary%2C%20HP.pdf,[],12/06/2017,S.O. 1813 (E),,,,,,,,,,,,,,,,,none
129,Himachal Pradesh,Shimla Water Catchment Wildlife Sanctuary,Wildlife Sanctuary,Draft,2015-12-09,129. SO 3339(E)[09.12.2015] Draft notification declaring Eco-sensitive Zone around the Shimla Water Catchment Wildlife Sanctuary(2.62 MB) in the state of Himachal Pradesh.,https://moef.gov.in/uploads/2017/06/SO%203339(E)%5B09.12.2015%5D%20Draft%20notification%20declaring%20Eco-sensitive%20Zone%20around%20the%20Shimla%20Water%20Catchment%20Wildlife%20Sanctuary%20in%20the%20state%20of%20Himachal%20Pradesh..pdf,[],30/12/2015,SO 3339(E),,,,,,,,,,,,,,,,,none
89,Himachal Pradesh,Shimla Water Catchment WLS,Wildlife Sanctuary,Final,2017-06-08,"89. S.O. 1858 [08.06.2017] Final Notification declaring Eco Sensitive Zone around Shimla Water Catchment WLS(2.46 MB), Himachal Pradesh",https://moef.gov.in/uploads/2017/06/(Shimla%20Water%20Catchment%20Wildlife%20Sanctuary%2C%20Himachal%20Pradesh.pdf,[],13/06/2017,S.O. 1858,,,,,,,,,,,,,,,,,none
130,Himachal Pradesh,Dhauladhar Wildlife Sanctuary,Wildlife Sanctuary,Draft,2015-12-18,130. SO 3494(E)[18.12.2015] Draft notification declaring Eco-sensitive Zone around the Dhauladhar Wildlife Sanctuary(2.6 MB) in the state of Himachal Pradesh,https://moef.gov.in/uploads/2017/06/SO%203494(E)%5B18.12.2015%5D%20Draft%20notification%20declaring%20Eco-sensitive%20Zone%20around%20the%20Dhauladhar%20Wildlife%20%20Sanctuary%20%20in%20the%20state%20of%20Himachal%20Pradesh..pdf,[],13/01/2016,SO 3494(E),Q136289107,Dhauladhar Wildlife Sanctuary,,,IUCN category IV: Habitat/Species Management Area,Kangra district,32.2852,76.9132,,,,,,,,https://en.wikipedia.org/wiki/Dhauladhar_Wildlife_Sanctuary,exact
113,Himachal Pradesh,Dhauladhar Wildlife Sanctuary,Wildlife Sanctuary,Draft,2021-06-07,"113. S.O. 2183(E) [07.06.2021] Draft Notification declaring Eco Sensitive Zone around Dhauladhar Wildlife Sanctuary, (5.6 MB) Himachal PradeshRe-notification New",https://moef.gov.in/uploads/2021/06/dhauladhar.pdf,[],11/06/2021,S.O. 2183(E),Q136289107,Dhauladhar Wildlife Sanctuary,,,IUCN category IV: Habitat/Species Management Area,Kangra district,32.2852,76.9132,,,,,,,,https://en.wikipedia.org/wiki/Dhauladhar_Wildlife_Sanctuary,exact
90,Himachal Pradesh,Dhauladhar Wildlife Sanctuary,Wildlife Sanctuary,Final,2022-01-05,"90. S.O.65(E) [05.01.2022] Final Notification declaring Eco Sensitive Zone around Dhauladhar Wildlife Sanctuary,(1.01 MB), Himachal Pradesh.",https://moef.gov.in/uploads/2022/01/dhauladhar.pdf,[],05/01/2022,S.O.65(E),Q136289107,Dhauladhar Wildlife Sanctuary,,,IUCN category IV: Habitat/Species Management Area,Kangra district,32.2852,76.9132,,,,,,,,https://en.wikipedia.org/wiki/Dhauladhar_Wildlife_Sanctuary,exact
114,Himachal Pradesh,Khokhan Wildlife Sanctuary,Wildlife Sanctuary,Draft,2016-02-19,"114. S.O. 573(E) [19.02.2016] Draft Notification declaring Eco sensitive Zone around Khokhan Wildlife Sanctuary(2.01 MB), Himachal Pradesh",https://moef.gov.in/uploads/2017/06/S.O.%20573(E)%20%5B19.02.2016%5D%20Draft%20Notification%20declaring%20Eco%20sensitive%20Zone%20around%20Khokhan%20Wildlife%20Sanctuary%2C%20Himachal%20Pradesh.pdf,[],04/03/2016,S.O. 573(E),,,,,,,,,,,,,,,,,none
114,Himachal Pradesh,Khokhan Wildlife Sanctuary,Wildlife Sanctuary,Draft,2020-12-24,"114. S.O. 4698(E) [24.12.2020] Draft Notification declaring Eco Sensitive Zone around Khokhan Wildlife Sanctuary, Himachal PradeshRe-notification New",https://moef.gov.in/uploads/2020/12/khokhan.pdf,[],28/12/2020,S.O. 4698(E),,,,,,,,,,,,,,,,,none
91,Himachal Pradesh,Khokhan Wildlife Sanctuary,Wildlife Sanctuary,Final,2022-01-12,"91. S.O.152(E) [12.01.2022] Final Notification declaring Eco Sensitive Zone around Khokhan Wildlife Sanctuary,(3.01 MB), Himachal Pradesh.",https://moef.gov.in/uploads/2022/01/khokhan.pdf,[],12/01/2022,S.O.152(E),,,,,,,,,,,,,,,,,none
115,Himachal Pradesh,Manali Wildlife Sanctuary,Wildlife Sanctuary,Draft,2016-02-23,"115. S.O.571 (E) [23.02.2016] Draft Notification declaring Eco sensitive Zone around Manali Wildlife Sanctuary(523.74 KB), Himachal Pradesh",https://moef.gov.in/uploads/2017/06/S.O.571%20(E)%20%5B23.02.2016%5D%20Draft%20Notification%20declaring%20Eco%20sensitive%20Zone%20around%20Manali%20Wildlife%20Sanctuary%2C%20Himachal%20Pradesh.pdf,[],04/03/2016,S.O.571 (E),Q6746838,Manali Sanctuary,,,IUCN category IV: Habitat/Species Management Area,Himachal Pradesh,32.247,77.19,,,,,,,,https://en.wikipedia.org/wiki/Manali_Sanctuary,exact
92,Himachal Pradesh,Manali Bird Sanctuary,Bird Sanctuary,Final,2020-10-12,"92. S.O.3583(E) [ 12.10.2020] Final Notification declaring Eco Sensitive Zone around Manali Bird Sanctuary,(2.01 MB), Himachal Pradesh.",https://moef.gov.in/uploads/2020/10/manali-1.pdf,[],16/10/2020,S.O.3583(E),Q6746838,Manali Sanctuary,,,IUCN category IV: Habitat/Species Management Area,Himachal Pradesh,32.247,77.19,,,,,,,,https://en.wikipedia.org/wiki/Manali_Sanctuary,exact
115,Himachal Pradesh,Manali Bird Sanctuary,Bird Sanctuary,Draft,2020-03-06,"115. S.O. 1016(E) [06.03.2020] Draft Notification declaring Eco Sensitive Zone around Manali Bird Sanctuary ,(5.62KB) Himachal PradeshRe-notification New",https://moef.gov.in/uploads/2019/10/manali.pdf,[],11/03/2020,S.O. 1016(E),Q6746838,Manali Sanctuary,,,IUCN category IV: Habitat/Species Management Area,Himachal Pradesh,32.247,77.19,,,,,,,,https://en.wikipedia.org/wiki/Manali_Sanctuary,exact
116,Himachal Pradesh,Shikari Devi Wildlife Sanctuary,Wildlife Sanctuary,Draft,2016-02-24,"116. S.O. 609(E) [24.02.2016] Draft Notification declaring Eco sensitive Zone around Shikari Devi Wildlife Sanctuary,(846.69 KB) Himachal Pradesh",https://moef.gov.in/uploads/2017/06/S.O.%20609(E)%20%5B24.02.2016%5D%20Draft%20Notification%20declaring%20Eco%20sensitive%20Zone%20around%20Shikari%20Devi%20Wildlife%20Sanctuary%2C%20Himachal%20Pradesh.pdf,[],04/03/2016,S.O. 609(E),,,,,,,,,,,,,,,,,none
116,Himachal Pradesh,Shikari Devi Sanctuary,Wildlife Sanctuary,Draft,2021-01-12,"116. S.O. 123(E) [12.01.2021] Draft Notification declaring Eco Sensitive Zone around Shikari Devi Sanctuary, (3.05 MB),Himachal Pradesh Re-notification New",https://moef.gov.in/uploads/2021/01/shikari-devi.pdf,[],18/01/2021,S.O. 123(E),,,,,,,,,,,,,,,,,none
93,Himachal Pradesh,Shikari Devi Sanctuary,Wildlife Sanctuary,Final,2022-01-05,"93. S.O.41(E) [05.01.2022] Final Notification declaring Eco Sensitive Zone around Shikari Devi Sanctuary,(2.01 MB), Himachal Pradesh.",https://moef.gov.in/uploads/2022/01/shikari.pdf,[],05/01/2022,S.O.41(E),,,,,,,,,,,,,,,,,none
117,Himachal Pradesh,Nargu Wildlife Sanctuary,Wildlife Sanctuary,Draft,2016-02-24,"117. S.O.608(E) [24.02.2016] Draft Notification declaring Eco sensitive Zone around Nargu Wildlife Sanctuary(300.66 KB), Himachal Pradesh",https://moef.gov.in/uploads/2017/06/Nargu%20Wildlife%20Sanctuary%2C%20himachal.pdf,[],08/03/2016,S.O.608(E),Q6965894,Nargu Wildlife Sanctuary,,http://commons.wikimedia.org/wiki/Special:FilePath/Nargu%20WLS%20North%20Remote%20Snow%20Himachal%20Jan15%20DSC%206939.jpg,IUCN category IV: Habitat/Species Management Area,Kullu district; Mandi district; Himachal Pradesh,32.0139,76.8572,,,,,,Nargu Wildlife Sanctuary,,https://en.wikipedia.org/wiki/Nargu_Wildlife_Sanctuary,exact
117,Himachal Pradesh,Nargu Wildlife Sanctuary,Wildlife Sanctuary,Draft,2020-11-11,"117. S.O. 4048(E) [11.11.2020] Draft Notification declaring Eco Sensitive Zone around Nargu Wildlife Sanctuary(300.66 KB), Himachal Pradesh Re-notification New",https://moef.gov.in/uploads/2020/11/nargu.pdf,[],25/11/2020,S.O. 4048(E),Q6965894,Nargu Wildlife Sanctuary,,http://commons.wikimedia.org/wiki/Special:FilePath/Nargu%20WLS%20North%20Remote%20Snow%20Himachal%20Jan15%20DSC%206939.jpg,IUCN category IV: Habitat/Species Management Area,Kullu district; Mandi district; Himachal Pradesh,32.0139,76.8572,,,,,,Nargu Wildlife Sanctuary,,https://en.wikipedia.org/wiki/Nargu_Wildlife_Sanctuary,exact
94,Himachal Pradesh,"Nargu Wildlife Sanctuary, Himachal Pradesh",Wildlife Sanctuary,Final,2022-03-25,"94. S.O. 1331(E) [25.03.2022] Final Notification declaring Eco Sensitive Zone around Nargu Wildlife Sanctuary, Himachal Pradesh(4.52 MB), Himachal Pradesh.",https://moef.gov.in/uploads/2022/03/Final-Notification-Nargu.pdf,[],25/03/2022,S.O. 1331(E),,,,,,,,,,,,,,,,,none
118,Himachal Pradesh,Pin Valley National Park,National Park,Draft,2016-03-11,"118. S.O. 1053(E) [11.03.2016] Draft Notification declaring Eco sensitive Zone around Pin Valley National Park(878.22 KB), Himachal Pradesh",https://moef.gov.in/uploads/2017/06/Pin%20Valley%20National%20Park%2C%20HP.pdf,[],18/03/2016,S.O. 1053(E),Q14229383,Pin Valley National Park,Cold Desert,http://commons.wikimedia.org/wiki/Special:FilePath/Morning%20scene%20in%20Thuskeo%20Dhar.jpg,IUCN category II: National Park,Himachal Pradesh,31.574166666,77.588888888,Kaza,Tentative World Heritage Site,,https://hplahaulspiti.nic.in/pin-valley-national-park/,,Pin Valley National Park,,https://en.wikipedia.org/wiki/Pin_Valley_National_Park,exact
119,Himachal Pradesh,Kais Wildlife Sanctuary,Wildlife Sanctuary,Draft,2016-04-19,"119. S.O 1441(E) [19.04.2016] Draft Notification declaring Eco sensitive Zone around Kais Wildlife Sanctuary(1.16 MB), Himachal Pradesh",https://moef.gov.in/uploads/2017/06/Kais%2C%20HP.pdf,[],28/04/2016,S.O 1441(E),,,,,,,,,,,,,,,,,none
119,Himachal Pradesh,Kais Wildlife Sanctuary,Wildlife Sanctuary,Draft,2021-02-05,"119. S.O. 566(E) [05.02.2021] Draft Notification declaring Eco Sensitive Zone around Kais Wildlife Sanctuary (1.39 MB),Himachal Pradesh Re-Notification New",https://moef.gov.in/uploads/2021/02/kais.pdf,[],09/02/2021,S.O. 566(E),,,,,,,,,,,,,,,,,none
95,Himachal Pradesh,"Kais Wildlife Sanctuary, Himachal Pradesh",Wildlife Sanctuary,Final,2021-11-22,"95. S.O.4793(E) [22.11.2021] Final Notification declaring Eco Sensitive Zone around Kais Wildlife Sanctuary, Himachal Pradesh(1.52 MB), Himachal Pradesh.",https://moef.gov.in/uploads/2021/12/kais-2.pdf,[],10/12/2021,S.O.4793(E),,,,,,,,,,,,,,,,,none
120,Himachal Pradesh,Kanawar Wildlife Sanctuary,Wildlife Sanctuary,Draft,2016-04-19,"120. S.O 1440(E) [19.04.2016] Draft Notification declaring Eco sensitive Zone around Kanawar Wildlife Sanctuary(1.33 MB), Himachal Pradesh",https://moef.gov.in/uploads/2017/06/Kanawar%20WLS%2C%20HP.pdf,[],28/04/2016,S.O 1440(E),,,,,,,,,,,,,,,,,none
96,Himachal Pradesh,Kanawar Wildlife Sanctuary,Wildlife Sanctuary,Final,2021-11-08,"96. S.O.4615(E) [08.11.2021] Final Notification declaring Eco Sensitive Zone around Kanawar Wildlife Sanctuary(2.23 MB), Himachal Pradesh",https://moef.gov.in/uploads/2020/08/kanwar.pdf,[],13/11/2021,S.O.4615(E),,,,,,,,,,,,,,,,,none
120,Himachal Pradesh,Kanawar Wildlife Sanctuary,Wildlife Sanctuary,Draft,2020-11-27,"120. S.O. 4274(E) [27.11.2020] Draft Notification declaring Eco Sensitive Zone around Kanawar Wildlife Sanctuary, (1.39 MB),Himachal Pradesh Re-Notification New",https://moef.gov.in/uploads/2020/12/kanawar.pdf,[],01/12/2020,S.O. 4274(E),,,,,,,,,,,,,,,,,none
121,Himachal Pradesh,Kibber Wild Life Sanctuary,Wildlife Sanctuary,Draft,2016-04-28,"121. S.O. 1566(E) [28.04.2016] Draft Notification declaring Eco Sensitive zone around Kibber Wild Life Sanctuary(5.27 MB), Himachal Pradesh",https://moef.gov.in/uploads/2017/06/Kibber%20Wild%20Life%20Sanctuary%2C%20HP_1.pdf,[],06/05/2016,S.O. 1566(E),Q135404156,Kibber Wildlife Sanctuary,,,IUCN category IV: Habitat/Species Management Area,Himachal Pradesh,32.2096,78.0765,,,,,,,,https://en.wikipedia.org/wiki/Kibber_Wildlife_Sanctuary,exact
97,Himachal Pradesh,Kibber Wildlife Sanctuary,Wildlife Sanctuary,Final,2022-05-06,"97. S.O. 2135(E) [06.05.2022] Final Notification declaring Eco Sensitive Zone around Kibber Wildlife Sanctuary (1.72 MB), in the state of Himachal Pradesh.",https://moef.gov.in/uploads/2021/08/Published-Final-Notification-S-O-No-2135.pdf,[],06/05/2022,S.O. 2135(E),Q135404156,Kibber Wildlife Sanctuary,,,IUCN category IV: Habitat/Species Management Area,Himachal Pradesh,32.2096,78.0765,,,,,,,,https://en.wikipedia.org/wiki/Kibber_Wildlife_Sanctuary,exact
122,Himachal Pradesh,Kugti Wildlife Sanctuary,Wildlife Sanctuary,Draft,2016-05-19,"122. S.O.1822(E) [19.05.2016] Draft Notification declaring Eco Sensitive Zone around Kugti Wildlife Sanctuary(1.72 MB), Himachal Pradesh",https://moef.gov.in/uploads/2017/06/Kugti%20Wildlife%20Sanctuary%2C%20HP.pdf,[],25/05/2016,S.O.1822(E),Q17067959,Kugti Sanctuary,,,IUCN category IV: Habitat/Species Management Area,Himachal Pradesh,32.59861111,76.88527778,,,,,,,,https://en.wikipedia.org/wiki/Kugti_Sanctuary,exact
98,Himachal Pradesh,Kugti Wildlife Sanctuary,Wildlife Sanctuary,Final,2021-07-12,"98. S.O.2775(E) [12.07.2021] Final Notification declaring Eco Sensitive Zone around Kugti Wildlife Sanctuary (1.72 MB), Himachal Pradesh",https://moef.gov.in/uploads/2021/07/kugti.pdf,[],13/07/2021,S.O.2775(E),Q17067959,Kugti Sanctuary,,,IUCN category IV: Habitat/Species Management Area,Himachal Pradesh,32.59861111,76.88527778,,,,,,,,https://en.wikipedia.org/wiki/Kugti_Sanctuary,exact
122,Himachal Pradesh,Kugti Wildlife Sanctuary,Wildlife Sanctuary,Draft,2020-03-06,122. S.O. 1018(E) [06.03.2020] Draft Notification declaring Eco Sensitive Zone around Kugti Wildlife Sanctuary(98 KB). Himachal PradeshRe-notification New,https://moef.gov.in/uploads/2019/10/kugti.pdf,[],13/03/2020,S.O. 1018(E),Q17067959,Kugti Sanctuary,,,IUCN category IV: Habitat/Species Management Area,Himachal Pradesh,32.59861111,76.88527778,,,,,,,,https://en.wikipedia.org/wiki/Kugti_Sanctuary,exact
123,Himachal Pradesh,Kalatop Khajjiar Wildlife Sanctuary,Wildlife Sanctuary,Draft,2016-06-03,"123. S.O. 1967(E) [03.06.2016] Draft Notification declaring Eco Sensitive Zone around Kalatop – Khajjiar Wildlife Sanctuary(658.59 KB), Himachal Pradesh",https://moef.gov.in/uploads/2017/06/Kalatop%20-%20Khajjiar%20Wildlife%20Sanctuary%2C%20Himachal%20Pradesh.pdf,[],09/06/2016,S.O. 1967(E),Q6351618,Kalatop Khajjiar Sanctuary,,http://commons.wikimedia.org/wiki/Special:FilePath/Kalatop%20Wildlife%20Sanctuary.JPG,IUCN category IV: Habitat/Species Management Area,Himachal Pradesh,32.55,76.01,,,,,,Kalatop Khajjiar Sanctuary,,https://en.wikipedia.org/wiki/Kalatop_Khajjiar_Sanctuary,exact
99,Himachal Pradesh,Kalatop Khajjar Sanctuary Himachal Pradesh,Wildlife Sanctuary,Final,2020-10-27,"99. S.O. 3875(E) [ 27.10.2020] Final Notification declaring Eco Sensitive Zone around Kalatop- Khajjar Sanctuary, Himachal Pradesh. (98 KB) Sanctuary",https://moef.gov.in/uploads/2019/02/kalatop-khajjar.pdf,[],02/11/2020,S.O. 3875(E),,,,,,,,,,,,,,,,,none
123,Himachal Pradesh,Kalatop Khajjar Sanctuary,Wildlife Sanctuary,Draft,2020-03-06,"123. S.O. 1019(E) [06.03.2020] Draft Notification declaring Eco Sensitive Zone around Kalatop-Khajjar Sanctuary(564 KB) , Himachal PradeshRe-notification New",https://moef.gov.in/uploads/2019/10/kalatop-khajjar.pdf,[],13/03/2020,S.O. 1019(E),,,,,,,,,,,,,,,,,none
124,Himachal Pradesh,Sangla Valley Rakchham Chitkul Wildlife Sanctuary,Wildlife Sanctuary,Draft,2016-06-03,"124. S.O.1976(E) [03.06.2016] Draft Notification declaring Eco Sensitive Zone around Sangla Valley (Rakchham-Chitkul) Wildlife Sanctuary(987.4 KB), Himachal Pradesh",https://moef.gov.in/uploads/2017/06/Sangla%20Valley%20(Rakchham-Chitkul)%20Wildlife%20Sanctuary%2C%20HP.pdf,[],09/06/2016,S.O.1976(E),,,,,,,,,,,,,,,,,none
100,Himachal Pradesh,Rakchham-Chitkul Wildlife Sanctuary (previously known as Sangla Valley),Wildlife Sanctuary,Final,2017-07-28,"100. S.O. 2404 (E) [28.07.2017] Final Notification Declaring Eco Sensitive Zone around Rakchham-Chitkul Wildlife Sanctuary (previously known as Sangla Valley)(2.01 MB), Himachal Pradesh.",https://moef.gov.in/uploads/2017/06/Rakchham-Chitkul%20Wildlife%20Sanctuary%2C%20Himachal%20Pradesh.pdf,[],03/08/2017,S.O. 2404 (E),,,,,,,,,,,,,,,,,none
101,Himachal Pradesh,Tundah Wildlife Sanctuary,Wildlife Sanctuary,Final,2022-02-01,"101. S.O.409(E) [01.02.2022] Final Notification declaring Eco Sensitive Zone around Tundah Wildlife Sanctuary(3.01 MB), Himachal Pradesh.",https://moef.gov.in/uploads/2022/02/tundah-1.pdf,[],01/02/2022,S.O.409(E),,,,,,,,,,,,,,,,,none
102,Himachal Pradesh,Gamgul Siyabehi Wildlife Sanctuary,Wildlife Sanctuary,Final,2022-02-01,"102. S.O.415(E) [ 01.02.2022] Final Notification declaring Eco Sensitive Zone around Gamgul Siyabehi Wildlife Sanctuary(1.01 MB), Himachal Pradesh.",https://moef.gov.in/uploads/2022/02/gamgul.pdf,[],01/02/2022,S.O.415(E),,,,,,,,,,,,,,,,,none
125,Himachal Pradesh,Chandertal Wildlife Sanctuary,Wildlife Sanctuary,Draft,2016-06-03,"125. S.O. 1978(E) [03.06.2016] Draft Notification declaring Eco Sensitive Zone around Chandertal Wildlife Sanctuary(2.41 MB), Himachal Pradesh",https://moef.gov.in/uploads/2017/06/Chandertal%20Wildlife%20Sanctuary%2C%20HP.pdf,[],13/06/2016,S.O. 1978(E),,,,,,,,,,,,,,,,,none
126,Himachal Pradesh,Churdhar Wildlife Sanctuary,Wildlife Sanctuary,Draft,2016-06-03,"126. S.O. 1975(E) [03.06.2016] Draft Notification declaring Eco Sensitive Zone around Churdhar Wildlife Sanctuary(1.96 MB), Himachal Pradesh",https://moef.gov.in/uploads/2017/06/Churdhar%20Wildlife%20Sanctuary%2C%20HP.pdf,[],13/06/2016,S.O. 1975(E),Q5118284,Churdhar Sanctuary,,http://commons.wikimedia.org/wiki/Special:FilePath/Churdhar%2C%20Sirmour%20%28Himachal%20Pradesh%29.jpg,IUCN category IV: Habitat/Species Management Area,Himachal Pradesh,30.8763,77.4013,,,,,,Churdhar,,https://en.wikipedia.org/wiki/Churdhar_Sanctuary,exact
127,Himachal Pradesh,Talra Wildlife Sanctuary,Wildlife Sanctuary,Draft,2016-06-03,"127. S.O. 1969(E) [03.06.2016] Draft Notification declaring Eco Sensitive Zone around Talra Wildlife Sanctuary(1.84 MB), Himachal Pradesh",https://moef.gov.in/uploads/2017/06/Talra%20Wildlife%20Sanctuary%20%2C%20HP.pdf,[],13/06/2016,S.O. 1969(E),Q111181960,Talra Wildlife Sanctuary,,,IUCN category IV: Habitat/Species Management Area,Himachal Pradesh,31.017,77.779,,,,,,,,https://en.wikipedia.org/wiki/Talra_Wildlife_Sanctuary,exact
103,Himachal Pradesh,Talra Wildlife Sanctuary,Wildlife Sanctuary,Final,2017-11-22,"103. S.O. 3710(E) [22.11.2017] Final Notification declaring Eco Sensitive Zone around Talra Wildlife Sanctuary(6.7 MB), Himachal Pradesh.",https://moef.gov.in/uploads/2017/06/talra.pdf,[],29/11/2017,S.O. 3710(E),Q111181960,Talra Wildlife Sanctuary,,,IUCN category IV: Habitat/Species Management Area,Himachal Pradesh,31.017,77.779,,,,,,,,https://en.wikipedia.org/wiki/Talra_Wildlife_Sanctuary,exact
128,Himachal Pradesh,Sechu Tuan Nala Wildlife Sanctuary,Wildlife Sanctuary,Draft,2016-07-01,"128. S.O. 2276(E) [01.07.2016] Draft Notification declaring Eco Sensitive Zone around Sechu Tuan Nala Wildlife Sanctuary(1.37 MB), Himachal Pradesh",https://moef.gov.in/uploads/2017/06/Sechu%20Tuan%20Nala%20Wildlife%20Sanctuary%2C%20HP_0.pdf,[],21/07/2016,S.O. 2276(E),Q137008771,Sechu Tuan Nala Wildlife Sanctuary,,,IUCN category IV: Habitat/Species Management Area,Himachal Pradesh,33.0266,76.6949,,,,,,,,https://en.wikipedia.org/wiki/Sechu_Tuan_Nala_Wildlife_Sanctuary,exact
104,Himachal Pradesh,Sechu Tuan Nala Wildlife Sanctuary,Wildlife Sanctuary,Final,2017-09-29,"104. S.O. 3193 (E) [29.09.2017] Final Notification declaring Eco Sensitive Zone around Sechu Tuan Nala Wildlife Sanctuary(2.14 MB), Himachal Pradesh",https://moef.gov.in/uploads/2017/06/Sechu%20Tuan%20Nala%20Wildlife%20Sanctuary%20HP.pdf,[],09/10/2017,S.O. 3193 (E),Q137008771,Sechu Tuan Nala Wildlife Sanctuary,,,IUCN category IV: Habitat/Species Management Area,Himachal Pradesh,33.0266,76.6949,,,,,,,,https://en.wikipedia.org/wiki/Sechu_Tuan_Nala_Wildlife_Sanctuary,exact
129,Himachal Pradesh,Inderkila National Park,National Park,Draft,2016-07-21,"129. S.O. 2482(E) [21.07.2016] Draft Notification declaring Eco Sensitive Zone around Inderkila National Park(1.25 MB), Himachal Pradesh",https://moef.gov.in/uploads/2017/06/Inderkila%20National%20Park%20%2C%20HP.pdf,[],28/07/2016,S.O. 2482(E),,,,,,,,,,,,,,,,,none
105,Himachal Pradesh,Inderkila National Park,National Park,Final,2018-01-17,"105. S.O. 277(E) [17.01.2018] Final Notification declaring Eco Sensitive Zone around Inderkila National Park,(4.29 MB) Himachal Pradesh.",https://moef.gov.in/uploads/2017/06/inderkila_0.pdf,[],25/01/2018,S.O. 277(E),,,,,,,,,,,,,,,,,none
130,Himachal Pradesh,Renuka Ji Wildlife Sanctuary,Wildlife Sanctuary,Draft,2016-07-21,"130. S.O. 2481(E) [21.07.2016] Draft notification declaring Eco Sensitive Zone around Renuka Ji Wildlife Sanctuary(2.16 MB), Himachal Pradesh",https://moef.gov.in/uploads/2019/08/Renuka-Ji-Wildlife-Sanctuary-HP_1.pdf,[],29/07/2016,S.O. 2481(E),Q7313588,Renuka Sanctuary,,,IUCN category IV: Habitat/Species Management Area,Himachal Pradesh,30.61,77.458,,,,,,,,https://en.wikipedia.org/wiki/Renuka_Sanctuary,fuzzy
131,Himachal Pradesh,Renuka Ji Wildlife Sanctuary,Wildlife Sanctuary,Final,2021-09-10,"131. S.O.3682(E) [10.09.2021] Final Notification declaring Eco Sensitive Zone around Shri Renukaji Wildlife Sanctuary, (2.16 MB), Himachal Pradesh",https://moef.gov.in/uploads/2020/08/renuka-ji.pdf,[],15/09/2021,S.O.3682(E),Q7313588,Renuka Sanctuary,,,IUCN category IV: Habitat/Species Management Area,Himachal Pradesh,30.61,77.458,,,,,,,,https://en.wikipedia.org/wiki/Renuka_Sanctuary,fuzzy
131,Himachal Pradesh,Sri Renukaji Wildlife Sanctuary,Wildlife Sanctuary,Draft,2020-10-13,"131. S.O. 3581(E) [13.10.2020] Draft Notification declaring Eco Sensitive Zone around Sri Renukaji Wildlife Sanctuary(2.16 MB), Himachal Pradesh Re-notification New",https://moef.gov.in/uploads/2019/02/sri-renuka-ji.pdf,[],16/10/2020,S.O. 3581(E),,,,,,,,,,,,,,,,,none
132,Himachal Pradesh,Great Himalayan National Park Conservation Area,National Park,Draft,2016-08-05,"132. S.O. 2628(E) [05.08.2016] Draft notification declaring Eco Sensitive Zone around Great Himalayan National Park Conservation Area(1.32 MB), Himachal Pradesh",https://moef.gov.in/uploads/2017/06/Great%20Himalayan%20National%20Park%2C%20HP.pdf,[],22/08/2016,S.O. 2628(E),,,,,,,,,,,,,,,,,none
133,Himachal Pradesh,Kibber Wildlife Sanctuary,Wildlife Sanctuary,Draft,2020-03-20,"133. S.O. 1194(E) [20.03.2020] Draft Notification declaring Eco Sensitive Zone around Kibber Wildlife Sanctuary(321 KB) , Himachal Pradesh",https://moef.gov.in/uploads/2019/10/kibber.pdf,[],14/04/2020,S.O. 1194(E),Q135404156,Kibber Wildlife Sanctuary,,,IUCN category IV: Habitat/Species Management Area,Himachal Pradesh,32.2096,78.0765,,,,,,,,https://en.wikipedia.org/wiki/Kibber_Wildlife_Sanctuary,exact
134,Himachal Pradesh,Rupi Bhabha Wildlife Sanctuary,Wildlife Sanctuary,Draft,2021-07-12,"134. S.O. 2777(E) [12.07.2021] Draft Notification declaring Eco Sensitive Zone around Rupi Bhabha WLS (394 KB) , Himachal Pradesh",https://moef.gov.in/uploads/2021/07/rupi-bhava.pdf,[],13/07/2021,S.O. 2777(E),,,,,,,,,,,,,,,,,none
135,Jammu and Kashmir,Ramnagar Wildlife Sanctuary,Wildlife Sanctuary,Draft,2016-03-21,"135. S.O. 1167(E) [21.03.2016] Draft Notification declaring Eco sensitive Zone around Ramnagar Wildlife Sanctuary(556 KB), Jammu and Kashmir",https://moef.gov.in/uploads/2017/06/Ramnagar%20Wildlife%20Sanctuary%2C%20J%26amp%3BK.pdf,[],30/03/2016,S.O. 1167(E),,,,,,,,,,,,,,,,,none
106,Jammu and Kashmir,Ramnagar Wildlife Sanctuary,Wildlife Sanctuary,Final,2021-06-01,"106. S.O. 2128(E) [01.06.2021] Final Notification declaring Eco Sensitive Zone around Ramnagar Wildlife Sanctuary(3.40 MB), Jammu and Kashmir",https://moef.gov.in/uploads/2021/06/Ramnagar-Notification.pdf,[],03/06/2021,S.O. 2128(E),,,,,,,,,,,,,,,,,none
135,Jammu and Kashmir,Ramnagar Wildlife Sanctuary,Wildlife Sanctuary,Draft,2020-10-13,"135. S.O. 3582(E) [13.10.2020] Draft Notification declaring Eco Sensitive Zone around Ramnagar Wildlife Sanctuary(3.05 MB), Jammu and Kashmir Re-notification New",https://moef.gov.in/uploads/2019/02/ramnagar.pdf,[],16/10/2020,S.O. 3582(E),,,,,,,,,,,,,,,,,none
136,Jammu and Kashmir,Nandini Wildlife Sanctuary,Wildlife Sanctuary,Draft,2016-04-28,"136. S.O. 1567(E) [28.04.2016] Draft Notification declaring Eco Sensitive zone around Nandini Wildlife Sanctuary(3.05 MB), Jammu and Kashmir",https://moef.gov.in/uploads/2017/06/Nandini%20Wildlife%20Sanctuary%2C%20JK_0.pdf,[],06/05/2016,S.O. 1567(E),,,,,,,,,,,,,,,,,none
136,Jammu and Kashmir,Nandini Wildlife Sanctuary,Wildlife Sanctuary,Draft,2021-07-23,"136. S.O. 2918(E) [23.07.2021] Draft Notification declaring Eco Sensitive Zone around Nandini Wildlife Sanctuary(2.45 MB), Jammu and Kashmir Re-notification New",https://moef.gov.in/uploads/2021/07/nandini.pdf,[],27/07/2021,S.O. 2918(E),,,,,,,,,,,,,,,,,none
137,Jammu and Kashmir,Surinsar Mansar Wildlife Sanctuary,Wildlife Sanctuary,Draft,2017-07-20,"137. S.O. 2274 (E) [20.07.2017] Draft Notification Declaring Eco Sensitive Zone around Surinsar Mansar Wildlife Sanctuary,(225 KB) Jammu & Kashmir",https://moef.gov.in/uploads/2017/06/Surinsar-Mansar%20Wildlife%20Sanctuary%2C%20J%26amp%3BK.pdf,[],26/07/2017,S.O. 2274 (E),,,,,,,,,,,,,,,,,none
137,Jammu and Kashmir,Surinsar Mansar Wildlife,Wildlife Sanctuary,Draft,2021-01-12,"137. S.O. 122(E) [12.01.2021] Draft Notification declaring Eco Sensitive Zone around Surinsar-Mansar Wildlife (3.05 MB),Sanctuary, Jammu & Kashmir Re-notification New",https://moef.gov.in/uploads/2021/01/surinasar.pdf,[],18/01/2021,S.O. 122(E),,,,,,,,,,,,,,,,,none
107,Jammu and Kashmir,Surinsar-Mansar Wildlife Sanctuary,Wildlife Sanctuary,Final,2022-01-17,"107. S.O.210(E) [17.01.2022] Final Notification declaring Eco Sensitive Zone around Surinsar-Mansar Wildlife Sanctuary(547 KB), Jammu and Kashmir",https://moef.gov.in/uploads/2022/01/surinsar.pdf,[],17/01/2022,S.O.210(E),,,,,,,,,,,,,,,,,none
138,Jammu and Kashmir,Jasrota Wildlife Sanctuary,Wildlife Sanctuary,Draft,2017-11-06,"138. S.O. 3530(E) [06.11.2017] Draft Notification declaring Eco Sensitive Zone around Jasrota Wildlife Sanctuary,(3.18 MB) Jammu & Kashmir",https://moef.gov.in/uploads/2017/06/jasrota.pdf,[],13/11/2017,S.O. 3530(E),,,,,,,,,,,,,,,,,none
108,Jammu and Kashmir,Jasrota Wildlife Sanctuary,Wildlife Sanctuary,Final,2019-10-29,"108. S.O. 3871(E) [29.10.2019] Final Notification declaring Eco Sensitive Zone around Jasrota Wildlife Sanctuary(447 KB), Jammu and Kashmir",https://moef.gov.in/uploads/2019/10/jasrota.pdf,[],30/10/2019,S.O. 3871(E),,,,,,,,,,,,,,,,,none
139,Jammu and Kashmir,Rajparian Santuary,Wildlife Sanctuary,Draft,2019-09-25,139. S.O. 3461(E) [25.09.2019] Draft Notification declaring Eco Sensitive Zone around Rajparian Santuary(456 KB)Jammu & Kashmir.,https://moef.gov.in/uploads/2018/12/rajparian.pdf,[],30/09/2019,S.O. 3461(E),,,,,,,,,,,,,,,,,none
109,Jammu and Kashmir,Rajparian Wildlife Sanctuary,Wildlife Sanctuary,Final,2020-06-18,"109. S.O. 1958(E) [ 18.06.2020] Final Notification declaring Eco Sensitive Zone around Rajparian Wildlife Sanctuary(632 KB), Jammu & Kashmir",https://moef.gov.in/uploads/2019/10/rajparian.pdf,[],24/06/2020,S.O. 1958(E),Q17138383,Rajparian Wildlife Sanctuary,,,IUCN category IV: Habitat/Species Management Area,,33.6594,75.4714,,,,,,,,https://en.wikipedia.org/wiki/Rajparian_Wildlife_Sanctuary,exact
140,Jammu and Kashmir,Hirapora Wildlife Sanctuary,Wildlife Sanctuary,Draft,2020-06-09,"140. S.O. 1874(E) [09.06.2020] Draft Notification declaring Eco Sensitive Zone around Hirapora Wildlife Sanctuary(445 KB), Jammu & Kashmir.",https://moef.gov.in/uploads/2019/10/hirapora.pdf,[],15/06/2020,S.O. 1874(E),,,,,,,,,,,,,,,,,none
110,Jammu and Kashmir,Hirapora Wildlife Sanctuary,Wildlife Sanctuary,Final,2021-06-18,"110. S.O. 2406(E) [ 18.06.2021] Final Notification declaring Eco Sensitive Zone around Hirapora Sanctuary (332 KB), Jammu & Kashmir.",https://moef.gov.in/uploads/2021/06/hirapora.pdf,[],22/06/2021,S.O. 2406(E),,,,,,,,,,,,,,,,,none
141,Jammu and Kashmir,Kishtewar National Park,National Park,Draft,2021-01-12,"141. S.O. 121(E) [12.01.2021] Draft Notification declaring Eco Sensitive Zone around Kishtewar National Park, (3.05 MB)Jammu & Kashmir",https://moef.gov.in/uploads/2021/01/kishtwar.pdf,[],18/01/2021,S.O. 121(E),,,,,,,,,,,,,,,,,none
111,Jammu and Kashmir,Kishtewar National Park,National Park,Final,2021-10-13,"111. S.O.4262(E) [13.10.2021] Final Notification declaring Eco Sensitive Zone around Kishtewar National Park, (3.05 MB)Jammu & Kashmir",https://moef.gov.in/uploads/2020/08/kishtewar.pdf,[],21/10/2021,S.O.4262(E),,,,,,,,,,,,,,,,,none
142,Jammu and Kashmir,Kishtewar National Park,National Park,Draft,2021-01-28,142. S.O. 436(E) [28.01.2021] Draft Notification declaring Eco Sensitive Zone around Tata Kutti Wildlife Sanctuary (3.05 MB)Jammu & Kashmir,https://moef.gov.in/uploads/2021/02/tata-kutti.pdf,[],01/02/2021,S.O. 436(E),,,,,,,,,,,,,,,,,none
143,Jammu and Kashmir,"Kazinag National Park, Limber Sanctuary and Lachipora Sanctuary",National Park,Draft,2021-06-07,"143. S.O. 2180(E) [07.06.2021] Draft Notification declaring Eco Sensitive Zone around Kazi Nag NP (Kazinag National Park, Limber Sanctuary and Lachipora Sanctuary) (3.05 MB), Jammu & Kashmir",https://moef.gov.in/uploads/2021/06/kazinag.pdf,[],11/06/2021,S.O. 2180(E),,,,,,,,,,,,,,,,,none
112,Jammu and Kashmir,"Kazinag National Park,",National Park,Final,2022-03-25,"112. S.O. 1330(E) [25.03.2022] Final Notification declaring Eco Sensitive Zone around Kazinag National Park Kazinag National Park, (2.05 MB)Jammu & Kashmir",https://moef.gov.in/uploads/2022/03/Final-Notification-Kazinag.pdf,[],25/03/2022,S.O. 1330(E),,,,,,,,,,,,,,,,,none
143,Jammu and Kashmir,"Dachigham National Pak , Baltal Thajwas Sanctuary and Overa-Aru Sanctuary",National Park,Draft,2021-06-07,"143. S.O. 2184(E) [07.06.2021] Draft Notification declaring Eco Sensitive Zone around Dachigham National Pak , Baltal Thajwas Sanctuary and Overa-Aru Sanctuary(3.05 MB), Jammu & Kashmir S.O. No. 4227(E) [26.09.2023] Re-Draft Notification declaring Eco Sensitive Zone around Dachigham National Park, (3,397 KB) Jammu and KashmirRe-notification New",https://moef.gov.in/uploads/2021/06/dachigaon.pdf,[],11/06/2021 and 26/09/2023,S.O. 2184(E),,,,,,,,,,,,,,,,,none
144,Jammu and Kashmir,Gulmarg Wildlife Sanctuary,Wildlife Sanctuary,Draft,2021-06-07,"144. S.O. 2182(E) [07.06.2021] Draft Notification declaring Eco Sensitive Zone around Gulmarg Wildlife Sanctuary (3.05 MB), Jammu & Kashmir",https://moef.gov.in/uploads/2021/06/gulmarg.pdf,[],11/06/2021,S.O. 2182(E),Q102047437,Gulmarg Wildlife Sanctuary,,http://commons.wikimedia.org/wiki/Special:FilePath/Gulmarg%20Wildlife%20Sanctuary.jpg,IUCN category IV: Habitat/Species Management Area,Baramulla district,33.994166666,74.374166666,,,69,,,Gulmarg Wildlife Sanctuary,15876412,https://en.wikipedia.org/wiki/Gulmarg_Wildlife_Sanctuary,exact
113,Jammu and Kashmir,"Gulmarg Wildlife Sanctuary, Jammu & Kashmir.",Wildlife Sanctuary,Final,2022-05-06,"113. S.O.2141(E) [06.05.2022] Final Notification declaring Eco Sensitive Zone around Gulmarg Wildlife Sanctuary, Jammu & Kashmir.(223 KB)",https://moef.gov.in/uploads/2021/08/Gulmarg.pdf,[],01/09/2022,S.O.2141(E),,,,,,,,,,,,,,,,,none
145,Jammu and Kashmir,Tral Wildlife Sanctuary,Wildlife Sanctuary,Draft,2024-10-03,"145. S.O. No. 4325(E) [03.10.2024] Draft Notification of Eco-sensitive Zone around Tral Wildlife Sanctuary (2.12 MB), Jammu & Kashmir",https://moef.gov.in/uploads/pdf/tral_draft.pdf,[],08/10/2024,S.O. No. 4325(E),Q123532242,Tral Wildlife Sanctuary,,,IUCN category IV: Habitat/Species Management Area,Jammu and Kashmir,33.995,75.115,,,,,,,,https://en.wikipedia.org/wiki/Tral_Wildlife_Sanctuary,exact
145,Jharkhand,Dalma Wildlife Sanctuary,Wildlife Sanctuary,Draft,2012-03-29,"145. S.O. 680 [29.03.2012] Draft ESZ Notifictaion on for Dalma Wildlife Sanctuary(1.46 MB), Jharkand-West Bengal & Map(184.77 KB)",https://moef.gov.in/uploads/2017/06/S.O.%20680%20%5B29.03.2012%5D%20Draft%20ESZ%20Notifictaion%20on%20for%20Dalma%20Wildlife%20Sanctuary%2C%20Jharkand-West%20Bengal.pdf,[],,S.O. 680,Q12433409,Dalma Wildlife Sanctuary,,http://commons.wikimedia.org/wiki/Special:FilePath/Wild%20Abode.jpg,IUCN category IV: Habitat/Species Management Area,Jharkhand,22.90416667,86.21638889,Jamshedpur,,,,,Dalma Wildlife Sanctuary,,https://en.wikipedia.org/wiki/Dalma_Wildlife_Sanctuary,exact
114,Jharkhand,Dalma Wildlife Sanctuary,Wildlife Sanctuary,Final,2012-03-29,"114. S.O. 680 [29.03.2012] Final ESZ Notifictaion on for Dalma Wildlife Sanctuary(1.46 MB), Jharkand-West Bengal S.O. No. 3141(E) [14.07.2023] Amendment in the Final Notification of Eco-sensitive Zone around Dalma Wildlife Sanctuary (1,129 KB), in the state of Jharkhand",https://moef.gov.in/uploads/2017/06/S.O.%20680%20%5B29.03.2012%5D%20Final%20ESZ%20Notifictaion%20on%20for%20Dalma%20Wildlife%20Sanctuary%2C%20Jharkand-West%20Bengal.pdf,[],,S.O. 680,Q12433409,Dalma Wildlife Sanctuary,,http://commons.wikimedia.org/wiki/Special:FilePath/Wild%20Abode.jpg,IUCN category IV: Habitat/Species Management Area,Jharkhand,22.90416667,86.21638889,Jamshedpur,,,,,Dalma Wildlife Sanctuary,,https://en.wikipedia.org/wiki/Dalma_Wildlife_Sanctuary,exact
146,Jharkhand,Hazaribag Wildlife Sanctuary,Wildlife Sanctuary,Draft,2015-08-18,"146. S.O. 2244 [18.08.2015] Draft ESZ Notification on Hazaribag Wildlife Sanctuary(4.3 MB), Jharkhand & Map(216.39 KB)",https://moef.gov.in/uploads/2019/10/S.O.-2244-18.08.2015-Draft-ESZ-Notification-on-Hazaribag-Wildlife-Sanctuary-Jharkhand.pdf,[],29/10/2015,S.O. 2244,Q3595683,Hazaribagh Wildlife Sanctuary,,,IUCN category IV: Habitat/Species Management Area,North Chotanagpur division; Jharkhand,24.1474,85.36,Hazaribagh,,,,http://commons.wikimedia.org/wiki/Special:FilePath/Hazaribagh%20National%20Park%20101%20%28cropped%29.jpg,Hazaribag Wildlife Sanctuary,,https://en.wikipedia.org/wiki/Hazaribagh_Wildlife_Sanctuary,fuzzy
146,Jharkhand,Hazaribagh WLS,Wildlife Sanctuary,Draft,2018-02-16,"146. S.O. 695(E) [16.02.2018] Draft Notification declaring Eco Sensitive Zone around Hazaribagh WLS(3.86 MB), Jharkhand. Re-Notification New.",https://moef.gov.in/uploads/2017/06/hazaribagh.pdf,[],20/02/2018,S.O. 695(E),Q3595683,Hazaribagh Wildlife Sanctuary,,,IUCN category IV: Habitat/Species Management Area,North Chotanagpur division; Jharkhand,24.1474,85.36,Hazaribagh,,,,http://commons.wikimedia.org/wiki/Special:FilePath/Hazaribagh%20National%20Park%20101%20%28cropped%29.jpg,Hazaribag Wildlife Sanctuary,,https://en.wikipedia.org/wiki/Hazaribagh_Wildlife_Sanctuary,exact
115,Jharkhand,Hazaribagh Wildlife,Wildlife Sanctuary,Final,2019-08-01,"115. S.O. 2775(E) [01.08.2019] Final Notification declaring Eco Sensitive Zone around Hazaribagh Wildlife Sanctuary(555 KB), Jharkhand",https://moef.gov.in/uploads/2019/08/hazaribhag.pdf,[],06/08/2019,S.O. 2775(E),,,,,,,,,,,,,,,,,none
147,Jharkhand,"Betla National Park, Palamau Wildlife Sanctuary and Mahuadanr Wolf Sanctuary Sanctuary",National Park,Draft,2015-11-30,"147. SO 3336(E)[30.11.2015] Draft notification declaring Eco-sensitive Zone around the Betla National Park, Palamau Wildlife Sanctuary and Mahuadanr Wolf Sanctuary Sanctuary(991.5 KB) in the state of Jharkhand & Map(133.78 KB)",https://moef.gov.in/uploads/2018/05/Palamau-Wildlife-Sanctuary-and-Mahuadanr.pdf,[],30/12/2015,SO 3336(E),,,,,,,,,,,,,,,,,none
116,Jharkhand,Palamau Tiger Reserve,Tiger Reserve,Final,2019-08-09,"116. S.O. 2898(E) [09.08.2019] Final Notification declaring Eco Sensitive Zone around Palamau Tiger Reserve , (899 KB)Jharkhand",https://moef.gov.in/uploads/2019/08/palamau.pdf,[],16/08/2019,S.O. 2898(E),Q7126657,Palamau Tiger Reserve,,,IUCN category IV: Habitat/Species Management Area,Jharkhand,23.705555555,84.182222222,Medininagar,,,,,Palamau Tiger Reserve,,https://en.wikipedia.org/wiki/Palamau_Tiger_Reserve,exact
147,Jharkhand,Betla National Park Palamau Wildlife Sanctuary and Mahuadanr Wolf Sanctuary WLS,National Park,Draft,2018-02-22,"147. S.O. 779(E) [22.02.2018] Draft Notification declaring Eco Sensitive Zone around Betla National Park, Palamau Wildlife Sanctuary and Mahuadanr Wolf Sanctuary WLS(2.42 MB), Jharkhand.Re-Notification New.",https://moef.gov.in/uploads/2018/05/palamau.pdf,[],03/05/2018,S.O. 779(E),,,,,,,,,,,,,,,,,none
148,Jharkhand,Udwa lake Bird Sanctuary,Bird Sanctuary,Draft,2018-02-09,"148. S.O. 624(E) [09.02.2018] Draft Notification declaring Eco Sensitive Zone around Udwa lake Bird Sanctuary,(4.15 MB) Jharkhand.",https://moef.gov.in/uploads/2017/06/udwa%20lake.pdf,[],20/02/2018,S.O. 624(E),,,,,,,,,,,,,,,,,none
117,Jharkhand,Bird Sanctuary Jharkhand,Bird Sanctuary,Final,2019-08-01,"117. .S.O. 2774(E) [01.08.2019] Final Notification declaring Eco Sensitive Zone around Udwa Lake Bird Sanctuary, Jharkhand(223 KB)",https://moef.gov.in/uploads/2018/12/udwa-lake.pdf,[],05/08/2019,S.O. 2774(E),,,,,,,,,,,,,,,,,none
149,Jharkhand,Gauatam Buddha Sanctuary,Wildlife Sanctuary,Draft,2018-02-22,"149. 777(E) [22.02.2018] Draft Notification declaring Eco Sensitive Zone around Gauatam Buddha Sanctuary,(3.29 MB) Jharkhand.",https://moef.gov.in/uploads/2018/05/guatam-buddha.pdf,[],03/05/2018,,,,,,,,,,,,,,,,,,none
118,Jharkhand,Gauatam Buddha Sanctuary,Wildlife Sanctuary,Final,2019-08-05,"118. S.O. 2796(E) [05.08.2019] Final Notification declaring Eco Sensitive Zone around Gauatam Buddha Sanctuary(231 KB), Jharkhand",https://moef.gov.in/uploads/2019/08/gautam-bhudha.pdf,[],13/08/2019,S.O. 2796(E),,,,,,,,,,,,,,,,,none
150,Jharkhand,Palkot WLS,Wildlife Sanctuary,Draft,2018-02-22,"150. S.O. 776(E) [22.02.2018] Draft Notification declaring Eco Sensitive Zone around Palkot WLS,(2.92 MB) Jharkhand.",https://moef.gov.in/uploads/2018/05/palkot.pdf,[],03/05/2018,S.O. 776(E),Q85791919,Palkot Wildlife Sanctuary,,,IUCN category IV: Habitat/Species Management Area,Palkot,22.744624,84.586364,,,,,,Palkot Wildlife Sanctuary,,https://en.wikipedia.org/wiki/Palkot_Wildlife_Sanctuary,exact
119,Jharkhand,Palkot Wildlife Sanctuary,Wildlife Sanctuary,Final,2019-08-09,"119. S.O. 2897(E) [09.08.2019]Final Notification declaring Eco Sensitive Zone around Palkot Wildlife Sanctuary(123 KB), Jharkhand.",https://moef.gov.in/uploads/2019/08/palkot.pdf,[],16/08/2019,S.O. 2897(E),Q85791919,Palkot Wildlife Sanctuary,,,IUCN category IV: Habitat/Species Management Area,Palkot,22.744624,84.586364,,,,,,Palkot Wildlife Sanctuary,,https://en.wikipedia.org/wiki/Palkot_Wildlife_Sanctuary,exact
151,Jharkhand,Parasnath and Topchanachi Sanctuary,Wildlife Sanctuary,Draft,2018-02-26,"151. S.O. 798(E) [26.02.2018] Draft Notification declaring Eco Sensitive Zone around Parasnath and Topchanachi, Sanctuary,(3.83 MB) Jharkhand.",https://moef.gov.in/uploads/2018/05/Parasnath.pdf,[],08/03/2018,S.O. 798(E),,,,,,,,,,,,,,,,,none
120,Jharkhand,Parasnath and Topchanachi Sanctuary,Wildlife Sanctuary,Final,2019-08-05,120. S.O. 2795(E) [05.08.2019] Final Notification declaring Eco Sensitive Zone around Parasnath and Topchanachi Sanctuary(253 KB) Jharkhand,https://moef.gov.in/uploads/2019/08/parasnath.pdf,[],13/08/2019,S.O. 2795(E),,,,,,,,,,,,,,,,,none
152,Jharkhand,Kederma WLS,Wildlife Sanctuary,Draft,2018-02-22,"152. S.O. 774(E) [22.02.2018] Draft Notification declaring Eco Sensitive Zone around Kederma WLS,(3 MB) Jharkhand.",https://moef.gov.in/uploads/2018/05/kederma.pdf,[],05/03/2018,S.O. 774(E),,,,,,,,,,,,,,,,,none
121,Jharkhand,Kederma Wildlife Sanctuary,Wildlife Sanctuary,Final,2019-08-09,"121. S.O. 2895(E) [09.08.2019]Final Notification declaring Eco Sensitive Zone around Kederma Wildlife Sanctuary(456 KB), Jharkhand",https://moef.gov.in/uploads/2019/08/kederma.pdf,[],16/08/2019,S.O. 2895(E),,,,,,,,,,,,,,,,,none
153,Jharkhand,Lawalong WLS,Wildlife Sanctuary,Draft,2018-02-21,"153. S.O. 775(E) [21.02.2018] Draft Notification declaring Eco Sensitive Zone around Lawalong WLS,(4.15 MB) Jharkhand.",https://moef.gov.in/uploads/2018/05/lawalong.pdf,[],20/02/2018,S.O. 775(E),Q105044248,Lawalong Wildlife Sanctuary,,,IUCN category IV: Habitat/Species Management Area,Jharkhand,24.2367,84.5175,,,,,,,,https://en.wikipedia.org/wiki/Lawalong_Wildlife_Sanctuary,exact
122,Jharkhand,Lawalong Sanctuary,Wildlife Sanctuary,Final,2019-08-09,"122. S.O. 2896(E) [09.08.2019] Final Notification declaring Eco Sensitive Zone around Lawalong Sanctuary(124 KB), Jharkhand",https://moef.gov.in/uploads/2018/12/lawalong.pdf,[],14/08/2019,S.O. 2896(E),Q105044248,Lawalong Wildlife Sanctuary,,,IUCN category IV: Habitat/Species Management Area,Jharkhand,24.2367,84.5175,,,,,,,,https://en.wikipedia.org/wiki/Lawalong_Wildlife_Sanctuary,exact
154,Karnataka,Bandipur National Park,National Park,Draft,,"154. S.O. 2154 [2109.2011] Draft ESZ Notification on Bandipur National Park(1.27 MB), Karnataka",https://moef.gov.in/uploads/2017/06/S.O.%202154%20%5B2109.2011%5D%20Draft%20ESZ%20Notification%20on%20Bandipur%20National%20Park%2C%20Karnataka.pdf,[],,S.O. 2154,Q665110,Bandipur National Park,,http://commons.wikimedia.org/wiki/Special:FilePath/Large%20Chital%20herd%20at%20Bandipur%20National%20Park.jpg,IUCN category II: National Park,Chamarajanagar district,11.664444,76.627222,Chamarajanagar,,872.24,,http://commons.wikimedia.org/wiki/Special:FilePath/Bandipur%20National%20Park%20WV%20banner.jpg,Bandipur National Park,,https://en.wikipedia.org/wiki/Bandipur_National_Park,exact
123,Karnataka,Bandipur NP,Tiger Reserve,Final,2012-10-04,"123. S.O. No. 2364 [04.10.2012] Final ESZ Notification on Bandipur NP(2.47 MB), Karnataka S.O. No. 5237(E) [10.11.2022] Amendment in the Final Notification of Eco-sensitive Zone around Bandipur National Park and Tiger Reserve, in the state of Karnataka. (ESZ) (1,149 KB), Karnataka",https://moef.gov.in/uploads/2017/06/S.O.%20No.%202364%20%5B04.10.2012%5D%20Final%20ESZ%20Notification%20on%20Bandipur%20NP%2C%20Karnataka.pdf,[],26/05/2013 & 16-11-2022,S.O. No. 2364,Q665110,Bandipur National Park,,http://commons.wikimedia.org/wiki/Special:FilePath/Large%20Chital%20herd%20at%20Bandipur%20National%20Park.jpg,IUCN category II: National Park,Chamarajanagar district,11.664444,76.627222,Chamarajanagar,,872.24,,http://commons.wikimedia.org/wiki/Special:FilePath/Bandipur%20National%20Park%20WV%20banner.jpg,Bandipur National Park,,https://en.wikipedia.org/wiki/Bandipur_National_Park,exact
155,Karnataka,Daroji Bear Sanctuary,Wildlife Sanctuary,Draft,2015-09-22,"155. S.O. 2609 [22.09.2015] Draft ESZ Notification on Daroji Bear Sanctuary(515.08 KB), Karnataka & Map(109.86 KB)",https://moef.gov.in/uploads/2017/06/S.O.%202609%20%5B22.09.2015%5D%20Draft%20ESZ%20Notification%20on%20Daroji%20Bear%20Sanctuary%2C%20Karnataka.pdf,[],02/11/2015,S.O. 2609,,,,,,,,,,,,,,,,,none
124,Karnataka,Daroji Bear Wildlife,Wildlife Sanctuary,Final,2019-09-27,"124. S.O. 3528(E) [27.09.2019] Final Notification declaring Eco Sensitive Zone around Daroji Bear Wildlife(456 KB) Sanctuary, Karnataka",https://moef.gov.in/uploads/2018/12/daroji.pdf,[],03/10/2019,S.O. 3528(E),,,,,,,,,,,,,,,,,none
155,Karnataka,Daroji Bear WLS,Wildlife Sanctuary,Draft,2018-09-19,"155. S.O. 4893(E) [19.09.2018] Draft Notification declaring Eco Sensitive Zone aroundDaroji Bear WLS(515.08 KB), Karnataka &(109.86 KB) Re-Notification New.",https://moef.gov.in/uploads/2018/12/daoroji.pdf,[],26/09/2018,S.O. 4893(E),,,,,,,,,,,,,,,,,none
156,Karnataka,Mookambika Wildlife Sanctuary,Wildlife Sanctuary,Draft,2015-10-19,"156. S.O. 2869 [19.10.2015] Draft ESZ Notification on Mookambika Wildlife Sanctuary(1.16 MB), Karnataka & Map(364.15 KB)",https://moef.gov.in/uploads/2019/10/S.O.-2869-19.10.2015-Draft-ESZ-Notification-on-Mookambika-Wildlife-Sanctuary-Karnataka.pdf,[],02/11/2015,S.O. 2869,Q60744029,Mookambika Wildlife Sanctuary,,,IUCN category IV: Habitat/Species Management Area,Udupi district,13.7,74.65,,,,,,,,https://en.wikipedia.org/wiki/Mookambika_Wildlife_Sanctuary,exact
125,Karnataka,Mookambika Wildlife Sanctuary,Wildlife Sanctuary,Final,2017-04-13,"125. S.O. 1176(E) [13.04.2017] Final Notification Declaring Eco Sensitive Zone around Mookambika Wildlife Sanctuary(1.78 MB), Karnataka",https://moef.gov.in/uploads/2017/06/Mookambika%20Wildlife%20Sanctuary%2C%20Karnataka.pdf,[],01/05/2017,S.O. 1176(E),Q60744029,Mookambika Wildlife Sanctuary,,,IUCN category IV: Habitat/Species Management Area,Udupi district,13.7,74.65,,,,,,,,https://en.wikipedia.org/wiki/Mookambika_Wildlife_Sanctuary,exact
157,Karnataka,brahmagiri Wildlife Sanctuary,Wildlife Sanctuary,Draft,2015-11-23,157. SO 3226(E)[23.11.2015] Draft notification declaring Eco-sensitive Zone around the brahmagiri Wildlife Sanctuary (641.79 KB)in the state of Karnataka,https://moef.gov.in/uploads/2017/06/SO%203226(E)%5B23.11.2015%5D%20Draft%20notification%20declaring%20Eco-sensitive%20Zone%20around%20the%20brahmagiri%20Wildlife%20Sanctuary%20in%20the%20state%20of%20Karnataka.pdf,[],09/11/2015,SO 3226(E),Q4955532,Brahmagiri Wildlife Sanctuary,Western Ghats,http://commons.wikimedia.org/wiki/Special:FilePath/Brahmagiri%20wildlife%20sanctuary.jpg,IUCN category IV: Habitat/Species Management Area,Karnataka,12.387,75.491,,part of UNESCO World Heritage Site,18129,,,Brahmagiri Wildlife Sanctuary,,https://en.wikipedia.org/wiki/Brahmagiri_Wildlife_Sanctuary,exact
126,Karnataka,Brahmagiri Wildlife Sanctuary,Wildlife Sanctuary,Final,2017-05-26,"126. S.O. 1701 (E) [26.05.2017] Final Notification declaring Eco-sensitive Zone around Brahmagiri Wildlife Sanctuary(1.98 MB), Karnataka.",https://moef.gov.in/uploads/2017/06/Brahmagiri%20Wildlife%20Sanctuary%2C%20Karnataka.pdf,[],01/06/2017,S.O. 1701 (E),Q4955532,Brahmagiri Wildlife Sanctuary,Western Ghats,http://commons.wikimedia.org/wiki/Special:FilePath/Brahmagiri%20wildlife%20sanctuary.jpg,IUCN category IV: Habitat/Species Management Area,Karnataka,12.387,75.491,,part of UNESCO World Heritage Site,18129,,,Brahmagiri Wildlife Sanctuary,,https://en.wikipedia.org/wiki/Brahmagiri_Wildlife_Sanctuary,exact
158,Karnataka,Arabithittu Wildlife Sanctuary,Wildlife Sanctuary,Draft,2015-12-07,158. SO 3329(E)[07.12.2015] Draft notification declaring Eco-sensitive Zone around the Arabithittu Wildlife Sanctuary(705.72 KB) in the state of Karnataka.,https://moef.gov.in/uploads/2017/06/SO%203329(E)%5B07.12.2015%5D%20Draft%20notification%20declaring%20Eco-sensitive%20Zone%20around%20the%20Arabithittu%20Wildlife%20Sanctuary%20in%20the%20state%20of%20Karnataka..pdf,[],30/12/2015,SO 3329(E),Q110078183,Arabithittu Wildlife Sanctuary,,,IUCN category IV: Habitat/Species Management Area,Karnataka,12.323611111,76.405555555,,,,,,,,https://en.wikipedia.org/wiki/Arabithittu_Wildlife_Sanctuary,exact
127,Karnataka,Arabithittu Wildlife Sanctuary,Wildlife Sanctuary,Final,2017-06-08,"127. S.O. 1857 (E) [08.06.2017] Final Notification Declaring Eco Sensitive Zone around Arabithittu Wildlife Sanctuary(2.26 MB), Karnataka",https://moef.gov.in/uploads/2017/06/Arabithittu%20Wildlife%20Sanctuary%2C%20Karnataka.pdf,[],15/06/2017,S.O. 1857 (E),Q110078183,Arabithittu Wildlife Sanctuary,,,IUCN category IV: Habitat/Species Management Area,Karnataka,12.323611111,76.405555555,,,,,,,,https://en.wikipedia.org/wiki/Arabithittu_Wildlife_Sanctuary,exact
159,Karnataka,Attiveri Bird Sanctuary,Bird Sanctuary,Draft,2015-12-09,159. SO 3340(E)[09.12.2015] Draft notification declaring Eco-sensitive Zone around the Attiveri Bird Sanctuary(1.29 MB) in the state of Karnataka.,https://moef.gov.in/uploads/2017/06/SO%203340(E)%5B09.12.2015%5D%20Draft%20notification%20declaring%20Eco-sensitive%20Zone%20around%20the%20Attiveri%20Bird%20Sanctuary%20%20in%20the%20state%20of%20Karnataka..pdf,[],30/12/2015,SO 3340(E),Q4818551,Attiveri Bird Sanctuary,,http://commons.wikimedia.org/wiki/Special:FilePath/Attiveri%20Bird%20sanctuary%201.jpg,IUCN category IV: Habitat/Species Management Area,Uttara Kannada District,15.07888889,75.04138889,,,,,,Attiveri Bird Sanctuary,,https://en.wikipedia.org/wiki/Attiveri_Bird_Sanctuary,exact
128,Karnataka,Attiveri Bird Sanctuary,Bird Sanctuary,Final,2017-06-07,"128. S.O. 1815 (E) [07.06.2017] Final Notification declaring Eco Sensitive Zone around Attiveri Bird Sanctuary(1.72 MB), Karnataka",https://moef.gov.in/uploads/2017/06/Attiveri%20Bird%20Sanctuary%2C%20Karnataka.pdf,[],12/06/2017,S.O. 1815 (E),Q4818551,Attiveri Bird Sanctuary,,http://commons.wikimedia.org/wiki/Special:FilePath/Attiveri%20Bird%20sanctuary%201.jpg,IUCN category IV: Habitat/Species Management Area,Uttara Kannada District,15.07888889,75.04138889,,,,,,Attiveri Bird Sanctuary,,https://en.wikipedia.org/wiki/Attiveri_Bird_Sanctuary,exact
160,Karnataka,Ghataprabha Bird Sanctuary,Bird Sanctuary,Draft,2015-12-29,160. SO 3550(E)[29.12.2015] Draft notification declaring Eco-sensitive Zone around the Ghataprabha Bird Sanctuary(916.64 KB) in the state of Karnataka.,https://moef.gov.in/uploads/2017/06/SO%203550(E)%5B29.12.2015%5D%20Draft%20notification%20declaring%20Eco-sensitive%20Zone%20around%20the%20Ghataprabha%20Bird%20Sanctuary%20%20in%20the%20state%20of%20Karnataka._0.pdf,[],08/01/2015,SO 3550(E),Q137252985,Ghataprabha Wildlife Sanctuary,,,IUCN category IV: Habitat/Species Management Area,Karnataka,16.22251,74.73888,,,,,,,,https://en.wikipedia.org/wiki/Ghataprabha_Wildlife_Sanctuary,exact
129,Karnataka,Ghataprabha Bird Sanctuary,Bird Sanctuary,Final,2017-06-28,"129. S.O. 2029 (E) [28.06.2017] Final Notification declaring Eco Sensitive Zone around Ghataprabha Bird Sanctuary(2.11 MB), Karnataka",https://moef.gov.in/uploads/2017/06/Ghataprabha%20Bird%20Sanctuary%2C%20Karnataka.pdf,[],04/07/2017,S.O. 2029 (E),Q137252985,Ghataprabha Wildlife Sanctuary,,,IUCN category IV: Habitat/Species Management Area,Karnataka,16.22251,74.73888,,,,,,,,https://en.wikipedia.org/wiki/Ghataprabha_Wildlife_Sanctuary,exact
161,Karnataka,Sharavati Valley Lion Tailed Macaque (LTM) Sanctuary,Wildlife Sanctuary,Draft,2023-03-14,"161. S.O. 1197(E) [14.03.2023] Draft Notification declaring Eco Sensitive Zone around Sharavati Valley Lion Tailed Macaque (LTM) Sanctuary, (3,920 KB) in the state of Karnataka",https://moef.gov.in/uploads/2023/11/SO1197-14032013.pdf,[],14/03/2023,S.O. 1197(E),,,,,,,,,,,,,,,,,none
130,Karnataka,Sharavathi Valley Wildlife Sanctuary,Wildlife Sanctuary,Final,2023-11-16,"130. • S.O. 4950(E) [16.11.2023] Final Notification declaring Eco Sensitive Zone around Sharavathi Valley Wildlife Sanctuary Wildlife Sanctuary, Karnataka.",https://moef.gov.in/uploads/2023/11/SO4950(E)-sharavati-final.pdf,[],28/11/2023,S.O. 4950(E),,,,,,,,,,,,,,,,,none
161,Karnataka,Sharavathi Valley WLS,Wildlife Sanctuary,Draft,2018-09-19,161. S.O. 4894(E) [19.09.2018] Draft Notification declaring Eco Sensitive Zone aroundSharavathi Valley WLS(2.79 MB)Re-Notification New.,https://moef.gov.in/uploads/2018/12/sharavati.pdf,[],08/01/2015,S.O. 4894(E),,,,,,,,,,,,,,,,,none
162,Karnataka,Ranebennur Black Buck,Wildlife Sanctuary,Draft,2016-01-07,162. SO 64(E)[07.01.2016] Draft notification declaring Eco-sensitive Zone around the Ranebennur Black Buck Sanctuary(786.84 KB) in the state of Karnataka,https://moef.gov.in/uploads/2017/06/SO%2064(E)%5B07.01.2016%5D%20Draft%20notification%20declaring%20Eco-sensitive%20Zone%20around%20the%20Ranebennur%20Black%20Buck%20%20Sanctuary%20%20in%20the%20state%20of%20Karnataka..pdf,[],13/01/2016,SO 64(E),,,,,,,,,,,,,,,,,none
131,Karnataka,Ranebennur Blackbuck Sanctuary,Wildlife Sanctuary,Final,2017-07-06,"131. S.O. 2147 (E) [06.07.2017] Final Notification Declaring Eco Sensitive Zone around Ranebennur Blackbuck Sanctuary(1.57 MB), Karnataka",https://moef.gov.in/uploads/2017/06/Ranebennur%20Blackbuck%20Sanctuary%2C%20Karnataka.pdf,[],11/08/2017,S.O. 2147 (E),,,,,,,,,,,,,,,,,none
163,Karnataka,Rangayyadurga Four Horned Antelope Wildlife Sanctuary Sanctuary,Wildlife Sanctuary,Draft,2016-01-07,163. SO 71(E)[07.01.2016] Draft notification declaring Eco-sensitive Zone around the Rangayyadurga Four Horned Antelope Wildlife Sanctuary Sanctuary(685.79 KB) in the state of Karnataka,https://moef.gov.in/uploads/2017/06/SO%2071(E)%5B07.01.2016%5D%20Draft%20notification%20declaring%20Eco-sensitive%20Zone%20around%20the%20Rangayyadurga%20Four%20Horned%20Antelope%20Wildlife%20Sanctuary%20Sanctuary%20%20in%20the%20state%20of%20Karnataka..pdf,[],13/01/2016,SO 71(E),,,,,,,,,,,,,,,,,none
132,Karnataka,Rangayyanadurga Four Horned Antelope Wildlife Sanctuary,Wildlife Sanctuary,Final,2017-06-07,"132. S.O. 1811 (E) [07.06.2017] Final Notification declaring Eco Sensitive Zone around Rangayyanadurga Four Horned Antelope Wildlife Sanctuary(2.27 MB), Karnataka S.O. No. 4421(E) [11.10.2023] Amendment in the Final Notification of Eco-sensitive Zone around Rangayyanadurga Four Horned Antelope Wildlife Sanctuary, in the state of Karnataka (1,159 KB), Karnataka",https://moef.gov.in/uploads/2017/06/Rangayyanadurga%20Four%20Horned%20Antelope%20Wildlife%20Sanctuary%2C%20Karnataka.pdf,[],12/06/2017 & 25/11/2023,S.O. 1811 (E),,,,,,,,,,,,,,,,,none
164,Karnataka,Kudremukh National Park,National Park,Draft,2016-01-07,164. SO 63(E)[07.01.2016] Draft notification declaring Eco-sensitive Zone around the Kudremukh National Park (735.77 KB)in the state of Karnataka,https://moef.gov.in/uploads/2017/06/SO%2063(E)%5B07.01.2016%5D%20Draft%20notification%20declaring%20Eco-sensitive%20Zone%20around%20the%20Kudremukh%20National%20Park%20in%20the%20state%20of%20Karnataka.pdf,[],30/12/2015,SO 63(E),Q123439915,Kudremukh National Park,,http://commons.wikimedia.org/wiki/Special:FilePath/Kuduremukha-NationalPark%20Grassland.jpg,IUCN category II: National Park,Karnataka,13.25,75.2,,,600.32,,,Kudremukh National Park,9482054,https://en.wikipedia.org/wiki/Kudremukh_National_Park,exact
133,Karnataka,Kudremukh National Park,National Park,Final,2020-07-02,"133. S.O. 2188(E) [ 02.07.2020] Final Notification declaring Eco Sensitive Zone around Kudremukh National Park(223 KB), Karnataka.",https://moef.gov.in/uploads/2019/10/kudermukh.pdf,[],06/07/2020,S.O. 2188(E),Q123439915,Kudremukh National Park,,http://commons.wikimedia.org/wiki/Special:FilePath/Kuduremukha-NationalPark%20Grassland.jpg,IUCN category II: National Park,Karnataka,13.25,75.2,,,600.32,,,Kudremukh National Park,9482054,https://en.wikipedia.org/wiki/Kudremukh_National_Park,exact
164,Karnataka,Kudermukh National Park,National Park,Draft,2019-10-25,"164. S.O. 3859(E) [25.10.2019] Draft Notification declaring Eco Sensitive Zone around Kudermukh National Park(365 KB), Karnataka Re-Notification New.",https://moef.gov.in/uploads/2019/10/kudernukh.pdf,[],30/10/2019,S.O. 3859(E),,,,,,,,,,,,,,,,,none
165,Karnataka,Bhimgad Wildlife Sanctuary,Wildlife Sanctuary,Draft,2023-08-09,"165. SO 3565(E)[09.08.2023] Draft notification declaring Eco-sensitive Zone around the Bhimgad Wildlife Sanctuary(2,268 KB) in the state of Karnataka",https://moef.gov.in/uploads/2023/11/SO3565-09082023-Notification.pdf,[],09/08/2023,SO 3565(E),,,,,,,,,,,,,,,,,none
166,Karnataka,Gudekote Sloth Bear Sanctuary,Wildlife Sanctuary,Draft,2023-03-14,"166. S.O. 1226(E) [14.03.2023] Draft Notification declaring Eco sensitive Zone around Gudekote Sloth Bear Sanctuary(5,809 KB), Karnataka",https://moef.gov.in/uploads/2023/11/SO1226-14032023.pdf,[],14/03/2023,S.O. 1226(E),,,,,,,,,,,,,,,,,none
134,Karnataka,Gudekote Sloth Bear Sanctuary,Wildlife Sanctuary,Final,2017-10-27,"134. S.O. 4747 (E) [27.10.2017] Final Notification declaring Eco Sensitive Zone around Gudekote Sloth Bear Sanctuary,(4.04 MB) Karnataka",https://moef.gov.in/uploads/2023/11/SO4747(E)-gudekote-final.pdf,[],25/11/2023,S.O. 4747 (E),,,,,,,,,,,,,,,,,none
167,Karnataka,Gudavi Bird Sanctuary,Bird Sanctuary,Draft,2015-01-07,"167. S.O. 68(E) [07.01.2015] Draft Notification declaring Eco sensitive Zone around Gudavi Bird Sanctuary(690.78 KB), Karnataka",https://moef.gov.in/uploads/2017/06/S.O.%2068(E)%20%5B07.01.2015%5D%20Draft%20Notification%20declaring%20Eco%20sensitive%20Zone%20around%20Gudavi%20Bird%20Sanctuary%2C%20Karnataka.pdf,[],24/02/2016,S.O. 68(E),Q5614543,Gudavi Bird Sanctuary,,http://commons.wikimedia.org/wiki/Special:FilePath/GDV1.jpg,IUCN category IV: Habitat/Species Management Area,Shimoga district,14.439722222,75.0125,,,,,,Gudavi Bird Sanctuary,,https://en.wikipedia.org/wiki/Gudavi_Bird_Sanctuary,exact
135,Karnataka,Gudavi Bird Sanctuary,Bird Sanctuary,Final,2017-07-06,"135. S.O. 2148 (E) [06.07.2017] Final Notification Declaring Eco Sensitive Zone around Gudavi Bird Sanctuary(2.04 MB), Karnataka S .O. No. 5494(E) [19.12.2024] Amendment in the Final Notification of Eco-sensitive Zone around Gudavi Bird Sanctuary(11.76 MB), Karnataka",https://moef.gov.in/uploads/2017/06/Gudavi%20Bird%20Sanctuary%2C%20Karnataka.pdf,[],11/08/2017,S.O. 2148 (E),Q5614543,Gudavi Bird Sanctuary,,http://commons.wikimedia.org/wiki/Special:FilePath/GDV1.jpg,IUCN category IV: Habitat/Species Management Area,Shimoga district,14.439722222,75.0125,,,,,,Gudavi Bird Sanctuary,,https://en.wikipedia.org/wiki/Gudavi_Bird_Sanctuary,exact
168,Karnataka,Pushpagiri Wildlife Sanctuary,Wildlife Sanctuary,Draft,2016-01-13,"168. S.O. 139(E) [13.01.2016] Draft Notification declaring Eco sensitive Zone around Pushpagiri Wildlife Sanctuary(533.3 KB), Karnataka",https://moef.gov.in/uploads/2017/06/S.O.%20139(E)%20%5B13.01.2016%5D%20Draft%20Notification%20declaring%20Eco%20sensitive%20Zone%20around%20Pushpagiri%20Wildlife%20Sanctuary%2C%20Karnataka.pdf,[],25/02/2016,S.O. 139(E),Q7261843,Pushpagiri Wildlife Sanctuary,Western Ghats; Karnataka,http://commons.wikimedia.org/wiki/Special:FilePath/Its%20not%20Day%20time%20%40Pushpagiri%20Wildlife%20Sanctuary.jpg,IUCN category IV: Habitat/Species Management Area,Karnataka,12.58333333,75.66666667,Somwarpet,part of UNESCO World Heritage Site,102.92,,http://commons.wikimedia.org/wiki/Special:FilePath/Kumaraparvata%20Banner.jpg,Pushpagiri Wildlife Sanctuary,,https://en.wikipedia.org/wiki/Pushpagiri_Wildlife_Sanctuary,exact
136,Karnataka,Pushpagiri Wildlife Sanctuary,Wildlife Sanctuary,Final,2017-06-28,"136. S.O. 2020 (E) [28.06.2017] Final Notification declaring Eco Sensitive Zone around Pushpagiri Wildlife Sanctuary(2.04 MB), Karnataka",https://moef.gov.in/uploads/2017/06/Pushpagiri%20Wildlife%20Sanctuary%2C%20Karnataka.pdf,[],03/07/2017,S.O. 2020 (E),Q7261843,Pushpagiri Wildlife Sanctuary,Western Ghats; Karnataka,http://commons.wikimedia.org/wiki/Special:FilePath/Its%20not%20Day%20time%20%40Pushpagiri%20Wildlife%20Sanctuary.jpg,IUCN category IV: Habitat/Species Management Area,Karnataka,12.58333333,75.66666667,Somwarpet,part of UNESCO World Heritage Site,102.92,,http://commons.wikimedia.org/wiki/Special:FilePath/Kumaraparvata%20Banner.jpg,Pushpagiri Wildlife Sanctuary,,https://en.wikipedia.org/wiki/Pushpagiri_Wildlife_Sanctuary,exact
169,Karnataka,Someshwara Wildlife Sanctuary,Wildlife Sanctuary,Draft,2016-01-13,"169. S.O. 140(E) [13.01.2016] Draft Notification declaring Eco sensitive Zone around Someshwara Wildlife Sanctuary(939.39 KB), Karnataka",https://moef.gov.in/uploads/2017/06/S.O.%20140(E)%20%5B13.01.2016%5D%20Draft%20Notification%20declaring%20Eco%20sensitive%20Zone%20around%20Someshwara%20Wildlife%20Sanctuary%2C%20Karnataka.pdf,[],25/02/2016,S.O. 140(E),Q7559997,Someshwara Wildlife Sanctuary,Western Ghats,,IUCN category IV: Habitat/Species Management Area,,13.48333333,74.83333333,,part of UNESCO World Heritage Site,8840,,,Someshwara Wildlife Sanctuary,,https://en.wikipedia.org/wiki/Someshwara_Wildlife_Sanctuary,exact
137,Karnataka,Someshwara Wildlife,Wildlife Sanctuary,Final,2020-08-28,"137. S.O. 2942 (E) [ 28.08.2020] Final Notification declaring Eco Sensitive Zone around Someshwara Wildlife Sanctuary(235 KB), Karnataka",https://moef.gov.in/uploads/2019/02/someshwara.pdf,[],31/08/2020,S.O. 2942 (E),,,,,,,,,,,,,,,,,none
169,Karnataka,Someshwara Wildlife,Wildlife Sanctuary,Draft,2019-10-25,"169. S.O. 3858(E) [25.10.2019] Draft Notification declaring Eco Sensitive Zone around Someshwara Wildlife Sanctuary (222 KB), Karnataka. Re-Notification New.",https://moef.gov.in/uploads/2019/10/someshwara.pdf,[],01/11/2019,S.O. 3858(E),,,,,,,,,,,,,,,,,none
170,Karnataka,Cauvery Wildlife Sanctuary,Wildlife Sanctuary,Draft,2016-03-03,"170. S.O.656(E) [03.03.2016] Draft Notification declaring Eco sensitive Zone around Cauvery Wildlife Sanctuary(5.21 MB), Karnataka",https://moef.gov.in/uploads/2017/06/Cauvery%20Wildlife%20Sanctuary%2C%20Karnataka.pdf,[],14/03/2016,S.O.656(E),Q5054715,Cauvery Wildlife Sanctuary,,http://commons.wikimedia.org/wiki/Special:FilePath/Cauvery%20Wildlife%20Sanctuary%206.JPG,IUCN category IV: Habitat/Species Management Area,Karnataka,12.17,77.543,Mandya,,1027.53,,,Cauvery Wildlife Sanctuary,,https://en.wikipedia.org/wiki/Cauvery_Wildlife_Sanctuary,exact
138,Karnataka,Cauvery Wildlife Sanctuary,Wildlife Sanctuary,Final,2017-08-22,"138. S.O. 2733 [22.08.2017] Final Notification declaring Eco Sensitive Zone around Cauvery Wildlife Sanctuary(2.65 MB), Karnataka",https://moef.gov.in/uploads/2017/06/Cauvery%20Wildlife%20Sanctuary%20Karnataka%20Final.pdf,[],11/09/2017,S.O. 2733,Q5054715,Cauvery Wildlife Sanctuary,,http://commons.wikimedia.org/wiki/Special:FilePath/Cauvery%20Wildlife%20Sanctuary%206.JPG,IUCN category IV: Habitat/Species Management Area,Karnataka,12.17,77.543,Mandya,,1027.53,,,Cauvery Wildlife Sanctuary,,https://en.wikipedia.org/wiki/Cauvery_Wildlife_Sanctuary,exact
171,Karnataka,Malai Mahadeshwara Wildlife Sanctuary,Wildlife Sanctuary,Draft,2016-03-31,"171. S.O.1274(E) [31.03.2016] Draft Notification declaring Eco sensitive Zone around Malai Mahadeshwara Wildlife Sanctuary(5 MB), Karnataka",https://moef.gov.in/uploads/2017/06/Malai%20Mahadeshwara%20Wildlife%20Sanctuary%2C%20Karnataka.pdf,[],11/04/2016,S.O.1274(E),Q24948250,Malai Mahadeshwara Wildlife Sanctuary,,http://commons.wikimedia.org/wiki/Special:FilePath/A%20view%20of%20M%20M%20Hills%20Wildlife%20Sanctuary.jpg,IUCN category IV: Habitat/Species Management Area,Karnataka,11.962,77.442,,,,,,,,https://en.wikipedia.org/wiki/Male_Mahadeshwara_Wildlife_Sanctuary,exact
139,Karnataka,Malai Mahadeshwara Wildlife,Wildlife Sanctuary,Final,2017-09-14,"139. S.O. 3031 (E) [14.09.2017] Final Notification declaring Eco Sensitive Zone around Malai Mahadeshwara Wildlife(2.53 MB) Sanctuary, Karnataka",https://moef.gov.in/uploads/2017/06/Malai%20Mahadeshwara%20Wildlife%20Sanctuary%2C%20Karnataka%20Final.pdf,[],19/09/2017,S.O. 3031 (E),Q24948250,Malai Mahadeshwara Wildlife Sanctuary,,http://commons.wikimedia.org/wiki/Special:FilePath/A%20view%20of%20M%20M%20Hills%20Wildlife%20Sanctuary.jpg,IUCN category IV: Habitat/Species Management Area,Karnataka,11.962,77.442,,,,,,,,https://en.wikipedia.org/wiki/Male_Mahadeshwara_Wildlife_Sanctuary,fuzzy
172,Karnataka,Melukote Wildlife Sanctuary,Wildlife Sanctuary,Draft,2016-03-31,"172. S.O. 1275(E) [31.03.2016] Draft Notification declaring Eco sensitive Zone around Melukote Wildlife Sanctuary(579.58 KB), Karnataka",https://moef.gov.in/uploads/2017/06/Melukote%20Wildlife%20Sanctuary%20%2C%20Karnataka.pdf,[],11/04/2016,S.O. 1275(E),,,,,,,,,,,,,,,,,none
140,Karnataka,Melukote Wildlife Sanctuary,Wildlife Sanctuary,Final,2017-09-21,"140. S.O. 3084 (E) [21.09.2017] Final Notification declaring Eco Sensitive Zone around Melukote Wildlife Sanctuary(2.23 MB), Karnataka S .O. No. 115(E) [07.01.2025] Amendment in the Final Notification of Eco-sensitive Zone around Melukote Wildlife Sanctuary(1.74 MB), Karnataka",https://moef.gov.in/uploads/2017/06/Melukote%20Wildlife%20Sanctuary%2C%20Karnataka%20Final.pdf,[],14/01/2025,S.O. 3084 (E),,,,,,,,,,,,,,,,,none
173,Karnataka,Talacauvery Wildlife Sanctuary,Wildlife Sanctuary,Draft,2016-01-15,"173. S.O.142(E) [15.01.2016] Draft Notification declaring Eco Sensitive Zone around Talacauvery Wildlife Sanctuary(594.25 KB), Karnataka",https://moef.gov.in/uploads/2017/06/Talacauvery%20WLS%2C%20Karnataka.pdf,[],25/02/2016,S.O.142(E),Q5054715,Cauvery Wildlife Sanctuary,,http://commons.wikimedia.org/wiki/Special:FilePath/Cauvery%20Wildlife%20Sanctuary%206.JPG,IUCN category IV: Habitat/Species Management Area,Karnataka,12.17,77.543,Mandya,,1027.53,,,Cauvery Wildlife Sanctuary,,https://en.wikipedia.org/wiki/Cauvery_Wildlife_Sanctuary,fuzzy
141,Karnataka,Talacauvery Wildlife Sanctuary,Wildlife Sanctuary,Final,2017-05-15,"141. S.O. 1564 (E) [15.05.2017] Final Notification declaring Eco Sensitive Zone around Talacauvery Wildlife Sanctuary(1.93 MB), Karnataka. S .O. No. 4343(E) [07.10.2024] Amendment in the Final Notification of Eco-sensitive Zone around Talacauvery Wildlife Sanctuary(1.78 MB), Karnataka.",https://moef.gov.in/uploads/2017/06/talacauvery%20wildlife%20sanctuary%2C%20Karnataka.pdf,[],11/10/2024,S.O. 1564 (E),Q5054715,Cauvery Wildlife Sanctuary,,http://commons.wikimedia.org/wiki/Special:FilePath/Cauvery%20Wildlife%20Sanctuary%206.JPG,IUCN category IV: Habitat/Species Management Area,Karnataka,12.17,77.543,Mandya,,1027.53,,,Cauvery Wildlife Sanctuary,,https://en.wikipedia.org/wiki/Cauvery_Wildlife_Sanctuary,fuzzy
174,Karnataka,Ranganathittu Bird Sanctuary,Bird Sanctuary,Draft,2016-06-03,"174. S.O. 1971(E) [03.06.2016] Draft Notification declaring Eco Sensitive Zone around Ranganathittu Bird Sanctuary(637.32 KB), Karnataka",https://moef.gov.in/uploads/2017/06/Ranganathittu%20Bird%20Sanctuary%20%2C%20Karnataka.pdf,[],13/06/2016,S.O. 1971(E),,,,,,,,,,,,,,,,,none
142,Karnataka,Ranganthittu Bird Sanctuary,Bird Sanctuary,Final,2017-11-10,"142. S.O. 3577(E) [10.11.2017] Final Notification declaring Eco Sensitive Zone around Ranganthittu Bird Sanctuary(2.36 MB), Karnataka.",https://moef.gov.in/uploads/2019/08/ranganittu.pdf,[],14/11/2017,S.O. 3577(E),Q3846171,Ranganthittu Bird Sanctuary,,http://commons.wikimedia.org/wiki/Special:FilePath/Islands%20River%20Ranganathittu%20Srirangapatna%20Jan24%20A7C%2009120.jpg,IUCN category IV: Habitat/Species Management Area,Mandya district,12.4,76.65,,,,,http://commons.wikimedia.org/wiki/Special:FilePath/Ranganathittu%20Bird%20Sanctuary%20banner.jpg,Ranganathittu Bird Sanctuary,,https://en.wikipedia.org/wiki/Ranganathittu_Bird_Sanctuary,exact
175,Karnataka,Sree Ramadevarabetta Vulture Sanctuary,Wildlife Sanctuary,Draft,2016-06-03,"175. S.O. 1970(E) [03.06.2016] Draft Notification declaring Eco Sensitive Zone around Sree Ramadevarabetta Vulture Sanctuary(1.17 MB), Karnataka",https://moef.gov.in/uploads/2019/10/Sree-Ramadevarabetta-Vulture-Sanctuary-Karnataka.pdf,[],13/06/2016,S.O. 1970(E),Q112252443,Ramadevarabetta Vulture Sanctuary,,,IUCN category IV: Habitat/Species Management Area,Karnataka,12.7531984,77.3013674,,,,,,,,https://en.wikipedia.org/wiki/Ramadevarabetta_Vulture_Sanctuary,fuzzy
143,Karnataka,Ramadevarabetta Vulture Sanctuary,Wildlife Sanctuary,Final,2017-09-12,"143. S.O. 2993 (E) [12.09.2017] Final Notification declaring Eco Sensitive Zone around Ramadevarabetta Vulture Sanctuary,(2.92 MB) Karnataka",https://moef.gov.in/uploads/2017/06/Ramadevarabetta%20Vulture%20Sanctuary%2C%20Karnataka%20Final.pdf,[],14/09/2017,S.O. 2993 (E),Q112252443,Ramadevarabetta Vulture Sanctuary,,,IUCN category IV: Habitat/Species Management Area,Karnataka,12.7531984,77.3013674,,,,,,,,https://en.wikipedia.org/wiki/Ramadevarabetta_Vulture_Sanctuary,exact
176,Karnataka,Bannerghatta National Park,National Park,Draft,2016-06-15,"176. S.O. 2116(E) [15.06.2016] Draft Notification declaring Eco Sensitive Zone around Bannerghatta National Park(1.87 MB), Karnataka",https://moef.gov.in/uploads/2017/06/Bannerghatta%20National%20Park%2C%20Karnataka.pdf,[],17/06/2016,S.O. 2116(E),Q2588520,Bannerghatta National Park,,http://commons.wikimedia.org/wiki/Special:FilePath/White%20tiger%20bangalore.jpg,IUCN category II: National Park,Bengaluru North district,12.80083333,77.57555556,Bengaluru,,,,http://commons.wikimedia.org/wiki/Special:FilePath/Bannerghatta%20Park%20Banner.jpg,Bannerghatta National Park,,https://en.wikipedia.org/wiki/Bannerghatta_National_Park,exact
144,Karnataka,Bannerghatta National Park,National Park,Final,2020-03-11,"144. S.O. 1036(E) [11.03.2020] Final Notification declaring Eco Sensitive Zone around Bannerghatta National Park (225 KB), Karnataka",https://moef.gov.in/uploads/2019/10/bannerghata.pdf,[],13/03/2020,S.O. 1036(E),Q2588520,Bannerghatta National Park,,http://commons.wikimedia.org/wiki/Special:FilePath/White%20tiger%20bangalore.jpg,IUCN category II: National Park,Bengaluru North district,12.80083333,77.57555556,Bengaluru,,,,http://commons.wikimedia.org/wiki/Special:FilePath/Bannerghatta%20Park%20Banner.jpg,Bannerghatta National Park,,https://en.wikipedia.org/wiki/Bannerghatta_National_Park,exact
176,Karnataka,Bannerghatta National Park,National Park,Draft,2018-11-02,"176. S.O. 5639(E) [02.11.2018] Draft Notification declaring Eco Sensitive Zone around Banerghatta National Park(2.00 MB), Karnataka Re-notification New",https://moef.gov.in/uploads/2018/12/bannerghatta.pdf,[],05/11/2018,S.O. 5639(E),Q2588520,Bannerghatta National Park,,http://commons.wikimedia.org/wiki/Special:FilePath/White%20tiger%20bangalore.jpg,IUCN category II: National Park,Bengaluru North district,12.80083333,77.57555556,Bengaluru,,,,http://commons.wikimedia.org/wiki/Special:FilePath/Bannerghatta%20Park%20Banner.jpg,Bannerghatta National Park,,https://en.wikipedia.org/wiki/Bannerghatta_National_Park,exact
177,Karnataka,Bhadra Wildlife Sanctuary,Wildlife Sanctuary,Draft,2016-08-05,"177. S.O. 2635(E) [05.08.2016] Draft notification declaring Eco Sensitive Zone around Bhadra Wildlife Sanctuary(1016.96 KB), Karnataka",https://moef.gov.in/uploads/2017/06/Bhadra%20Wildlife%20Sanctuary%2C%20Karnataka.pdf,[],22/08/2016,S.O. 2635(E),Q4900541,Bhadra Wildlife Sanctuary,,http://commons.wikimedia.org/wiki/Special:FilePath/2006-Tigers-and-Gaurs.jpg,,Chikkaballapura district,13.695477777,75.636813888,,,492.46,,,Bhadra Wildlife Sanctuary,,https://en.wikipedia.org/wiki/Bhadra_Wildlife_Sanctuary,exact
177,Karnataka,Bhadra Tiger Reserve,Tiger Reserve,Draft,2020-06-15,"177. S.O. 1961(E) [15.06.2020] Draft Notification declaring Eco Sensitive Zone around Bhadra Tiger Reserve, Karnataka Re-Notification New.",https://moef.gov.in/uploads/2019/10/bhadra.pdf,[],24/06/2020,S.O. 1961(E),Q4900541,Bhadra Wildlife Sanctuary,,http://commons.wikimedia.org/wiki/Special:FilePath/2006-Tigers-and-Gaurs.jpg,,Chikkaballapura district,13.695477777,75.636813888,,,492.46,,,Bhadra Wildlife Sanctuary,,https://en.wikipedia.org/wiki/Bhadra_Wildlife_Sanctuary,exact
178,Karnataka,Biligirirangaswamy Temple Wildlife Sanctuary,Wildlife Sanctuary,Draft,2016-08-05,"178. S.O. 2631(E) [05.08.2016] Draft notification declaring Eco Sensitive Zone around Biligirirangaswamy Temple Wildlife Sanctuary(1.02 MB), Karnataka",https://moef.gov.in/uploads/2017/06/Biligirirangaswamy%20Temple%20Wildlife%20Sanctuary%2C%20Karnataka.pdf,[],22/08/2016,S.O. 2631(E),,,,,,,,,,,,,,,,,none
145,Karnataka,Billigirangana Swamy Tiger Reserve,Tiger Reserve,Final,2019-11-19,"145. S.O. 4152(E) [19.11.2019] Final Notification declaring Eco Sensitive Zone around Billigirangana Swamy Tiger Reserve(124 KB), Karnataka",https://moef.gov.in/uploads/2019/10/billingirangana.pdf,[],25/11/2019,S.O. 4152(E),,,,,,,,,,,,,,,,,none
178,Karnataka,Biligiriranganaswamy Tiger Reserve,Tiger Reserve,Draft,2018-09-19,"178. 4889(E) [19.09.2018] Draft Notification declaring Eco Sensitive Zone aroundBiligiriranganaswamy Tiger Reserve(1.00 MB), Karnataka Re-notification New",https://moef.gov.in/uploads/2019/10/biligiriswami.pdf,[],26/09/2018,,,,,,,,,,,,,,,,,,none
179,Karnataka,Chinchioli Wildlife Sanctuary,Wildlife Sanctuary,Draft,2016-08-05,"179. S.O. 2636(E) [05.08.2016] Draft notification declaring Eco Sensitive Zone around Chinchioli Wildlife Sanctuary(372.98 KB), Karnataka",https://moef.gov.in/uploads/2017/06/Chinchioli%20Wildlife%20Sanctuary%2C%20Karnataka.pdf,[],22/08/2016,S.O. 2636(E),,,,,,,,,,,,,,,,,none
146,Karnataka,Chinchioli Wildlife,Wildlife Sanctuary,Final,2019-08-09,"146. S.O. 2893(E) [09.08.2019]Final Notification declaring Eco Sensitive Zone around Chinchioli Wildlife Sanctuary(124 KB), Karnataka.",https://moef.gov.in/uploads/2019/08/chincholi-1.pdf,[],16/08/2019,S.O. 2893(E),,,,,,,,,,,,,,,,,none
179,Karnataka,"Chinchioli Sanctuary,",Wildlife Sanctuary,Draft,2018-10-04,"179. 5137(E) [04.10.2018] Draft Notification declaring Eco Sensitive Zone around Chinchioli Sanctuary,(3.00 MB), KarnatakaRe-notification New",https://moef.gov.in/uploads/2018/12/chincholi.pdf,[],12/10/2018,,,,,,,,,,,,,,,,,,none
147,Karnataka,Chincholi Wildlife Santuary,Wildlife Sanctuary,Final,2020-06-04,147. S.O. 1738(E) [04.06.2020] Final Amendment declaring Eco Sensitive Zone around Chincholi Wildlife Santuary(222 KB) Karnataka.,https://moef.gov.in/uploads/2019/10/chincholi-amendment.pdf,[],19/06/2020,S.O. 1738(E),,,,,,,,,,,,,,,,,none
180,Karnataka,Nugu Wildlife Sanctuary,Wildlife Sanctuary,Draft,2016-08-05,"180. S.O. 2627(E) [05.08.2016] Draft notification declaring Eco Sensitive Zone around Nugu Wildlife Sanctuary(1.82 MB), Karnataka",https://moef.gov.in/uploads/2017/06/Nugu%20Wildlife%20Sanctuary%2C%20Karnataka.pdf,[],22/08/2016,S.O. 2627(E),Q110078279,Nugu Wildlife Sanctuary,,,IUCN category IV: Habitat/Species Management Area,Karnataka,11.930555555,76.455555555,,,,,,,,https://en.wikipedia.org/wiki/Nugu_Wildlife_Sanctuary,exact
148,Karnataka,Nugu Wildlife Sanctuary,Wildlife Sanctuary,Final,2017-09-27,"148. S.O. 3132 (E) [27.09.2017] Final Notification declaring Eco Sensitive Zone around Nugu Wildlife Sanctuary, (2.66 MB)Karnataka S.O. No. 3039(E) [30.07.2024] Amendment in the Final Notification of Eco-sensitive Zone around Nugu Wildlife Sanctuary, in the state of Karnataka (1,070 KB), Karnataka",https://moef.gov.in/uploads/2017/06/Nugu%20Wildlife%20Sanctuary%2C%20Karnataka%2C%20Final.pdf,[],28/09/2017,S.O. 3132 (E),Q110078279,Nugu Wildlife Sanctuary,,,IUCN category IV: Habitat/Species Management Area,Karnataka,11.930555555,76.455555555,,,,,,,,https://en.wikipedia.org/wiki/Nugu_Wildlife_Sanctuary,exact
181,Karnataka,Dandeli Wildlife Sanctuary and Anshi National Park,National Park,Draft,2016-11-03,"181. S.O. 3369 (E) [03.11.2016]: Draft notification declaring Eco Sensitive Zone around Dandeli Wildlife Sanctuary and Anshi National Park(2.33 MB), Karnataka",https://moef.gov.in/uploads/2017/06/Dandeli%20Wildlife%20Sanctuary%20and%20Anshi%20NP%2C%20Karnataka_0.pdf,[],8/11/2016,S.O. 3369 (E),,,,,,,,,,,,,,,,,none
182,Karnataka,Nagarahole Tiger Reseve,Tiger Reserve,Draft,2017-07-25,"182. S.O. 2323 (E) [25.07.2017] Draft Notification Declaring Eco Sensitive Zone around Nagarahole Tiger Reseve(3.13 MB), Karnataka",https://moef.gov.in/uploads/2017/06/Nagarahole%20Tiger%20Reserve%2C%20Karnataka.pdf,[],31/07/2017,S.O. 2323 (E),,,,,,,,,,,,,,,,,none
183,Karnataka,Adichunchanagiri Peacock Sanctuary,Wildlife Sanctuary,Draft,2017-09-06,183. S.O. 2940 (E) [06.09.2017] Draft Notification Declaring Eco Sensitive Zone around Adichunchanagiri Peacock Sanctuary(1.98 MB) Karnataka,https://moef.gov.in/uploads/2019/10/Adichunchanagiri-Peacock-Sanctuary-Karnataka-Draft.pdf,[],12/09/2017,S.O. 2940 (E),Q135455927,Adichunchanagiri Peacock Wildlife Sanctuary,,,IUCN category IV: Habitat/Species Management Area,Karnataka,13.0197,76.7496,,,,,,,,https://en.wikipedia.org/wiki/Adichunchanagiri_Peacock_Wildlife_Sanctuary,exact
149,Karnataka,Adichunchanagri Peacock Sanctuary,Wildlife Sanctuary,Final,2020-09-07,149. S.O. 3032(E) [ 07.09.2020] Final Notification declaring Eco Sensitive Zone around Adichunchanagri Peacock Sanctuary(1.98 MB) Karnataka,https://moef.gov.in/uploads/2020/09/adinachunchunagiri.pdf,[],15/09/2020,S.O. 3032(E),,,,,,,,,,,,,,,,,none
183,Karnataka,Adichunchanagri Peacock Sanctuary,Wildlife Sanctuary,Draft,2019-12-11,"183. S.O. 4441(E) [11.12.2019] Draft Notification declaring Eco Sensitive Zone around Adichunchangari Peacock Sanctuary (456 KB), Karnataka l Re-Notification New.",https://moef.gov.in/uploads/2019/10/adichunchangri-peacock-2.pdf,[],20/12/2019,S.O. 4441(E),,,,,,,,,,,,,,,,,none
184,Karnataka,Thimlapura Wildlife Santuary,Wildlife Sanctuary,Draft,2020-04-23,"184. S.O. 1322(E) [23.04.2020] Draft Notification declaring Eco Sensitive Zone around Thimlapura Wildlife Santuary(123 KB), Karnataka.",https://moef.gov.in/uploads/2019/10/thimlapura.pdf,[],27/04/2020,S.O. 1322(E),,,,,,,,,,,,,,,,,none
150,Karnataka,Thimlapura Wildlife Santuary,Wildlife Sanctuary,Final,2020-10-08,150. S.O. 3497(E) [ 08.10.2020] Final Notification declaring Eco Sensitive Zone around Thimlapura Wildlife Sanctuary(2.98 MB) Karnataka,https://moef.gov.in/uploads/2020/10/thimlapura.pdf,[],12/10/2020,S.O. 3497(E),,,,,,,,,,,,,,,,,none
185,Karnataka,Yadagalli Chinkara Wildlife,Wildlife Sanctuary,Draft,2020-06-15,"185. S.O. 1959(E) [15.06.2020] Draft Notification declaring Eco Sensitive Zone around Yadagalli Chinkara Wildlife Sanctuary(785 KB), Karnataka",https://moef.gov.in/uploads/2019/10/yadahilli-chinkara.pdf,[],24/06/2020,S.O. 1959(E),,,,,,,,,,,,,,,,,none
151,Karnataka,Yadagalli Chinkara Wildlife,Wildlife Sanctuary,Final,2021-02-19,"151. S.O.787(E) [19.02.2021] Final Notification declaring Eco Sensitive Zone around Yadagali Chinkara Wildlife Sanctuary(124 KB) , Karnataka",https://moef.gov.in/uploads/2021/02/yadahili-chinkara.pdf,[],22/02/2021,S.O.787(E),,,,,,,,,,,,,,,,,none
186,Karnataka,Jogimatti Wildlife Sanctuary,Wildlife Sanctuary,Draft,2021-06-07,"186. S.O. 2185(E) [07.06.2021] Draft Notification declaring Eco Sensitive Zone around Jogimatti Wildlife Sanctuary (231 KB), Karnataka",https://moef.gov.in/uploads/2021/06/jogimatti.pdf,[],11/06/2021,S.O. 2185(E),Q124115645,Jogimatti Wildlife Sanctuary,,,IUCN category IV: Habitat/Species Management Area,Karnataka,14.1625,76.3975,,,,,,,,https://en.wikipedia.org/wiki/Jogimatti_Wildlife_Sanctuary,exact
152,Karnataka,Jogimatti Wildlife Sanctuary,Wildlife Sanctuary,Final,2021-12-17,"152. S.O.5251(E) [17.12.2021] Final Notification declaring Eco Sensitive Zone around Jogimatti Wildlife Sanctuary(224 KB) , Karnataka",https://moef.gov.in/uploads/2021/12/jogimatti.pdf,[],17/12/2021,S.O.5251(E),Q124115645,Jogimatti Wildlife Sanctuary,,,IUCN category IV: Habitat/Species Management Area,Karnataka,14.1625,76.3975,,,,,,,,https://en.wikipedia.org/wiki/Jogimatti_Wildlife_Sanctuary,exact
187,Karnataka,Kappathagudda Wildlife Sanctuary,Wildlife Sanctuary,Draft,2024-09-30,"187. S.O. No. 4262(E) [30.09.2024] Draft Notification of Eco-sensitive Zone around Kappathagudda Wildlife Sanctuary (9.24 MB), Karnataka",https://moef.gov.in/uploads/pdf/kappathaguda_draft.pdf,[],08/10/2024,S.O. No. 4262(E),,,,,,,,,,,,,,,,,none
187,Kerala,Chulannur Peafowl Sanctuary,Wildlife Sanctuary,Draft,2015-12-07,187. SO 3327(E)[07.12.2015] Draft notification declaring Eco-sensitive Zone around the Chulannur Peafowl Sanctuary(1009.74 KB) in the state of Kerala,https://moef.gov.in/uploads/2017/06/SO%203327(E)%5B07.12.2015%5D%20Draft%20notification%20declaring%20Eco-sensitive%20Zone%20around%20the%20Chulannur%20Peafowl%20Sanctuary%20in%20the%20state%20of%20Kerala..pdf,[],30/12/2015,SO 3327(E),Q13111992,Chulannur Peafowl Sanctuary,,,IUCN category IV: Habitat/Species Management Area,Kerala,10.714444444,76.472222222,,,,,,Chulannur Peafowl Sanctuary,,https://en.wikipedia.org/wiki/Choolannur_Pea_Fowl_Sanctuary,exact
188,Kerala,"Eravikulam National Park, Chinnar Wildlife Sanctuary, Anamudi Shola National Park, Pampadum Shola National Park and Kurinjimala Sanctuary",National Park,Draft,2016-01-07,"188. SO 66(E)[07.01.2016] Draft notification declaring Eco-sensitive Zone around the Eravikulam National Park, Chinnar Wildlife Sanctuary, Anamudi Shola National Park, Pampadum Shola National Park and Kurinjimala Sanctuary(1.5 MB) in the state of Kerala",https://moef.gov.in/uploads/2017/06/SO%2066(E)%5B07.01.2016%5D%20Draft%20notification%20declaring%20Eco-sensitive%20Zone%20around%20the%20Eravikulam%20National%20Park%2C%20%20Chinnar%20Wildlife%20Sanctuary%2C%20Pampadum%20Shola%20Natio%20in%20the%20state%20of%20Kerala.pdf,[],13/01/2016,SO 66(E),,,,,,,,,,,,,,,,,none
188,Kerala,Eravikulam National Park + 4 PAs,National Park,Draft,2021-01-12,"188. S.O. 124(E) [12.01.2021] Draft Notification declaring Eco Sensitive Zone around Eravikulam National Park + 4 PAs , (3.05 MB),Kerala Re-notification New",https://moef.gov.in/uploads/2021/01/eravikulam.pdf,[],18/01/2021,S.O. 124(E),,,,,,,,,,,,,,,,,none
189,Kerala,Shendurney Wildlife Sanctuary,Wildlife Sanctuary,Draft,2016-01-07,189. SO 65(E)[07.01.2016] Draft notification declaring Eco-sensitive Zone around the Shendurney Wildlife Sanctuary(2.73 MB) in the state of Kerala,https://moef.gov.in/uploads/2017/06/SO%2065(E)%5B07.01.2016%5D%20Draft%20notification%20declaring%20Eco-sensitive%20Zone%20around%20the%20Shendurney%20Wildlife%20Sanctuary%20in%20the%20state%20of%20Kerala.pdf,[],18/01/2016,SO 65(E),Q7494223,Shendurney Wildlife Sanctuary,Western Ghats,http://commons.wikimedia.org/wiki/Special:FilePath/VB%20054%20Hump-Nosed%20Viper%2001.jpg,IUCN category IV: Habitat/Species Management Area,Kerala,8.812,77.15,Kollam,part of UNESCO World Heritage Site,17100,https://shendurney.com/,,Shendurney Wildlife Sanctuary,,https://en.wikipedia.org/wiki/Shendurney_Wildlife_Sanctuary,exact
189,Kerala,"Shendurney WLS, Kerala",Wildlife Sanctuary,Draft,2020-08-24,"189. S.O. 2939(E) [24.08.2020] Draft Notification declaring Eco Sensitive Zone around Shendurney WLS, Kerala (125 KB), Re-Notification New.",https://moef.gov.in/uploads/2019/02/shendurney.pdf,[],31/08/2020,S.O. 2939(E),,,,,,,,,,,,,,,,,none
190,Kerala,Malabar Wildlife Sanctuary,Wildlife Sanctuary,Draft,2015-12-31,190. SO 69(E)[31.12.2015] Draft notification declaring Eco-sensitive Zone around the Malabar Wildlife Sanctuary(323.07 KB) in the state of Kerala,https://moef.gov.in/uploads/2017/06/SO%2069(E)%5B31.12.2015%5D%20Draft%20notification%20declaring%20Eco-sensitive%20Zone%20around%20the%20Malabar%20Wildlife%20Sanctuary%20in%20the%20state%20of%20Kerala.pdf,[],18/01/2016,SO 69(E),Q48727189,Malabar Wildlife Sanctuary,,http://commons.wikimedia.org/wiki/Special:FilePath/Malabar%20Tree%20Nymph-Kakkayam.jpg,IUCN category IV: Habitat/Species Management Area,Kerala,11.4446,75.6935,Kozhikode,,,,,Malabar Wildlife Sanctuary,,https://en.wikipedia.org/wiki/Malabar_Wildlife_Sanctuary,exact
190,Kerala,"Malabar WLS, Kerala",Wildlife Sanctuary,Draft,2020-08-05,"190. S.O. 2634(E) [05.08.2020] Draft Notification declaring Eco Sensitive Zone around Malabar WLS, Kerala(124 KB) Re-Notification New Malayalam version",https://moef.gov.in/uploads/2019/10/malabar.pdf,[],11/08/2020,S.O. 2634(E),,,,,,,,,,,,,,,,,none
191,Kerala,"Malabar Wildlife Sanctuary, Kerala (Malayalam version) (Disclaimer: The contents of this publication are purely on the basis of submission made by the State Government of Kerala vide its letter No. D2/85/2021/FWLD, dated 04/02/2022. In case there are any discrepancy in this Malayalam version, the English version of the draft ESZ Notification published vide S.O.No.2634(E) dated 05.08.2020 (ESZ around Malabar Wildlife Sanctuary) shall prevail.)",Wildlife Sanctuary,Draft,2020-08-05,"191. S.O. 2634(E) [05.08.2020] Draft Notification declaring Eco Sensitive Zone around Malabar Wildlife Sanctuary, Kerala (Malayalam version) (Disclaimer: The contents of this publication are purely on the basis of submission made by the State Government of Kerala vide its letter No. D2/85/2021/FWLD, dated 04/02/2022. In case there are any discrepancy in this Malayalam version, the English version of the draft ESZ Notification published vide S.O.No.2634(E) dated 05.08.2020 (ESZ around Malabar Wildlife Sanctuary) shall prevail.)(224 KB) Re-Notification (Malayalam version).",https://moef.gov.in/uploads/2022/02/Malayalam-version-malabar-Wildlife-Sanctuary.pdf,[],11/08/2020,S.O. 2634(E),,,,,,,,,,,,,,,,,none
191,Kerala,Silent Valley National Park,National Park,Draft,2016-01-06,"191. S.O. 118(E) [06.01.2016] Draft Notification declaring Eco sensitive Zone around Silent Valley National Park(542.09 KB), Kerala Malayalam version",https://moef.gov.in/uploads/2019/10/S.O.-118E-06.01.2016-Draft-Notification-declaring-Eco-sensitive-Zone-around-Silent-Valley-National-Park-Kerala_1.pdf,[],25/02/2016,S.O. 118(E),Q176792,Silent Valley National Park,Western Ghats,http://commons.wikimedia.org/wiki/Special:FilePath/Silent%20Valley%20National%20Park%20greenary.jpg,IUCN category II: National Park,,11.133333333,76.466666666,Palakkad,part of UNESCO World Heritage Site,8952,http://silentvalley.gov.in/,http://commons.wikimedia.org/wiki/Special:FilePath/Silent%20Valley%20National%20Park%20greenary%20%28cropped%29.jpg,Silent Valley National Park,,https://en.wikipedia.org/wiki/Silent_Valley_National_Park,exact
191,Kerala,Silent Valley National Park Kerala,National Park,Draft,2020-10-27,"191. S.O. 3880(E) [27.10.2020] Draft Notification declaring Eco Sensitive Zone around Silent Valley National Park, Kerala.(225 KB) Re-Notification New.",https://moef.gov.in/uploads/2019/02/silent-valley.pdf,[],02/11/2020,S.O. 3880(E),Q176792,Silent Valley National Park,Western Ghats,http://commons.wikimedia.org/wiki/Special:FilePath/Silent%20Valley%20National%20Park%20greenary.jpg,IUCN category II: National Park,,11.133333333,76.466666666,Palakkad,part of UNESCO World Heritage Site,8952,http://silentvalley.gov.in/,http://commons.wikimedia.org/wiki/Special:FilePath/Silent%20Valley%20National%20Park%20greenary%20%28cropped%29.jpg,Silent Valley National Park,,https://en.wikipedia.org/wiki/Silent_Valley_National_Park,fuzzy
192,Kerala,"Silent Valley National Park, Kerala (Malayalam version) (Disclaimer: The contents of this publication are purely on the basis of submission made by the State Government of Kerala vide its letter No. D2/85/2021/FWLD, dated 04/02/2022. In case there are any discrepancy in this Malayalam version, the English version of the draft ESZ Notification published vide S.O. No.3880(E) dated 27.10.2020 (ESZ around Silent Valley National Park) shall prevail.)",National Park,Draft,2020-10-27,"192. S.O. 3880(E) [27.10.2020] Draft Notification declaring Eco Sensitive Zone around Silent Valley National Park, Kerala (Malayalam version) (Disclaimer: The contents of this publication are purely on the basis of submission made by the State Government of Kerala vide its letter No. D2/85/2021/FWLD, dated 04/02/2022. In case there are any discrepancy in this Malayalam version, the English version of the draft ESZ Notification published vide S.O. No.3880(E) dated 27.10.2020 (ESZ around Silent Valley National Park) shall prevail.)(325 KB) Re-Notification (Malayalam version).",https://moef.gov.in/uploads/2022/02/Malayalam-version-silent-valley-national-park-2.pdf,[],02/11/2020,S.O. 3880(E),,,,,,,,,,,,,,,,,none
192,Kerala,Thattekkad Bird Sanctuary,Bird Sanctuary,Draft,2016-01-27,"192. S.O. 247(E) [27.01.2016] Draft Notification declaring Eco sensitive Zone around Thattekkad Bird Sanctuary(1.39 MB), Kerala",https://moef.gov.in/uploads/2019/10/S.O.-118E-06.01.2016-Draft-Notification-declaring-Eco-sensitive-Zone-around-Silent-Valley-National-Park-Kerala_1.pdf,[],25/02/2016,S.O. 247(E),,,,,,,,,,,,,,,,,none
192,Kerala,Thattekkad Bird Sanctuary,Bird Sanctuary,Draft,2020-09-25,"192. S.O.3454(E) [25.09.2020] Draft Notification declaring Eco Sensitive Zone around Thattekkada Bird Sanctuary(1.39 MB), Kerala Re-Notification New",https://moef.gov.in/uploads/2020/10/thattekad.pdf,[],07/10/2020,S.O.3454(E),,,,,,,,,,,,,,,,,none
193,Kerala,Peechi-Vazhani Wildlife Sanctuary,Wildlife Sanctuary,Draft,2016-03-03,"193. S.O.657(E) [03.03.2016] Draft Notification declaring Eco sensitive Zone around Peechi-Vazhani Wildlife Sanctuary(1.66 MB), Kerala",https://moef.gov.in/uploads/2017/06/Peechi-Vazhani%20Wildlife%20Sanctuary%2C%20Kerala.pdf,[],14/03/2016,S.O.657(E),Q7160147,Peechi-Vazhani Wildlife Sanctuary,,http://commons.wikimedia.org/wiki/Special:FilePath/Peechi%20Dam%20area%20-%20Dec%202011%200254.JPG,IUCN category IV: Habitat/Species Management Area,Kerala,10.481,76.446,Thrissur,,,,,Peechi-Vazhani Wildlife Sanctuary,,https://en.wikipedia.org/wiki/Peechi-Vazhani_Wildlife_Sanctuary,exact
193,Kerala,Peechi Wildlife Sanctuary,Wildlife Sanctuary,Draft,2020-11-25,"193. S.O. 4271(E) [25.11.2020] Draft Notification declaring Eco Sensitive Zone around Peechi Wildlife Sanctuary, (1.39 MB), Kerala Re-Notification New",https://moef.gov.in/uploads/2020/12/peechi.pdf,[],01/12/2020,S.O. 4271(E),,,,,,,,,,,,,,,,,none
194,Kerala,Mathikettan Shola National Park,National Park,Draft,2016-03-29,"194. S.O. 1248(E) [29.03.2016] Draft Notification declaring Eco sensitive Zone around Mathikettan Shola National Park(551.16 KB), Kerala",https://moef.gov.in/uploads/2017/06/Mathikettan%20Shola%20National%20Park%2C%20Kerala.pdf,[],05/04/2016,S.O. 1248(E),Q3091867,Mathikettan Shola National Park,,http://commons.wikimedia.org/wiki/Special:FilePath/Indian%20Elephant.jpeg,IUCN category II: National Park,Idukki district,10.03333333,77.13333333,Munnar,,,,,Mathikettan Shola National Park,,https://en.wikipedia.org/wiki/Mathikettan_Shola_National_Park,exact
153,Kerala,Mathikettan Wildlife Sanctuary,Wildlife Sanctuary,Final,2020-12-28,"153. S.O.4729(E) [28.12.2020] Final Notification declaring Eco Sensitive Zone around Mathikettan Wildlife Sanctuary,(551.16 KB), Kerala",https://moef.gov.in/uploads/2020/12/mathik.pdf,[],30/12/2020,S.O.4729(E),Q3091867,Mathikettan Shola National Park,,http://commons.wikimedia.org/wiki/Special:FilePath/Indian%20Elephant.jpeg,IUCN category II: National Park,Idukki district,10.03333333,77.13333333,Munnar,,,,,Mathikettan Shola National Park,,https://en.wikipedia.org/wiki/Mathikettan_Shola_National_Park,fuzzy
194,Kerala,Mathikettan Shola WLS,Wildlife Sanctuary,Draft,2020-08-13,"194. S.O. 2771(E) [13.08.2020] Draft Notification declaring Eco Sensitive Zone around Mathikettan Shola WLS(144 KB), in the State of Kerala Re-Notification New.",https://moef.gov.in/uploads/2020/08/mathiketan.pdf,[],20/08/2020,S.O. 2771(E),Q3091867,Mathikettan Shola National Park,,http://commons.wikimedia.org/wiki/Special:FilePath/Indian%20Elephant.jpeg,IUCN category II: National Park,Idukki district,10.03333333,77.13333333,Munnar,,,,,Mathikettan Shola National Park,,https://en.wikipedia.org/wiki/Mathikettan_Shola_National_Park,exact
195,Kerala,Aralam Wildlife Sanctuary,Wildlife Sanctuary,Draft,2016-03-29,"195. S.O. 1249(E) [29.03.2016] Draft Notification declaring Eco sensitive Zone around Aralam Wildlife Sanctuary(383.16 KB), Kerala",https://moef.gov.in/uploads/2017/06/Aralam%20Wildlife%20Sanctuary%2C%20Kerala.pdf,[],05/04/2016,S.O. 1249(E),Q4783879,Aralam Wildlife Sanctuary,Western Ghats,http://commons.wikimedia.org/wiki/Special:FilePath/%E0%B4%86%E0%B4%B1%E0%B4%B3%E0%B4%82%20%E0%B4%B5%E0%B4%A8%E0%B5%8D%E0%B4%AF%E0%B4%9C%E0%B5%80%E0%B4%B5%E0%B4%BF%20%E0%B4%B8%E0%B4%82%E0%B4%B0%E0%B4%95%E0%B5%8D%E0%B4%B7%E0%B4%A3%E0%B4%95%E0%B5%87%E0%B4%A8%E0%B5%8D%E0%B4%A6%E0%B5%8D%E0%B4%B0%E0%B4%82-%E0%B4%95%E0%B4%B5%E0%B4%BE%E0%B4%9F%E0%B4%82.jpg,IUCN category IV: Habitat/Species Management Area,Kerala,11.8788,75.8886,,part of UNESCO World Heritage Site,5500,http://forest.kerala.gov.in/index.php/wildlife/2015-03-16-09-50-24/2015-06-26-09-04-29/aralam-wildlife-sanctuary,,Aralam Wildlife Sanctuary,,https://en.wikipedia.org/wiki/Aralam_Butterfly_Sanctuary,exact
195,Kerala,Aralam Wildlife Sanctuary,Wildlife Sanctuary,Draft,2020-07-20,195. S.O. 2393 (E) [20.07.2020] Draft Notification declaring Eco Sensitive Zone around Aralam Wildlife Sanctuary (222 KB)Kerala Re-Notification New,https://moef.gov.in/uploads/2019/10/aralam.pdf,[],22/07/2020,S.O. 2393 (E),Q4783879,Aralam Wildlife Sanctuary,Western Ghats,http://commons.wikimedia.org/wiki/Special:FilePath/%E0%B4%86%E0%B4%B1%E0%B4%B3%E0%B4%82%20%E0%B4%B5%E0%B4%A8%E0%B5%8D%E0%B4%AF%E0%B4%9C%E0%B5%80%E0%B4%B5%E0%B4%BF%20%E0%B4%B8%E0%B4%82%E0%B4%B0%E0%B4%95%E0%B5%8D%E0%B4%B7%E0%B4%A3%E0%B4%95%E0%B5%87%E0%B4%A8%E0%B5%8D%E0%B4%A6%E0%B5%8D%E0%B4%B0%E0%B4%82-%E0%B4%95%E0%B4%B5%E0%B4%BE%E0%B4%9F%E0%B4%82.jpg,IUCN category IV: Habitat/Species Management Area,Kerala,11.8788,75.8886,,part of UNESCO World Heritage Site,5500,http://forest.kerala.gov.in/index.php/wildlife/2015-03-16-09-50-24/2015-06-26-09-04-29/aralam-wildlife-sanctuary,,Aralam Wildlife Sanctuary,,https://en.wikipedia.org/wiki/Aralam_Butterfly_Sanctuary,exact
196,Kerala,Periyar Tiger Reserve,Tiger Reserve,Draft,2016-03-31,"196. S.O. 1276(E) [31.03.2016] Draft Notification declaring Eco sensitive Zone around Periyar Tiger Reserve(2.86 MB), Kerala",https://moef.gov.in/uploads/2017/06/Periyar%20Tiger%20Reserve%2C%20Kerala.pdf,[],11/04/2016,S.O. 1276(E),Q548153,Periyar National Park,Western Ghats,http://commons.wikimedia.org/wiki/Special:FilePath/Periyar%20National%20Park%2001.jpg,IUCN category II: National Park,Kerala,9.5775,77.18,Kochi,part of UNESCO World Heritage Site,77700,https://www.keralatourism.org/periyar/periyar-tiger-reserve.php,http://commons.wikimedia.org/wiki/Special:FilePath/Periyar%20National%20Park%20banner.JPG,Periyar National Park,,https://en.wikipedia.org/wiki/Periyar_National_Park,exact
197,Kerala,Chimmony Wildlife Sanctuary,Wildlife Sanctuary,Draft,2016-08-05,"197. S.O. 2632(E) [05.08.2016] Draft notification declaring Eco Sensitive Zone around Chimmony Wildlife Sanctuary(1.26 MB), Kerala",https://moef.gov.in/uploads/2017/06/Chimmony%20Wildlife%20Sanctuary%2C%20Kerala.pdf,[],22/08/2016,S.O. 2632(E),,,,,,,,,,,,,,,,,none
198,Kerala,Idukki Wildlife Sanctuary,Wildlife Sanctuary,Draft,2016-08-05,"198. S.O. 2634(E) [05.08.2016] Draft notification declaring Eco Sensitive Zone around Idukki Wildlife Sanctuary(1.82 MB), Kerala",https://moef.gov.in/uploads/2017/06/Idukki%20Wildlife%20Sanctuary%2C%20Kerala.pdf,[],22/08/2016,S.O. 2634(E),Q6808944,Idukki wildlife sanctuary,protected area of Kerala,,,Idukki district,9.780555555,76.966666666,,,,,,Idukki Wildlife Sanctuary,,https://en.wikipedia.org/wiki/Idukki_Wildlife_Sanctuary,exact
198,Kerala,Idukki WLS,Wildlife Sanctuary,Draft,2020-08-13,"198. S.O. 2772(E) [13.08.2020] Draft Notification declaring Eco Sensitive Zone around Idukki WLS(256 KB), in the State of Kerala. Re-Notification New.",https://moef.gov.in/uploads/2020/08/idukki.pdf,[],20/08/2020,S.O. 2772(E),Q6808944,Idukki wildlife sanctuary,protected area of Kerala,,,Idukki district,9.780555555,76.966666666,,,,,,Idukki Wildlife Sanctuary,,https://en.wikipedia.org/wiki/Idukki_Wildlife_Sanctuary,exact
199,Kerala,Neyyar and Peppara Wildlife Sanctuaries,Wildlife Sanctuary,Draft,2016-08-05,"199. S.O. 2633(E) [05.08.2016] Draft notification declaring Eco Sensitive Zone around Neyyar and Peppara Wildlife Sanctuaries(845.46 KB), Kerala Malayalam version",https://moef.gov.in/uploads/2017/06/Neyyar%20and%20Peppara%20Wildlife%20Sanctuaries%20Kerala.pdf,[],22/08/2016,S.O. 2633(E),,,,,,,,,,,,,,,,,none
200,Kerala,Neyyar and Peppara Wildlife Sanctuary,Wildlife Sanctuary,Draft,2022-03-25,"200. S.O. 1361(E) [25.03.2022] Re-Draft Notification declaring Eco Sensitive Zone around Neyyar and Peppara Wildlife Sanctuary(245.42 KB), Kerala. Re-Notification New",https://moef.gov.in/uploads/2022/03/Draft-Notification-Neyyar.pdf,[],25/03/2022,S.O. 1361(E),,,,,,,,,,,,,,,,,none
200,Kerala,Parambikulam Tiger Reserve,Tiger Reserve,Draft,2016-08-05,"200. S.O. 2637(E) [05.08.2016] Draft notification declaring Eco Sensitive Zone around Parambikulam Tiger Reserve(819.88 KB), Kerala",https://moef.gov.in/uploads/2017/06/Parambikulam%20Tiger%20Reserve%2C%20Kerala.pdf,[],22/08/2016,S.O. 2637(E),Q3635169,Parambikulam Tiger Reserve,Western Ghats,http://commons.wikimedia.org/wiki/Special:FilePath/Valley%20View%20Parambikulam%2002.jpg,IUCN category IV: Habitat/Species Management Area,Kerala,10.38333333,76.70833333,Palakkad,part of UNESCO World Heritage Site,377,https://www.parambikulam.org/,http://commons.wikimedia.org/wiki/Special:FilePath/Parambikulam%20banner%20Teak%20forest.jpg,Parambikulam Tiger Reserve,11279548,https://en.wikipedia.org/wiki/Parambikulam_Tiger_Reserve,exact
200,Kerala,Nahargarh Wildlife Sanctuary,Tiger Reserve,Draft,2021-01-28,"200. S.O. 440(E) [28.01.2021] Draft Notification declaring Eco Sensitive Zone around Parambikulam Tiger Reserve (4.19 MB), Kerala Re-notification New",https://moef.gov.in/uploads/2021/02/prambikulam.pdf,[],01/02/2021,S.O. 440(E),Q134581467,Nahargarh Wildlife Sanctuary,,,IUCN category IV: Habitat/Species Management Area,Rajasthan,26.9993,75.8374,,,,,,,,https://en.wikipedia.org/wiki/Nahargarh_Wildlife_Sanctuary,exact
201,Kerala,Kottiyoor Wildlife Sanctuary,Wildlife Sanctuary,Draft,2016-09-09,"201. S.O. 2905(E) [09.09.2016] Draft notification declaring Eco Sensitive Zone around Kottiyoor Wildlife Sanctuary(493.17 KB), Kerela",https://moef.gov.in/uploads/2017/06/Kottiyoor%20Wildlife%20Sanctuary%20Kerala.pdf,[],15/09/2016,S.O. 2905(E),Q31708100,Kottiyoor Wildlife Sanctuary,,http://commons.wikimedia.org/wiki/Special:FilePath/Kottiyoor%20Wildlife%20Sanctuary.jpg,IUCN category IV: Habitat/Species Management Area,Kerala,11.884055555,75.857361111,,,30.38,,,,,https://en.wikipedia.org/wiki/Kottiyoor_Wildlife_Sanctuary,exact
201,Kerala,Kottiyoor WLS Kerala,Wildlife Sanctuary,Draft,2020-08-24,"201. S.O. 2940(E) [24.08.2020] Draft Notification declaring Eco Sensitive Zone around Kottiyoor WLS, Kerala (111 KB), Re-Notification New.",https://moef.gov.in/uploads/2019/02/kottiyoor.pdf,[],31/08/2020,S.O. 2940(E),,,,,,,,,,,,,,,,,none
202,Kerala,Manglavanam Bird Sanctuary,Bird Sanctuary,Draft,2017-08-29,202. S.O. 2810 (E) [29.08.2017] Draft Notification Declaring Eco Sensitive Zone around Manglavanam Bird Sanctuary (2.41 MB)Kerala,https://moef.gov.in/uploads/2017/06/Manglavanam%20Bird%20Sanctuary%20Kerala%20Draft.pdf,[],12/09/2017,S.O. 2810 (E),,,,,,,,,,,,,,,,,none
202,Kerala,Manglavanam Bird Sanctuary,Bird Sanctuary,Draft,2020-09-07,202. S.O. 3033(E) [07.09.2020] Draft Notification declaring Eco Sensitive Zone around Manglavanam Bird Sanctuary (2.41 MB)Kerala Re-Notification New.,https://moef.gov.in/uploads/2020/09/mangalavanam.pdf,[],15/09/2020,S.O. 3033(E),,,,,,,,,,,,,,,,,none
203,Kerala,Choolannur Pea Fowl Sanctuary,Wildlife Sanctuary,Draft,2020-11-25,"203. S.O. 4270(E) [25.11.2020] Draft Notification declaring Eco Sensitive Zone around Choolannur Pea Fowl Sanctuary, (2.41 MB)Kerala",https://moef.gov.in/uploads/2020/12/chulnnar.pdf,[],01/12/2020,S.O. 4270(E),,,,,,,,,,,,,,,,,none
204,Kerala,Chimmony Wildlife Sanctuary,Wildlife Sanctuary,Draft,2020-11-25,"204. S.O. 4269(E) [25.11.2020] Draft Notification declaring Eco Sensitive Zone around Chimmony Wildlife Sanctuary, (2.41 MB)Kerala",https://moef.gov.in/uploads/2020/12/chimmony.pdf,[],01/12/2020,S.O. 4269(E),,,,,,,,,,,,,,,,,none
205,Kerala,Chimmony Wildlife Sanctuary,Wildlife Sanctuary,Draft,2021-01-28,"205. S.O. 438(E) [28.01.2021] Draft Notification declaring Eco Sensitive Zone around Wayanad Wildlife Sanctuary (2.41 MB), Kerala",https://moef.gov.in/uploads/2021/02/wayanad.pdf,[],01/02/2021,S.O. 438(E),,,,,,,,,,,,,,,,,none
206,Madhya Pradesh,Map,Wildlife Sanctuary,Draft,2015-06-30,"206. S.O. 1780 [30.06.2015] Draft ESZ Notification on Son Ghariyal Wildlife Sanctuary , Madhya Pradesh& Map(71.15 KB)",https://moef.gov.in/uploads/2019/10/Son-Gharial-Sanctuary.pdf,[],29/07/2015,S.O. 1780,,,,,,,,,,,,,,,,,none
154,Madhya Pradesh,Son Gharial Wildlife Sanctuary,Wildlife Sanctuary,Final,2016-12-14,"154. S.O. 4030 (E) [14.12.2016] Final Notification declaring Eco Sensitive Zone around Son Gharial Wildlife Sanctuary(1.26 MB), Madhya Pradesh S .O. No. 3584(E) [22.08.2024] Amendment in the Final Notification of Eco-sensitive Zone around Son Gharial Wildlife Sanctuary(1.71 MB), Madhya Pradesh",https://moef.gov.in/uploads/2017/06/Son%20Gharial%20WLS%2C%20Madhya%20Pradesh.pdf,[],31/08/2024,S.O. 4030 (E),Q132126728,Son Gharial Wildlife Sanctuary,,,IUCN category IV: Habitat/Species Management Area,Madhya Pradesh,24.282934,81.45285,,,,,,,,https://en.wikipedia.org/wiki/Son_Gharial_Wildlife_Sanctuary,exact
207,Madhya Pradesh,Gandhi Sagar Wildlife Sanctuary,Wildlife Sanctuary,Draft,2015-09-15,"207. S.O. 2543 [15.09.2015] Draft Notification on Gandhi Sagar Wildlife Sanctuary(8.44 MB), Madhya Pradesh",https://moef.gov.in/uploads/2019/10/S.O.-2543-15.09.2015-Draft-Notification-on-Gandhi-Sagar-Wildlife-Sanctuary-Madhya-Pradesh.pdf,[],06/10/2015,S.O. 2543,Q5520717,Gandhi Sagar Sanctuary,,http://commons.wikimedia.org/wiki/Special:FilePath/Gandhi%20Sagar%20Dam1.JPG,IUCN category IV: Habitat/Species Management Area,Madhya Pradesh,24.583,75.712,,,,,,,,https://en.wikipedia.org/wiki/Gandhi_Sagar_Sanctuary,exact
155,Madhya Pradesh,Gandhi Sagar WLS,Wildlife Sanctuary,Final,2016-12-14,"155. S. O. 4029 (E) [14.12.2016] Final Notification declaring Eco Sensitive Zone around Gandhi Sagar WLS(1.28 MB), Madhya Pradesh. S .O. No. 3943(E) [13.09.2024] Amendment in the Final Notification of Eco-sensitive Zone around Gandhi Sagar Wildlife Sanctuary (1.76 MB), Madhya Pradesh.",https://moef.gov.in/uploads/2017/06/Gandhi%20Sagar%20Wildlife%20Sanctuary%20%2C%20Madhya%20Pradesh.pdf,[],20/12/2016,S. O. 4029 (E),Q5520717,Gandhi Sagar Sanctuary,,http://commons.wikimedia.org/wiki/Special:FilePath/Gandhi%20Sagar%20Dam1.JPG,IUCN category IV: Habitat/Species Management Area,Madhya Pradesh,24.583,75.712,,,,,,,,https://en.wikipedia.org/wiki/Gandhi_Sagar_Sanctuary,exact
208,Madhya Pradesh,Ghatigoan Hukna Wildlife Sanctuary,Wildlife Sanctuary,Draft,2015-10-05,"208. S.O. 2700 [05.10.2015] Draft ESZ Notification on Ghatigoan Hukna Wildlife Sanctuary(1.96 MB), Madhya Pradesh & Map(313.59 KB)",https://moef.gov.in/uploads/2019/10/S.O.-2700-05.10.2015-Draft-ESZ-Notification-on-Ghatigoan-Hukna-Wildlife-Sanctuary-Madhya-Pradesh.pdf,[],02/11/2015,S.O. 2700,,,,,,,,,,,,,,,,,none
156,Madhya Pradesh,Ghatigaon Hukna Wildlife Sanctuary,Wildlife Sanctuary,Final,2016-12-14,"156. S.O. 4031 (E) [ 14.12.2016] Final Notification declaring Eco Sensitive Zone around Ghatigaon Hukna Wildlife Sanctuary(2.26 MB), Madhya Pradesh",https://moef.gov.in/uploads/2017/06/Ghatigaon%20Hukna%20Wildlife%20Sanctuary%2C%20Madhya%20Pradesh(1).pdf,[],20/12/2016,S.O. 4031 (E),Q5555916,Ghatigaon Sanctuary,,http://commons.wikimedia.org/wiki/Special:FilePath/Sonchiriya.jpg,IUCN category IV: Habitat/Species Management Area,Gwalior district,26.05,77.93333333,,,511,,,,,https://en.wikipedia.org/wiki/Ghatigaon_Wildlife_Sanctuary,fuzzy
209,Madhya Pradesh,Satpura Tiger Reserve,Tiger Reserve,Draft,2016-03-02,"209. S.O. 655(E) [02.03.2016] Draft Notification declaring Eco sensitive Zone around Satpura Tiger Reserve(4.8 MB), Madhya Pradesh",https://moef.gov.in/uploads/2017/06/Satpura%20Tiger%20Reserve%2C%20MP.pdf,[],11/03/2015,S.O. 655(E),Q733659,Satpura National Park,,http://commons.wikimedia.org/wiki/Special:FilePath/Satpura1.jpg,IUCN category II: National Park,Narmadapuram district,22.495,78.231,Pipariya,,,,http://commons.wikimedia.org/wiki/Special:FilePath/Satpura%20National%20Park%20banner.jpg,Satpura National Park,,https://en.wikipedia.org/wiki/Satpura_Tiger_Reserve,exact
157,Madhya Pradesh,Satpura Tiger Reserve,Tiger Reserve,Final,2017-08-09,"157. S.O. 2538 (E) [09.08.2017] Final Notification Declaring Eco Sensitive Zone around Satpura Tiger Reserve(3.5 MB), Madhya Pradesh",https://moef.gov.in/uploads/2017/06/Satpura%20Tiger%20Reserve%2C%20Madhya%20Pradesh.pdf,[],16/08/2017,S.O. 2538 (E),Q733659,Satpura National Park,,http://commons.wikimedia.org/wiki/Special:FilePath/Satpura1.jpg,IUCN category II: National Park,Narmadapuram district,22.495,78.231,Pipariya,,,,http://commons.wikimedia.org/wiki/Special:FilePath/Satpura%20National%20Park%20banner.jpg,Satpura National Park,,https://en.wikipedia.org/wiki/Satpura_Tiger_Reserve,exact
158,Madhya Pradesh,Satpura Tiger Reserve,Tiger Reserve,Final,2021-03-12,"158. S.O. 1192 (E) [12.03.2021] Amendment in final Notification declaring Eco Sensitive Zone around Satpura Tiger Reserve, Panchamri and Bori WLS, in the State of Madhya Pradesh(2.04 MB)",https://moef.gov.in/uploads/2021/03/satpura-amendment.pdf,[],15/03/2021,S.O. 1192 (E),Q733659,Satpura National Park,,http://commons.wikimedia.org/wiki/Special:FilePath/Satpura1.jpg,IUCN category II: National Park,Narmadapuram district,22.495,78.231,Pipariya,,,,http://commons.wikimedia.org/wiki/Special:FilePath/Satpura%20National%20Park%20banner.jpg,Satpura National Park,,https://en.wikipedia.org/wiki/Satpura_Tiger_Reserve,exact
210,Madhya Pradesh,Dinosaur National Park,National Park,Draft,2016-03-02,"210. S.O.658 (E) [02.03.2016] Draft Notification declaring Eco sensitive Zone around Dinosaur National Park(2.18 MB), Madhya Pradesh",https://moef.gov.in/uploads/2017/06/Dinosaur%20National%20Park%20%2C%20MP.pdf,[],11/03/2015,S.O.658 (E),,,,,,,,,,,,,,,,,none
159,Madhya Pradesh,Dinosaur National Park,National Park,Final,2017-08-17,"159. S.O. 2669 [17.08.2017] Final Notification declaring Eco Sensitive Zone around Dinosaur National Park(2.4 MB), Madhya Pradesh",https://moef.gov.in/uploads/2017/06/Dinosaur%20National%20Park%2C%20Madhya%20Pradesh.pdf,[],23/08/2017,S.O. 2669,,,,,,,,,,,,,,,,,none
211,Madhya Pradesh,Sailana Wildlife Sanctuary,Wildlife Sanctuary,Draft,2016-03-29,"211. S.O. 1245(E) [29.03.2016] Draft Notification declaring Eco sensitive Zone around Sailana Wildlife Sanctuary(562.03 KB), Madhya Pradesh",https://moef.gov.in/uploads/2017/06/Sailana%20Wildlife%20Sanctuary%2C%20MP.pdf,[],05/04/2016,S.O. 1245(E),,,,,,,,,,,,,,,,,none
160,Madhya Pradesh,Sailana Wildlife Sanctuary,Wildlife Sanctuary,Final,2020-10-08,"160. S.O. 3496(E) [ 08.10.2020] Final Notification declaring Eco Sensitive Zone around Sailana Wildlife Sanctuary (2.4 MB), Madhya Pradesh",https://moef.gov.in/uploads/2020/10/sailana.pdf,[],12/10/2020,S.O. 3496(E),,,,,,,,,,,,,,,,,none
212,Madhya Pradesh,Bandhavgarh National Park and Panpatha Wildlife Sanctuary,National Park,Draft,2016-03-29,"212. S.O. 1244(E) [29.03.2016] Draft Notification declaring Eco sensitive Zone around Bandhavgarh National Park and Panpatha Wildlife Sanctuary(1.19 MB), Madhya Pradesh",https://moef.gov.in/uploads/2017/06/Bandhavgarh%20National%20Park%20and%20Panpatha%20Wildlife%20Sanctuary%2C%20MP.pdf,[],05/04/2016,S.O. 1244(E),,,,,,,,,,,,,,,,,none
161,Madhya Pradesh,Bandhavgarh National Park and Panpatha Wildlife Sanctuary,National Park,Final,2016-12-14,"161. S.O. 4027 (E) [ 14.12.2016] Final Notification declaring Eco Sensitive Zone around Bandhavgarh National Park and Panpatha Wildlife Sanctuary(1.66 MB), Madhya Pradesh",https://moef.gov.in/uploads/2017/06/Bandhavgarh%20National%20Park%2C%20Madhya%20Pradesh_0.pdf,[],20/12/2016,S.O. 4027 (E),,,,,,,,,,,,,,,,,none
213,Madhya Pradesh,Bagdara Wildlife Sanctuary,Wildlife Sanctuary,Draft,2016-03-31,"213. S.O.1272(E) [31.03.2016] Draft Notification declaring Eco sensitive Zone around Bagdara Wildlife Sanctuary(1.03 MB), Madhya Pradesh",https://moef.gov.in/uploads/2017/06/Bagdara.pdf,[],11/04/2016,S.O.1272(E),Q131995100,Bagdara Wildlife Sanctuary,,,IUCN category IV: Habitat/Species Management Area,Madhya Pradesh,24.6338,82.49597,,,,,,,,https://en.wikipedia.org/wiki/Bagdara_Wildlife_Sanctuary,exact
162,Madhya Pradesh,Bagdara Wildlife Sanctuary,Wildlife Sanctuary,Final,2017-09-13,"162. S.O. 3028 (E) [13.09.2017] Final Notification declaring Eco Sensitive Zone around Bagdara Wildlife Sanctuary,(2.59 MB) Madhya Pradesh",https://moef.gov.in/uploads/2017/06/Bagdara%20Wildlife%20Sanctuary%2C%20MP%20Final.pdf,[],19/09/2017,S.O. 3028 (E),Q131995100,Bagdara Wildlife Sanctuary,,,IUCN category IV: Habitat/Species Management Area,Madhya Pradesh,24.6338,82.49597,,,,,,,,https://en.wikipedia.org/wiki/Bagdara_Wildlife_Sanctuary,exact
214,Madhya Pradesh,Ghughua Fossil National Park,National Park,Draft,2016-03-31,"214. S.O.1271(E) [31.03.2016] Draft Notification declaring Eco sensitive Zone around Ghughua Fossil National Park(272.19 KB), Madhya Pradesh",https://moef.gov.in/uploads/2017/06/Ghughua%20Fossil%20National%20Park%2C%20MP.pdf,[],11/04/2016,S.O.1271(E),Q5557523,Ghughua Fossil Park,,,IUCN category II: National Park,Madhya Pradesh,23.11306,80.614361,,,75,,,Ghughua Fossil Park,,https://en.wikipedia.org/wiki/Ghughua_Fossil_Park,fuzzy
163,Madhya Pradesh,Ghughua Fossil National Park,National Park,Final,2017-09-18,"163. S.O. 3064 (E) [18.09.2017] Final Notification declaring Eco Sensitive Zone around Ghughua Fossil National Park(1.63 MB), Madhya Pradesh S .O. No. 3549(E) [21.08.2024] Amendment in the Final Notification of Eco-sensitive Zone around Ghugua Fossil National Park(1.73 MB), Madhya Pradesh",https://moef.gov.in/uploads/2017/06/Ghughua%20Fossil%20National%20Park%2C%20MP%20Final.pdf,[],23/08/2024,S.O. 3064 (E),Q5557523,Ghughua Fossil Park,,,IUCN category II: National Park,Madhya Pradesh,23.11306,80.614361,,,75,,,Ghughua Fossil Park,,https://en.wikipedia.org/wiki/Ghughua_Fossil_Park,fuzzy
164,Madhya Pradesh,Ghuga Fossil National Park,National Park,Draft,2020-07-24,"164. S.O. 2436(E) [24.07.2020] Final Amendment declaring Eco Sensitive Zone around Ghuga Fossil National Park (2.59 MB),Madhya Pradesh",https://moef.gov.in/uploads/2019/10/amendment-ghuga.pdf,[],28/07/2020,S.O. 2436(E),,,,,,,,,,,,,,,,,none
215,Madhya Pradesh,Ken Garial Wildlife Sanctuary,Wildlife Sanctuary,Draft,2016-03-31,"215. S.O.1273(E) [31.03.2016] Draft Notification declaring Eco sensitive Zone around Ken Garial Wildlife Sanctuary(1.14 MB), Madhya Pradesh",https://moef.gov.in/uploads/2017/06/Ken%20Garial%20Wildlife%20Sanctuary%2C%20MP.pdf,[],11/04/2016,S.O.1273(E),,,,,,,,,,,,,,,,,none
165,Madhya Pradesh,Ken Garial Wildlife Sanctuary,Wildlife Sanctuary,Final,2017-09-21,"165. S.O. 3082 (E) [21.09.2017] Final Notification declaring Eco Sensitive Zone around Ken Garial Wildlife Sanctuary,(2.89 MB) Madhya Pradesh",https://moef.gov.in/uploads/2017/06/Ken%20Garial%20Wildlife%20Sanctuary%2C%20Madhya%20Pradesh%20Final%20(1).pdf,[],29/09/2017,S.O. 3082 (E),,,,,,,,,,,,,,,,,none
216,Madhya Pradesh,Madhav National Park,National Park,Draft,2016-03-31,"216. S.O. 1270(E) [31.03.2016] Draft Notification declaring Eco sensitive Zone around Madhav National Park(608.42 KB), Madhya Pradesh",https://moef.gov.in/uploads/2017/06/Madhav%20National%20Park%2C%20MP.pdf,[],11/04/2016,S.O. 1270(E),Q2604975,Madhav National Park,,http://commons.wikimedia.org/wiki/Special:FilePath/Madhav%20Natioinal%20Park.JPG,IUCN category II: National Park,Madhya Pradesh,25.46666667,77.75,,,,,,Madhav National Park,,https://en.wikipedia.org/wiki/Madhav_National_Park,exact
166,Madhya Pradesh,Madhav National Park,National Park,Final,2017-09-13,"166. S.O. 3027 (E) [13.09.2017] Final Notification declaring Eco Sensitive Zone around Madhav National Park(3.18 MB), Madhya Pradesh",https://moef.gov.in/uploads/2017/06/Madhav%20National%20Park%20MP%20Final.pdf,[],19/09/2017,S.O. 3027 (E),Q2604975,Madhav National Park,,http://commons.wikimedia.org/wiki/Special:FilePath/Madhav%20Natioinal%20Park.JPG,IUCN category II: National Park,Madhya Pradesh,25.46666667,77.75,,,,,,Madhav National Park,,https://en.wikipedia.org/wiki/Madhav_National_Park,exact
217,Madhya Pradesh,Sanjay National Park and Sanjay Dubari Wildlife Sanctuary,National Park,Draft,2016-03-31,"217. S.O. 1277(E) [31.03.2016] Draft Notification declaring Eco sensitive Zone around Sanjay National Park and Sanjay Dubari Wildlife Sanctuary(3.23 MB), Madhya Pradesh",https://moef.gov.in/uploads/2017/06/Sanjay%20National%20Park%20and%20Sanjay%20Dubari%20Wildlife%20Sanctuary%2C%20MP.pdf,[],11/04/2016,S.O. 1277(E),,,,,,,,,,,,,,,,,none
167,Madhya Pradesh,Sanjay National Park and Sanjay Dubari Wildlife Sanctuary,National Park,Final,2017-08-29,"167. S.O. 2811 [29.08.2017] Final Notification declaring Eco Sensitive Zone around Sanjay National Park and Sanjay Dubri Wildlife Sanctuary,(2.7 MB) Madhya Pradesh S .O. No. 5468(E) [18.12.2024] Amendment in the Final Notification of Eco-sensitive Zone around Sanjay National Park and Sanjay Dubri Wildlife Sanctuary,(1.7 MB) Madhya Pradesh",https://moef.gov.in/uploads/2017/06/Sanjay%20Dubri%20Tiger%20Reserve%20MP%20Final.pdf,[],24/12/2024,S.O. 2811,,,,,,,,,,,,,,,,,none
218,Madhya Pradesh,Karera Wildlife Sanctuary Madhya Pradesh,Wildlife Sanctuary,Draft,2016-05-19,"218. S.O. 1825(E) [19.05.2016] Draft Notification declaring Eco Sensitive Zone around Karera Wildlife Sanctuary, Madhya Pradesh(1.3 MB)",https://moef.gov.in/uploads/2017/06/Karera%20Wildlife%20Sanctuary%2C%20MP.pdf,[],01/06/2016,S.O. 1825(E),,,,,,,,,,,,,,,,,none
168,Madhya Pradesh,Karera Wildlife Sanctuary,Wildlife Sanctuary,Final,2017-09-18,"168. S.O. 3063 (E) [18.09.2017] Final Notification declaring Eco Sensitive Zone around Karera Wildlife Sanctuary, (1.67 MB)Madhya Pradesh",https://moef.gov.in/uploads/2017/06/Karera%20Wildlife%20Sanctuary%2C%20MP%20Final.pdf,[],20/09/2017,S.O. 3063 (E),Q17064063,Karera Wildlife Sanctuary,,,IUCN category IV: Habitat/Species Management Area,Madhya Pradesh,25.6304,78.1346,,,,,,,,https://en.wikipedia.org/wiki/Karera_Wildlife_Sanctuary,exact
219,Madhya Pradesh,Nauradehi Wildlife Sanctuary,Wildlife Sanctuary,Draft,2016-06-03,"219. S.O. 1972(E) [03.06.2016] Draft Notification declaring Eco Sensitive Zone around Nauradehi Wildlife Sanctuary(1.6 MB), Madhya Pradesh",https://moef.gov.in/uploads/2017/06/Nauradehi%20Wildlife%20Sanctuary%2C%20Madhya%20Pradesh.pdf,[],09/06/2016,S.O. 1972(E),Q17078316,Nauradehi Wildlife Sanctuary,,http://commons.wikimedia.org/wiki/Special:FilePath/Spotted%20Deer%20%28Axis%20axis%29.jpg,IUCN category IV: Habitat/Species Management Area,Sagar district,23.17814167,79.20188611,,,1197,,,,,https://en.wikipedia.org/wiki/Nauradehi_Wildlife_Sanctuary,exact
169,Madhya Pradesh,Nauradehi Wildlife Sanctuary,Wildlife Sanctuary,Final,2017-09-27,"169. S.O. 3133 (E) [27.09.2017] Final Notification declaring Eco Sensitive Zone around Nauradehi Wildlife Sanctuary,(4.61 MB) Madhya Pradesh",https://moef.gov.in/uploads/2017/06/Nauradehi%20Wildlife%20Sanctuary%2C%20Madhya%20Pradesh_0.pdf,[],05/10/2017,S.O. 3133 (E),Q17078316,Nauradehi Wildlife Sanctuary,,http://commons.wikimedia.org/wiki/Special:FilePath/Spotted%20Deer%20%28Axis%20axis%29.jpg,IUCN category IV: Habitat/Species Management Area,Sagar district,23.17814167,79.20188611,,,1197,,,,,https://en.wikipedia.org/wiki/Nauradehi_Wildlife_Sanctuary,exact
220,Madhya Pradesh,Ratapani and Singhori Wildlife Sanctuary,Wildlife Sanctuary,Draft,2016-12-21,"220. S.O. 4109 (E) [21.12.2016] Draft Notification declaring Eco Sensitive Zone around Ratapani and Singhori Wildlife Sanctuary(1008.42 KB), Madhya Pradesh",https://moef.gov.in/uploads/2017/06/Ratapani%20and%20Singhori%20Wildlife%20Sanctuary%2C%20Madhya%20Pradesh.pdf,[],22/12/2016,S.O. 4109 (E),,,,,,,,,,,,,,,,,none
170,Madhya Pradesh,Ratapani and Singhori WLS,Wildlife Sanctuary,Final,2017-08-11,"170. S.O. 2605 (E) [11.08.2017] Final Notification declaring Eco Sensitive Zone around Ratapani and Singhori WLS(1.98 MB), Madhya Pradesh",https://moef.gov.in/uploads/2017/06/Ratapani%20and%20Singhori%20WLS%20Final%2C%20Madhya%20Pradesh.pdf,[],21/8/2017,S.O. 2605 (E),,,,,,,,,,,,,,,,,none
221,Madhya Pradesh,Van Vihar National Park,National Park,Draft,2017-01-19,"221. S.O. 184 (E) [19.01.2017] Draft Notification declaring Eco Sensitive Zone around Van Vihar National Park, (1.63 MB)Madhya Pradesh",https://moef.gov.in/uploads/2017/06/Van%20Vihar%20National%20Park%2C%20Madhya%20Pradesh.pdf,[],25/01/2017,S.O. 184 (E),Q134721122,Van Vihar Wildlife Sanctuary,,,IUCN category IV: Habitat/Species Management Area,Rajasthan,26.6118,77.74904,,,,,,,,https://en.wikipedia.org/wiki/Van_Vihar_Wildlife_Sanctuary,exact
171,Madhya Pradesh,Van Vihar National Park,National Park,Final,2017-11-29,"171. S.O. 3777(E) [29.11.2017] Final Notification declaring Eco Sensitive Zone around Van Vihar National Park,(3.67 MB) Madhya Pradesh. S.O. No. 3142(E) [14.07.2023] Amendment in the Final Notification of Eco-sensitive Zone around Van Vihar Wildlife Sanctuary (1,156 KB), in the state of Rajasthan",https://moef.gov.in/uploads/2017/06/van%20vihar%20(2).pdf,[],13/12/2017 and 05/12/2023,S.O. 3777(E),Q134721122,Van Vihar Wildlife Sanctuary,,,IUCN category IV: Habitat/Species Management Area,Rajasthan,26.6118,77.74904,,,,,,,,https://en.wikipedia.org/wiki/Van_Vihar_Wildlife_Sanctuary,exact
222,Madhya Pradesh,Veerangana Durgawati WLS,Wildlife Sanctuary,Draft,2017-02-14,"222. S. O. 437 [14.02.2017] Draft Notification declaring Eco Sensitive Zone around Veerangana Durgawati WLS(2.04 MB), Madhya Pradesh",https://moef.gov.in/uploads/2017/06/Veerangana%20Durgawati%20Wildlife%20Sanctuary%2C%20MP_0.pdf,[],20/02/2017,S. O. 437,,,,,,,,,,,,,,,,,none
223,Madhya Pradesh,Veerangana Durgawati WLS,Wildlife Sanctuary,Draft,2021-03-12,"223. S.O. 1197(E) [12.03.2021] Draft Notification declaring Eco Sensitive Zone around Veerangana Durgawati WLS, (3.5 MB), Madhya Pradesh",https://moef.gov.in/uploads/2021/03/veerangana-durgawati.pdf,[],15/03/2021,S.O. 1197(E),,,,,,,,,,,,,,,,,none
172,Madhya Pradesh,Veerangana Durgawati WLS,Wildlife Sanctuary,Final,2021-11-08,"172. S.O.4617(E) [08.11.2021] Final Notification declaring Eco Sensitive Zone around Veerangana Durgawati WLS, (2.04 MB), Madhya Pradesh",https://moef.gov.in/uploads/2020/08/veerangana-durgawati-1.pdf,[],13/11/2021,S.O.4617(E),,,,,,,,,,,,,,,,,none
224,Madhya Pradesh,Narsinghgarh Wildlife Sanctuary,Wildlife Sanctuary,Draft,2017-04-26,"224. S.O. 1308 (E) [26.04.2017] Draft Notification declaring Eco sensitive Zone around Narsinghgarh Wildlife Sanctuary,(911.04 KB) Madhya Pradesh",https://moef.gov.in/uploads/2017/06/Narsinghgarh%20Wildlife%20Sanctuary%2C%20Madhya%20Pradesh.pdf,[],05/05/2017,S.O. 1308 (E),Q135404149,Narsinghgarh Wildlife Sanctuary,,,IUCN category IV: Habitat/Species Management Area,Madhya Pradesh,23.625,77.0667,,,,,,,,https://en.wikipedia.org/wiki/Narsinghgarh_Wildlife_Sanctuary,exact
173,Madhya Pradesh,Narsinghgarh Wildlife Sanctuary,Wildlife Sanctuary,Final,2018-07-27,"173. S.O. 3689(E) [27.07.2018] Final Notification declaring Eco Sensitive Zone around Narsinghgarh Wildlife Sanctuary,(2.92 MB) Madhya Pradesh.",https://moef.gov.in/uploads/2017/06/Narsinghgarh.pdf,[],06/08/2018,S.O. 3689(E),Q135404149,Narsinghgarh Wildlife Sanctuary,,,IUCN category IV: Habitat/Species Management Area,Madhya Pradesh,23.625,77.0667,,,,,,,,https://en.wikipedia.org/wiki/Narsinghgarh_Wildlife_Sanctuary,exact
225,Madhya Pradesh,Orchha Wildlife Sanctuary,Wildlife Sanctuary,Draft,2017-05-26,"225. S.O. 1700 (E) [26.05.2017] Draft Notification declaring Eco-sensitive Zone around Orchha Wildlife Sanctuary,(1.61 MB) Madhya Pradesh.",https://moef.gov.in/uploads/2017/06/Orchha%20Wildlife%20Sanctuary%2C%20MP%2C%20Draft%20Notification_0.pdf,[],01/06/2017,S.O. 1700 (E),Q132068974,Orchha Wildlife Sanctuary,,,IUCN category IV: Habitat/Species Management Area,Madhya Pradesh,25.35,78.64,,,,,,,,https://en.wikipedia.org/wiki/Orchha_Wildlife_Sanctuary,exact
174,Madhya Pradesh,Orchha Wildlife Sanctuary,Wildlife Sanctuary,Final,2018-01-03,"174. S.O. 35(E) [03.01.2018] Final Notification declaring Eco Sensitive Zone around Orchha Wildlife Sanctuary(2.98 MB), Madhya Pradesh.",https://moef.gov.in/uploads/2017/06/orchha.pdf,[],15/01/2018,S.O. 35(E),Q132068974,Orchha Wildlife Sanctuary,,,IUCN category IV: Habitat/Species Management Area,Madhya Pradesh,25.35,78.64,,,,,,,,https://en.wikipedia.org/wiki/Orchha_Wildlife_Sanctuary,exact
226,Madhya Pradesh,Kheoni Wildlife Sanctuary,Wildlife Sanctuary,Draft,2017-10-16,"226. S.O. 3345(E) [16.10.2017] Draft Notification declaring Eco Sensitive Zone around Kheoni Wildlife Sanctuary(2.57 MB), Madhya Pradesh",https://moef.gov.in/uploads/2017/06/kheoni%20WLS_0.pdf,[],,S.O. 3345(E),Q55615923,Kheoni Wildlife Sanctuary,,http://commons.wikimedia.org/wiki/Special:FilePath/Kheoni%20Wildlife%20Sanctuary%2C%20Dewas.png,IUCN category IV: Habitat/Species Management Area,Sehore district; Dewas district,22.8373,76.8765,,,134.778,,,Kheoni Wildlife Sanctuary,,https://en.wikipedia.org/wiki/Kheoni_Wildlife_Sanctuary,exact
175,Madhya Pradesh,Kheoni Wildlife Sanctuary,Wildlife Sanctuary,Final,2018-05-14,"175. S.O. 1902(E) [14.05.2018] Final Notification declaring Eco Sensitive Zone around Kheoni Wildlife Sanctuary(2.6 MB), Madhya Pradesh",https://moef.gov.in/uploads/2018/05/kheoni.pdf,[],16/05/2018,S.O. 1902(E),Q55615923,Kheoni Wildlife Sanctuary,,http://commons.wikimedia.org/wiki/Special:FilePath/Kheoni%20Wildlife%20Sanctuary%2C%20Dewas.png,IUCN category IV: Habitat/Species Management Area,Sehore district; Dewas district,22.8373,76.8765,,,134.778,,,Kheoni Wildlife Sanctuary,,https://en.wikipedia.org/wiki/Kheoni_Wildlife_Sanctuary,exact
227,Madhya Pradesh,Kunopalpur Wildlife Sanctuary,Wildlife Sanctuary,Draft,2017-11-10,"227. S.O. 3576(E) [10.11.2017] Draft Notification declaring Eco Sensitive Zone around Kunopalpur Wildlife Sanctuary(3 MB), Madhya Pradesh.",https://moef.gov.in/uploads/2017/06/kulopalpur.pdf,[],15/11/2017,S.O. 3576(E),,,,,,,,,,,,,,,,,none
227,Madhya Pradesh,Kuno National Park,National Park,Draft,2022-05-04,"227. S.O. 2078(E) [04.05.2022] Re-Draft Notification declaring Eco Sensitive Zone aroundKuno National Park, (3 MB), in the state of Madhya Pradesh.Re-Notification New",https://moef.gov.in/uploads/2021/08/Published-Draft-Notification-S-O-2078.pdf,[],04/05/2022,S.O. 2078(E),Q1143016,Kuno Wildlife Sanctuary,,http://commons.wikimedia.org/wiki/Special:FilePath/A%20well-fed%20bull%20in%20Kuno%20WS%20AJTJ%20P1070807.jpg,IUCN category IV: Habitat/Species Management Area,Madhya Pradesh,25.66666667,77.25,,,344.68,http://sheopur.nic.in/kuno.htm,,Kuno National Park,,https://en.wikipedia.org/wiki/Kuno_National_Park,exact
228,Madhya Pradesh,Pench NP Pench Mougali Sanctuary,National Park,Draft,2018-05-22,"228. .S.O. 2030(E) [22.05.2018] Draft Notification declaring Eco Sensitive Zone around Pench NP & Pench Mougali Sanctuary(3.06 MB), Madhya Pradesh.",https://moef.gov.in/uploads/2018/05/pench.pdf,[],24/05/2018,S.O. 2030(E),,,,,,,,,,,,,,,,,none
176,Madhya Pradesh,National Park Pench Mougali Sanctuary,Tiger Reserve,Final,2019-11-06,"176. S.O. 4009(E) [06.11.2019] Final Notification declaring Eco Sensitive Zone around Pench National Park & Pench Mougali Sanctuary(2.06 MB) (Pench Tiger Reserve), Madhya Pradesh.",https://moef.gov.in/uploads/2019/10/pench.pdf,[],13/11/2019,S.O. 4009(E),,,,,,,,,,,,,,,,,none
229,Madhya Pradesh,Kanha National Park Phen Sanctuary,National Park,Draft,2018-11-05,"229. .S.O. 5647(E) [05.11.2018] Draft Notification declaring Eco Sensitive Zone around Kanha National Park & Phen Sanctuary,(1.96 MB) Madhya Pradesh.",https://moef.gov.in/uploads/2018/11/kanha.pdf,[],13/11/2018,S.O. 5647(E),,,,,,,,,,,,,,,,,none
177,Madhya Pradesh,Kanha National Park Phen Sanctuary,National Park,Final,2021-03-12,177. S.O.1198(E) [12.03.2021] Final Notification declaring Eco Sensitive Zone around Kanha NP and Phen Sanctuary(1.96 MB) Madhya Pradesh.,https://moef.gov.in/uploads/2021/03/kanha.pdf,[],15/03/2021,S.O.1198(E),,,,,,,,,,,,,,,,,none
229,Madhya Pradesh,Kanha National Park and Phen Sanctuary,National Park,Draft,2020-07-24,"229. S.O. 2438(E) [24.07.2020] Draft Notification declaring Eco Sensitive Zone around Kanha National Park and Phen Sanctuary(3.96 MB),Madhya Pradesh Re-Notification New.",https://moef.gov.in/uploads/2019/10/kanha.pdf,[],28/07/2020,S.O. 2438(E),,,,,,,,,,,,,,,,,none
178,Madhya Pradesh,Kanha NP & Phen Sanctuary,National Park,Final,2021-09-09,"178. S.O. 3653(E) [09.09.2021] Amendment in Notification declaring Eco Sensitive Zone around Kanha NP & Phen Sanctuary, in the State of Madhya Pradesh.(1.96 MB) Madhya Pradesh.",https://moef.gov.in/uploads/2020/08/document64.pdf,[],10/09/2021,S.O. 3653(E),,,,,,,,,,,,,,,,,none
230,Madhya Pradesh,National Chambal Santuary,National Park,Draft,2019-06-11,"230. .S.O. 1944(E) [11.06.2019] Draft Notification declaring Eco Sensitive Zone around National Chambal Santuary(1.22 MB), Madhya Pradesh",https://moef.gov.in/uploads/2019/06/national-chambal.pdf,[],18/06/2019,S.O. 1944(E),Q6971439,National Chambal Sanctuary,,http://commons.wikimedia.org/wiki/Special:FilePath/Chambal%20river%20near%20Dhaulpur%2C%20India.jpg,IUCN category IV: Habitat/Species Management Area,Morena district,26.768333333,78.644444444,Morena,,,,,,,https://en.wikipedia.org/wiki/National_Chambal_Sanctuary,fuzzy
179,Madhya Pradesh,Chambal Sanctuary,National Park,Final,2020-02-21,"179. S.O. 796(E) [21.02.2020] Final Notification declaring Eco Sensitive Zone around National Chambal Sanctuary(1.92 MB), Madhya Pradesh.",https://moef.gov.in/uploads/2019/10/national-chambal.pdf,[],02/03/2020,S.O. 796(E),,,,,,,,,,,,,,,,,none
231,Madhya Pradesh,Kharmor (Sardarpur) Santuary,Wildlife Sanctuary,Draft,2019-10-10,"231. S.O. 3648(E) [10.10.2019] Draft Notification declaring Eco Sensitive Zone around Kharmor (Sardarpur) Santuary(1.36 MB), Madhya Pradesh.",https://moef.gov.in/uploads/2018/12/kharmor.pdf,[],16/10/2019,S.O. 3648(E),,,,,,,,,,,,,,,,,none
180,Madhya Pradesh,Kharmor (Sardarpur) Santuary,Wildlife Sanctuary,Final,2020-08-28,"180. S.O. 2935(E) [ 28.08.2020] Final Notification declaring Eco Sensitive Zone around Kharmor (Sardarpur) Sanctuary(5.96 MB), Madhya Pradesh",,[],31/08/2020,S.O. 2935(E),,,,,,,,,,,,,,,,,none
232,Madhya Pradesh,Sailana Wildlife Sanctuary,Wildlife Sanctuary,Draft,2020-03-20,"232. S.O. 1193(E) [20.03.2020] Draft Notification declaring Eco Sensitive Zone around Ralamandal Wildlife Sanctuary (1.55 MB), Madhya Pradesh",https://moef.gov.in/uploads/2020/08/ralamandal.pdf,[],13/11/2021,S.O. 1193(E),,,,,,,,,,,,,,,,,none
181,Madhya Pradesh,Ralamandal Wildlife Sanctuary,Wildlife Sanctuary,Final,2023-11-02,"181. S.O. 4799(E) [02.11.2023] Final Notification declaring Eco Sensitive Zone around Ralamandal Wildlife Sanctuary(2.12 MB), Madhya Pradesh",https://moef.gov.in/uploads/2023/11/SO4799(E)-ESZ-Notification-ralamandal.pdf,[],02/11/2023,S.O. 4799(E),Q65041648,Ralamandal Wildlife Sanctuary,,,IUCN category IV: Habitat/Species Management Area,Madhya Pradesh,22.6503,75.974,,,,,,,,https://en.wikipedia.org/wiki/Ralamandal_Wildlife_Sanctuary,exact
233,Madhya Pradesh,Sailana Wildlife Sanctuary,Wildlife Sanctuary,Draft,2021-11-08,"233. S.O. 4616(E) [08.11.2021] Draft Notification declaring Eco Sensitive Zone around Sailana Wildlife Sanctuary (1.55 MB), Madhya Pradesh",,[],14/04/2020,S.O. 4616(E),,,,,,,,,,,,,,,,,none
233,Madhya Pradesh,Panna National Park & Gangau Sanctuary,National Park,Draft,2023-09-13,"233. S.O. 4036(E) [13.09.2023] Re-Draft Notification declaring Eco Sensitive Zone around Panna National Park & Gangau Sanctuary, (1,824 KB) in the state of Madhya PradeshRe-notification New",https://moef.gov.in/uploads/2023/11/ESZ-ReDraft-Panna-National-Park-Gangau-Sanctuary-Madhya-Pradesh.pdf,[],13/09/2023,S.O. 4036(E),,,,,,,,,,,,,,,,,none
234,Maharashtra,Nagazira Wildlife Sanctuary,National Park,Draft,2015-02-20,"234. S.O. 590 [20.02.2015] Draft ESZ Notification on Nagazira Wildlife Sanctuary(2.61 MB), Navegaon WLS and Navegaon National Park, Maharashtra & Map(327.76 KB)",https://moef.gov.in/uploads/2019/10/S.O.-590-20.02.2015-Draft-ESZ-Notification-on-Nagazira-Wildlife-Sanctuary-Navegaon-WLS-and-Navegaon-National-Park-Maharashtra.pdf,[],11/04/2015,S.O. 590,,,,,,,,,,,,,,,,,none
182,Maharashtra,"Nagzira WildlifeSanctuary, New Nagzira Wildlife Sanctuary, Koka Wildlife Sanctuary, Navegaon Wildlife Sanctuary and Navegaon National Park",National Park,Final,2023-09-20,"182. S.O. 4132(E) [20.09.2023] Final Notification declaring Eco sensitive Zone around Nagzira WildlifeSanctuary, New Nagzira Wildlife Sanctuary, Koka Wildlife Sanctuary, Navegaon Wildlife Sanctuary and Navegaon National Park(2.67 MB), Maharashtra",https://moef.gov.in/uploads/2023/11/SO4132(E)-Final-notification-nagzira.pdf,[],25/11/2023,S.O. 4132(E),,,,,,,,,,,,,,,,,none
235,Maharashtra,Map,Wildlife Sanctuary,Draft,2015-06-01,"235. .S.O. 1448 [01.06.2015] Draft ESZ Notification on Painganga Wildlife Sanctuary(12.95 MB), Maharashtra & Map(205.72 KB)",https://moef.gov.in/uploads/2017/06/S.O.%201448%20%5B01.06.2015%5D%20Draft%20ESZ%20Notification%20on%20Painganga%20Wildlife%20Sanctuary%2C%20Maharashtra.pdf,[],11/09/2015,S.O. 1448,,,,,,,,,,,,,,,,,none
183,Maharashtra,Painganga Wildlife Sanctuary,Wildlife Sanctuary,Final,2016-11-30,"183. S.O. 3595(E) [30.11.2016] Final Notification declaring Eco Sensitive Zone around Painganga Wildlife Sanctuary(1.95 MB), Maharashtra. S .O. No. 3456(E) [13.08.2024] Amendment in the Final Notification of Eco-sensitive Zone around Painganga Wildlife Sanctuary(1.95 MB), Maharashtra.",https://moef.gov.in/uploads/2017/06/Painganga%20Wildlife%20Sanctuary%2C%20Maharashtra%20Final05-12-2016.pdf,[],23/08/2024,S.O. 3595(E),Q113396038,Painganga Wildlife Sanctuary,,http://commons.wikimedia.org/wiki/Special:FilePath/Painganga-Wildlife-Sanctuary.jpg,IUCN category IV: Habitat/Species Management Area,Maharashtra,19.586111111,78.041666666,,,325,,,Painganga Wildlife Sanctuary,,https://en.wikipedia.org/wiki/Painganga_Wildlife_Sanctuary,exact
236,Maharashtra,Gautala Wildlife Sanctuary,Wildlife Sanctuary,Draft,2015-06-12,"236. .S.O. 1558 [12.06.2015] Draft ESZ Notification on Gautala Wildlife Sanctuary(6.9 MB), Maharashtra & Map(327.07 KB)",https://moef.gov.in/uploads/2019/10/S.O.-1558-12.06.2015-Draft-ESZ-Notification-on-Gautala-Wildlife-Sanctuary-Maharashtra-1.pdf,[],21/09/2015,S.O. 1558,,,,,,,,,,,,,,,,,none
184,Maharashtra,Gautala Autramghat Wildlife Sanctuary,Wildlife Sanctuary,Final,2016-12-09,"184. S.O. 3996 [09.12.2016] Final Notification declaring Eco Sensitive Zone around Gautala Autramghat Wildlife Sanctuary(1.56 MB), Maharashtra. S .O. No. 3819(E) [05.09.2024] Amendment in the Final Notification of Eco-sensitive Zone around Gautala Autramghat Wildlife Sanctuary (1.74 MB), Maharashtra.",https://moef.gov.in/uploads/2017/06/Gautala%20Autramghat%20Wildlife%20Sanctuary%2C%20Maharashtra.pdf,[],13/12/2016,S.O. 3996,Q5527862,Gautala Autramghat Sanctuary,,,IUCN category IV: Habitat/Species Management Area,Maharashtra,20.3325,75.140833333,,,,,,,,https://en.wikipedia.org/wiki/Gautala_Autramghat_Sanctuary,exact
237,Maharashtra,Karnala Bird Sanctuary,Bird Sanctuary,Draft,2015-06-17,"237. S.O. 1658 (E) [17.06.2015] Draft ESZ Notification on Karnala Bird Sanctuary(11.66 MB), Maharashtra & Map(305.59 KB)",https://moef.gov.in/uploads/2017/06/S.O.%201658%20(E)%20%5B17.06.2015%5D%20Draft%20ESZ%20Notification%20on%20Karnala%20Bird%20Sanctuary%2C%20Maharashtra.pdf,[],19/08/2015,S.O. 1658 (E),Q6372818,Karnala Bird Sanctuary,,http://commons.wikimedia.org/wiki/Special:FilePath/Karnala%20006.jpg,IUCN category IV: Habitat/Species Management Area,Raigad district,18.90861111,73.1025,Matheran,,,,http://commons.wikimedia.org/wiki/Special:FilePath/Karnala%20Bird%20Sanctuary%20entrance%20%28318339013%29%20%28cropped%29.jpg,Karnala Bird Sanctuary,,https://en.wikipedia.org/wiki/Karnala_Bird_Sanctuary,exact
185,Maharashtra,KARNALA Wildlife Sanctuary,Wildlife Sanctuary,Final,2016-01-22,185. S.O 230(E)[22.01.2016] Notification declaring Eco-sensitive Zone around the KARNALA Wildlife Sanctuary (771.37 KB) in the state of Maharashtra S.O. No. 5471(E) [18.12.2024] Amendment in the Final Notification of Eco-sensitive Zone around the KARNALA Wildlife Sanctuary (1.6 MB) in the state of Maharashtra,https://moef.gov.in/uploads/2017/06/SO%20230(E)%5B22.01.2016%5D%20Notification%20declaring%20Eco-sensitive%20Zone%20around%20the%20KARNALA%20Wildlife%20Sanctuary%20%20in%20the%20state%20of%20Maharashtra.pdf,[],24/12/2024,S.O 230(E),Q6372818,Karnala Bird Sanctuary,,http://commons.wikimedia.org/wiki/Special:FilePath/Karnala%20006.jpg,IUCN category IV: Habitat/Species Management Area,Raigad district,18.90861111,73.1025,Matheran,,,,http://commons.wikimedia.org/wiki/Special:FilePath/Karnala%20Bird%20Sanctuary%20entrance%20%28318339013%29%20%28cropped%29.jpg,Karnala Bird Sanctuary,,https://en.wikipedia.org/wiki/Karnala_Bird_Sanctuary,exact
238,Maharashtra,Umrer Karhandala Wildlife Sanctuary,Wildlife Sanctuary,Draft,2015-09-17,"238. .S.O. 2544 [17.09.2015] Draft Notification on Umrer Karhandala Wildlife Sanctuary(9.83 MB), Maharashtra & Map(153.91 KB)",https://moef.gov.in/uploads/2017/06/S.O.%202544%20%5B17.09.2015%5D%20Draft%20Notification%20on%20Umrer%20Karhandala%20Wildlife%20Sanctuary%2C%20Maharashtra.pdf,[],06/10/2015,S.O. 2544,,,,,,,,,,,,,,,,,none
186,Maharashtra,Umred Karhandla Wildlife,Wildlife Sanctuary,Final,2017-03-16,"186. S.O. 837 (E) [16.03.2017] Final Notification declaring Eco Sensitive Zone around Umred Karhandla Wildlife(1.57 MB) Sanctuary, Maharashtra.",https://moef.gov.in/uploads/2019/08/Umred-Karhandla-Wildlife-Sanctuary-Maharashtra.pdf,[],21/03/2017,S.O. 837 (E),Q16902313,Umred Karhandla Wildlife Sanctuary,,,IUCN category IV: Habitat/Species Management Area,Nagpur district,20.83555556,79.51111111,Nagpur,,189.3,,,Umred Karhandla Wildlife Sanctuary,,https://en.wikipedia.org/wiki/Umred_Pauni_Karhandla_Wildlife_Sanctuary,fuzzy
239,Maharashtra,Gangewadi New Great Indian Bustard Wildlife Sanctuary,Wildlife Sanctuary,Draft,2015-11-05,"239. .S.O. 3014 [05.11.2015] Draft ESZ Notifictaion on Gangewadi New Great Indian Bustard Wildlife Sanctuary(2.94 MB), Maharashtra & Map(142.78 KB)",https://moef.gov.in/uploads/2017/06/S.O.%203014%20%5B05.11.2015%5D%20Draft%20ESZ%20Notifictaion%20on%20Gangewadi%20New%20Great%20Indian%20Bustard%20Wildlife%20Sanctuary%2C%20Maharashtra.pdf,[],,S.O. 3014,,,,,,,,,,,,,,,,,none
187,Maharashtra,Gangewadi New Great Indian Bustard Sanctuary,Wildlife Sanctuary,Final,2017-05-31,"187. S.O. 1752 (E) [31.05.2017] Final Notification declaring Eco Sensitive Zone around Gangewadi New Great Indian Bustard Sanctuary(5.29 MB), Maharashtra S .O. No. 4331(E) [03.10.2024] Final Notification declaring Eco Sensitive Zone around Gangewadi New Great Indian Bustard Sanctuary(1.29 MB), Maharashtra",https://moef.gov.in/uploads/2017/06/Gangewadi%20New%20Great%20Indian%20Bustard%20WLS%2C%20Maharashtra(1).pdf,[],08/10/2024,S.O. 1752 (E),,,,,,,,,,,,,,,,,none
240,Maharashtra,Phansad Wildlife Sanctuary,Wildlife Sanctuary,Draft,2015-11-30,240. .SO 3222(E)[30.11.2015] Draft notification declaring Eco-sensitive Zone around the Phansad Wildlife Sanctuary (1.59 MB)in the state of Maharashtra,https://moef.gov.in/uploads/2017/06/SO%203222(E)%5B30.11.2015%5D%20Draft%20notification%20declaring%20Eco-sensitive%20Zone%20around%20the%20Phansad%20Wildlife%20Sanctuary%20%20in%20the%20state%20of%20Maharashtra.pdf,[],09/12/2015,SO 3222(E),Q7180496,Phansad Wildlife Sanctuary,,,IUCN category IV: Habitat/Species Management Area,Maharashtra,18.344111111,73.059083333,,,,,,,,https://en.wikipedia.org/wiki/Phansad_Wildlife_Sanctuary,exact
188,Maharashtra,Phansad Wildlife Sanctuary,Wildlife Sanctuary,Final,2017-05-17,"188. S.O. 1603 (E) [17.05.2017] Final Notification Declaring Eco Sensitive Zone around Phansad Wildlife Sanctuary(822.05 KB), Maharashtra",https://moef.gov.in/uploads/2017/06/Phansad%20Wildlife%20Sanctuary%2C%20Maharashtra_0.pdf,[],23/05/2017,S.O. 1603 (E),Q7180496,Phansad Wildlife Sanctuary,,,IUCN category IV: Habitat/Species Management Area,Maharashtra,18.344111111,73.059083333,,,,,,,,https://en.wikipedia.org/wiki/Phansad_Wildlife_Sanctuary,exact
241,Maharashtra,Bhamragarh Wildlife Sanctuary,Wildlife Sanctuary,Draft,2015-11-23,241. SO 3224(E)[23.11.2015] Draft notification declaring Eco-sensitive Zone around the Bhamragarh Wildlife Sanctuary (1.74 MB)in the state of Maharashtra,https://moef.gov.in/uploads/2017/06/SO%203224(E)%5B23.11.2015%5D%20Draft%20notification%20declaring%20Eco-sensitive%20Zone%20around%20the%20Bhamragarh%20Wildlife%20Sanctuary%20in%20the%20state%20of%20Maharashtra.pdf,[],09/12/2015,SO 3224(E),,,,,,,,,,,,,,,,,none
189,Maharashtra,Bhamragarh Wildlife Sanctuary,Wildlife Sanctuary,Final,2017-04-13,"189. S.O. 1175(E) [13.04.2017] Final Notification Declaring Eco Sensitive Zone around Bhamragarh Wildlife Sanctuary(1.48 MB), Maharashtra",https://moef.gov.in/uploads/2017/06/Bhamragarh%20Wildlife%20Sanctuary%2C%20Maharashtra.pdf,[],01/05/2017,S.O. 1175(E),,,,,,,,,,,,,,,,,none
242,Maharashtra,Yedsi Ramling Wildlife Sanctuary,Wildlife Sanctuary,Draft,2015-11-23,242. SO 3227(E)[23.11.2015] Draft notification declaring Eco-sensitive Zone around the Yedsi Ramling Wildlife Sanctuary (1005.45 KB)in the state of Maharashtra,https://moef.gov.in/uploads/2017/06/SO%203227(E)%5B23.11.2015%5D%20Draft%20notification%20declaring%20Eco-sensitive%20Zone%20around%20the%20Yedsi%20Ramling%20Wildlife%20Sanctuary%20%20in%20the%20state%20of%20Maharashtra.pdf,[],09/12/2015,SO 3227(E),Q107410544,Yedsi Ramling Ghat Wildlife Sanctuary,,,IUCN category IV: Habitat/Species Management Area,Maharashtra,18.305,75.94,,,,,,,,https://en.wikipedia.org/wiki/Yedsi_Ramling_Ghat_Wildlife_Sanctuary,fuzzy
190,Maharashtra,Yedshi Ramling Ghat WLS,Wildlife Sanctuary,Final,2017-05-31,"190. S.O. 1751 (E) [31.05.2017] Final Notification declaring Eco Sensitive Zone around Yedshi Ramling Ghat WLS(2.03 MB), Maharashtra",https://moef.gov.in/uploads/2017/06/Yedshi%20Ramling%20Ghat%20Wildlife%20Sanctuary%2C%20Maharashtra.pdf,[],05/06/2017,S.O. 1751 (E),,,,,,,,,,,,,,,,,none
243,Maharashtra,Aner Dam Wildlife Sanctuary,Wildlife Sanctuary,Draft,2015-11-23,243. SO 3228(E)[23.11.2015] Draft notification declaring Eco-sensitive Zone around the Aner Dam Wildlife Sanctuary (1.8 MB)in the state of Maharashtra,https://moef.gov.in/uploads/2017/06/SO%203228(E)%5B23.11.2015%5D%20Draft%20notification%20declaring%20Eco-sensitive%20Zone%20around%20the%20Aner%20Dam%20Wildlife%20Sanctuary%20in%20the%20state%20of%20Maharashtra.pdf,[],09/12/2015,SO 3228(E),Q107404544,Aner Dam Wildlife Sanctuary,,,IUCN category IV: Habitat/Species Management Area,Maharashtra,21.35,75.0225,,,,,,,,https://en.wikipedia.org/wiki/Aner_Dam_Wildlife_Sanctuary,exact
243,Maharashtra,"Anerdam WLS, Maharashtra",Wildlife Sanctuary,Draft,2018-02-22,"243. S.O. 778(E) [22.02.2018] Draft Notification declaring Eco Sensitive Zone around Anerdam WLS, Maharashtra.(4.96 MB) Re-notification New",https://moef.gov.in/uploads/2019/05/Anerdam.pdf,[],08/03/2018,S.O. 778(E),,,,,,,,,,,,,,,,,none
191,Maharashtra,"Zone around Anerdam Wildlife Sanctuary, Maharashtra",Wildlife Sanctuary,Final,2019-01-03,"191. S.O. 27(E) [03.01.2019] Final Notification declaring Eco Sensitive Zone around Anerdam Wildlife Sanctuary, Maharashtra.(1.55 MB) S .O. No. 4554(E) [17.10.2024] Amendment in the Final Notification of Eco-sensitive Zone around Anerdam Wildlife Sanctuary, Maharashtra.(1.71 MB)",https://moef.gov.in/uploads/2019/05/anerdam-1.pdf,[],23/10/2024,S.O. 27(E),,,,,,,,,,,,,,,,,none
244,Maharashtra,Dyanganga Wildlife,Wildlife Sanctuary,Draft,2015-11-20,"244. S.O. 3121(E) [20.11.2015] Draft Notification declaring Eco Sensitive Zone around Dyanganga Wildlife Sanctuary(884.89 KB), Maharashtra & Map(167.85 KB)",https://moef.gov.in/uploads/2019/10/Dyanganga-Wildlife-Sanctuary-Maharashtra.pdf,[],05/06/2017,S.O. 3121(E),,,,,,,,,,,,,,,,,none
192,Maharashtra,Dyanganga Wildlife Sanctuary,Wildlife Sanctuary,Final,2017-05-17,"192. S.O. 1604 (E) [17.05.2017] Final Notification declaring Eco-Sensitive Zone around Dyanganga Wildlife Sanctuary(2.19 MB), Maharashtra",https://moef.gov.in/uploads/2017/06/Dyanganga%20Wildlife%20Sanctuary%2C%20Maharashtra.pdf,[],25/05/2017,S.O. 1604 (E),,,,,,,,,,,,,,,,,none
245,Maharashtra,Tadoba Tiger Reserve and Andheri WLS ESZ Notification,Tiger Reserve,Draft,2015-04-10,"245. S.O. No 997 [10.04.2015] Tadoba Tiger Reserve and Andheri WLS ESZ Notification(15.55 MB), Maharashtra",https://moef.gov.in/uploads/2017/06/S.O.%20No%20997%20%5B10.04.2015%5D%20Tadoba%20Tiger%20Reserve%20and%20Andheri%20WLS%20ESZ%20Notification%2C%20Maharashtra.pdf,[],,S.O. No 997,,,,,,,,,,,,,,,,,none
193,Maharashtra,Tadoba Tiger National Park Andhari,Tiger Reserve,Final,2019-09-11,"193. S.O. 3249(E) [11.09.2019] Final Notification declaring Eco Sensitive Zone around Tadoba Tiger National Park & Andhari Wildlife Sanctuary(5.96 MB) , Maharashtra S .O. No. 5441(E) [16.12.2024] Amendment in the Final Notification of Eco-sensitive Zone around Tadoba Tiger National Park & Andhari Wildlife Sanctuary(1.77 MB) , Maharashtra",https://moef.gov.in/uploads/2018/12/tadoba-andheri.pdf,[],19/12/2024,S.O. 3249(E),,,,,,,,,,,,,,,,,none
245,Maharashtra,"Tadoba and Andhari Wildlife Sanctuary, Maharashtra",Wildlife Sanctuary,Draft,2018-07-13,"245. S.O. 3441(E) [13.07.2018] Draft Notification declaring Eco Sensitive Zone aroundTadoba and Andhari Wildlife Sanctuary, Maharashtra (5.00 MB), Maharashtra.Re-notification New",https://moef.gov.in/uploads/2018/12/Tadoba-and-Andhari.pdf,[],,S.O. 3441(E),,,,,,,,,,,,,,,,,none
246,Maharashtra,Sagareshwar WLS ESZ Notification,Wildlife Sanctuary,Draft,2015-11-17,"246. S.O. No. 3105 [17.11.2015] Sagareshwar WLS ESZ Notification(379.17 KB), Maharashtra & Map(128.15 KB)",https://moef.gov.in/uploads/2017/06/S.O.%20No.%203105%20%5B17.11.2015%5D%20Sagareshwar%20WLS%20ESZ%20Notification%2C%20Maharashtra.pdf,[],,S.O. No. 3105,,,,,,,,,,,,,,,,,none
194,Maharashtra,Sagareshwar WLS,Wildlife Sanctuary,Final,2017-05-15,"194. S.O. 1565 (E) [15.05.2017] Final Notification declaring Eco Sensitive Zone around Sagareshwar WLS(1.75 MB), Maharashtra.",https://moef.gov.in/uploads/2017/06/Sagareshwar%20Wildlife%20Sanctuary%2C%20Maharashtra.pdf,[],26/05/2017,S.O. 1565 (E),Q7399055,Sagareshwar Wildlife Sanctuary,,,IUCN category IV: Habitat/Species Management Area,Maharashtra,17.153213,74.37673,,,,,,,,https://en.wikipedia.org/wiki/Yashwantrao_Chavan_Sagareshwar_Wildlife_Sanctuary,exact
247,Maharashtra,Kalsubai Harishchandragad WLS ESZ Notification,Wildlife Sanctuary,Draft,2015-11-10,"247. S.O. No.3028 [10.11.2015] Kalsubai Harishchandragad WLS ESZ Notification(571.48 KB), Maharashtra & Map(122.02 KB)",https://moef.gov.in/uploads/2017/06/S.O.%20No.3028%20%5B10.11.2015%5D%20Kalsubai%20Harishchandragad%20WLS%20ESZ%20Notification%2C%20Maharashtra.pdf,[],,S.O. No.3028,Q137008662,Kalsubai Harishchandragad Wildlife Sanctuary,,,IUCN category IV: Habitat/Species Management Area,Maharashtra,19.4514,73.7652,,,,,,,,https://en.wikipedia.org/wiki/Kalsubai_Harishchandragad_Wildlife_Sanctuary,fuzzy
195,Maharashtra,Kalsubai Harishchandragad Wildlife Sanctuary,Wildlife Sanctuary,Final,2017-04-28,"195. S.O. 1367 (E) [28.04.2017] Final Notification declaring Eco Sensitive Zone around Kalsubai Harishchandragad Wildlife Sanctuary(723.65 KB), Maharashtra",https://moef.gov.in/uploads/2017/06/Kalsubai%20Harishchandragad%20Wildlife%20Sanctuary%2C%20Maharashtra.pdf,[],04/05/2017,S.O. 1367 (E),Q137008662,Kalsubai Harishchandragad Wildlife Sanctuary,,,IUCN category IV: Habitat/Species Management Area,Maharashtra,19.4514,73.7652,,,,,,,,https://en.wikipedia.org/wiki/Kalsubai_Harishchandragad_Wildlife_Sanctuary,exact
248,Maharashtra,Melghat Tiger Reserve,Tiger Reserve,Draft,2015-06-30,"248. S.O.1777[30.06.2015] Draft ESZ Notification of Melghat Tiger Reserve(17.43 MB),Maharashtra & Map(283.51 KB)",https://moef.gov.in/uploads/2017/06/S.O.1777%5B30.06.2015%5D%20Draft%20ESZ%20Notification%20of%20Melghat%20Tiger%20Reserve%2CMaharashtra.pdf,[],,S.O.1777,Q2429161,Melghat,,http://commons.wikimedia.org/wiki/Special:FilePath/Melghat%20Tiger%20Reserve.JPG,,,21.44583333,77.19722222,,,,http://melghattiger.gov.in/,,Melghat,,https://en.wikipedia.org/wiki/Melghat,exact
196,Maharashtra,Melghat Tiger Reserve,Tiger Reserve,Final,2016-12-28,"196. S.O. 4205(E) [28.12.2016] Final Notification declaring Eco Sensitive Zone around Melghat Tiger Reserve(1.27 MB), Maharashtra. S .O. No. 3739(E) [02.09.2024] Amendment in the Final Notification of Eco-sensitive Zone around Melghat Tiger Reserve(1.77 MB), Maharashtra",https://moef.gov.in/uploads/2017/06/Melghat%20Wildlife%20Sanctuary%2C%20Maharashtra.pdf,[],04/09/2024,S.O. 4205(E),Q2429161,Melghat,,http://commons.wikimedia.org/wiki/Special:FilePath/Melghat%20Tiger%20Reserve.JPG,,,21.44583333,77.19722222,,,,http://melghattiger.gov.in/,,Melghat,,https://en.wikipedia.org/wiki/Melghat,exact
249,Maharashtra,Tipeswar Wildlife Sanctuary,Wildlife Sanctuary,Draft,2016-01-07,249. S.O. 72(E)[07.01.2016] Draft notification declaring Eco-sensitive Zone around the Tipeswar Wildlife Sanctuary(730.01 KB) in the state of Maharashtra,https://moef.gov.in/uploads/2017/06/SO%2072(E)%5B07.01.2016%5D%20Draft%20notification%20declaring%20Eco-sensitive%20Zone%20around%20the%20Tipeswar%20Wildlife%20Sanctuary%20in%20the%20state%20of%20Maharashtra.pdf,[],18/01/2016,S.O. 72(E),,,,,,,,,,,,,,,,,none
197,Maharashtra,Tipeshwar Wildlife Sanctuary,Wildlife Sanctuary,Final,2018-09-19,"197. S.O. 4892(E) [19.09.2018] Final Notification declaring Eco Sensitive Zone around Tipeshwar Wildlife Sanctuary,(5.43 MB), Maharashtra. S .O. No. 3956(E) [06.09.2024] Amendment in the Final Notification of Eco-sensitive Zone around Tipeshwar Wildlife Sanctuary,(1.73 MB), Maharashtra.",https://moef.gov.in/uploads/2018/11/tipeshwar_0.pdf,[],24/09/2024,S.O. 4892(E),Q106673573,Tipeshwar Wildlife Sanctuary,,,IUCN category IV: Habitat/Species Management Area,Yavatmal district,19.9056,78.4452,,,148.63,,,Tipeshwar Wildlife Sanctuary,,,exact
249,Maharashtra,Tipeshwar WLS,Wildlife Sanctuary,Draft,2018-01-17,"249. S.O. 278(E) [17.01.2018] Draft Notification declaring Eco Sensitive Zone around Tipeshwar WLS,(2.91 MB) Maharashtra. Re-Notification New",https://moef.gov.in/uploads/2017/06/tipeshwar.pdf,[],05/02/2018,S.O. 278(E),Q106673573,Tipeshwar Wildlife Sanctuary,,,IUCN category IV: Habitat/Species Management Area,Yavatmal district,19.9056,78.4452,,,148.63,,,Tipeshwar Wildlife Sanctuary,,,exact
250,Maharashtra,Sanjay Gandhi National Park,National Park,Draft,2016-01-22,"250. SO 229(E)[22.01.2016] Draft notification declaring Eco-sensitive Zone around the Sanjay Gandhi National Park(2.61 MB) in the state of Maharashtra & Map(173.71 KB), Revised ESZ Map of SGNP (1)(160.71 KB), Revised ESZ Map of SGNP (2)(125.5 KB)",https://moef.gov.in/uploads/2017/06/SO%20229(E)%5B22.01.2016%5D%20Draft%20notification%20declaring%20Eco-sensitive%20Zone%20around%20the%20Sanjay%20Gandhi%20%20in%20the%20state%20of%20Maharashtra.pdf,[],25/01/2016,SO 229(E),Q648907,Sanjay Gandhi National Park,,http://commons.wikimedia.org/wiki/Special:FilePath/Sanjay%20Gandhi%20National%20Park.JPG,IUCN category II: National Park,Mumbai,19.25,72.9167,Mumbai,,104,https://sgnp.maharashtra.gov.in/,,Sanjay Gandhi National Park,,https://en.wikipedia.org/wiki/Sanjay_Gandhi_National_Park,exact
198,Maharashtra,Sanjay Gandhi National Park,National Park,Final,2016-12-05,"198. S.O. 3645 (E) [05.12.2016] Final Notification declaring Eco Sensitive Zone around Sanjay Gandhi National Park(1.49 MB), Maharashtra",https://moef.gov.in/uploads/2017/06/Sanjay%20Gandhi%20NP%2C%20Maharashtra%20FINAL%20(1).pdf06-12-2016a.pdf,[],06/12/2016,S.O. 3645 (E),Q648907,Sanjay Gandhi National Park,,http://commons.wikimedia.org/wiki/Special:FilePath/Sanjay%20Gandhi%20National%20Park.JPG,IUCN category II: National Park,Mumbai,19.25,72.9167,Mumbai,,104,https://sgnp.maharashtra.gov.in/,,Sanjay Gandhi National Park,,https://en.wikipedia.org/wiki/Sanjay_Gandhi_National_Park,exact
199,Maharashtra,sanjay gandhi national park,National Park,Final,,"199. S.O. 4004(E) (05.11.2020] Amendment in final Notification declaring Eco Sensitive Zone around sanjay gandhi national park (4.96 MB), Maharashtra.",https://moef.gov.in/uploads/2020/11/Sanjay-Gandhi-1.pdf,[],06/11/2020,S.O. 4004(E),Q648907,Sanjay Gandhi National Park,,http://commons.wikimedia.org/wiki/Special:FilePath/Sanjay%20Gandhi%20National%20Park.JPG,IUCN category II: National Park,Mumbai,19.25,72.9167,Mumbai,,104,https://sgnp.maharashtra.gov.in/,,Sanjay Gandhi National Park,,https://en.wikipedia.org/wiki/Sanjay_Gandhi_National_Park,exact
251,Maharashtra,Jaikawadi Bird Sanctuary,Bird Sanctuary,Draft,2015-01-06,"251. S.O. 119(E) [06.01.2015] Draft Notification declaring Eco sensitive Zone around Jaikawadi Bird Sanctuary(1.54 MB), Maharashtra",https://moef.gov.in/uploads/2017/06/S.O.%20119(E)%20%5B06.01.2015%5D%20Draft%20Notification%20declaring%20Eco%20sensitive%20Zone%20around%20Jaikawadi%20Bird%20Sanctuary%2C%20Maharashtra.pdf,[],24/02/2016,S.O. 119(E),,,,,,,,,,,,,,,,,none
200,Maharashtra,Jaikawadi Bird Sanctuary,Bird Sanctuary,Final,2017-07-12,"200. S.O. 2202 (E) [12.07.2017] Final Notification Declaring Eco Sensitive Zone around Jaikawadi Bird Sanctuary(2.62 MB), Maharashtra S .O. No. 3445(E) [13.08.2024] Amendment in the Final Notification of Eco-sensitive Zone around Jaikawadi Bird Sanctuary(1.72 MB), Maharashtra",https://moef.gov.in/uploads/2017/06/Jaikawadi%20Bird%20Sanctuary%2C%20Maharashtra.pdf,[],23/08/2024,S.O. 2202 (E),,,,,,,,,,,,,,,,,none
252,Maharashtra,Pench National Park and the Mansingdeo,National Park,Draft,2016-03-17,"252. S.O. 1150(E) [17.03.2016] Draft Notification declaring Eco sensitive Zone around Pench National Park and the Mansingdeo(1.89 MB) Wildlife Sanctuary, Maharashtra",https://moef.gov.in/uploads/2017/06/Pench%20National%20Park%2C%20Maharashtra.pdf,[],28/03/2016,S.O. 1150(E),,,,,,,,,,,,,,,,,none
201,Maharashtra,Pench National Park and the Mansinghdeo Wildlife Sanctuary,National Park,Final,2017-09-13,"201. S.O. 3029 (E) [13.09.2017] Final Notification declaring Eco Sensitive Zone around Pench National Park and the Mansinghdeo Wildlife Sanctuary(2.25 MB), Maharashtra",https://moef.gov.in/uploads/2017/06/Pench%20NP%20Maharashtra%20Final.pdf,[],19/09/2017,S.O. 3029 (E),,,,,,,,,,,,,,,,,none
253,Maharashtra,Lonar Wildlife Sanctuary,Wildlife Sanctuary,Draft,2015-11-20,"253. S.O. 3126(E) [20.11.2015] Draft Notification declaring Eco Sensitive Zone around Lonar Wildlife Sanctuary(544.13 KB), Maharashtra",https://moef.gov.in/uploads/2017/06/Lonar%20Wildlife%20Sanctuary%2C%20Maharashtra.pdf,[],18/12/2015,S.O. 3126(E),Q107224583,Lonar Wildlife Sanctuary,,,IUCN category IV: Habitat/Species Management Area,Maharashtra,19.975,76.5075,,,,,,,,https://en.wikipedia.org/wiki/Lonar_Wildlife_Sanctuary,exact
202,Maharashtra,Lonar WLS,Wildlife Sanctuary,Final,2017-02-28,"202. S. O. 668(E) [28.02.2017] Final Notification declaring Eco Sensitive Zone around Lonar WLS(1.43 MB), Maharashtra.",https://moef.gov.in/uploads/2017/06/Lonar%20Wildlife%20Sanctuary%2C%20Maharashtra_0.pdf,[],07/03/2017,S. O. 668(E),Q107224583,Lonar Wildlife Sanctuary,,,IUCN category IV: Habitat/Species Management Area,Maharashtra,19.975,76.5075,,,,,,,,https://en.wikipedia.org/wiki/Lonar_Wildlife_Sanctuary,exact
254,Maharashtra,Mayureshwar Supe Wildlife Sanctuary,Wildlife Sanctuary,Draft,2016-08-05,"254. S.O. 2630(E) [05.08.2016] Draft notification declaring Eco Sensitive Zone around Mayureshwar Supe Wildlife Sanctuary(1.09 MB), Maharashtra",https://moef.gov.in/uploads/2017/06/Mayureshwar%20Supe%20Wildlife%20Sanctuary%2C%20Maharashtra.pdf,[],22/08/2016,S.O. 2630(E),Q17072649,Mayureshwar Wildlife Sanctuary,,http://commons.wikimedia.org/wiki/Special:FilePath/Mayureshwar%20Wildlife%20Sanctuary%20Entrance.jpg,IUCN category IV: Habitat/Species Management Area,Maharashtra,18.335,74.37083333,Pune,,,,,Mayureshwar Wildlife Sanctuary,,https://en.wikipedia.org/wiki/Mayureshwar_Wildlife_Sanctuary,fuzzy
203,Maharashtra,"Mayureshwar Supe Wildlife Sanctuary, Maharashtra",Wildlife Sanctuary,Final,2020-08-28,"203. S.O. 2938(E) [ 28.08.2020] Final Notification declaring Eco Sensitive Zone around Mayureshwar Supe Wildlife Sanctuary, Maharashtra(428 KB)",,[],31/08/2020,S.O. 2938(E),,,,,,,,,,,,,,,,,none
254,Maharashtra,Mayureshwar Supe Wildlife Sanctuary,Wildlife Sanctuary,Draft,2019-12-11,"254. S.O. 4443(E) [11.12.2019] Draft Notification declaring Eco Sensitive Zone around Mayureshwar Supe Wildlife Sanctuary(5.96 MB), Maharashtra. Re-Notification New.",https://moef.gov.in/uploads/2019/12/mayureshwar-supe.pdf,[],20/12/2019,S.O. 4443(E),Q17072649,Mayureshwar Wildlife Sanctuary,,http://commons.wikimedia.org/wiki/Special:FilePath/Mayureshwar%20Wildlife%20Sanctuary%20Entrance.jpg,IUCN category IV: Habitat/Species Management Area,Maharashtra,18.335,74.37083333,Pune,,,,,Mayureshwar Wildlife Sanctuary,,https://en.wikipedia.org/wiki/Mayureshwar_Wildlife_Sanctuary,fuzzy
255,Maharashtra,Tamhini WLS,Wildlife Sanctuary,Draft,2017-08-10,"255. S.O. 2567 [10.08.2017] Draft Notification declaring Eco Sensitive Zone around Tamhini WLS(2.9 MB), Maharashtra",https://moef.gov.in/uploads/2017/06/Tamhini%20Wildlife%20Sanctuary%20Draft%2C%20Maharashtra.pdf,[],16/08/2017,S.O. 2567,,,,,,,,,,,,,,,,,none
204,Maharashtra,Tamhini WLS,Wildlife Sanctuary,Final,2021-02-25,"204. S.O.918(E) [25.02.2021] Final Notification declaring Eco Sensitive Zone around Tamhini Wildlife Sanctuary(2.9 MB), Maharashtra",https://moef.gov.in/uploads/2021/03/tamhini.pdf,[],1/03/2021,S.O.918(E),,,,,,,,,,,,,,,,,none
255,Maharashtra,Tamhini WLS,Wildlife Sanctuary,Draft,2020-01-30,"255. S.O. 461(E) [30.01.2020] Draft Notification declaring Eco Sensitive Zone around Tamhini Wildlife Sanctuary(1.96 MB), Maharashtra. Re-Notification New",https://moef.gov.in/uploads/2019/10/thamini.pdf,[],11/02/2020,S.O. 461(E),,,,,,,,,,,,,,,,,none
256,Maharashtra,Tansa WLS,Wildlife Sanctuary,Draft,2017-08-10,"256. S.O. 2566 [10.08.2017] Draft Notification declaring Eco Sensitive Zone around Tansa WLS(2.49 MB), Maharashtra",https://moef.gov.in/uploads/2017/06/Tansa%20Wildlife%20Sanctuary%20Draft%2C%20Maharashtra.pdf,[],16/08/2017,S.O. 2566,Q105847575,Tansa Wildlife Sanctuary,,http://commons.wikimedia.org/wiki/Special:FilePath/Habitat%20Tansa%20WLS%20by%20Dr.%20Raju%20Kasambe%20DSCN4979%20%287%29.jpg,IUCN category IV: Habitat/Species Management Area,Thane district,19.545,73.265,,,304.81,,,Tansa Wildlife Sanctuary,,https://en.wikipedia.org/wiki/Tansa_Wildlife_Sanctuary,exact
257,Maharashtra,Yawal Wildlife Sanctuary,Wildlife Sanctuary,Draft,2017-09-29,"257. S.O. 3194 (E) [29.09.2017] Draft Notification declaring Eco Sensitive Zone around Yawal Wildlife Sanctuary(1.84 MB), Maharashtra",https://moef.gov.in/uploads/2017/06/Yawal%20Wildlife%20Sanctuary%2C%20Maharashtra%20Draft.pdf,[],,S.O. 3194 (E),Q8050448,Yawal Wildlife Sanctuary,,,IUCN category IV: Habitat/Species Management Area,Jalgaon district,21.382,75.876,Burhanpur,,177.52,,,Yawal Wildlife Sanctuary,,https://en.wikipedia.org/wiki/Yawal_Wildlife_Sanctuary,exact
205,Maharashtra,Yawal Wildlife Sanctuary,Wildlife Sanctuary,Final,2019-03-08,"205. S.O. 1221(E) [08.03.2019] Final Notification declaring Eco Sensitive Zone around Yawal Wildlife Sanctuary, Maharashtra.(1.43 MB), Maharashtra.",https://moef.gov.in/uploads/2019/05/yawal.pdf,[],15/03/2019,S.O. 1221(E),Q8050448,Yawal Wildlife Sanctuary,,,IUCN category IV: Habitat/Species Management Area,Jalgaon district,21.382,75.876,Burhanpur,,177.52,,,Yawal Wildlife Sanctuary,,https://en.wikipedia.org/wiki/Yawal_Wildlife_Sanctuary,exact
258,Maharashtra,Tungareshwar Sanctuary,Wildlife Sanctuary,Draft,2018-12-24,"258. 6310(E) [24.12.2018] Draft Notification declaring Eco Sensitive Zone around Tungareshwar Sanctuary,(3.36 MB), Maharashtra",https://moef.gov.in/uploads/2018/12/tugreshwar.pdf,[],31/12/2018,,Q60753866,Tungareshwar Wildlife Sanctuary,,http://commons.wikimedia.org/wiki/Special:FilePath/Tungareshwar%20Wildlife%20Sanctuary%20%2828343357103%29.jpg,IUCN category IV: Habitat/Species Management Area,Palghar district,19.3879,72.9358,,,85,,,Tungareshwar Wildlife Sanctuary,,https://en.wikipedia.org/wiki/Tungareshwar_Wildlife_Sanctuary,exact
206,Maharashtra,Tungareshwar Sanctuary,Wildlife Sanctuary,Final,2019-09-11,"206. S.O. 3250(E) [11.09.2019] Final Notification declaring Eco Sensitive Zone around Tungareshwar Wildlife Sanctuary(3.96 MB), Maharashtra",https://moef.gov.in/uploads/2018/12/tungareshwar.pdf,[],16/09/2019,S.O. 3250(E),Q60753866,Tungareshwar Wildlife Sanctuary,,http://commons.wikimedia.org/wiki/Special:FilePath/Tungareshwar%20Wildlife%20Sanctuary%20%2828343357103%29.jpg,IUCN category IV: Habitat/Species Management Area,Palghar district,19.3879,72.9358,,,85,,,Tungareshwar Wildlife Sanctuary,,https://en.wikipedia.org/wiki/Tungareshwar_Wildlife_Sanctuary,exact
259,Maharashtra,Maharashtra,Wildlife Sanctuary,Draft,2019-01-14,"259. S.O. 300(E) [14.01.2019] Draft Notification declaring Eco Sensitive Zone around Great Indian Bustard Sanctuary,(3.36 MB), Maharashtra",https://moef.gov.in/uploads/2020/01/great-indian-bustard.pdf,[],21/01/2018,S.O. 300(E),,,,,,,,,,,,,,,,,none
207,Maharashtra,Great Indian Bustard Sanctuar,Wildlife Sanctuary,Final,2020-02-11,"207. S.O. 654(E) [11.02.2020] Final Notification declaring Eco Sensitive Zone around Great Indian Bustard Sanctuary, Maharashtra",https://moef.gov.in/uploads/2019/10/GIB.pdf,[],13/02/2020,S.O. 654(E),Q5599356,Great Indian Bustard Sanctuary,,http://commons.wikimedia.org/wiki/Special:FilePath/Great%20Indian%20Bustard%20in%20newly%20opened%20area.jpg,IUCN category IV: Habitat/Species Management Area,Maharashtra,18.35,75.19388889,,,,,,Great Indian Bustard Sanctuary,,https://en.wikipedia.org/wiki/Great_Indian_Bustard_Sanctuary,fuzzy
260,Maharashtra,Radhanagari Wildlife,Wildlife Sanctuary,Draft,2019-07-10,"260. S.O. 2455(E) [10.07.2019] Draft Notification declaring Eco Sensitive Zone around Radhanagari Wildlife Santuary(3.96 MB), Maharashtra",https://moef.gov.in/uploads/2018/12/radhanagari.pdf,[],15/07/2019,S.O. 2455(E),,,,,,,,,,,,,,,,,none
208,Maharashtra,Radhanagari Wildlife,Wildlife Sanctuary,Final,2020-10-15,208. S.O.3630(E) [ 15.10.2020] Final Notification declaring Eco Sensitive Zone around Radhanagari Wildlife Sanctuary Maharashtra,https://moef.gov.in/uploads/2020/10/radhanagari.pdf,[],19/10/2020,S.O.3630(E),,,,,,,,,,,,,,,,,none
261,Maharashtra,Bhimashankar Wildlife,Wildlife Sanctuary,Draft,2019-07-25,"261. S.O. 2662(E) [25.07.2019] Draft Notification declaring Eco Sensitive Zone around Bhimashankar Wildlife Santuary , Maharashtra.",https://moef.gov.in/uploads/2018/12/bhimashankar.pdf,[],01/08/2019,S.O. 2662(E),,,,,,,,,,,,,,,,,none
262,Maharashtra,Bhimashankar Wildlife,Wildlife Sanctuary,Final,2020-08-05,262. S.O. 2633(E) [05.08.2020] Final Notification declaring Eco Sensitive Zone around Bhimashankar Wildlife Santuary SantuaryMaharashtra S .O. No. 4366(E) [08.10.2024] Amendment in the Final Notification of Eco-sensitive Zone around Bhimashankar Wildlife Santuary SantuaryMaharashtra,https://moef.gov.in/uploads/2019/10/bhimashankar.pdf,[],18/10/2024,S.O. 2633(E),,,,,,,,,,,,,,,,,none
263,Maharashtra,Thane Creek Flamingo Santuary,Wildlife Sanctuary,Draft,2019-11-07,"263. S.O. 4025(E) [07.11.2019] Draft Notification declaring Eco Sensitive Zone around Thane Creek Flamingo Santuary, Maharashtra",https://moef.gov.in/uploads/2019/11/thane-creek-flamingo.pdf,[],15/11/2019,S.O. 4025(E),,,,,,,,,,,,,,,,,none
209,Maharashtra,Thane Creek Flamingo Santuary,Wildlife Sanctuary,Final,2021-10-14,"209. S.O.4293(E) [14.10.2021] Final Notification declaring Eco Sensitive Zone around Thane Creek Flamingo Santuary,(6.96 MB) Maharashtra",https://moef.gov.in/uploads/2020/08/thane-creek.pdf,[],21/10/2021,S.O.4293(E),,,,,,,,,,,,,,,,,none
263,Maharashtra,Thane Creek Flamingo Santuary,Wildlife Sanctuary,Draft,,"263. S.O. 1719(E) [08.04.2021/30.04.2021] Draft Notification declaring Eco Sensitive Zone around Thane Creek Flamingo Sanctuary, Maharashtra Re-notification New",https://moef.gov.in/uploads/2021/05/Thane-Creek-Notification.pdf,[],03/05/2021,S.O. 1719(E),,,,,,,,,,,,,,,,,none
264,Maharashtra,Naigaon Mayur Santuary,Wildlife Sanctuary,Draft,2019-11-19,"264. S.O. 4153(E) [19.11.2019] Draft Notification declaring Eco Sensitive Zone around Naigaon Mayur Santuary, Maharashtra.",https://moef.gov.in/uploads/2019/10/naigaon.pdf,[],25/11/2019,S.O. 4153(E),,,,,,,,,,,,,,,,,none
210,Maharashtra,Naigaon Mayur Santuary,Wildlife Sanctuary,Final,2020-09-07,"210. S.O. 3034(E) [ 07.09.2020] Final Notification declaring Eco Sensitive Zone around Naigaon Mayur Santuary, Maharashtra.",https://moef.gov.in/uploads/2020/09/naigoun.pdf,[],15/09/2020,S.O. 3034(E),,,,,,,,,,,,,,,,,none
265,Maharashtra,Chaparala Wildlife Santuary,Wildlife Sanctuary,Draft,2020-01-15,"265. S.O. 207(E) [15.01.2020] Draft Notification declaring Eco Sensitive Zone around Chaparala Wildlife Santuary, Maharashtra.",https://moef.gov.in/uploads/2019/10/chaparala.pdf,[],21/01/2020,S.O. 207(E),,,,,,,,,,,,,,,,,none
211,Maharashtra,Chaparala Wildlife Santuary,Wildlife Sanctuary,Final,2020-10-27,211. S.O. 3877(E) [ 27.10.2020] Final Notification declaring Eco Sensitive Zone around Chaparala Sanctuary Maharashtra. S .O. No. 4382(E) [09.10.2024] Amendment in the Final Notification of Eco-sensitive Zone around Chaparala Sanctuary Maharashtra,https://moef.gov.in/uploads/2019/02/chaprala.pdf,[],11/10/2024,S.O. 3877(E),,,,,,,,,,,,,,,,,none
266,Maharashtra,Pranhita Wildlife Santuary,Wildlife Sanctuary,Draft,2020-02-10,"266. S.O. 637(E) [10.02.2020] Draft Notification declaring Eco Sensitive Zone around Pranhita Wildlife Santuary, Maharashtra",https://moef.gov.in/uploads/2019/10/pranhita.pdf,[],17/02/2020,S.O. 637(E),,,,,,,,,,,,,,,,,none
,Maharashtra,Pranhita Wildlife Santuary,Wildlife Sanctuary,Final,2020-09-07,"212). S.O. 3030(E) [ 07.09.2020] Final Notification declaring Eco Sensitive Zone around Pranhita Sanctuary, Maharashtra S.O. No. 5397(E) [13.12.2024] Amendment in the Final Notification of Eco-sensitive Zone around Pranhita Sanctuary, Maharashtra",https://moef.gov.in/uploads/2020/09/pranhita.pdf,[],19/12/2024,S.O. 3030(E),,,,,,,,,,,,,,,,,none
267,Maharashtra,Katepurna Wildlife Santuary,Wildlife Sanctuary,Draft,2020-03-06,"267. S.O. 1017(E) [06.03.2020] Draft Notification declaring Eco Sensitive Zone around Katepurna Wildlife Santuary, Maharashtra",https://moef.gov.in/uploads/2019/10/katepurna.pdf,[],13/03/2020,S.O. 1017(E),,,,,,,,,,,,,,,,,none
213,Maharashtra,Katepurna Wildlife Santuary,Wildlife Sanctuary,Final,2021-03-12,"213. S.O.1196(E) [12.03.2021] Final Notification declaring Eco Sensitive Zone around Katepurna Wildlife Sanctuary, Maharashtra",https://moef.gov.in/uploads/2021/03/katepurna.pdf,[],15/03/2021,S.O.1196(E),,,,,,,,,,,,,,,,,none
268,Maharashtra,Karanja Soho,Wildlife Sanctuary,Draft,2020-06-09,"268. S.O. 1875(E) [09.06.2020] Draft Notification declaring Eco Sensitive Zone around Karanja Sohol Wildlife Sanctuary , Maharashtra.",https://moef.gov.in/uploads/2019/10/karanja-shool.pdf,[],15/06/2020,S.O. 1875(E),Q85773598,Karanja Sohol Wildlife Sanctuary,,,IUCN category IV: Habitat/Species Management Area,Washim district,20.4289,77.5059,,,18.32,,,,,https://en.wikipedia.org/wiki/Karanja_Sohol_Wildlife_Sanctuary,fuzzy
214,Maharashtra,Karanja Sohol,Wildlife Sanctuary,Final,2021-06-18,"214. S.O. 2407(E) [18.06.2021] Final Notification declaring Eco Sensitive Zone around Karanja Sohol Sanctuary, Maharashtra",https://moef.gov.in/uploads/2021/06/karanja-shool.pdf,[],22/06/2021,S.O. 2407(E),Q85773598,Karanja Sohol Wildlife Sanctuary,,,IUCN category IV: Habitat/Species Management Area,Washim district,20.4289,77.5059,,,18.32,,,,,https://en.wikipedia.org/wiki/Karanja_Sohol_Wildlife_Sanctuary,exact
269,Maharashtra,Bor,Wildlife Sanctuary,Draft,2021-02-05,"269. S.O. 565(E) [05.02.2021] Draft Notification declaring Eco Sensitive Zone around Bor Wildlife Sanctuary, Maharashtra.",https://moef.gov.in/uploads/2021/02/bor.pdf,[],09/02/2021,S.O. 565(E),Q4944241,Bor Wildlife Sanctuary,,http://commons.wikimedia.org/wiki/Special:FilePath/The%20soothing%20view.jpg,IUCN category IV: Habitat/Species Management Area,Wardha district,20.9775,78.67583333,,,121.1,,,Bor Wildlife Sanctuary,,https://en.wikipedia.org/wiki/Bor_Wildlife_Sanctuary,exact
215,Maharashtra,Bor Tiger Reserve,Tiger Reserve,Final,2022-01-17,"215. S.O.213(E) [17.01.2022] Final Notification declaring Eco Sensitive Zone around Bor Tiger Reserve(1.31 MB), Maharashtra",https://moef.gov.in/uploads/2022/01/bor.pdf,[],17/01/2022,S.O.213(E),Q4944241,Bor Wildlife Sanctuary,,http://commons.wikimedia.org/wiki/Special:FilePath/The%20soothing%20view.jpg,IUCN category IV: Habitat/Species Management Area,Wardha district,20.9775,78.67583333,,,121.1,,,Bor Wildlife Sanctuary,,https://en.wikipedia.org/wiki/Bor_Wildlife_Sanctuary,exact
270,Manipur,Kailam Wildlife Sanctuary,Wildlife Sanctuary,Draft,2015-08-31,"270. S.O. 2385 (E) [31.08.2015] Draft ESZ Notification on Kailam Wildlife Sanctuary(9.9 MB), Manipur & Map(504.68 KB)",https://moef.gov.in/uploads/2019/10/S.O.-2385-E-31.08.2015-Draft-ESZ-Notification-on-Kailam-Wildlife-Sanctuary-Manipur_0.pdf,[],06/10/2015,S.O. 2385 (E),,,,,,,,,,,,,,,,,none
216,Manipur,Kailam WLS,Wildlife Sanctuary,Final,2016-10-26,"216. 90.S. O. 3307 (E) [26.10.2016] Final Notification declaring Eco Sensitive Zone around Kailam WLS(1.23 MB), Manipur",https://moef.gov.in/uploads/2017/06/Kailam%20Wildlife%20Sanctuary%2C%20Manipur.pdf,[],02/11/2016,S. O. 3307 (E),,,,,,,,,,,,,,,,,none
271,Manipur,Yangoupokpi Lokchao Wildlife Sanctuary,Wildlife Sanctuary,Draft,2015-09-17,"271. S.O. 2537 [17.09.2015] Draft ESZ Notification on Yangoupokpi Lokchao Wildlife Sanctuary(7.84 MB), Manipur & Map(130.29 KB)",https://moef.gov.in/uploads/2017/06/S.O.%202537%20%5B17.09.2015%5D%20Draft%20ESZ%20Notification%20on%20Yangoupokpi%20Lokchao%20Wildlife%20Sanctuary%2C%20Manipur.pdf,[],06/10/2015,S.O. 2537,,,,,,,,,,,,,,,,,none
217,Manipur,Yangoupokpi Lokchao Wildlife Sanctuary,Wildlife Sanctuary,Final,2016-10-26,"217. S. O. 3310 [26.10.2016] Final Notification declaring Eco Sensitive Zone around Yangoupokpi Lokchao Wildlife Sanctuary(1.31 MB), Manipur",https://moef.gov.in/uploads/2017/06/Yangoupokpi%20Lokchao%20WLS%20Final%2C%20Manipur.pdf,[],02/11/2016,S. O. 3310,,,,,,,,,,,,,,,,,none
272,Manipur,Zeilad Wildlife Sanctuary,Wildlife Sanctuary,Draft,2015-09-22,"272. S.O. 2599 [22.09.2015] Draft ESZ Notification on Zeilad Wildlife Sanctuary(5.96 MB), Manipur & Map(259.7 KB)",https://moef.gov.in/uploads/2017/06/S.O.%202599%20%5B22.09.2015%5D%20Draft%20ESZ%20Notification%20on%20Zeilad%20Wildlife%20Sanctuary%2C%20Manipur.pdf,[],06/10/2015,S.O. 2599,,,,,,,,,,,,,,,,,none
218,Manipur,Zeilad WLS,Wildlife Sanctuary,Final,2016-10-26,"218. S. O. 3309 [26.10.2016] Final Notification declaring Eco Sensitive Zone around Zeilad WLS,(1.31 MB),Manipur. S .O. No. 3880(E) [10.09.2024] Amendment in the Final Notification of Eco-sensitive Zone around Zeilad Wildlife Sanctuary (1.69 MB), Manipur.",https://moef.gov.in/uploads/2017/06/Zeilad%20Wildlife%20Sanctuary%2C%20Manipur.pdf,[],02/11/2016,S. O. 3309,,,,,,,,,,,,,,,,,none
273,Manipur,Bunning Wildlife Sanctuary,Wildlife Sanctuary,Draft,2015-11-30,273. SO 3237(E)[30.11.2015] Draft notification declaring Eco-sensitive Zone around the Bunning Wildlife Sanctuary (1.31 MB)in the state of Manipur & Map(154.17 KB),https://moef.gov.in/uploads/2019/10/SO-3237E30.11.2015-Draft-notification-declaring-Eco-sensitive-Zone-around-the-Bunning-Wildlife-Sanctuary-in-the-state-of-Manipur.pdf,[],09/12/2015,SO 3237(E),,,,,,,,,,,,,,,,,none
219,Manipur,Bunning Wildlife Sanctuary,Wildlife Sanctuary,Final,2016-12-14,"219. S.O. 4028 (E) [14.12.2016] Final Notification declaring Eco Sensitive Zone around Bunning Wildlife Sanctuary(1.99 MB), Manipur S .O. No. 4274(E) [01.10.2024] Final Notification declaring Eco Sensitive Zone around Bunning Wildlife Sanctuary(0.98 MB), Manipur",https://moef.gov.in/uploads/2017/06/Bunning%20Wildlife%20Sanctuary%2C%20Manipur.pdf,[],08/10/2024,S.O. 4028 (E),,,,,,,,,,,,,,,,,none
274,Manipur,keibul Lamjao National Park,National Park,Draft,2015-12-09,274. SO 3337(E)[09.12.2015] Draft notification declaring Eco-sensitive Zone around the keibul Lamjao National Park(407.21 KB) in the state of Manipur & Map(115.74 KB),https://moef.gov.in/uploads/2017/06/SO%203337(E)%5B09.12.2015%5D%20Draft%20notification%20declaring%20Eco-sensitive%20Zone%20around%20the%20keibul%20Lamjao%20National%20Park%20in%20the%20state%20of%20Manipur..pdf,[],30/12/2015,SO 3337(E),Q1737898,Keibul Lamjao National Park,,http://commons.wikimedia.org/wiki/Special:FilePath/Sangai%20at%20the%20Keibullamjao%20National%20Park%2C%20Manipur.jpg,IUCN category II: National Park,Manipur,24.4856,93.8402,Moirang,Tentative World Heritage Site,40,,http://commons.wikimedia.org/wiki/Special:FilePath/Keibul%20Lamjao%20Nat%20Park%20banner.jpg,Keibul Lamjao National Park,,https://en.wikipedia.org/wiki/Keibul_Lamjao_National_Park,exact
220,Manipur,Keibul Lamjao National Par,National Park,Final,2017-04-26,"220. S.O. 1311 (E) [26.04.2017] Final Notification declaring Eco Sensitive Zone around Keibul Lamjao National Park(1.65 MB), Manipur",https://moef.gov.in/uploads/2017/06/Keibul%20Lamjao%20National%20Park%2C%20Manipur.pdf,[],04/05/2017,S.O. 1311 (E),,,,,,,,,,,,,,,,,none
275,Manipur,Jiri - Makru Wildlife Sanctuary,Wildlife Sanctuary,Draft,2016-03-11,"275. S.O. 1056 (E) [11.03.2016] Draft Notification declaring Eco sensitive Zone around Jiri – Makru Wildlife Sanctuary(654.23 KB), Manipur",https://moef.gov.in/uploads/2017/06/Jiri-Makru%20Wildlife%2C%20Manipur.pdf,[],17/03/2016,S.O. 1056 (E),,,,,,,,,,,,,,,,,none
221,Manipur,Jiri - Makru Wildlife Sanctuary,Wildlife Sanctuary,Final,2017-07-06,"221. S.O. 2146 (E) [06.07.2017] Final Notification declaring Eco Sensitive Zone around Jiri – Makru Wildlife Sanctuary(2.26 MB), Manipur",https://moef.gov.in/uploads/2017/06/Jiri%20-%20Makru%20Wildlife%20Sanctuary%2C%20Manipur.pdf,[],17/07/2017,S.O. 2146 (E),,,,,,,,,,,,,,,,,none
276,Meghalaya,Nokrek NP ESZ Notification,National Park,Draft,2015-11-17,"276. S.O. No. 3100 [17.11.2015] Nokrek NP ESZ Notification(254.48 KB), Meghalaya & Map(116.43 KB)",https://moef.gov.in/uploads/2019/10/S.O.-No.-3100-17.11.2015-Nokrek-NP-ESZ-Notification-Meghalaya.pdf,[],,S.O. No. 3100,,,,,,,,,,,,,,,,,none
222,Meghalaya,Nokrek National Park,National Park,Final,2023-03-03,"222. S.O. 2877(E) [03.03.2023] Final Notification declaring Eco Sensitive Zone around Nokrek National Park(1.38 MB), Meghalaya",https://moef.gov.in/uploads/2023/11/SO2877(E)-Nokrek-Final-notificaiton.pdf,[],25/11/2023,S.O. 2877(E),Q3174875,Nokrek National Park,,http://commons.wikimedia.org/wiki/Special:FilePath/Jhum%20cultivation%20in%20Nokrek%20Biosphere%20Reserve%20Meghalaya%20India%20Northeast%20India%202004.jpg,IUCN category II: National Park,,25.53333333,90.11666667,,,,,,Nokrek National Park,,https://en.wikipedia.org/wiki/Nokrek_National_Park,exact
276,Meghalaya,Nokrek National Park,National Park,Draft,2018-05-07,"276. S.O. 1827(E) [07.05.2018] Draft Notification declaring Eco Sensitive Zone around Nokrek National Park,(2.6 MB) , Meghayala. Re-Notification New.",https://moef.gov.in/uploads/2018/05/nokrek.pdf,[],11/05/2018,S.O. 1827(E),Q3174875,Nokrek National Park,,http://commons.wikimedia.org/wiki/Special:FilePath/Jhum%20cultivation%20in%20Nokrek%20Biosphere%20Reserve%20Meghalaya%20India%20Northeast%20India%202004.jpg,IUCN category II: National Park,,25.53333333,90.11666667,,,,,,Nokrek National Park,,https://en.wikipedia.org/wiki/Nokrek_National_Park,exact
277,Meghalaya,Narpuh ESZ Notification,,Draft,2015-11-20,"277. S.O. No. 3124 [20.11.2015] Narpuh ESZ Notification(540.77 KB), Meghalaya & Map(870.06 KB)",https://moef.gov.in/uploads/2019/10/S.O.-No.-3124-20.11.2015-Narpuh-ESZ-Notification-Meghalaya-sno-256.pdf,[],,S.O. No. 3124,,,,,,,,,,,,,,,,,none
223,Meghalaya,Narpuh Wildlife Sanctuary,Wildlife Sanctuary,Final,2017-09-06,"223. S.O. 2942 [06.09.2017] Final Notification declaring Eco Sensitive Zone around Narpuh Wildlife Sanctuary,(2.97 MB) Meghalaya",https://moef.gov.in/uploads/2017/06/Narpuh%20Wildlife%20Sanctuary%20Meghalaya%20Final.pdf,[],11/09/2017,S.O. 2942,Q137223381,Narpuh Wildlife Sanctuary,,,IUCN category IV: Habitat/Species Management Area,Meghalaya,25.1187,92.4494,,,,,,,,https://en.wikipedia.org/wiki/Narpuh_Wildlife_Sanctuary,exact
278,Meghalaya,Nongkhylleum Wildlife Sanctuary,Wildlife Sanctuary,Draft,2015-12-18,278. SO 3497(E)[18.12.2015] Draft notification declaring Eco-sensitive Zone around the Nongkhylleum Wildlife Sanctuary(861.63 KB) in the state of Meghalaya & Map(116.41 KB),https://moef.gov.in/uploads/2017/06/SO%203497(E)%5B18.12.2015%5D%20Draft%20notification%20declaring%20Eco-sensitive%20Zone%20around%20the%20Nongkhylleum%20Wildlife%20Sanctuary%20%20in%20the%20state%20of%20Meghalaya..pdf,[],31/12/2015,SO 3497(E),,,,,,,,,,,,,,,,,none
224,Meghalaya,Nongkhyllem Reserved Forest Sanctuary,Wildlife Sanctuary,Final,2017-06-07,"224. S.O. 1816 (E) [07.06.2017] Final Notification declaring Eco Sensitive Zone around Nongkhyllem Reserved Forest Sanctuary(1.5 MB), Meghalaya",https://moef.gov.in/uploads/2017/06/Nongkhyllem%20Reserved%20Forest%2C%20Meghalaya.pdf,[],12/06/2017,S.O. 1816 (E),,,,,,,,,,,,,,,,,none
279,Meghalaya,"Baghmara Pitcher Plant Sanctuary, Meghalaya",Wildlife Sanctuary,Draft,2021-06-18,"279. S.O. 2408(E) [18.06.2021] Draft Notification declaring Eco Sensitive Zone around Baghmara Pitcher Plant Sanctuary, Meghalaya(1.96 MB)",https://moef.gov.in/uploads/2021/06/bagmara.pdf,[],22/06/2021,S.O. 2408(E),Q116044246,Baghmara Pitcher Plant Wildlife Sanctuary,,,IUCN category IV: Habitat/Species Management Area,Meghalaya,25.198139,90.638765,,,,,,,,https://en.wikipedia.org/wiki/Baghmara_Pitcher_Plant_Wildlife_Sanctuary,fuzzy
279,Meghalaya,"Nokrek National Park, Meghalaya",National Park,Draft,2021-07-12,"279. S.O. 2776 (E) [12.07.2021] Draft Notification declaring Eco Sensitive Zone around Nokrek National Park, Meghalaya(4.96 MB) Re-Notification New.",https://moef.gov.in/uploads/2021/07/nokrek.pdf,[],13/07/2021,S.O. 2776 (E),,,,,,,,,,,,,,,,,none
280,Mizoram,Khawnglung Wildlife Sanctuary,Wildlife Sanctuary,Draft,2017-12-14,"280. S.O. 3881(E) [14.12.2017] Draft Notification declaring Eco Sensitive Zone around Khawnglung Wildlife Sanctuary(3.6 MB), Mizoram",https://moef.gov.in/uploads/2017/06/khawnglung.pdf,[],18/12/2017,S.O. 3881(E),Q137223750,Khawnglung Wildlife Sanctuary,,,IUCN category IV: Habitat/Species Management Area,Mizoram,23.1234,92.9468,,,,,,,,https://en.wikipedia.org/wiki/Khawnglung_Wildlife_Sanctuary,exact
225,Mizoram,Khawanglung Sanctuary,Wildlife Sanctuary,Final,2019-12-06,"225. S.O. 4372(E) [06.12.2019] Final Notification declaring Eco Sensitive Zone around Khawanglung Sanctuary, Mizoram.",https://moef.gov.in/uploads/2019/10/khawanglung.pdf,[],09/12/2019,S.O. 4372(E),,,,,,,,,,,,,,,,,none
281,Mizoram,Tawi Wildlife Sanctuary,Wildlife Sanctuary,Draft,2017-12-29,"281. S.O. 4107(E) [29.12.2017] Draft Notification declaring Eco Sensitive Zone around Tawi Wildlife Sanctuary(2.49 MB) , Mizoram.",https://moef.gov.in/uploads/2017/06/tawi.pdf,[],12/01/2018,S.O. 4107(E),Q137049306,Tawi Wildlife Sanctuary,,,IUCN category IV: Habitat/Species Management Area,Mizoram,23.5376,92.9485,,,,,,,,https://en.wikipedia.org/wiki/Tawi_Wildlife_Sanctuary,exact
226,Mizoram,Tawi Wildlife Sanctuary,Wildlife Sanctuary,Final,2019-06-12,226. S.O. 1967(E) [12.06.2019] Final Notification declaring Eco Sensitive Zone around Tawi Wildlife Sanctuary Mizoram.,https://moef.gov.in/uploads/2019/06/tawi.pdf,[],18/06/2019,S.O. 1967(E),Q137049306,Tawi Wildlife Sanctuary,,,IUCN category IV: Habitat/Species Management Area,Mizoram,23.5376,92.9485,,,,,,,,https://en.wikipedia.org/wiki/Tawi_Wildlife_Sanctuary,exact
282,Mizoram,Pualreng Wildlife Sanctuary,Wildlife Sanctuary,Draft,2017-12-29,"282. S.O. 4106(E) [29.12.2017] Draft Notification declaring Eco Sensitive Zone around Pualreng Wildlife Sanctuary (2.63 MB), Mizoram.",https://moef.gov.in/uploads/2017/06/pualreng.pdf,[],12/01/2018,S.O. 4106(E),Q135412386,Pualreng Wildlife Sanctuary,,,IUCN category IV: Habitat/Species Management Area,Mizoram,24.136,92.838,,,,,,,,https://en.wikipedia.org/wiki/Pualreng_Wildlife_Sanctuary,exact
227,Mizoram,Pualreng Wildlife Sanctuary,Wildlife Sanctuary,Final,2019-06-12,227. S.O. 1966(E) [12.06.2019] Final Notification declaring Eco Sensitive Zone around Pualreng Wildlife Sanctuary Mizoram.,https://moef.gov.in/uploads/2019/06/pualreng.pdf,[],18/06/2019,S.O. 1966(E),Q135412386,Pualreng Wildlife Sanctuary,,,IUCN category IV: Habitat/Species Management Area,Mizoram,24.136,92.838,,,,,,,,https://en.wikipedia.org/wiki/Pualreng_Wildlife_Sanctuary,exact
283,Mizoram,"Murlen National Park,",National Park,Draft,2018-01-15,"283. S.O. 228(E) [15.01.2018] Draft Notification declaring Eco Sensitive Zone around Murlen National Park,(2.93 MB) Mizoram.",https://moef.gov.in/uploads/2017/06/murlen.pdf,[],25/01/2018,S.O. 228(E),Q3334361,Murlen National Park,,,IUCN category II: National Park,,23.61694444,93.3,,,,,,,,https://en.wikipedia.org/wiki/Murlen_National_Park,exact
228,Mizoram,"Murlen National Park,",National Park,Final,2019-07-02,228. S.O. 2358(E) [02.07.2019]Final Notification declaring Eco Sensitive Zone around Murlen Wildlife Sanctuary Mizoram,https://moef.gov.in/uploads/2018/12/murlen.pdf,[],08/07/2019,S.O. 2358(E),Q3334361,Murlen National Park,,,IUCN category II: National Park,,23.61694444,93.3,,,,,,,,https://en.wikipedia.org/wiki/Murlen_National_Park,exact
284,Mizoram,Thorangtlang Wildlife Sanctuary,Wildlife Sanctuary,Draft,2018-01-15,"284. S.O. 229(E) [15.01.2018] Draft Notification declaring Eco Sensitive Zone around Thorangtlang Wildlife Sanctuary(2.1 MB) , Mizoram.",https://moef.gov.in/uploads/2017/06/thorangtlang.pdf,[],25/01/2018,S.O. 229(E),Q137049264,Thorangtlang Wildlife Sanctuary,,,IUCN category IV: Habitat/Species Management Area,Mizoram,23.3052,92.5441,,,,,,,,https://en.wikipedia.org/wiki/Thorangtlang_Wildlife_Sanctuary,exact
229,Mizoram,Thorangtlang Wildlife Sanctuary,Wildlife Sanctuary,Final,2019-06-25,229. S.O. 2165(E) [25.06.2019] Final Notification declaring Eco Sensitive Zone around Thorangtlang Wildlife Sanctuary Mizoram,https://moef.gov.in/uploads/2019/07/thorangtlang.pdf,[],01/07/2019,S.O. 2165(E),Q137049264,Thorangtlang Wildlife Sanctuary,,,IUCN category IV: Habitat/Species Management Area,Mizoram,23.3052,92.5441,,,,,,,,https://en.wikipedia.org/wiki/Thorangtlang_Wildlife_Sanctuary,exact
285,Mizoram,Lengteng Wildlife Sanctuary,Wildlife Sanctuary,Draft,2018-01-15,"285. S.O. 227(E) [15.01.2018] Draft Notification declaring Eco Sensitive Zone around Lengteng Wildlife Sanctuary (4.2 MB), Mizoram.",https://moef.gov.in/uploads/2017/06/lengteng.pdf,[],25/01/2018,S.O. 227(E),Q16894124,Lengteng Wildlife Sanctuary,,,IUCN category IV: Habitat/Species Management Area,Mizoram,23.8333,93.2167,Ngopa,,,,,,,https://en.wikipedia.org/wiki/Lengteng_Wildlife_Sanctuary,exact
230,Mizoram,Lengteng Wildlife Sanctuary,Wildlife Sanctuary,Final,2019-07-02,230. S.O. 2359(E) [02.07.2019] Final Notification declaring Eco Sensitive Zone around Lengteng Wildlife Sanctuary Mizoram.,https://moef.gov.in/uploads/2018/12/lengteng.pdf,[],08/07/2019,S.O. 2359(E),Q16894124,Lengteng Wildlife Sanctuary,,,IUCN category IV: Habitat/Species Management Area,Mizoram,23.8333,93.2167,Ngopa,,,,,,,https://en.wikipedia.org/wiki/Lengteng_Wildlife_Sanctuary,exact
286,Mizoram,Dampa Tiger Reserve,Tiger Reserve,Draft,2018-02-02,"286. S.O. 506(E) [02.02.2018] Draft Notification declaring Eco Sensitive Zone around Dampa Tiger Reserve(2.16 MB), Mizoram",https://moef.gov.in/uploads/2017/06/Dampa.pdf,[],12/02/2018,S.O. 506(E),Q3457187,Dampa Tiger Reserve,,http://commons.wikimedia.org/wiki/Special:FilePath/Dampa%20Tiger%20Reserve%20Forest.jpg,IUCN category IV: Habitat/Species Management Area,,23.41666667,92.33333333,,,,,,,,https://en.wikipedia.org/wiki/Dampa_Tiger_Reserve,exact
231,Mizoram,Dampa Tiger Reserve,Tiger Reserve,Final,2019-07-15,231. S.O. 2519(E) [15.07.2019] Final Notification declaring Eco Sensitive Zone around Dampa Tiger Reserve Mizoram.,https://moef.gov.in/uploads/2018/12/dampa.pdf,[],17/07/2019,S.O. 2519(E),Q3457187,Dampa Tiger Reserve,,http://commons.wikimedia.org/wiki/Special:FilePath/Dampa%20Tiger%20Reserve%20Forest.jpg,IUCN category IV: Habitat/Species Management Area,,23.41666667,92.33333333,,,,,,,,https://en.wikipedia.org/wiki/Dampa_Tiger_Reserve,exact
287,Mizoram,Tokalo Wildlife Sanctuary,Wildlife Sanctuary,Draft,2021-01-28,"287. S.O. 439(E) [28.01.2021] Draft Notification declaring Eco Sensitive Zone around Tokalo Wildlife Sanctuary (4.19 MB), Mizoram",https://moef.gov.in/uploads/2021/02/tokalo.pdf,[],01/02/2021,S.O. 439(E),Q137144512,Tokalo Wildlife Sanctuary,,,IUCN category IV: Habitat/Species Management Area,Mizoram,22.0374,92.9067,,,,,,,,https://en.wikipedia.org/wiki/Tokalo_Wildlife_Sanctuary,exact
288,Odisha,Chandaka Dampara Wildlife Sanctuary,Wildlife Sanctuary,Draft,2015-05-01,"288. S.O. 1161 [01.05.2015] Draft ESZ Notification for Chandaka Dampara Wildlife Sanctuary(7.66 MB), Odisha & Map(555.78 KB)",https://moef.gov.in/uploads/2019/10/S.O.-1161-01.05.2015-Draft-ESZ-Notification-for-Chandaka-Dampara-Wildlife-Sanctuary-Odisha.pdf,[],12/06/2015,S.O. 1161,,,,,,,,,,,,,,,,,none
232,Odisha,Chandaka Dampara Wildlife Sanctuary,Wildlife Sanctuary,Final,2016-09-09,"232. S.O. 2906(E) [09.09.2016] Final notification declaring Eco Sensitive Zone around Chandaka Dampara Wildlife Sanctuary(962.99 KB), Odisha S .O. No. 3591(E) [23.08.2024] Amendment in the Final Notification of Eco-sensitive Zone around Chandaka Dampara Wildlife Sanctuary(1.70 MB), Odisha",https://moef.gov.in/uploads/2017/06/Chandaka%20Dampara%20Final%20Odisha.pdf,[],31/08/2024,S.O. 2906(E),,,,,,,,,,,,,,,,,none
289,Odisha,Kapilash Wildlife Sanctuary,Wildlife Sanctuary,Draft,2014-07-04,"289. S.O.1690 [04.07.2014] Draft ESZ Notification on Kapilash Wildlife Sanctuary(2.97 MB), Odisha & Map(209.48 KB)",https://moef.gov.in/uploads/2017/06/S.O.1690%20%5B04.07.2014%5D%20Draft%20ESZ%20Notification%20on%20Kapilash%20Wildlife%20Sanctuary%2C%20Odisha.pdf,[],01/08/2014,S.O.1690,,,,,,,,,,,,,,,,,none
233,Odisha,Kapilash Wildlife Sanctuary,Wildlife Sanctuary,Final,2015-06-17,"233. S.O. 1659 [17.06.2015] Final ESZ Notification on Kapilash Wildlife Sanctuary(10.56 MB), Odisha",https://moef.gov.in/uploads/2017/06/S.O.%201659%20%5B17.06.2015%5D%20Final%20ESZ%20Notification%20on%20Kapilash%20Wildlife%20Sanctuary%2C%20Odisha.pdf,[],,S.O. 1659,,,,,,,,,,,,,,,,,none
289,Odisha,Kotagarh Wildlife Sanctuary,Wildlife Sanctuary,Draft,2017-10-27,"289. S.O. 3433(E) [27.10.2017] Draft Notification declaring Eco Sensitive Zone around Kotagarh Wildlife Sanctuary(7.34 MB), Odisha Re-Notification New",https://moef.gov.in/uploads/2017/06/kotagarh.pdf,[],,S.O. 3433(E),,,,,,,,,,,,,,,,,none
290,Odisha,Balukhanda-Konark WLS ESZ Notification,Wildlife Sanctuary,Draft,2015-11-20,"290. S.O. No. 3123 [20.11.2015] Balukhanda-Konark WLS ESZ Notification(1.41 MB), Odisha & Map(174.79 KB)",https://moef.gov.in/uploads/2017/06/S.O.%20No.%203123%20%5B20.11.2015%5D%20Balukhanda-Konark%20WLS%20ESZ%20Notification%2C%20Odisha_0.pdf,[],,S.O. No. 3123,,,,,,,,,,,,,,,,,none
234,Odisha,Balukhand-Konark WLS,Wildlife Sanctuary,Final,2017-05-19,"234. S.O. 1654 (E) [19.05.2017] Final Notification declaring Eco-Sensitive Zone around Balukhand-Konark WLS(2.34 MB), Odisha S .O. No. 3452(E) [13.08.2024] Amendment in the Final Notification of Eco-sensitive Zone around Balukhand-Konark WLS(1.71 MB), Odisha",https://moef.gov.in/uploads/2017/06/Balukhanda-Konark%20Wildlife%20Sanctuary%2C%20Odisha.pdf,[],23/08/2024,S.O. 1654 (E),Q18110145,Balukhand-Konark Wildlife Sanctuary,,,IUCN category IV: Habitat/Species Management Area,Odisha,19.8619,86.0477,Puri,,,,,Balukhand-Konark Wildlife Sanctuary,,https://en.wikipedia.org/wiki/Balukhand-Konark_Wildlife_Sanctuary,exact
291,Odisha,Sunabeda Wildlife Sanctuary,Wildlife Sanctuary,Draft,2015-11-27,291. SO 3234(E)[27.11.2015] Draft notification declaring Eco-sensitive Zone around the Sunabeda Wildlife Sanctuary (807.91 KB)in the state of Odisha & Map(232.48 KB),https://moef.gov.in/uploads/2017/06/SO%203234(E)%5B27.11.2015%5D%20Draft%20notification%20declaring%20Eco-sensitive%20Zone%20around%20the%20Sunabeda%20%20Wildlife%20Sanctuary%20in%20the%20state%20of%20Odisha.pdf,[],09/12/2015,SO 3234(E),,,,,,,,,,,,,,,,,none
235,Odisha,Sunabeda Wildlife Sanctuar,Wildlife Sanctuary,Final,2019-03-08,"235. S.O. 1222(E) [08.03.2019] Final Notification declaring Eco Sensitive Zone around Sunabeda Wildlife Sanctuary(2.34 MB), Odisha",https://moef.gov.in/uploads/2018/12/sunabeda.pdf,[],15/03/2019,S.O. 1222(E),,,,,,,,,,,,,,,,,none
291,Odisha,Sunabeda Wildlife Sanctuar,Wildlife Sanctuary,Draft,2017-10-13,"291. S.O. 3327 (E) [13.10.2017] Draft Notification declaring Eco Sensitive Zone around Sunabeda Wildlife Sanctuary(3.39 MB), Odisha Re-Notification New",https://moef.gov.in/uploads/2017/06/Sunabeda%20Wildlife%20Sanctuary%20Renotified%20Draft.pdf,[],,S.O. 3327 (E),,,,,,,,,,,,,,,,,none
291,Odisha,Bhitarkanika National Park,National Park,Draft,2023-09-06,"291. S.O. No. 3974(E) [06.09.2023] Re-Draft Notification declaring Eco Sensitive Zone around Bhitarkanika National Park, (2,372 KB) OdishaRe-notification New",https://moef.gov.in/uploads/2023/11/ESZ-ReDraft-Bhitarkanika-National-Park-Odisha.pdf,[],05/12/2023,S.O. No. 3974(E),Q2580141,Bhitarkanika National Park,,http://commons.wikimedia.org/wiki/Special:FilePath/Bhitarkanika%20Mangroves%20Flora%20and%20Fauna%2004.JPG,IUCN category II: National Park,Kendrapara district,20.6625,86.9341,Kendrapara,,145,,http://commons.wikimedia.org/wiki/Special:FilePath/Bhitarkanika%20National%20Park%20Banner.jpg,Bhitarkanika National Park,,https://en.wikipedia.org/wiki/Bhitarkanika_National_Park,exact
236,Odisha,Bhitarkanika Wildlife Sanctuary and Gahirmatha (Marine) Wildlife Sanctuary,Wildlife Sanctuary,Final,2015-06-16,"236. S.O. 1601[16.06.2015] (E) Final ESZ Notification on Bhitarkanika Wildlife Sanctuary and Gahirmatha (Marine) Wildlife Sanctuary(12.93 MB), Odisha",https://moef.gov.in/uploads/2017/06/S.O.%201601%5B16.06.2015%5D%20(E)%20Final%20ESZ%20Notification%20on%20Bhitarkanika%20Wildlife%20Sanctuary%20and%20Gahirmatha%20(Marine)%20Wildlife%20Sanctuary%2C%20Odisha.pdf,[],09/07/2015,S.O. 1601,,,,,,,,,,,,,,,,,none
294,Odisha,Bhitarkanika National Park,National Park,Draft,2022-02-23,294. S.O. 821(E) [23.02.2022] Draft Notification declaring Eco Sensitive Zone around Bhitarkanika National Park (3.08 MB)Odisha Re-Notification New,https://moef.gov.in/uploads/2022/04/233691.pdf,[],23/02/2022,S.O. 821(E),Q2580141,Bhitarkanika National Park,,http://commons.wikimedia.org/wiki/Special:FilePath/Bhitarkanika%20Mangroves%20Flora%20and%20Fauna%2004.JPG,IUCN category II: National Park,Kendrapara district,20.6625,86.9341,Kendrapara,,145,,http://commons.wikimedia.org/wiki/Special:FilePath/Bhitarkanika%20National%20Park%20Banner.jpg,Bhitarkanika National Park,,https://en.wikipedia.org/wiki/Bhitarkanika_National_Park,exact
292,Odisha,Debrigarh Wildlife Sanctuary,Wildlife Sanctuary,Draft,2015-12-10,292. SO 3333(E)[10.12.2015] Draft notification declaring Eco-sensitive Zone around the Debrigarh Wildlife Sanctuary(811.39 KB) in the state of Odisha.,https://moef.gov.in/uploads/2017/06/SO%203333(E)%5B10.12.2015%5D%20Draft%20notification%20declaring%20Eco-sensitive%20Zone%20around%20the%20Debrigarh%20Wildlife%20Sanctuary%20in%20the%20state%20of%20Odisha..pdf,[],30/12/2015,SO 3333(E),Q18111621,Debrigarh Wildlife Sanctuary,,,IUCN category IV: Habitat/Species Management Area,Bargarh district,21.557097,83.646108,,,,,,,,https://en.wikipedia.org/wiki/Debrigarh_Wildlife_Sanctuary,exact
237,Odisha,Debrigarh Wildlife Sanctuary,Wildlife Sanctuary,Final,2017-06-07,"237. S.O. 1814 [07.06.2017] Final Notification declaring Eco Sensitive Zone around Debrigarh Wildlife Sanctuary(2.63 MB), Odisha",https://moef.gov.in/uploads/2017/06/Debrigarh%20Wildlife%20Sanctuary%2C%20Odisha.pdf,[],13/06/2017,S.O. 1814,Q18111621,Debrigarh Wildlife Sanctuary,,,IUCN category IV: Habitat/Species Management Area,Bargarh district,21.557097,83.646108,,,,,,,,https://en.wikipedia.org/wiki/Debrigarh_Wildlife_Sanctuary,exact
293,Odisha,Kuldiha Wildlife Sanctuary,Wildlife Sanctuary,Draft,2016-02-19,"293. S.O. 569(E) [19.02.2016] Draft Notification declaring Eco sensitive Zone around Kuldiha Wildlife Sanctuary(1.82 MB), Odisha Map(4.96 MB)",https://moef.gov.in/uploads/2019/10/Kuldiha-Wildlife-Sanctuary-Odhisha.pdf,"[{""title"":""Odisha Map"",""link"":""https://moef.gov.in/uploads/2019/10/Kuldiha-Map.jpg""}]",11/03/2016,S.O. 569(E),Q15723901,Kuldiha Wildlife Sanctuary,,,IUCN category IV: Habitat/Species Management Area,Balasore district,21.333333333,86.5,Balasore,,,http://www.kuldihatourism.com,,,,https://en.wikipedia.org/wiki/Kuldiha_Wildlife_Sanctuary,exact
238,Odisha,Kuldiha Wildlife Sanctuary,Wildlife Sanctuary,Final,2017-08-09,"238. S.O. 2539 (E) [09.08.2017] Final Notification Declaring Eco Sensitive Zone around Kuldiha Wildlife Sanctuary(3.73 MB), Odisha",https://moef.gov.in/uploads/2017/06/Kuldiha%20Wildlife%20Sanctuary%2C%20Odisha.pdf,[],16/08/2017,S.O. 2539 (E),Q15723901,Kuldiha Wildlife Sanctuary,,,IUCN category IV: Habitat/Species Management Area,Balasore district,21.333333333,86.5,Balasore,,,http://www.kuldihatourism.com,,,,https://en.wikipedia.org/wiki/Kuldiha_Wildlife_Sanctuary,exact
294,Odisha,Chilika,Wildlife Sanctuary,Draft,2017-07-28,"294. S.O. 2403 (E) [28.07.2017] Draft Notification Declaring Eco Sensitive Zone around Chilika (Nalaban) Sanctuary(1.91 MB), Odisha",https://moef.gov.in/uploads/2019/05/Chilika-Sanctuary-Odisha.pdf,[],03/08/2017,S.O. 2403 (E),,,,,,,,,,,,,,,,,none
295,Odisha,Badrama and Khalasuni,Wildlife Sanctuary,Draft,2018-05-11,"295. S.O. 1875(E) [11.05.2018] Draft Notification declaring Eco Sensitive Zone around Badrama and Khalasuni Sanctuary(4.77 MB),Odisha",https://moef.gov.in/uploads/2019/05/badarma.pdf,[],21/05/2018,S.O. 1875(E),,,,,,,,,,,,,,,,,none
239,Odisha,Badrama Khalasuni,Wildlife Sanctuary,Final,2019-08-30,"239. S.O. 3149(E) [30.08.2019] Final Notification declaring Eco Sensitive Zone around Badrama Khalasuni Sanctuary(2.47 MB) , Odisha.",https://moef.gov.in/uploads/2018/12/badarma.pdf,[],06/09/2019,S.O. 3149(E),,,,,,,,,,,,,,,,,none
296,Odisha,Nandankanan WLS,Wildlife Sanctuary,Draft,2018-07-05,"296. S.O. 3263(E) [05.07.2018] Draft Notification declaring Eco Sensitive Zone around Nandankanan WLS(5 MB), Odisha",https://moef.gov.in/uploads/2017/06/nandkaran.pdf,[],10/07/2018,S.O. 3263(E),Q106240301,Nandankanan Wildlife Sanctuary,,,,,,,,,4.37,,,,,,exact
240,Odisha,Nandankanan WLS,Wildlife Sanctuary,Final,2019-12-11,"240. S.O. 4444(E) [11.12.2019] Final Notification declaring Eco Sensitive Zone around Nandankanan Sanctuary(1.55 MB), Odisha.",https://moef.gov.in/uploads/2019/12/nandankanan.pdf,[],20/12/2019,S.O. 4444(E),Q106240301,Nandankanan Wildlife Sanctuary,,,,,,,,,4.37,,,,,,exact
297,Odisha,Simlipal Tiger Reserve and Hadagarh Sanctuary,Tiger Reserve,Draft,2019-01-29,"297. S.O. 505(E) [29.01.2019] Draft Notification declaring Eco Sensitive Zone around Simlipal Tiger Reserve and Hadagarh Sanctuary(5 MB), Odisha",https://moef.gov.in/uploads/2019/01/simlipal.pdf,[],06/02/2019,S.O. 505(E),,,,,,,,,,,,,,,,,none
298,Odisha,Lakhary Wildlife Santuary,Wildlife Sanctuary,Draft,2019-07-25,"298. S.O. 2681(E) [25.07.2019] Draft Notification declaring Eco Sensitive Zone around Lakhary Wildlife Santuary(1.22 MB) , Odisha.",https://moef.gov.in/uploads/2018/12/lakhary.pdf,[],01/08/2019,S.O. 2681(E),,,,,,,,,,,,,,,,,none
241,Odisha,Lakhary Sanctuary,Wildlife Sanctuary,Final,2020-09-07,"241. S.O.3029 (E) [ 07.09.2020] Final Notification declaring Eco Sensitive Zone around Lakhary Sanctuary (2.96 MB), Odisha.",https://moef.gov.in/uploads/2020/09/lakhery.pdf,[],15/09/2020,S.O.3029 (E),,,,,,,,,,,,,,,,,none
299,Odisha,Karlapat Santuary,Wildlife Sanctuary,Draft,2019-08-09,"299. S.O. 2894(E) [09.08.2019] Draft Notification declaring Eco Sensitive Zone around Karlapat Santuary(4.96 MB), Odisha.",https://moef.gov.in/uploads/2019/08/karlapat.pdf,[],16/08/2019,S.O. 2894(E),,,,,,,,,,,,,,,,,none
299,Odisha,Bhitarkanika National Park,National Park,Draft,2023-09-06,"299. S.O. 3974(E) [06.09.2023] Re-Draft Notification declaring Eco Sensitive Zone around Bhitarkanika National Park, (2,372 KB) in the state of OdishaRe-notification New",https://moef.gov.in/uploads/2023/11/SO3974(E)-bhitarkanika.pdf,[],06/09/2023,S.O. 3974(E),Q2580141,Bhitarkanika National Park,,http://commons.wikimedia.org/wiki/Special:FilePath/Bhitarkanika%20Mangroves%20Flora%20and%20Fauna%2004.JPG,IUCN category II: National Park,Kendrapara district,20.6625,86.9341,Kendrapara,,145,,http://commons.wikimedia.org/wiki/Special:FilePath/Bhitarkanika%20National%20Park%20Banner.jpg,Bhitarkanika National Park,,https://en.wikipedia.org/wiki/Bhitarkanika_National_Park,exact
300,Punjab,Bir Dosanjh Wildlife Sanctuary,Wildlife Sanctuary,Draft,2015-05-12,"300. S.O. 1261 [12.05.2015] Draft ESZ Notification on Bir Dosanjh Wildlife Sanctuary(5.36 MB), Punjab & Map(389.9 KB)",https://moef.gov.in/uploads/2017/06/S.O.%201261%20%5B12.05.2015%5D%20Draft%20ESZ%20Notification%20on%20Bir%20Dosanjh%20Wildlife%20Sanctuary%2C%20Punjab.pdf,[],28/09/2015,S.O. 1261,,,,,,,,,,,,,,,,,none
242,Punjab,Bir Dosanjh Wildlife Sanctuary,Wildlife Sanctuary,Final,2016-07-21,"242. S.O. 2480(E) [21.07.2016] Final Notification declaring Eco Sensitive Zone around Bir Dosanjh Wildlife Sanctuary(1.1 MB), Punjab S .O. No. 150(E) [09.01.2025] Amendment in the Final Notification of Eco-sensitive Zone around Bir Dosanjh Wildlife Sanctuary(1.78 MB), Punjab",https://moef.gov.in/uploads/2017/06/Bir%20Dosanjh%20Wildlife%20Sanctuary%2C%20Punjab.pdf,[],14/01/2025,S.O. 2480(E),,,,,,,,,,,,,,,,,none
301,Punjab,Abohar Wildlife Sanctuary,Wildlife Sanctuary,Draft,2015-05-22,"301. S.O. 1382 [22.05.2015] Draft ESZ Notification on Abohar Wildlife Sanctuary(7.95 MB), Punjab & Map(295.13 KB)",https://moef.gov.in/uploads/2017/06/S.O.%201382%20%5B22.05.2015%5D%20Draft%20ESZ%20Notification%20on%20Abohar%20Wildlife%20Sanctuary%2C%20Punjab.pdf,[],28/09/2015,S.O. 1382,Q110078182,Abohar Wildlife Sanctuary,,,IUCN category IV: Habitat/Species Management Area,Punjab,30.025,74.344444444,,,,,,,,https://en.wikipedia.org/wiki/Abohar_Wildlife_Sanctuary,exact
243,Punjab,Abohar Wildlife Sanctuary,Wildlife Sanctuary,Final,2016-08-05,"243. S.O. 2638(E) [05.08.2016] Final notification declaring Eco Sensitive Zone around Abohar Wildlife Sanctuary(592.02 KB), Punjab",https://moef.gov.in/uploads/2017/06/Abohar%20Wildlife%20Sanctuary%2C%20Punjab.pdf,[],22/08/2016,S.O. 2638(E),Q110078182,Abohar Wildlife Sanctuary,,,IUCN category IV: Habitat/Species Management Area,Punjab,30.025,74.344444444,,,,,,,,https://en.wikipedia.org/wiki/Abohar_Wildlife_Sanctuary,exact
302,Punjab,Bir Moti Bagh Wildlife Sanctuary,Wildlife Sanctuary,Draft,2015-06-02,"302. S.O. 1454 (E) [02.06.2015] Draft ESZ Notification on Bir Moti Bagh Wildlife Sanctuary(8.26 MB), Punjab & Map(360.34 KB)",https://moef.gov.in/uploads/2017/06/S.O.%201454%20(E)%20%5B02.06.2015%5D%20Draft%20ESZ%20Notification%20on%20Bir%20Moti%20Bagh%20Wildlife%20Sanctuary%2C%20Punjab.pdf,[],09/07/2015,S.O. 1454 (E),,,,,,,,,,,,,,,,,none
244,Punjab,Bir Moti Bagh Wildlife Sanctuary,Wildlife Sanctuary,Final,2016-03-11,"244. S.O. 1055(E) [11.03.2016] Final Notification declaring Eco sensitive Zone around Bir Moti Bagh Wildlife Sanctuary(459.33 KB), Punjab S.O. No. 3144(E) [14.07.2023] Amendment in the Final Notification of Eco-sensitive Zone around Bir Motibagh Wildlife Sanctuary, (1,123 KB), in the state of Punjab",https://moef.gov.in/uploads/2017/06/Bir%20Moti%20Bagh%20Wildlife%20Sanctuary%2C%20Punjab.pdf,[],17/03/2016 and 05/12/2023,S.O. 1055(E),,,,,,,,,,,,,,,,,none
303,Punjab,Harika Lake WLS ESZ Notification,Wildlife Sanctuary,Draft,2015-11-17,"303. S.O. 3103 [17.11.2015] Harika Lake WLS ESZ Notification(1.14 MB), Punjab & Map(165.82 KB)",https://moef.gov.in/uploads/2017/06/S.O.%203103%20%5B17.11.2015%5D%20Harika%20Lake%20%20WLS%20ESZ%20Notification%2C%20Punjab.pdf,[],09/07/2015,S.O. 3103,,,,,,,,,,,,,,,,,none
245,Punjab,Harika Wildlife Sanctuary,Wildlife Sanctuary,Final,2017-05-15,"245. S.O. 1568 (E) [15.05.2017] Final Notification Declaring Eco Sensitive Zone around Harike Wildlife Sanctuary(1.58 MB), Punjab",https://moef.gov.in/uploads/2017/06/Harike%20Wildlife%20Sanctuary%2C%20Punjab_0.pdf,[],23/05/2017,S.O. 1568 (E),,,,,,,,,,,,,,,,,none
304,Punjab,Jhajjar bachauali WLS ESZ Notification,Wildlife Sanctuary,Draft,2015-11-17,"304. S.O. 3104 [17.11.2015] Jhajjar bachauali WLS ESZ Notification(1.31 MB), Punjab & Map(112.59 KB)",https://moef.gov.in/uploads/2017/06/S.O.%203104%20%5B17.11.2015%5D%20Jhajjar%20bachauali%20%20WLS%20ESZ%20Notification%2C%20Punjab.pdf,[],09/07/2015,S.O. 3104,,,,,,,,,,,,,,,,,none
246,Punjab,Jhajjar bachauali WLS ESZ Notification,Wildlife Sanctuary,Final,2017-03-16,"246. S.O. 839 (E) [16.03.2017] Final Notification declaring Eco Sensitive Zone around Jhajjar- Bachauli Wildlife (1.82 MB)Sanctuary, Punjab",https://moef.gov.in/uploads/2017/06/Jhajjar-%20Bachauli%20Wildlife%20Sanctuary%2C%20Punjab.pdf,[],21/03/2017,S.O. 839 (E),,,,,,,,,,,,,,,,,none
305,Punjab,Bir Aishwan Wildlife Sanctuary,Wildlife Sanctuary,Draft,,"305. S.O. 1602 16.06.2015] Draft ESZ Notification on Bir Aishwan Wildlife Sanctuary(4.13 MB), Punjab & Map(322.5 KB)",https://moef.gov.in/uploads/2017/06/S.O.%201602%2016.06.2015%5D%20Draft%20ESZ%20Notification%20on%20Bir%20Aishwan%20Wildlife%20Sanctuary%2C%20Punjab.pdf,[],28/09/2015,S.O. 1602,,,,,,,,,,,,,,,,,none
247,Punjab,Bir Aishwan WLS,Wildlife Sanctuary,Final,2016-10-26,"247. S. O. 3313 [26.10.2016] Final Notification declaring Eco Sensitive Zone around Bir Aishwan WLS(1.29 MB), Punjab S .O. No. 4546(E) [16.10.2024] Amendment in the Final Notification of Eco-sensitive Zone around Bir Aishwan WLS(1.69 MB), Punjab",https://moef.gov.in/uploads/2017/06/Bir%20Aishwan%20Wildlife%20Sanctuary%20Final%2C%20Punjab.pdf,[],18/10/2024,S. O. 3313,,,,,,,,,,,,,,,,,none
306,Punjab,Bir Gurdialpur Wildlife Sanctuary,Wildlife Sanctuary,Draft,2015-06-22,"306. S.O. 1657 [22.06.2015] Draft ESZ Notificatin on Bir Gurdialpur Wildlife Sanctuary(10.8 MB), Punjab & Map(346.98 KB)",https://moef.gov.in/uploads/2019/10/S.O.-1657-22.06.2015-Draft-ESZ-Notificatin-on-Bir-Gurdialpur-Wildlife-Sanctuary-Punjab.pdf,[],29/07/2015,S.O. 1657,,,,,,,,,,,,,,,,,none
248,Punjab,Bir Gurdialpur Wildlife Sanctuary,Wildlife Sanctuary,Final,2016-07-01,"248. S.O. 2275(E) [01.07.2016] Final Notification declaring Eco Sensitive Zone around Bir Gurdialpura Wildlife Sanctuary(976.21 KB), Punjab S.O. No. 4446(E) [12.10.2023] Amendment in the Final Notification of Eco-sensitive Zone around Bir Gurdialpur Wildlife Sanctuary, in the state of Punjab (1,096 KB), Punjab",https://moef.gov.in/uploads/2017/06/Bir%20Gurdialpura%20Wildlife%20Sanctuary%2C%20Punjab.pdf,[],21/07/2016 & 25/11/2023,S.O. 2275(E),,,,,,,,,,,,,,,,,none
307,Punjab,Kathlaur-Kushalia Wildlife Sanctuary,Wildlife Sanctuary,Draft,2015-06-30,"307. S.O. 1778 [30.06.2015] Draft ESZ Notification on Kathlaur-Kushalia Wildlife Sanctuary(6.35 MB), Punjab & Map(378.29 KB)",https://moef.gov.in/uploads/2019/10/S.O.-1778-30.06.2015-Draft-ESZ-Notification-on-Kathlaur-Kushalia-Wildlife-Sanctuary-Punjab.pdf,[],21/09/2015,S.O. 1778,,,,,,,,,,,,,,,,,none
249,Punjab,Kathlaur-Kushalia Wildlife Sanctuary,Wildlife Sanctuary,Final,2016-12-28,"249. S.O. 4204(E) [28.12.2016] Final Notification declaring Eco Sensitive Zone around Kathlaur-Kushalia Wildlife (558.22 KB)Sanctuary, Punjab",https://moef.gov.in/uploads/2017/06/Kathlaur-Kushalia%20Wildlife%20Sanctuary.pdf,[],02/01/2016,S.O. 4204(E),,,,,,,,,,,,,,,,,none
308,Punjab,Bir Bhunerheri Wildlife Sanctuary,Wildlife Sanctuary,Draft,2015-06-30,"308. S.O. 1779 [30.06.2015] Draft ESZ Notification on Bir Bhunerheri Wildlife Sanctuary(10.54 MB), Punjab & Map(272.4 KB)",https://moef.gov.in/uploads/2017/06/S.O.%201779%20%5B30.06.2015%5D%20Draft%20ESZ%20Notification%20on%20Bir%20Bhunerheri%20Wildlife%20Sanctuary%2C%20Punjab.pdf,[],29/07/2015,S.O. 1779,,,,,,,,,,,,,,,,,none
250,Punjab,Bir Bhunerheri Wildlife Sanctuary,Wildlife Sanctuary,Final,2016-07-01,"250. S.O. 2277(E) [01.07.2016] Final Notification declaring Eco Sensitive Zone around Bir Bhunerheri Wildlife Sanctuary(913.51 KB), Punjab",https://moef.gov.in/uploads/2017/06/Bir%20Bhunerheri%20Wildlife%20Sanctuary%2C%20Punjab.pdf,[],21/07/2016,S.O. 2277(E),,,,,,,,,,,,,,,,,none
309,Punjab,Takhni-Rahmapur Wildlife Sanctuary,Wildlife Sanctuary,Draft,2015-07-30,"309. S.O. 2080 (E) [30.07.2015] Draft ESZ Notification on Takhni-Rahmapur Wildlife Sanctuary(5.68 MB), Punjab & Map(184.06 KB)",https://moef.gov.in/uploads/2019/10/S.O.-2080-E-30.07.2015-Draft-ESZ-Notification-on-Takhni-Rahmapur-Wildlife-Sanctuary-Punjab.pdf,[],14/10/2015,S.O. 2080 (E),,,,,,,,,,,,,,,,,none
251,Punjab,Takhni-Rahmapur Wildlife Sanctuary,Wildlife Sanctuary,Final,2016-11-30,"251. S.O. 3597(E) [30.11.2016] Final Notification declaring Eco Sensitive Zone around Takhni – Rehmapur Wildlife Sanctuary,(1.44 MB) Punjab",https://moef.gov.in/uploads/2017/06/Takhni%20-%20Rehmapur%20Wildlife%20Sanctuary%20Punjab%2C%20FINAL05-12-2016.pdf,[],05/12/2016,S.O. 3597(E),,,,,,,,,,,,,,,,,none
310,Punjab,Bir Mehas Wildlife Sanctuary,Wildlife Sanctuary,Draft,2015-08-31,"310. S.O. 2384 [31.08.2015] Draft ESZ Notification on Bir Mehas Wildlife Sanctuary(6.44 MB), Punjab & Map(325.73 KB)",https://moef.gov.in/uploads/2019/10/S.O.-2384-31.08.2015-Draft-ESZ-Notification-on-Bir-Mehas-Wildlife-Sanctuary-Punjab.pdf,[],21/09/2015,S.O. 2384,,,,,,,,,,,,,,,,,none
252,Punjab,Bir Mehas WLS,Wildlife Sanctuary,Final,2017-02-06,"252. S. O. 350 (E) [06.02.2017] Final Notificationdeclaring Eco Sensitive Zone around Bir Mehas WLS(1.33 MB), Punjab.",https://moef.gov.in/uploads/2017/06/Bir%20Mehas%20Wildlife%20Sanctuary%2C%20Punjab.pdf,[],10/02/2016,S. O. 350 (E),,,,,,,,,,,,,,,,,none
311,Punjab,Bir Bhadson WLS,Wildlife Sanctuary,Draft,2014-05-30,"311. S.O.1394 [30.05.2014] Draft Notification on Bir Bhadson WLS(6.45 MB), Punjab & Map(108.72 KB)",https://moef.gov.in/uploads/2017/06/S.O.1394%20%5B30.05.2014%5D%20Draft%20Notification%20on%20Bir%20Bhadson%20WLS%2C%20Punjab.pdf,[],17/06/2015,S.O.1394,,,,,,,,,,,,,,,,,none
253,Punjab,Bir Bhadson Wildlife Sanctuary,Wildlife Sanctuary,Final,2016-07-21,"253. S.O. 2483(E) [21.07.2016] Final Notification declaring Eco Sensitive Zone around Bir Bhadson Wildlife Sanctuary(515.84 KB), Punjab S.O. No. 4422(E) [11.10.2023] Amendment in the Final Notification of Eco-sensitive Zone around Bir Bhadson Wildlife Sanctuary, in the state of Punjab (1,140 KB), Punjab",https://moef.gov.in/uploads/2017/06/Bir%20Bhadson%20Wildlife%20Sanctuary%2C%20Punjab.pdf,[],28/07/2016 & 25/11/2023,S.O. 2483(E),,,,,,,,,,,,,,,,,none
312,Punjab,Nangal Wildlife Sanctuary,Wildlife Sanctuary,Draft,2015-11-16,312. SO 3102(E)[16.11.2015] Draft notification declaring Eco-sensitive Zone around the Nangal Wildlife Sanctuary(1.08 MB) in the state of Punjab,https://moef.gov.in/uploads/2017/06/SO%203102(E)%5B16.11.2015%5D%20Draft%20notification%20declaring%20Eco-sensitive%20Zone%20around%20the%20Nangal%20Wildlife%20Sanctuary%20%20in%20the%20state%20of%20Punjab.pdf,[],15/01/2015,SO 3102(E),Q109905245,Nangal Wildlife Sanctuary,,,IUCN category IV: Habitat/Species Management Area,Punjab,31.4025,76.37,,,,,,,,https://en.wikipedia.org/wiki/Nangal_Wildlife_Sanctuary,exact
254,Punjab,"Nangal WLS,",Wildlife Sanctuary,Final,2017-03-16,"254. S.O. 840 (E) [16.03.2017] Final Notification declaring Eco Sensitive Zone around Nangal WLS,(1.92 MB)Punjab.",https://moef.gov.in/uploads/2017/06/Nangal%20Wildlife%20Sanctuary%2C%20Punjab%2C%20Final%20Notification.pdf,[],20/03/2017,S.O. 840 (E),Q109905245,Nangal Wildlife Sanctuary,,,IUCN category IV: Habitat/Species Management Area,Punjab,31.4025,76.37,,,,,,,,https://en.wikipedia.org/wiki/Nangal_Wildlife_Sanctuary,exact
313,Rajasthan,Bandh Baretha Wildlife Sanctuary,Wildlife Sanctuary,Draft,2015-08-31,"313. S.O. 2382 [31.08.2015] Draft ESZ Notificationon onBandh Baretha Wildlife Sanctuary(8.81 MB), Rajasthan & Map(306.58 KB)",https://moef.gov.in/uploads/2019/10/S.O.-2382-31.08.2015-Draft-ESZ-Notificationon-on-Bandh-Baretha-Wildlife-Sanctuary-Rajasthan.pdf,[],21/09/2015,S.O. 2382,Q123399066,Bandh Baretha,,http://commons.wikimedia.org/wiki/Special:FilePath/Bandh%20Baretha.jpg,IUCN category IV: Habitat/Species Management Area,Rajasthan,26.883333333,77.361111111,,,,,,,,https://en.wikipedia.org/wiki/Bandh_Baretha,exact
313,Rajasthan,Bandh Baretha Wildlife,Wildlife Sanctuary,Draft,2018-05-31,"313. S.O. 2202(E) [31.05.2018] Draft Notification declaring Eco Sensitive Zone aroundBandh Baretha Wildlife Sanctuary(5.45 MB), Rajasthan Re-Notification New.",https://moef.gov.in/uploads/2018/06/band-bareta.pdf,[],07/06/2018,S.O. 2202(E),,,,,,,,,,,,,,,,,none
255,Rajasthan,Bandh Baretha Wildlife,Wildlife Sanctuary,Final,2018-12-26,"255. S.O. 6319(E) [26.12.2018] Final Notification declaring Eco Sensitive Zone around Bondh Baretha Wildlife Sanctuary(1.86 MB), Rajasthan",https://moef.gov.in/uploads/2018/12/ban-baretha.pdf,[],02/01/2018,S.O. 6319(E),,,,,,,,,,,,,,,,,none
256,Rajasthan,Bandh Baretha Wildlife Sanctuary,Wildlife Sanctuary,Final,2021-05-18,256. S.O. 1929 (E) [18.05.2021] Amendment in final Notification declaring Eco Sensitive Zone around Bandh Baretha Wildlife Sanctuary (8.96 MB) in the State of Rajasthan.,https://moef.gov.in/uploads/2021/05/Amendment-Notification.pdf,[],19/05/2021,S.O. 1929 (E),Q123399066,Bandh Baretha,,http://commons.wikimedia.org/wiki/Special:FilePath/Bandh%20Baretha.jpg,IUCN category IV: Habitat/Species Management Area,Rajasthan,26.883333333,77.361111111,,,,,,,,https://en.wikipedia.org/wiki/Bandh_Baretha,exact
313,Rajasthan,Phulwari ki Nal Wildlife Sanctuary,Wildlife Sanctuary,Draft,2105-08-31,"313. S.O. 2383 [31.08.2105] Draft ESZ Notification on Phulwari ki Nal Wildlife Sanctuary(15.1 MB), Rajasthan & Map(41.32 KB) S.O. No. 4217(E) [22.09.2023] Re-Draft Notification declaring Eco Sensitive Zone around Phulwari Ki Nal Wildlife Sanctuary, (3,212 KB) RajasthanRe-notification New",https://moef.gov.in/uploads/2019/10/S.O.-2383-31.08.2105-Draft-ESZ-Notification-on-Phulwari-ki-Nal-Wildlife-Sanctuary-Rajasthan.pdf,[],21/09/2015 and 22/09/2023,S.O. 2383,Q30593531,Phulwari ki Nal Wildlife Sanctuary,,http://commons.wikimedia.org/wiki/Special:FilePath/Rock%20formations%20in%20or%20near%20the%20Phulwari%20ki%20Nal%20Wildlife%20Sanctuary.png,IUCN category IV: Habitat/Species Management Area,Rajasthan,24.2150223,73.245354,Udaipur,,,,,,,https://en.wikipedia.org/wiki/Phulwari_ki_Nal_Wildlife_Sanctuary,exact
314,Rajasthan,Bhaindrogarh WL Sanctuary,Wildlife Sanctuary,Draft,2015-11-20,"314. S.O. No. 3125 [20.11.2015] Bhaindrogarh WL Sanctuary ESZ Notification(375.55 KB), Rajasthan",https://moef.gov.in/uploads/2019/10/S.O.-No.-3125-20.11.2015-Bhaindrogarh-WL-Sanctuary-ESZ-Notification-Rajasthan.pdf,[],21/09/2015,S.O. No. 3125,,,,,,,,,,,,,,,,,none
257,Rajasthan,Bhaindrogarh WL Sanctuary,Wildlife Sanctuary,Final,2021-09-10,"257. S.O.3683(E) [10.09.2021] Final Notification declaring Eco Sensitive Zone around Bhainsrodgarh Wildlife Sanctuary (375.55 KB), Rajasthan",https://moef.gov.in/uploads/2020/08/bhainsorgarh-1.pdf,[],15/09/2021,S.O.3683(E),,,,,,,,,,,,,,,,,none
314,Rajasthan,Nahargarh Wildlife Sanctuary,Wildlife Sanctuary,Draft,2021-01-28,"314. S.O. 437(E) [28.01.2021] Draft Notification declaring Eco Sensitive Zone around Bhainsrodgarh Wildlife Sanctuary(4.19 MB), Rajasthan Re-notification New",https://moef.gov.in/uploads/2021/02/bhainsorgarh.pdf,[],01/02/2021,S.O. 437(E),Q134581467,Nahargarh Wildlife Sanctuary,,,IUCN category IV: Habitat/Species Management Area,Rajasthan,26.9993,75.8374,,,,,,,,https://en.wikipedia.org/wiki/Nahargarh_Wildlife_Sanctuary,exact
315,Rajasthan,Todgarh Raoli Wildlife Sanctuary,Wildlife Sanctuary,Draft,2015-09-17,"315. S.O. 2542 [17.09.2015] Draft ESZ Notification onTodgarh Raoli Wildlife Sanctuary(11.21 MB), Rajasthan & Map(168.99 KB)",https://moef.gov.in/uploads/2017/06/S.O.%202542%20%5B17.09.2015%5D%20Draft%20ESZ%20Notification%20on%20Todgarh%20Raoli%20Wildlife%20Sanctuary%2C%20Rajasthan.pdf,[],06/10/2015,S.O. 2542,,,,,,,,,,,,,,,,,none
258,Rajasthan,Todgarh Raoli Wildlife Sanctuary,Wildlife Sanctuary,Final,2017-04-13,"258. S.O. 1173(E) [13.04.2017] Final Notification Declaring Eco Sensitive Zone around Todgarh Raoli Wildlife Sanctuary(1.86 MB), Rajasthan",https://moef.gov.in/uploads/2017/06/Todgarh%20Raoli%20Wildlife%20Sanctuary%2C%20Rajasthan.pdf,[],01/05/2017,S.O. 1173(E),,,,,,,,,,,,,,,,,none
316,Rajasthan,Van Vihar Wildlife Sanctuary,Wildlife Sanctuary,Draft,2015-09-22,"316. S.O. 2598 [22.09.2015] Draft ESZ Notification on Van Vihar Wildlife Sanctuary(8.93 MB), Rajasthan & Map(176.85 KB)",https://moef.gov.in/uploads/2017/06/S.O.%202598%20%5B22.09.2015%5D%20Draft%20ESZ%20Notification%20on%20Van%20Vihar%20Wildlife%20Sanctuary%2C%20Rajasthan.pdf,[],06/11/2015,S.O. 2598,Q134721122,Van Vihar Wildlife Sanctuary,,,IUCN category IV: Habitat/Species Management Area,Rajasthan,26.6118,77.74904,,,,,,,,https://en.wikipedia.org/wiki/Van_Vihar_Wildlife_Sanctuary,exact
259,Rajasthan,Van Vihar Wildlife Sanctuary,Wildlife Sanctuary,Final,2017-03-23,"259. S.O. 938(E) [23.03.2017] Final Notification Declaring Eco Sensitive Zone around Van Vihar WLS(4.44 MB), Rajasthan.",https://moef.gov.in/uploads/2017/06/Van%20Vihar%20Wildlife%20Sanctuary%2C%20Rajasthan.pdf,[],30/03/2017,S.O. 938(E),Q134721122,Van Vihar Wildlife Sanctuary,,,IUCN category IV: Habitat/Species Management Area,Rajasthan,26.6118,77.74904,,,,,,,,https://en.wikipedia.org/wiki/Van_Vihar_Wildlife_Sanctuary,exact
317,Rajasthan,Nahargarh Wildlife Sanctuary,Wildlife Sanctuary,Draft,2015-09-23,"317. S.O. 2608 [23.09.2015] Draft ESZ Notification on Nahargarh Wildlife Sanctuary(1.27 MB), Rajasthan & Map(177.37 KB)",https://moef.gov.in/uploads/2017/06/S.O.%202608%20%5B23.09.2015%5D%20Draft%20ESZ%20Notification%20on%20Nahargarh%20Wildlife%20Sanctuary%2C%20Rajasthan.pdf,[],04/11/2015,S.O. 2608,Q134581467,Nahargarh Wildlife Sanctuary,,,IUCN category IV: Habitat/Species Management Area,Rajasthan,26.9993,75.8374,,,,,,,,https://en.wikipedia.org/wiki/Nahargarh_Wildlife_Sanctuary,exact
260,Rajasthan,Nahargarh Wildlife Sanctuary,Wildlife Sanctuary,Final,2019-03-08,"260. S.O. 1220(E) [08.03.2019] Final Notification declaring Eco Sensitive Zone around Nahargarh Wildlife Sanctuary,(1.68 MB), Rajasthan.",https://moef.gov.in/uploads/2018/12/nahargarh.pdf,[],11/03/2019,S.O. 1220(E),Q134581467,Nahargarh Wildlife Sanctuary,,,IUCN category IV: Habitat/Species Management Area,Rajasthan,26.9993,75.8374,,,,,,,,https://en.wikipedia.org/wiki/Nahargarh_Wildlife_Sanctuary,exact
317,Rajasthan,Nahargarh Wildlife Sanctuary,Wildlife Sanctuary,Draft,2017-09-12,"317. S.O. 2995 (E) [12.09.2017] Draft Notification declaring Eco Sensitive Zone around Nahargarh Wildlife Sanctuary(4.19 MB), Rajasthan Re-notification New",https://moef.gov.in/uploads/2017/06/Nahargarh%20Wildlife%20Sanctuary%20Rajasthan%20Re%20notify_0.pdf,[],15/09/2017,S.O. 2995 (E),Q134581467,Nahargarh Wildlife Sanctuary,,,IUCN category IV: Habitat/Species Management Area,Rajasthan,26.9993,75.8374,,,,,,,,https://en.wikipedia.org/wiki/Nahargarh_Wildlife_Sanctuary,exact
318,Rajasthan,Jaisamund Wildlife Sanctuary,Wildlife Sanctuary,Draft,2015-10-05,"318. S.O. 2699 [05.10.2015] Draft ESZ Notification on Jaisamund Wildlife Sanctuary(1.1 MB), Rajasthan & Map(563.63 KB)",https://moef.gov.in/uploads/2017/06/S.O.%202699%20%5B05.10.2015%5D%20Draft%20ESZ%20Notification%20on%20Jaisamand%20Wildlife%20Sanctuary%2C%20Rajasthan.pdf,[],,S.O. 2699,,,,,,,,,,,,,,,,,none
261,Rajasthan,Jaisamund Wildlife Sanctuary,Wildlife Sanctuary,Final,2020-08-06,"261. S.O. 2631(E) [06.08.2020] Final Notification declaring Eco Sensitive Zone around Jaisamund Wildlife Santuary(9.96 MB), Rajasthan",https://moef.gov.in/uploads/2019/10/jaismund.pdf,[],11/08/2020,S.O. 2631(E),,,,,,,,,,,,,,,,,none
318,Rajasthan,Jaisamund Wildlife Sanctuary,Wildlife Sanctuary,Draft,2019-06-03,"318. S.O. 1914(E) [03.06.2019] Draft Notification declaring Eco Sensitive Zone around Jaismund Wildlife Sanctuary (4.96 MB), Rajasthan. Re-notification New",https://moef.gov.in/uploads/2019/06/jaismund.pdf,[],10/06/2019,S.O. 1914(E),,,,,,,,,,,,,,,,,none
319,Rajasthan,Sajjangarh Wildlife Sanctuary,Wildlife Sanctuary,Draft,2015-10-13,"319. S.O. 2807 [13.10.2015] Draft ESZ Notification on Sajjangarh Wildlife Sanctuary(1.6 MB), Rajasthan & Map(191.18 KB)",https://moef.gov.in/uploads/2019/10/S.O.-2807-13.10.2015-Draft-ESZ-Notification-on-Sajjangarh-Wildlife-Sanctuary-Rajasthan.pdf,[],02/11/2015,S.O. 2807,Q65068086,Sajjangarh Wildlife Sanctuary,,,IUCN category IV: Habitat/Species Management Area,Rajasthan,24.596854,73.640423,Udaipur,,,,,,,https://en.wikipedia.org/wiki/Sajjangarh_Wildlife_Sanctuary,exact
262,Rajasthan,Sajjangarh Wildlife Sanctuary,Wildlife Sanctuary,Final,2017-02-14,"262. S. O. 435 [14.02.2017] Final Notification declaring Eco Sensitive Zone around Sajjangarh Wildlife Sanctuary(1.72 MB), Rajasthan and S.O. 107(E) [07.01.2020] Final Amendment declaring Eco Sensitive Zone around Sajjangarh Wildlife Santuary(4.96 MB), Rajasthan S.O. No. 4843(E) [08.11.2023] Amendment in the Final Notification of Eco-sensitive Zone around Sajjangarh Wildlife Sanctuary, (718 KB), in the state of Rajasthan",https://moef.gov.in/uploads/2017/06/Sajjangarh%20Wildlife%20Sanctuary%2C%20Rajasthan.pdf,[],20/02/2017 & 28/11/2023,S. O. 435,Q65068086,Sajjangarh Wildlife Sanctuary,,,IUCN category IV: Habitat/Species Management Area,Rajasthan,24.596854,73.640423,Udaipur,,,,,,,https://en.wikipedia.org/wiki/Sajjangarh_Wildlife_Sanctuary,exact
320,Rajasthan,Bassi Wildlife Sanctuary,Wildlife Sanctuary,Draft,2015-10-13,"320. S.O. 2808 [13.10.2015] Draft ESZ Notification on Bassi Wildlife Sanctuary(4.08 MB), Rajasthan & Map(590.59 KB)",https://moef.gov.in/uploads/2019/10/S.O.-2808-13.10.2015-Draft-ESZ-Notification-on-Bassi-Wildlife-Sanctuary-Rajasthan.pdf,[],02/11/2015,S.O. 2808,Q4868136,Bassi Wildlife Sanctuary,,,IUCN category IV: Habitat/Species Management Area,Rajasthan,25.025,74.85833056,Bassi,,,,,,,https://en.wikipedia.org/wiki/Bassi_Wildlife_Sanctuary,exact
263,Rajasthan,Bassi Wildlife Sanctuary,Wildlife Sanctuary,Final,,"263. S.O. 1717(E) [08.04.2021/30.04.2021] Final Notification declaring Eco Sensitive Zone around Bassi Wildlife Sanctuary(4.08 MB), Rajasthan",https://moef.gov.in/uploads/2021/05/Bassi-Notification.pdf,[],03/05/2021,S.O. 1717(E),Q4868136,Bassi Wildlife Sanctuary,,,IUCN category IV: Habitat/Species Management Area,Rajasthan,25.025,74.85833056,Bassi,,,,,,,https://en.wikipedia.org/wiki/Bassi_Wildlife_Sanctuary,exact
320,Rajasthan,Bassi Wildlife Sanctuary,Wildlife Sanctuary,Draft,2019-11-06,"320. S.O. 4008(E) [06.11.2019] Draft Notification declaring Eco Sensitive Zone around Bassi Wildlife Sanctuary(1.96 MB), Rajasthan Re-notification New",https://moef.gov.in/uploads/2019/10/bassi.pdf,[],13/11/2019,S.O. 4008(E),Q4868136,Bassi Wildlife Sanctuary,,,IUCN category IV: Habitat/Species Management Area,Rajasthan,25.025,74.85833056,Bassi,,,,,,,https://en.wikipedia.org/wiki/Bassi_Wildlife_Sanctuary,exact
321,Rajasthan,Keoladeo National Park,National Park,Draft,2015-10-13,"321. S.O. 2809 [13.10.2015] Draft ESZ Notification onKeoladeo National Park(547.82 KB), Rajasthan & Map(207.94 KB)",https://moef.gov.in/uploads/2019/10/S.O.-2809-13.10.2015-Draft-ESZ-Notification-on-Keoladeo-National-Park-Rajasthan.pdf,[],02/11/2015,S.O. 2809,,,,,,,,,,,,,,,,,none
264,Rajasthan,Keoladeo WLS Sanctuary,Wildlife Sanctuary,Final,2020-02-21,264. S.O. 814(E) [21.02.2020] Final Notification amendment declaring Eco Sensitive Zone around Keoladeo WLS Sanctuary(1.96 MB)Rajasthan,https://moef.gov.in/uploads/2020/02/keoladeo-amendment-1.pdf,[],24/02/2020,S.O. 814(E),,,,,,,,,,,,,,,,,none
321,Rajasthan,Keoladeo WLS Sanctuary,Wildlife Sanctuary,Draft,2018-11-28,"321. S.O. 5844(E) [28.11.2018] Draft Notification declaring Eco Sensitive Zone around Keoladeo Wildlife Sanctuary(4.06 MB), Rajasthan. Re-notification New",https://moef.gov.in/uploads/2017/06/keoladao.pdf,[],29/11/2018,S.O. 5844(E),,,,,,,,,,,,,,,,,none
265,Rajasthan,Keoladeo Wildlife,Wildlife Sanctuary,Final,2019-07-19,"265. S.O. 2608(E) [19.07.2019] Final Notification declaring Eco Sensitive Zone around Keoladeo Wildlife Sanctuary (1.96 MB), Rajasthan.",https://moef.gov.in/uploads/2018/12/keoladeo.pdf,[],26/07/2019,S.O. 2608(E),,,,,,,,,,,,,,,,,none
322,Rajasthan,Keoladeo Wildlife,Wildlife Sanctuary,Draft,2019-11-19,"322. S.O. 4150(E) [19.11.2019] Draft Amendment declaring Eco Sensitive Zone around Keoldaeo Wildlife Santuary, Rajasthan(2.96 MB)",https://moef.gov.in/uploads/2019/10/keoladeo-amendment.pdf,[],20/11/2019,S.O. 4150(E),,,,,,,,,,,,,,,,,none
323,Rajasthan,Shergarh Wildlife Sanctuary,Wildlife Sanctuary,Draft,2015-10-19,"323. S.O. 2868 [19.10.2015] Draft ESZ Notification on Shergarh Wildlife Sanctuary(1.45 MB), Rjasthan & Map(595.84 KB)",https://moef.gov.in/uploads/2019/10/S.O.-2868-19.10.2015-Draft-ESZ-Notification-on-Shergarh-Wildlife-Sanctuary-Rjasthan.pdf,[],02/11/2015,S.O. 2868,Q134610688,Shergarh Wildlife Sanctuary,,,IUCN category IV: Habitat/Species Management Area,Rajasthan,24.71,76.486944444,,,,,,,,https://en.wikipedia.org/wiki/Shergarh_Wildlife_Sanctuary,exact
323,Rajasthan,"Shergarh Wildlife Sanctuary, Rajasthan",Wildlife Sanctuary,Draft,2018-07-09,"323. S.O. 3361(E) [09.07.2018] Draft Notification declaring Eco Sensitive Zone around Shergarh Wildlife Sanctuary, Rajasthan (6.96 MB) Re-notification New",https://moef.gov.in/uploads/2019/10/shergarh-1.pdf,[],16/07/2018,S.O. 3361(E),,,,,,,,,,,,,,,,,none
324,Rajasthan,Ramsagar Wildlife Sanctuary,Wildlife Sanctuary,Draft,2015-10-19,"324. S.O. 2870 [19.10.2015] Draft ESZ Notification onRamsagar Wildlife Sanctuary(622.87 KB), Rajasthan & Map(127.25 KB)",https://moef.gov.in/uploads/2017/06/S.O.%202870%20%5B19.10.2015%5D%20Draft%20ESZ%20Notification%20on%20Ramsagar%20Wildlife%20Sanctuary%2C%20Rajasthan.pdf,[],16/11/2015,S.O. 2870,Q135741931,Ramsagar Wildlife Sanctuary,,,IUCN category IV: Habitat/Species Management Area,Rajasthan,26.5755,77.6003,,,,,,,,https://en.wikipedia.org/wiki/Ramsagar_Wildlife_Sanctuary,exact
266,Rajasthan,Ramsagar Wildlife Sanctuary,Wildlife Sanctuary,Final,2020-10-15,"266. S.O. 3632(E) [15.10.2020] Final Notification declaring Eco Sensitive Zone around Ramsagar Wildlife Sanctuary(1.55 MB), Rajasthan.",https://moef.gov.in/uploads/2020/10/ramsagar.pdf,[],19/10/2020,S.O. 3632(E),Q135741931,Ramsagar Wildlife Sanctuary,,,IUCN category IV: Habitat/Species Management Area,Rajasthan,26.5755,77.6003,,,,,,,,https://en.wikipedia.org/wiki/Ramsagar_Wildlife_Sanctuary,exact
324,Rajasthan,Ramsagar Wildlife Sanctuary,Wildlife Sanctuary,Draft,2019-12-24,"324. S.O. 4612(E) [24.12.2019] Draft Notification declaring Eco Sensitive Zone around Ramsagar Wildlife Sanctuary(1.96 MB), Rajasthan. Re-notification New",https://moef.gov.in/uploads/2019/10/ramsagar.pdf,[],30/12/2019,S.O. 4612(E),Q135741931,Ramsagar Wildlife Sanctuary,,,IUCN category IV: Habitat/Species Management Area,Rajasthan,26.5755,77.6003,,,,,,,,https://en.wikipedia.org/wiki/Ramsagar_Wildlife_Sanctuary,exact
325,Rajasthan,Sitamata Wildlife Sanctuary,Wildlife Sanctuary,Draft,2015-10-19,"325. S.O. 2871 [19.10.2015] Draft ESZ Notification onSitamata Wildlife Sanctuary(569.34 KB), Rajasthan & Map(116.36 KB)",https://moef.gov.in/uploads/2017/06/S.O.%202871%20%5B19.10.2015%5D%20Draft%20ESZ%20Notification%20on%20Sitamata%20Wildlife%20Sanctuary%2C%20Rajasthan.pdf,[],02/11/2015,S.O. 2871,,,,,,,,,,,,,,,,,none
267,Rajasthan,Sitamata Wildlife Sanctuary,Wildlife Sanctuary,Final,2017-04-17,"267. S.O. 1191(E) [17.04.2017] Final Notification Declaring Eco Sensitive Zone around Sitamata Wildlife Sanctuary(496.58 KB), Rajasthan",https://moef.gov.in/uploads/2017/06/Sitamata%20Wildlife%20Sanctuary%2C%20Rajasthan.pdf,[],01/05/2017,S.O. 1191(E),,,,,,,,,,,,,,,,,none
326,Rajasthan,,,Draft,,326.,,[],,,,,,,,,,,,,,,,,,,none
268,Rajasthan,Sitamata Wildlife Sanctuary,Wildlife Sanctuary,Final,2021-10-03,"268. S.O. 4668(E) [03.10.2021] Amendment in Notification declaring Eco Sensitive Zone around Sitamata Wildlife Sanctuary, (496.58 KB)in the State of Rajasthan.",https://moef.gov.in/uploads/2021/08/Final-Publish-Sitamata-Amendment.pdf,[],07/10/2022,S.O. 4668(E),,,,,,,,,,,,,,,,,none
327,Rajasthan,Kesarbagh Wildlife Sanctuary,Wildlife Sanctuary,Draft,2016-01-13,"327. S.O.138(E) [13.01.2016] Draft Notification declaring Eco sensitive Zone around Kesarbagh Wildlife Sanctuary(937.51 KB), Rajasthan",https://moef.gov.in/uploads/2017/06/S.O.138(E)%20%5B13.01.2016%5D%20Draft%20Notification%20declaring%20Eco%20sensitive%20Zone%20around%20Kesarbagh%20Wildlife%20Sanctuary%2C%20Rajasthan.pdf,[],24/02/2016,S.O.138(E),Q135933288,Kesarbagh Wildlife Sanctuary,,,IUCN category IV: Habitat/Species Management Area,Rajasthan,26.66,77.83,,,14.76,,,,,https://en.wikipedia.org/wiki/Kesarbagh_Wildlife_Sanctuary,exact
269,Rajasthan,Kesarbagh,Wildlife Sanctuary,Final,2020-08-28,"269. S.O. 2641(E) [ 28.08.2020] Final Notification declaring Eco Sensitive Zone around Kesarbagh Wildlife Sanctuary, Rajasthan",https://moef.gov.in/uploads/2019/02/kesarbagh.pdf,[],31/08/2020,S.O. 2641(E),Q135933288,Kesarbagh Wildlife Sanctuary,,,IUCN category IV: Habitat/Species Management Area,Rajasthan,26.66,77.83,,,14.76,,,,,https://en.wikipedia.org/wiki/Kesarbagh_Wildlife_Sanctuary,exact
327,Rajasthan,KesarbaghWildlife Sanctuary,Wildlife Sanctuary,Draft,2019-11-19,"327. S.O. 4151(E) [19.11.2019] Draft Notification declaring Eco Sensitive Zone around KesarbaghWildlife Sanctuary , Rajasthan. Re-notification New",https://moef.gov.in/uploads/2019/10/Kesarbagh.pdf,[],25/11/2019,S.O. 4151(E),,,,,,,,,,,,,,,,,none
328,Rajasthan,Mt. Abu Wildlife Sanctuary,Wildlife Sanctuary,Draft,2015-11-20,"328. S.O.3122(E) [20.11.2015] Draft Notification declaring Eco sensitive Zone around Mt. Abu Wildlife Sanctuary(502.11 KB), Rajasthan",https://moef.gov.in/uploads/2017/06/mt%20Abu%20ESZ%20WLS%20Rajasthan.pdf,[],19/04/2016,S.O.3122(E),,,,,,,,,,,,,,,,,none
270,Rajasthan,Mt. Abu Wildlife Sanctuary,Wildlife Sanctuary,Final,2020-11-11,"270. S.O.4047(E) [ 11.11.2020] Final Notification declaring Eco Sensitive Zone around Mount Abu Wildlife Sanctuary(502.11 KB), Rajasthan",https://moef.gov.in/uploads/2020/11/mount-abu.pdf,[],25/11/2020,S.O.4047(E),,,,,,,,,,,,,,,,,none
328,Rajasthan,Mt. Abu Wildlife Sanctuary,Wildlife Sanctuary,Draft,2019-06-03,"328. S.O. 1917(E) [03.06.2019] Draft Notification declaring Eco Sensitive Zone around Mount Abu Wildlife Sanctuary , Rajasthan. Re-notification New",https://moef.gov.in/uploads/2019/06/mount-abu.pdf,[],10/06/2019,S.O. 1917(E),,,,,,,,,,,,,,,,,none
329,Rajasthan,Jamwaramgarh Wildlife Sanctuary,Wildlife Sanctuary,Draft,2018-02-02,"329. S.O. 507(E) [02.02.2018] Draft Notification declaring Eco Sensitive Zone around Jamwaramgarh Wildlife Sanctuary(8.65 MB), Rajasthan.",https://moef.gov.in/uploads/2017/06/Jamwaramgarh%20Sanctuary%2C%20Rajasthan.pdf,[],05/02/2018,S.O. 507(E),,,,,,,,,,,,,,,,,none
271,Rajasthan,"Jamwaramgarh Wildlife Sanctuary, Rajasthan",Wildlife Sanctuary,Final,2018-12-18,"271. S.O. 6212(E) [18.12.2018] Final Notification declaring Eco Sensitive Zone around Jamwaramgarh Wildlife Sanctuary, Rajasthan(55 KB)",https://moef.gov.in/uploads/2019/05/jamwa-ramgarh-Final-ESZ.pdf,[],,S.O. 6212(E),,,,,,,,,,,,,,,,,none
330,Rajasthan,Mukundra hills tiger reserve Sanctuary,Tiger Reserve,Draft,2020-01-10,"330. S.O. 174(E) [10.01.2020] Draft Notification declaring Eco Sensitive Zone around Mukundra hills tiger reserve Sanctuary(22.3 KB), Rajasthan",https://moef.gov.in/uploads/2019/10/mukundra.pdf,[],13/01/2020,S.O. 174(E),,,,,,,,,,,,,,,,,none
272,Rajasthan,"Mukundra hills Tiger Reserve Sanctuary,",Tiger Reserve,Final,2020-11-25,"272. S.O.4268(E) [ 25.11.2020] Final Notification declaring Eco Sensitive Zone around Mukundra hills Tiger Reserve Sanctuary (33.22 KB), Rajasthan",https://moef.gov.in/uploads/2020/12/mukundra-1.pdf,[],01/12/2020,S.O.4268(E),,,,,,,,,,,,,,,,,none
331,Rajasthan,Kumbhalgarh Wildlife Sanctuary,Wildlife Sanctuary,Draft,2020-06-18,"331. S.O. 1960(E) [18.06.2020] Draft Notification declaring Eco Sensitive Zone around Kumbhalgarh Wildlife Sanctuary(55.55 KB), Rajasthan",https://moef.gov.in/uploads/2019/10/kumbhalgarh.pdf,[],24/06/2020,S.O. 1960(E),Q6443733,Kumbhalgarh Wildlife Sanctuary,,,IUCN category IV: Habitat/Species Management Area,Rajasthan,25.133888888,73.563055555,Udaipur,,,,,,,https://en.wikipedia.org/wiki/Kumbhalgarh_Wildlife_Sanctuary,exact
,Rajasthan,Kumbhalgarh Wildlife Sanctuary,Wildlife Sanctuary,Final,2026-01-16,"S.O. No. 238 (E)[16.01.2026] Final Notification of Eco-sensitive Zone aroundKumbhalgarh Wildlife Sanctuary(55.55 KB), Rajasthan",https://moef.gov.in/uploads/2026/02/238_Kumbhalgarh_Final.pdf,[],13/02/2026,S.O. No. 238 (E),Q6443733,Kumbhalgarh Wildlife Sanctuary,,,IUCN category IV: Habitat/Species Management Area,Rajasthan,25.133888888,73.563055555,Udaipur,,,,,,,https://en.wikipedia.org/wiki/Kumbhalgarh_Wildlife_Sanctuary,exact
332,Rajasthan,Ramgarh Vishdhari Sanctuary,Wildlife Sanctuary,Draft,2020-12-30,"332. S.O. 4777(E) [30.12.2020] Draft Notification declaring Eco Sensitive Zone around Ramgarh Vishdhari Sanctuary(123 KB), Rajasthan",https://moef.gov.in/uploads/2019/08/Ramgarh.pdf,[],06/01/2021,S.O. 4777(E),Q121754153,Ramgarh Vishdhari Wildlife Sanctuary,,,IUCN category IV: Habitat/Species Management Area,Rajasthan,25.57,75.9,,,,,,,,https://en.wikipedia.org/wiki/Ramgarh_Vishdhari_Wildlife_Sanctuary,exact
332,Rajasthan,Sariska Tiger Reserve,Tiger Reserve,Draft,2023-11-02,"332. S.O. 4766(E) [02.11.2023] Re-Draft Notification declaring Eco Sensitive Zone around Sariska Tiger Reserve(Sariska National Park and Sariska Sanctuary, (3,130 KB) in the state of RajasthanRe-notification New",https://moef.gov.in/uploads/2023/11/SO4766(E)sariska-draft.pdf,[],02/11/2021,S.O. 4766(E),Q2572177,Sariska Tiger Reserve,,http://commons.wikimedia.org/wiki/Special:FilePath/Deer%20in%20Sariska%20Reserve.jpg,IUCN category IV: Habitat/Species Management Area,Jaipur division,27.3175,76.43694444,Alwar,,219,http://www.sariska.com/,http://commons.wikimedia.org/wiki/Special:FilePath/Sariska%20Reserve%20and%20National%20Park%20banner.jpg,Sariska Tiger Reserve,9466769,https://en.wikipedia.org/wiki/Sariska_Tiger_Reserve,exact
332,Rajasthan,Tal Chapar Wildlife Sanctuary,Wildlife Sanctuary,Draft,2023-05-02,"332. S.O. No. 2000(E) [02.05.2023] Re-Draft Notification declaring Eco Sensitive Zone around Tal Chapar Wildlife Sanctuary, (3,001 KB) RajasthanRe-notification New",https://moef.gov.in/uploads/2023/11/ESZ-ReDraft-Tal-chappar-Rajasthan.pdf,[],05/12/2023,S.O. No. 2000(E),,,,,,,,,,,,,,,,,none
,Rajasthan,Tal Chhapar Wildlife Sanctuary,Wildlife Sanctuary,Final,2024-09-27,"S.O. No. 4242(E) [27.09.2024] Final Notification declaring Eco Sensitive Zone around Tal Chhapar Wildlife Sanctuary, Rajasthan (2,082 KB), Rajasthan",https://moef.gov.in/uploads/pdf/Tal_chappar_final_notification.pdf,[],01/10/2024,S.O. No. 4242(E),Q7678698,Tal Chhapar Sanctuary,,http://commons.wikimedia.org/wiki/Special:FilePath/Aquila%20rapax.jpg,IUCN category IV: Habitat/Species Management Area,Churu district,27.7981,74.4349,Chhapar,,,,,Tal Chhapar Wildlife Sanctuary,,https://en.wikipedia.org/wiki/Tal_Chhapar_Sanctuary,exact
333,Sikkim,Fambonglho Wildlife Sanctuary,Wildlife Sanctuary,Draft,2014-02-04,"333. S.O. 309 [04.02.2014] Draft ESZ Notification on Fambonglho Wildlife Sanctuary(696.36 KB), Sikkim & Map(117.9 KB)",https://moef.gov.in/uploads/2019/10/S.O.-309-04.02.2014-Draft-ESZ-Notification-on-Fambonglho-Wildlife-Sanctuary-Sikkim.pdf,[],,S.O. 309,,,,,,,,,,,,,,,,,none
273,Sikkim,Fambonglho Wildlife Sanctuary,Wildlife Sanctuary,Final,2014-08-27,273. S.O.2171 [27.08.2014] Final ESZ NotificationFambonglho Wildlife Sanctuary(518.54 KB) Sikkim,https://moef.gov.in/uploads/2017/06/S.O.2171%20%5B27.08.2014%5D%20Final%20ESZ%20Notification%20Fambonglho%20Wildlife%20Sanctuary%2C%20Sikkim.pdf,[],24/12/2022,S.O.2171,,,,,,,,,,,,,,,,,none
334,Sikkim,Khangchendzonga National Park,National Park,Draft,,"334. S.O. 304 [03.022015] Draft ESZ Notification on Khangchendzonga National Park(563 KB), Sikkim",https://moef.gov.in/uploads/2017/06/S.O.%20304%20%5B03.022015%5D%20Draft%20ESZ%20Notification%20on%20Khangchendzonga%20National%20Park%2C%20Sikkim.pdf,[],21/02/2015,S.O. 304,Q2605019,Khangchendzonga National Park,,http://commons.wikimedia.org/wiki/Special:FilePath/Abhishek532%20LamuneyValley.jpg,IUCN category II: National Park,Mangan district,27.6563,88.3123,Chungthang,World Heritage Site,114712,,,Khangchendzonga National Park,3895850,https://en.wikipedia.org/wiki/Khangchendzonga_National_Park,exact
274,Sikkim,Khangchendzonga National Park,National Park,Final,2014-08-27,"274. S.O. 2166 [27.08.2014] Final ESZ Notification on Khangchendzonga NP(669 KB), Sikkim S.O. No. 4949(E) [16.11.2023] Amendment in the Final Notification of Eco-sensitive Zone around Khangchendzenga National Park, in the state of Sikkim (1,201 KB), Sikkim",https://moef.gov.in/uploads/2017/06/S.O.%202166%20%5B27.08.2014%5D%20Final%20ESZ%20Notification%20on%20Khangchendzonga%20NP%2C%20Sikkim.pdf,[],14/10/2014 & 28/11/2023,S.O. 2166,Q2605019,Khangchendzonga National Park,,http://commons.wikimedia.org/wiki/Special:FilePath/Abhishek532%20LamuneyValley.jpg,IUCN category II: National Park,Mangan district,27.6563,88.3123,Chungthang,World Heritage Site,114712,,,Khangchendzonga National Park,3895850,https://en.wikipedia.org/wiki/Khangchendzonga_National_Park,exact
335,Sikkim,Kyongnosla Alpine Sanctuary,Wildlife Sanctuary,Draft,2014-02-04,"335. S.O. 310 [04.02.2014] Draft ESZ Notification on Kyongnosla Alpine Sanctuary770.57 KB), Sikkim & Map(146.79 KB)",https://moef.gov.in/uploads/2019/10/S.O.-310-04.02.2014-Draft-ESZ-Notification-on-Kyongnosla-Alpine-Sanctuary-Sikkim-1.pdf,[],21/02/2014,S.O. 310,Q6452052,Kyongnosla Alpine Sanctuary,,,IUCN category IV: Habitat/Species Management Area,East Sikkim district,27.377,88.741,Gangtok,,31,,,,,https://en.wikipedia.org/wiki/Kyongnosla_Alpine_Sanctuary,exact
275,Sikkim,Kyongnosla Wildlife Sanctuary,Wildlife Sanctuary,Final,2014-08-27,"275. S.O. 2168 [27.08.2014] Final ESZ Notifcation onKyongnosla Wildlife Sanctuary(728.08 KB), Sikkim S.O. No. 4748(E) [27.10.2023] Amendment in the Final Notification of Eco-sensitive Zone around Kyongnosla Alpine Wildlife Sanctuary, in the state of Sikkim (1,107 KB), Sikkim",https://moef.gov.in/uploads/2017/06/S.O.%202168%20%5B27.08.2014%5D%20Final%20ESZ%20Notifcation%20on%20Kyongnosla%20Wildlife%20Sanctuary%2C%20Sikkim.pdf,[],14/10/2014 & 27/10/2023,S.O. 2168,,,,,,,,,,,,,,,,,none
336,Sikkim,Pangolakha Wildlife Sanctuary,Wildlife Sanctuary,Draft,2014-02-06,"336. S.O. 358 [06.02.2014]Draft ESZ Notification on Pangolakha Wildlife Sanctuary(666.85 KB), Sikkim & Map(154.26 KB)",https://moef.gov.in/uploads/2019/10/S.O.-358-06.02.2014Draft-ESZ-Notification-on-Pangolakha-Wildlife-Sanctuary-Sikkim.pdf,[],21/02/2014,S.O. 358,Q16896392,Pangolakha Wildlife Sanctuary,,http://commons.wikimedia.org/wiki/Special:FilePath/Landscape%20of%20Pangolakha%20Wildlife%20Sanctuary%20East%20Sikkim%20India%2013.02.2016.jpg,IUCN category IV: Habitat/Species Management Area,East Sikkim district,27.34,88.76,Rangpo,,124,,,,,https://en.wikipedia.org/wiki/Pangolakha_Wildlife_Sanctuary,exact
276,Sikkim,Pangolakha Wildlife Sanctuary,Wildlife Sanctuary,Final,2014-08-27,"276. S.O. 2173 [27.08.2014] Final ESZ NotificationPangolakha Widllife Sanctuary(834.33 KB), Sikkim S.O. No. 3516(E) [07.08.2023] Amendment in the Final Notification of Eco-sensitive Zone around Pangolakha Wildlife Sanctuary, in the state of Sikkim (1,105 KB), Sikkim S .O. No. 100(E) [06.01.2025] Amendment in the Final Notification of Eco-sensitive Zone around Amendment in the Final Notification of Eco-sensitive Zone around Pangolakha Wildlife Sanctuary, in the state of Sikkim (711 KB), Sikkim",https://moef.gov.in/uploads/2017/06/S.O.%202173%20%5B27.08.2014%5D%20Final%20ESZ%20Notification%20Pangolakha%20Widllife%20Sanctuary%2C%20Sikkim.pdf,[],14/01/2025,S.O. 2173,Q16896392,Pangolakha Wildlife Sanctuary,,http://commons.wikimedia.org/wiki/Special:FilePath/Landscape%20of%20Pangolakha%20Wildlife%20Sanctuary%20East%20Sikkim%20India%2013.02.2016.jpg,IUCN category IV: Habitat/Species Management Area,East Sikkim district,27.34,88.76,Rangpo,,124,,,,,https://en.wikipedia.org/wiki/Pangolakha_Wildlife_Sanctuary,exact
337,Sikkim,Maenam Wildlife Sanctuary,Wildlife Sanctuary,Draft,2014-02-25,"337. S.O. 552 [25.02.2014] Draft ESZ Notification onMaenam Wildlife Sanctuary(704.34 KB), Sikkim & Map(151.82 KB)",https://moef.gov.in/uploads/2017/06/S.O.%20552%20%5B25.02.2014%5D%20Draft%20ESZ%20Notification%20on%20Maenam%20Wildlife%20Sanctuary%2C%20Sikkim.pdf,[],21/02/2014,S.O. 552,Q17051622,Maenam Wildlife Sanctuary,,,IUCN category IV: Habitat/Species Management Area,Namchi district,27.338032,88.385591,,,36.34,,,,,https://en.wikipedia.org/wiki/Maenam_Wildlife_Sanctuary,exact
277,Sikkim,Maenam Wildlife Sanctuary,Wildlife Sanctuary,Final,2014-08-27,"277. S.O. 2170 [27.08.2014] Final ESZ Notification onMaenam Wildlife Sanctuary(833.24 KB), Sikkim S.O. No. 4246(E) [26.09.2023] Amendment in the Final Notification of Eco-sensitive Zone around Maenam Wildlife Sanctuary (599 KB), in the state of Sikkim",https://moef.gov.in/uploads/2017/06/S.O.%202170%20%5B27.08.2014%5D%20Final%20ESZ%20Notification%20on%20Maenam%20Wildlife%20Sanctuary%2C%20Sikkim.pdf,[],14/10/2014,S.O. 2170,Q17051622,Maenam Wildlife Sanctuary,,,IUCN category IV: Habitat/Species Management Area,Namchi district,27.338032,88.385591,,,36.34,,,,,https://en.wikipedia.org/wiki/Maenam_Wildlife_Sanctuary,exact
338,Sikkim,Shingba Rhododendron Sanctuary,Wildlife Sanctuary,Draft,2014-02-06,"338. S.O. No. 359 [06.02.2014] Draft ESZ Notification onShingba Rhododendron Sanctuary(705.02 KB), Sikkim & Map(157.38 KB)",https://moef.gov.in/uploads/2017/06/S.O.%20No.%20359%20%5B06.02.2014%5D%20Draft%20ESZ%20Notification%20on%20Shingba%20Rhododendron%20Sanctuary%2C%20Sikkim.pdf,[],21/02/2014,S.O. No. 359,Q7497442,Shingba Rhododendron Sanctuary,,,IUCN category IV: Habitat/Species Management Area,Mangan district,27.84111111,88.73916667,Lachung,,43,,,,,https://en.wikipedia.org/wiki/Shingba_Rhododendron_Sanctuary,exact
278,Sikkim,Shingba Rhododendron Sanctuary,Wildlife Sanctuary,Final,2014-08-27,"278. S.O. 2169 [27.08.2014] Final ESZ Shingba Rhododendron Sanctuary(870.79 KB), Sikkim S.O. No. 4749(E) [27.10.2023] Amendment in the Final Notification of Eco-sensitive Zone around Shingaba Wildlife Sanctuary, in the state of Sikkim (1,106 KB), Sikkim",https://moef.gov.in/uploads/2017/06/S.O.%202169%20%5B27.08.2014%5D%20Final%20ESZ%20Shingba%20Rhododendron%20Sanctuary%2C%20Sikkim.pdf,[],14/10/2014 & 25/11/2023,S.O. 2169,Q7497442,Shingba Rhododendron Sanctuary,,,IUCN category IV: Habitat/Species Management Area,Mangan district,27.84111111,88.73916667,Lachung,,43,,,,,https://en.wikipedia.org/wiki/Shingba_Rhododendron_Sanctuary,exact
339,Sikkim,Barsey Rhododendron Sanctuary,Wildlife Sanctuary,Draft,2014-02-25,"339. S.O. 550 [25.02.2014] Draft ESZ Notification on Barsey Rhododendron Sanctuary(823.04 KB), Sikkim & Map(118.85 KB)",https://moef.gov.in/uploads/2017/06/S.O.%20550%20%5B25.02.2014%5D%20Draft%20ESZ%20Notification%20on%20Barsey%20Rhododendron%20Sanctuary%2C%20Sikkim.pdf,[],,S.O. 550,,,,,,,,,,,,,,,,,none
279,Sikkim,Barsey Rhododendron Sanctuary,Wildlife Sanctuary,Final,2014-08-27,"279. S.O. 2172 [27.08.2014] Final ESZ Notification onBarsey Rhododendron Sanctuary(612.3 KB), Sikkim S.O. No. 4245(E) [26.09.2023] Amendment in the Final Notification of Eco-sensitive Zone around Barsey Wildlife Sanctuary (917 KB), in the state of Sikkim",https://moef.gov.in/uploads/2017/06/S.O.%202172%20%5B27.08.2014%5D%20Final%20ESZ%20Notification%20on%20Barsey%20Rhododendron%20Sanctuary%2C%20Sikkim.pdf,[],14/10/2014,S.O. 2172,,,,,,,,,,,,,,,,,none
340,Sikkim,Kitam Bird Sanctuary,Bird Sanctuary,Draft,2014-02-25,"340. S.O. 551 [25.02.2014] Draft ESZ Notification on Kitam Bird Sanctuary(669.77 KB), Sikkim &Map(135.25 KB)",https://moef.gov.in/uploads/2017/06/S.O.%20551%20%5B25.02.2014%5D%20Draft%20ESZ%20Notification%20on%20Kitam%20Bird%20Sanctuary%2C%20Sikkim.pdf,[],,S.O. 551,Q106257541,Kitam bird sanctuary,,,IUCN category IV: Habitat/Species Management Area,Namchi district,27.1,88.333333333,,,6,,,,,https://en.wikipedia.org/wiki/Kitam_Bird_Sanctuary,exact
280,Sikkim,Kitam Bird Sanctuary,Bird Sanctuary,Final,2014-08-27,"280. S.O. 2167 [27.08.2014] Final ESZ Notification onKitam Bird Sanctuary(735.27 KB), Sikkim “S.O. No. 5694(E) [07.12.2022] Amendment in the Final Notification of Eco-sensitive Zone around Kitam Bird Sanctuary(797 KB), in the state of Sikkim “S .O. No. 4530(E) [15.10.2024] Amendment in the Final Notification of Eco-sensitive Zone around Kitam Bird Sanctuary(797 KB), in the state of Sikkim",https://moef.gov.in/uploads/2017/06/S.O.%202167%20%5B27.08.2014%5D%20Final%20ESZ%20Notification%20on%20Kitam%20Bird%20Sanctuary%2C%20Sikkim.pdf,[],18/10/2024,S.O. 2167,Q106257541,Kitam bird sanctuary,,,IUCN category IV: Habitat/Species Management Area,Namchi district,27.1,88.333333333,,,6,,,,,https://en.wikipedia.org/wiki/Kitam_Bird_Sanctuary,exact
341,Tamil Nadu,Chitrangudi Bird Sanctuary,Bird Sanctuary,Draft,2018-05-25,"341. S.O. 2143(E) [25.05.2018] Draft Notification declaring Eco Sensitive Zone around Chitrangudi Bird Sanctuary(7.24 MB), Tamil Nadu",https://moef.gov.in/uploads/2018/05/chitrangudi.pdf,[],31/05/2018,S.O. 2143(E),Q5102342,Chitrangudi Bird Sanctuary,,,IUCN category IV: Habitat/Species Management Area,Tamil Nadu,9.32277778,78.48666667,,,,,,,,https://en.wikipedia.org/wiki/Chitrangudi_Bird_Sanctuary,exact
281,Tamil Nadu,Chitrangudi Bird Sanctuary,Bird Sanctuary,Final,2019-06-07,"281. S.O. 1929(E) [07.06.2019] Final Notification declaring Eco Sensitive Zone around Chitrangudi Bird Sanctuary (1.96 MB),Tamil Nadu",https://moef.gov.in/uploads/2019/06/chitrangudi.pdf,[],18/06/2019,S.O. 1929(E),Q5102342,Chitrangudi Bird Sanctuary,,,IUCN category IV: Habitat/Species Management Area,Tamil Nadu,9.32277778,78.48666667,,,,,,,,https://en.wikipedia.org/wiki/Chitrangudi_Bird_Sanctuary,exact
342,Tamil Nadu,KaraivetiWildlife Sanctuary,Wildlife Sanctuary,Draft,2018-05-25,"342. S.O. 2144(E) [25.05.2018] Draft Notification declaring Eco Sensitive Zone around KaraivetiWildlife Sanctuary(7.3 MB), Tamil Nadu",https://moef.gov.in/uploads/2018/05/karaiveti_0.pdf,[],31/05/2018,S.O. 2144(E),,,,,,,,,,,,,,,,,none
282,Tamil Nadu,Karaiveti Bird Sanctuary,Bird Sanctuary,Final,2019-05-31,"282. S.O. 1909(E) [31.05.2019] Final Notification declaring Eco Sensitive Zone around Karaivetti Bird Sanctuary(1.96 MB), Tamil Nadu.",https://moef.gov.in/uploads/2018/12/karaivetti.pdf,[],07/06/2019,S.O. 1909(E),,,,,,,,,,,,,,,,,none
343,Tamil Nadu,Koonthankulam Bird Sanctuary,Bird Sanctuary,Draft,2018-06-19,"343. S.O. 2949(E) [19.06.2018] Draft Notification declaring Eco Sensitive Zone around Koonthankulam Bird Sanctuary(7.38 MB), Tamil Nadu.",https://moef.gov.in/uploads/2017/06/Koonthankulam.pdf,[],22/06/2018,S.O. 2949(E),,,,,,,,,,,,,,,,,none
283,Tamil Nadu,"Koonthankulam Bird Sanctuary,",Bird Sanctuary,Final,2019-06-07,"283. S.O. 1930(E) [07.06.2019] Final Notification declaring Eco Sensitive Zone around Koonthankulam Bird Sanctuary (1.44 MB),Tamil Nadu",https://moef.gov.in/uploads/2019/06/koonthankulam.pdf,[],18/06/2019,S.O. 1930(E),,,,,,,,,,,,,,,,,none
344,Tamil Nadu,Udayamarthandapuram Bird Sanctuary,Bird Sanctuary,Draft,2018-06-19,"344. S.O. 2948(E) [19.06.2018] Draft Notification declaring Eco Sensitive Zone around Udayamarthandapuram Bird Sanctuary(4.58 MB), Tamil Nadu.",https://moef.gov.in/uploads/2017/06/Udayamarthandapuram_Bird.pdf,[],22/06/2018,S.O. 2948(E),Q7877004,Udayamarthandapuram Bird Sanctuary,,,IUCN category IV: Habitat/Species Management Area,Tamil Nadu,10.4505,79.5545,,,,,,,,https://en.wikipedia.org/wiki/Udayamarthandapuram_Bird_Sanctuary,exact
284,Tamil Nadu,Udayamarthandapuram Bird Sanctuary,Bird Sanctuary,Final,2019-06-07,"284. S.O. 1928(E) [07.06.2019] Final Notification declaring Eco Sensitive Zone around Udayamarthandapuram Bird Sanctuary (6.96 MB),Tamil Nadu..",https://moef.gov.in/uploads/2019/06/udayamarthandapuram.pdf,[],12/06/2019,S.O. 1928(E),Q7877004,Udayamarthandapuram Bird Sanctuary,,,IUCN category IV: Habitat/Species Management Area,Tamil Nadu,10.4505,79.5545,,,,,,,,https://en.wikipedia.org/wiki/Udayamarthandapuram_Bird_Sanctuary,exact
345,Tamil Nadu,Mudumalai Tiger Reserve,Tiger Reserve,Draft,2018-06-29,"345. S.O. 3169(E) [29.06.2018] Draft Notification declaring Eco Sensitive Zone around Mudumalai Tiger Reserve(6.49 MB), Tamil Nadu.",https://moef.gov.in/uploads/2018/08/mudumalai.pdf,[],05/07/2018,S.O. 3169(E),Q2372700,Mudumalai National Park,,http://commons.wikimedia.org/wiki/Special:FilePath/Elephant%20Female%20and%20Calf%20Mudumalai%20Mar21%20DSC01384.jpg,IUCN category II: National Park,Nilgiris district,11.6,76.5,Coimbatore,,321,http://www.forests.tn.nic.in/WildBiodiversity/np_mnp.html,http://commons.wikimedia.org/wiki/Special:FilePath/Mudumalai%20National%20Park%20banner.jpg,Mudumalai National Park,,https://en.wikipedia.org/wiki/Mudumalai_National_Park,exact
285,Tamil Nadu,Mudumalai Tiger Reserve,Tiger Reserve,Final,2019-12-17,"285. S.O. 4498(E) [17.12.2019] Final Notification declaring Eco Sensitive Zone around Mudumalai Tiger Reserve(4.96 MB), Tamil Nadu",https://moef.gov.in/uploads/2019/10/mudumalai.pdf,[],23/12/2019,S.O. 4498(E),Q2372700,Mudumalai National Park,,http://commons.wikimedia.org/wiki/Special:FilePath/Elephant%20Female%20and%20Calf%20Mudumalai%20Mar21%20DSC01384.jpg,IUCN category II: National Park,Nilgiris district,11.6,76.5,Coimbatore,,321,http://www.forests.tn.nic.in/WildBiodiversity/np_mnp.html,http://commons.wikimedia.org/wiki/Special:FilePath/Mudumalai%20National%20Park%20banner.jpg,Mudumalai National Park,,https://en.wikipedia.org/wiki/Mudumalai_National_Park,exact
346,Tamil Nadu,Therthnagal Bird Sanctuary,Bird Sanctuary,Draft,2018-07-05,"346. S.O. 3262(E) [05.07.2018] Draft Notification declaring Eco Sensitive Zone around Therthnagal Bird Sanctuary(6.7 MB), Tamil Nadu.",https://moef.gov.in/uploads/2017/06/Therthnagal.pdf,[],16/07/2018,S.O. 3262(E),,,,,,,,,,,,,,,,,none
286,Tamil Nadu,Therthnagal Bird Sanctuary,Bird Sanctuary,Final,2019-12-17,"286. S.O. 4499(E) [17.12.2019] Final Notification declaring Eco Sensitive Zone around Therthnagal Bird Sanctuary(1.96 MB), Tamil Nadu.",https://moef.gov.in/uploads/2019/10/therthnagal-bird.pdf,[],23/12/2019,S.O. 4499(E),,,,,,,,,,,,,,,,,none
347,Tamil Nadu,Sakkarakottai Bird Sanctuary,Bird Sanctuary,Draft,2018-07-09,"347. S.O. 3362(E) [09.07.2018] Draft Notification declaring Eco Sensitive Zone around Sakkarakottai Bird Sanctuary(4.2 MB), Tamil Nadu.",https://moef.gov.in/uploads/2017/06/Sakkarakottai-Bird.pdf,[],16/07/2018,S.O. 3362(E),Q135622961,Sakkarakottai Bird Sanctuary,,,IUCN category IV: Habitat/Species Management Area,Tamil Nadu,9.369722222,78.866388888,,,,,,,,https://en.wikipedia.org/wiki/Sakkarakottai_Bird_Sanctuary,exact
287,Tamil Nadu,Sakkarakottai Bird Sanctuary,Bird Sanctuary,Final,2019-12-11,"287. S.O. 4440(E) [11.12.2019] Final Notification declaring Eco Sensitive Zone around Sakkarakottai Bird Sanctuary(9.96 MB), Tamil Nadu",https://moef.gov.in/uploads/2019/12/sakkarakottai-bird.pdf,[],20/12/2019,S.O. 4440(E),Q135622961,Sakkarakottai Bird Sanctuary,,,IUCN category IV: Habitat/Species Management Area,Tamil Nadu,9.369722222,78.866388888,,,,,,,,https://en.wikipedia.org/wiki/Sakkarakottai_Bird_Sanctuary,exact
348,Tamil Nadu,Srivilliputhur Grizzled Squirrel,,Draft,2018-07-09,"348. S.O. 3363(E) [09.07.2018] Draft Notification declaring Eco Sensitive Zone around Srivilliputhur Grizzled Squirrel (7 MB), Tamil Nadu.",https://moef.gov.in/uploads/2017/06/Srivilliputhur-Grizzled-Squirrel.pdf,[],19/07/2018,S.O. 3363(E),,,,,,,,,,,,,,,,,none
288,Tamil Nadu,Srivilliputhur Grizzled Squirrel Sanctuar,Wildlife Sanctuary,Final,2019-11-01,"288. S.O. 3974(E) [01.11.2019] Final Notification declaring Eco Sensitive Zone around Srivilliputhur Grizzled Squirrel Sanctuary(1.96 MB), Tamil Nadu",https://moef.gov.in/uploads/2019/10/srivilliputhur-grizzled.pdf,[],08/11/2019,S.O. 3974(E),,,,,,,,,,,,,,,,,none
349,Tamil Nadu,Kanjirankulam Bird Sanctuary,Bird Sanctuary,Draft,2018-07-13,"349. S.O. 3438(E) [13.07.2018] Draft Notification declaring Eco Sensitive Zone around Kanjirankulam Bird Sanctuary, (6.46 MB), Tamil Nadu.",https://moef.gov.in/uploads/2017/06/Kanjirankulam-Bird.pdf,[],19/07/2018,S.O. 3438(E),Q15233552,Kanjirankulam Bird Sanctuary,,,IUCN category IV: Habitat/Species Management Area,Tamil Nadu,9.33333333,78.48333333,,,,,,,,https://en.wikipedia.org/wiki/Kanjirankulam_Bird_Sanctuary,exact
289,Tamil Nadu,Kanjirankulam Bird Sanctuary,Bird Sanctuary,Final,2019-11-06,"289. S.O. 4007(E) [06.11.2019] Final Notification declaring Eco Sensitive Zone around Kanjirankulam Bird Sanctuary(1.96 MB), Tamil Nadu",https://moef.gov.in/uploads/2019/10/kanjirankulam.pdf,[],08/11/2019,S.O. 4007(E),Q15233552,Kanjirankulam Bird Sanctuary,,,IUCN category IV: Habitat/Species Management Area,Tamil Nadu,9.33333333,78.48333333,,,,,,,,https://en.wikipedia.org/wiki/Kanjirankulam_Bird_Sanctuary,exact
350,Tamil Nadu,Vallanadu Black Buck Sanctuary,Wildlife Sanctuary,Draft,2018-07-13,"350. S.O. 3440(E) [13.07.2018] Draft Notification declaring Eco Sensitive Zone around Vallanadu Black Buck Sanctuary,(3.92 MB), Tamil Nadu.",https://moef.gov.in/uploads/2017/06/Vallanadu-Blackbuck.pdf,[],19/07/2018,S.O. 3440(E),,,,,,,,,,,,,,,,,none
290,Tamil Nadu,Vallanadu Black Buck Sanctuary,Wildlife Sanctuary,Final,2019-11-11,"290. .S.O. 4075(E) [11.11.2019] Final Notification declaring Eco Sensitive Zone around Vallanadu Black Buck Sanctuary(1.88 MB), Tamil Nadu",https://moef.gov.in/uploads/2019/11/vallanadu-black-buck.pdf,[],15/11/2019,S.O. 4075(E),,,,,,,,,,,,,,,,,none
351,Tamil Nadu,Vettangudi Bird Sanctuary,Bird Sanctuary,Draft,2018-07-13,"351. S.O. 3439(E) [13.07.2018] Draft Notification declaring Eco Sensitive Zone around Vettangudi Bird Sanctuary,(4.88 MB), Tamil Nadu.",https://moef.gov.in/uploads/2017/06/Vettangudi-Bird.pdf,[],19/07/2018,S.O. 3439(E),Q7923801,Vettangudi Bird Sanctuary,,,IUCN category IV: Habitat/Species Management Area,Sivaganga district,10.112,78.51,,,,,,Vettangudi Bird Sanctuary,,https://en.wikipedia.org/wiki/Vettangudi_Bird_Sanctuary,exact
291,Tamil Nadu,Vettangudi Bird Sanctuary,Bird Sanctuary,Final,2019-12-17,"291. S.O. 4500(E) [17.12.2019] Final Notification declaring Eco Sensitive Zone around Vettangudi Bird Sanctuary (1.89 MB), Tamil Nadu.",https://moef.gov.in/uploads/2019/12/vettangudi.pdf,[],20/12/2019,S.O. 4500(E),Q7923801,Vettangudi Bird Sanctuary,,,IUCN category IV: Habitat/Species Management Area,Sivaganga district,10.112,78.51,,,,,,Vettangudi Bird Sanctuary,,https://en.wikipedia.org/wiki/Vettangudi_Bird_Sanctuary,exact
352,Tamil Nadu,Melaselvanur-Kelaselvanoor Bird Sanctuary,Bird Sanctuary,Draft,2018-07-20,"352. S.O. 3544(E) [20.07.2018] Draft Notification declaring Eco Sensitive Zone around Melaselvanur-Kelaselvanoor Bird Sanctuary,(3.52 MB) Tamil Nadu",https://moef.gov.in/uploads/2018/08/Melaselvanur-Kelaselvanoor.pdf,[],31/07/2018,S.O. 3544(E),,,,,,,,,,,,,,,,,none
292,Tamil Nadu,Melaselvanur-Kelaselvanoor Bird Sanctuary,Bird Sanctuary,Final,2019-10-10,"292. S.O. 3650(E) [10.10.2019] Final Notification declaring Eco Sensitive Zone around Melaselvanur-Kelaselvanoor Bird Sanctuary(1.74 MB), Tamil Nadu",https://moef.gov.in/uploads/2018/12/melaselvanur.pdf,[],17/10/2019,S.O. 3650(E),,,,,,,,,,,,,,,,,none
353,Tamil Nadu,Kanyakumari Sanctuary,Wildlife Sanctuary,Draft,2018-07-20,"353. S.O. 3545(E) [20.07.2018] Draft Notification declaring Eco Sensitive Zone around Kanyakumari Sanctuary,(4.51 MB), Tamil Nadu.",https://moef.gov.in/uploads/2017/06/Kanyakumari.pdf,[],02/08/2018,S.O. 3545(E),Q16979364,Kanyakumari Wildlife Sanctuary,,,,Tamil Nadu,8.3543,77.34334,,,,,,,,https://en.wikipedia.org/wiki/Kanniyakumari_Wildlife_Sanctuary,exact
293,Tamil Nadu,Kanyakumari Wildlife Sanctuary,Wildlife Sanctuary,Final,2020-09-22,"293. S.O. 3236(E) [ 22.09.2020] Final Notification declaring Eco Sensitive Zone around Kanniyakumari Wildlife Sanctuary (1.96 MB), Tamil Nadu",https://moef.gov.in/uploads/2020/09/kanyakumari.pdf,[],23/09/2020,S.O. 3236(E),Q16979364,Kanyakumari Wildlife Sanctuary,,,,Tamil Nadu,8.3543,77.34334,,,,,,,,https://en.wikipedia.org/wiki/Kanniyakumari_Wildlife_Sanctuary,exact
353,Tamil Nadu,Kanyakumari Wildlife Sanctuary,Wildlife Sanctuary,Draft,2020-02-21,"353. S.O. 795(E) [21.02.2020] Draft Notification declaring Eco Sensitive Zone around Kanyakumari Wildlife Sanctuary (1.35 MB),Tamil Nadu. Re-notification New",https://moef.gov.in/uploads/2020/02/kanyakumari-1.pdf,[],24/02/2020,S.O. 795(E),Q16979364,Kanyakumari Wildlife Sanctuary,,,,Tamil Nadu,8.3543,77.34334,,,,,,,,https://en.wikipedia.org/wiki/Kanniyakumari_Wildlife_Sanctuary,exact
354,Tamil Nadu,Gulf of Mannar National Park,National Park,Draft,2018-07-27,"354. S.O. 3688(E) [27.07.2018] Draft Notification declaring Eco Sensitive Zone around Gullf of Mannar National Park,(4.55 MB), Tamil Nadu.",https://moef.gov.in/uploads/2017/06/gulf-of-mannar.pdf,[],06/08/2018,S.O. 3688(E),Q22771835,Gulf of Mannar,,,,,8.81,78.63,,,,,,Gulf of Mannar,,,exact
294,Tamil Nadu,Gulf of Mannar National Park,National Park,Final,2020-01-01,"294. S.O. 08(E) [01.01.2020] Final Notification declaring Eco Sensitive Zone around Gulf of Mannar National Park (1.22 MB),Tamil Nadu.",https://moef.gov.in/uploads/2019/10/gulf-of-mannar.pdf,[],09/01/2019,S.O. 08(E),Q22771835,Gulf of Mannar,,,,,8.81,78.63,,,,,,Gulf of Mannar,,,exact
355,Tamil Nadu,Megamalai Sanctuary,Wildlife Sanctuary,Draft,2018-09-11,"355. S.O. 4774(E) [11.09.2018] Draft Notification declaring Eco Sensitive Zone around Megamalai Wildlife Sanctuary,(6.59 MB) Tamil Nadu.",https://moef.gov.in/uploads/2017/06/meghamalai.pdf,[],25/09/2018,S.O. 4774(E),,,,,,,,,,,,,,,,,none
295,Tamil Nadu,Megamalai Sanctuary,Wildlife Sanctuary,Final,2019-10-10,"295. S.O. 3651(E) [10.10.2019] Final Notification declaring Eco Sensitive Zone around Megamalai Sanctuary(55.96 KB), Tamil Nadu.",https://moef.gov.in/uploads/2018/12/megamalai.pdf,[],17/10/2019,S.O. 3651(E),,,,,,,,,,,,,,,,,none
356,Tamil Nadu,Gangaikondan Spotted Deer Sanctuary,Wildlife Sanctuary,Draft,2018-11-05,"356. S.O. 5645(E) [05.11.2018] Draft Notification declaring Eco Sensitive Zone around Gangaikondan Spotted Deer Sanctuary,(4.94 MB), Tamil Nadu.",https://moef.gov.in/uploads/2018/11/gngaikodan.pdf,[],13/11/2018,S.O. 5645(E),Q122363292,Gangaikondan Spotted Deer Sanctuary,,,IUCN category IV: Habitat/Species Management Area,Tamil Nadu,8.826944444,77.759444444,,,,,,,,https://en.wikipedia.org/wiki/Gangaikondan_Spotted_Deer_Sanctuary,exact
296,Tamil Nadu,Gangaikondan Spotted Deer Sanctuary,Wildlife Sanctuary,Final,2019-08-01,"296. S.O. 2773(E) [01.08.2019] Final Notification declaring Eco Sensitive Zone around Gangaikondan Spotted Deer Sanctuary(1.05 MB), Tamil Nadu.",https://moef.gov.in/uploads/2019/08/gangaikondan.pdf,[],06/08/2019,S.O. 2773(E),Q122363292,Gangaikondan Spotted Deer Sanctuary,,,IUCN category IV: Habitat/Species Management Area,Tamil Nadu,8.826944444,77.759444444,,,,,,,,https://en.wikipedia.org/wiki/Gangaikondan_Spotted_Deer_Sanctuary,exact
357,Tamil Nadu,Point Calimere Sanctuary,Wildlife Sanctuary,Draft,2018-11-05,"357. S.O. 5644(E) [05.11.2018] Draft Notification declaring Eco Sensitive Zone around Point Calimere Sanctuary, (3.06 MB) (including block B), Tamil Nadu",https://moef.gov.in/uploads/2018/11/point-calimere.pdf,[],14/11/2018,S.O. 5644(E),,,,,,,,,,,,,,,,,none
297,Tamil Nadu,Point Calimere Sanctuary (including block B,Wildlife Sanctuary,Final,2020-01-28,"297. S.O. 410(E) [28.01.2020] Final Notification declaring Eco Sensitive Zone around Point Calimere Sanctuary (including block B)(1.77 MB), Tamil Nadu",https://moef.gov.in/uploads/2019/10/point-calimere-block-B.pdf,[],11/02/2020,S.O. 410(E),,,,,,,,,,,,,,,,,none
358,Tamil Nadu,Nellai Wildlife Sanctuary,Wildlife Sanctuary,Draft,2018-11-26,"358. S.O. 5835(E) [26.11.2018] Draft Notification declaring Eco Sensitive Zone around Nellai Wildlife Sanctuary, (2.75 MB)Tamil Nadu",https://moef.gov.in/uploads/2017/06/nellai.pdf,[],29/11/2018,S.O. 5835(E),Q111181635,Nellai Wildlife Sanctuary,,,,,9.1,77.266666666,,,,,,,,https://en.wikipedia.org/wiki/Nellai_Wildlife_Sanctuary,exact
298,Tamil Nadu,Nellai Wildlife,Wildlife Sanctuary,Final,2019-08-05,"298. S.O. 2794(E) [05.08.2019] Final Notification declaring Eco Sensitive Zone around Nellai Wildlife Sanctuary(1.22 MB), Tamil Nadu",https://moef.gov.in/uploads/2019/08/nellai-1.pdf,[],13/08/2019,S.O. 2794(E),,,,,,,,,,,,,,,,,none
359,Tamil Nadu,Kodaikanal Sanctuary,Wildlife Sanctuary,Draft,2018-11-26,"359. S.O. 5834(E) [26.11.2018] Draft Notification declaring Eco Sensitive Zone around Kodaikanal Wildlife Sanctuary, (4.29 MB)Tamil Nadu",https://moef.gov.in/uploads/2017/06/kodaikanal.pdf,[],03/12/2018,S.O. 5834(E),Q131123428,Kodaikanal Wildlife Sanctuary,,http://commons.wikimedia.org/wiki/Special:FilePath/Kodaikanal%20Wildlife%20Sanctuary-Bombay%20Shola-WUS04998.jpg,IUCN category IV: Habitat/Species Management Area,Tamil Nadu,10.383333333,77.8,,,,,,Kodaikanal Wildlife Sanctuary,,https://en.wikipedia.org/wiki/Kodaikanal_Wildlife_Sanctuary,exact
299,Tamil Nadu,Kodaikanal Sanctuary,Wildlife Sanctuary,Final,2020-01-28,"299. S.O. 412(E) [28.01.2020] Final Notification declaring Eco Sensitive Zone around Kodaikanal Sanctuary(1.66 MB), Tamil Nadu.",https://moef.gov.in/uploads/2019/10/kodaikanal.pdf,[],11/02/2020,S.O. 412(E),Q131123428,Kodaikanal Wildlife Sanctuary,,http://commons.wikimedia.org/wiki/Special:FilePath/Kodaikanal%20Wildlife%20Sanctuary-Bombay%20Shola-WUS04998.jpg,IUCN category IV: Habitat/Species Management Area,Tamil Nadu,10.383333333,77.8,,,,,,Kodaikanal Wildlife Sanctuary,,https://en.wikipedia.org/wiki/Kodaikanal_Wildlife_Sanctuary,exact
360,Tamil Nadu,Vaduvoor Bird Sanctuary,Bird Sanctuary,Draft,2019-03-08,360. S.O. 1224(E) [08.03.2019] Draft Notification declaring Eco Sensitive Zone around Vaduvoor Bird Sanctuary (4.00 MB)Tamil Nadu,https://moef.gov.in/uploads/2018/12/vaduvoor.pdf,[],03/12/2018,S.O. 1224(E),Q7908370,Vaduvoor Bird Sanctuary,,http://commons.wikimedia.org/wiki/Special:FilePath/Vaduvoor%20Birds%20Sanctuary%20%2832866136858%29.jpg,IUCN category IV: Habitat/Species Management Area,Tiruvarur district,10.6989,79.3225,,,128.1,,,Vaduvoor Bird Sanctuary,,https://en.wikipedia.org/wiki/Vaduvoor_Bird_Sanctuary,exact
300,Tamil Nadu,Vaduvoor Bird Sanctuary,Bird Sanctuary,Final,2019-09-16,"300. S.O. 3306(E) [16.09.2019] Final Notification declaring Eco Sensitive Zone around Vaduvoor Bird Sanctuary(1.96 MB), Tamil Nadu.",https://moef.gov.in/uploads/2018/12/vaduvoor-1.pdf,[],23/09/2019,S.O. 3306(E),Q7908370,Vaduvoor Bird Sanctuary,,http://commons.wikimedia.org/wiki/Special:FilePath/Vaduvoor%20Birds%20Sanctuary%20%2832866136858%29.jpg,IUCN category IV: Habitat/Species Management Area,Tiruvarur district,10.6989,79.3225,,,128.1,,,Vaduvoor Bird Sanctuary,,https://en.wikipedia.org/wiki/Vaduvoor_Bird_Sanctuary,exact
361,Tamil Nadu,Oussudu Sanctuary,Wildlife Sanctuary,Draft,2019-03-08,361. S.O. 1223(E) [08.03.2019] Draft Notification declaring Eco Sensitive Zone around Oussudu Sanctuary (3.00 MB)Tamil Nadu,https://moef.gov.in/uploads/2018/12/oussudu.pdf,[],03/12/2018,S.O. 1223(E),Q125768557,Oussudu Bird Sanctuary,,,IUCN category IV: Habitat/Species Management Area,Puducherry,11.95164,79.74182,,,3.9,,,,,https://en.wikipedia.org/wiki/Oussudu_Bird_Sanctuary,exact
301,Tamil Nadu,Oussudu Sanctuary,Wildlife Sanctuary,Final,2020-02-21,"301. S.O. 794(E) [21.02.2020] Final Notification declaring Eco Sensitive Zone around Oussudu Sanctuary(4.96 MB), Tamil Nadu",https://moef.gov.in/uploads/2019/10/ossudu.pdf,[],02/03/2020,S.O. 794(E),Q125768557,Oussudu Bird Sanctuary,,,IUCN category IV: Habitat/Species Management Area,Puducherry,11.95164,79.74182,,,3.9,,,,,https://en.wikipedia.org/wiki/Oussudu_Bird_Sanctuary,exact
362,Tamil Nadu,Satyamangalam Tiger Reserve,Tiger Reserve,Draft,2019-05-31,"362. S.O. 1910(E) [31.05.2019] Draft Notification declaring Eco Sensitive Zone around Satyamangalam Tiger Reserve (1.24 MB),Tamil Nadu.",https://moef.gov.in/uploads/2019/06/satyamangalam.pdf,[],07/06/2019,S.O. 1910(E),,,,,,,,,,,,,,,,,none
302,Tamil Nadu,Satyamangalam Tiger Reserve,Tiger Reserve,Final,2021-02-19,"302. S.O.788(E) [19.02.2021] Final Notification declaring Eco Sensitive Zone around Satyamangalam Tiger Reserve (5.96 MB),Tamil Nadu.",https://moef.gov.in/uploads/2021/02/satyamangalam.pdf,[],22/02/2021,S.O.788(E),,,,,,,,,,,,,,,,,none
363,Tamil Nadu,Cuvery North Sanctuary,Wildlife Sanctuary,Draft,2019-06-11,"363. S.O. 1943(E) [11.06.2019] Draft Notification declaring Eco Sensitive Zone around Cuvery North Santuary(1.32 MB), Tamil Nadu",https://moef.gov.in/uploads/2019/06/cuvery-north.pdf,[],18/06/2019,S.O. 1943(E),,,,,,,,,,,,,,,,,none
303,Tamil Nadu,Cuvery North Sanctuary,Wildlife Sanctuary,Final,2020-01-01,"303. S.O. 7(E) [01.01.2020] Final Notification declaring Eco Sensitive Zone around Cuvery North Sanctuary(1.24 MB), Tamil Nadu",https://moef.gov.in/uploads/2019/10/cauvery-north.pdf,[],13/01/2020,S.O. 7(E),,,,,,,,,,,,,,,,,none
364,Tamil Nadu,Point Calimere Sanctuary,Wildlife Sanctuary,Draft,2019-07-03,"364. S.O. 2321(E) [03.07.2019] Draft Notification declaring Eco Sensitive Zone around Point Calimere Santuary (Including Block A)(7.96 MB), Tamil Nadu.",https://moef.gov.in/uploads/2018/12/point-calimer.pdf,[],08/07/2019,S.O. 2321(E),,,,,,,,,,,,,,,,,none
304,Tamil Nadu,Point Calimere Sanctuary (including block A),Wildlife Sanctuary,Final,2020-01-28,"304. S.O. 411(E) [28.01.2020] Final Notification declaring Eco Sensitive Zone around Point Calimere Sanctuary (including block A)(1.55 MB), Tamil Nadu",https://moef.gov.in/uploads/2019/10/point-calimer-block-A.pdf,[],11/02/2020,S.O. 411(E),,,,,,,,,,,,,,,,,none
365,Tamil Nadu,Vellode Bird Santuary,Bird Sanctuary,Draft,2019-09-23,"365. S.O. 3434(E) [23.09.2019] Draft Notification declaring Eco Sensitive Zone around Vellode Bird Santuary (1.23 MB),Tamil Nadu.",https://moef.gov.in/uploads/2018/12/vellod.pdf,[],27/09/2019,S.O. 3434(E),,,,,,,,,,,,,,,,,none
305,Tamil Nadu,Vellode Bird Sanctuary,Bird Sanctuary,Final,2020-05-22,"305. S.O. 1615(E) [ 22.05.2020] Final Notification declaring Eco Sensitive Zone around Vellode Bird Sanctuary(1.44 MB), Tamil Nadu.",https://moef.gov.in/uploads/2019/10/vellod.pdf,[],27/05/2020,S.O. 1615(E),,,,,,,,,,,,,,,,,none
366,Telangana,Pakhal Wildlife Sanctuary,Wildlife Sanctuary,Draft,2015-06-01,"366. S.O. 1450 [01.06.2015] Draft ESZ Notification on Pakhal Wildlife Sanctuary(10.28 MB), Telangana & Map(144.68 KB)",https://moef.gov.in/uploads/2017/06/S.O.%201450%20%5B01.06.2015%5D%20Draft%20ESZ%20Notification%20on%20Pakhal%20Wildlife%20Sanctuary%2C%20Telangana.pdf,[],29/07/2015,S.O. 1450,Q120756030,Pakhal Wildlife Sanctuary,,,IUCN category IV: Habitat/Species Management Area,Telangana,17.916666666,80.1,,,,,,,,https://en.wikipedia.org/wiki/Pakhal_Wildlife_Sanctuary,exact
306,Telangana,Pakhal Wildlife Sanctuary,Wildlife Sanctuary,Final,2016-11-30,"306. S.O. 3596 (E) [30.11.2016] Final Notification declaring Eco Sensitive Zone around Pakhal Wildlife Sanctuary,(2.05 MB) Telangana",https://moef.gov.in/uploads/2017/06/Pakhal%20Wildlife%20Sanctuary%2C%20Telangana%20FINAL12.06-012-2016pdf.pdf,[],06/12/2016,S.O. 3596 (E),Q120756030,Pakhal Wildlife Sanctuary,,,IUCN category IV: Habitat/Species Management Area,Telangana,17.916666666,80.1,,,,,,,,https://en.wikipedia.org/wiki/Pakhal_Wildlife_Sanctuary,exact
367,Telangana,Eturnagaram Wildlife Sanctuary,Wildlife Sanctuary,Draft,2015-07-27,"367. S.O. 2046 [27.07.2015] Draft ESZ Notification on Eturnagaram Wildlife Sanctuary(16.14 MB), Telangana & Map(775.62 KB)",https://moef.gov.in/uploads/2017/06/S.O.%202046%20%5B27.07.2015%5D%20Draft%20ESZ%20Notification%20on%20Eturnagaram%20Wildlife%20Sanctuary%2C%20Telangana.pdf,[],10/09/2015,S.O. 2046,Q5405090,Eturnagaram Wildlife Sanctuary,,,IUCN category IV: Habitat/Species Management Area,Andhra Pradesh,18.341,80.33,Warangal,,,,,,,https://en.wikipedia.org/wiki/Eturnagaram_Wildlife_Sanctuary,exact
368,Telangana,ranahita (Blackbuck) Widlife Sanctuar,Wildlife Sanctuary,Draft,2014-11-17,"368. S.O. 2926 [17.11.2014] Draft ESZ Notification ofPranahita (Blackbuck) Widlife Sanctuary(5.02 MB), Telangana & Map(121.7 KB)",https://moef.gov.in/uploads/2017/06/S.O.%202926%20%5B17.11.2014%5D%20Draft%20ESZ%20Notification%20of%20Paranhita%20(Blackbuck)%20Widlife%20Sanctuary%2C%20Telangana.pdf,[],02/01/2015,S.O. 2926,,,,,,,,,,,,,,,,,none
369,Telangana,Mrugvani National Park,National Park,Draft,2015-08-04,"369. S.O.2117 [04.08.2015] Draft ESZ Notification on Mrugvani National Park(12.67 MB), Telangana & Map(792.77 KB)",https://moef.gov.in/uploads/2017/06/S.O.2117%20%5B04.08.2015%5D%20Draft%20ESZ%20Notification%20on%20Mrugvani%20National%20Park%2C%20Telangana.pdf,[],10/09/2015,S.O.2117,,,,,,,,,,,,,,,,,none
370,Telangana,Manjeera Crocodile Sanctuary,Wildlife Sanctuary,Draft,2015-11-10,"370. S.O. No. 3029 [10.11.2015] Manjeera Crocodile Sanctuary(780.84 KB), Telangana & Map(207.68 KB)",https://moef.gov.in/uploads/2017/06/S.O.%20No.%203029%20%5B10.11.2015%5D%20Manjeera%20Crocodile%20Sanctuary%2C%20A.P..pdf,[],,S.O. No. 3029,,,,,,,,,,,,,,,,,none
307,Telangana,Manjeera Wildlife Sanctuary,Wildlife Sanctuary,Final,2017-05-05,"307. S.O. 1432 (E) [05.05.2017] Final Notification declaring Eco sensitive Zone around Manjeera Wildlife Sanctuary,(1.97 MB) Telangana/di",https://moef.gov.in/uploads/2017/06/Manjeera%20Wildlife%20Sanctuary%20%2C%20Telangana(1).pdf,[],11/05/2017,S.O. 1432 (E),,,,,,,,,,,,,,,,,none
371,Telangana,Pocharam Wildlife Sanctuary,Wildlife Sanctuary,Draft,2015-11-23,371. SO 3223(E)[23.11.2015] Draft notification declaring Eco-sensitive Zone around the Pocharam Wildlife Sanctuary (4.04 MB)in the state of Telangana,https://moef.gov.in/uploads/2017/06/SO%203223(E)%5B23.11.2015%5D%20Draft%20notification%20declaring%20Eco-sensitive%20Zone%20around%20the%20Pocharam%20Wildlife%20Sanctuary%20in%20the%20state%20of%20Telangana.pdf,[],09/12/2015,SO 3223(E),Q7206319,Pocharam Wildlife Sanctuary,,http://commons.wikimedia.org/wiki/Special:FilePath/A%20view%20from%20Pocharam%20Lake%20with%20Herons%2C%20Egrets%2C%20Openbills%20etc%20W%20IMG%209727.jpg,IUCN category IV: Habitat/Species Management Area,,18.125,78.2,Medak,,,http://forest.ap.nic.in/WL%20POCHARAM.htm,,Pocharam Wildlife Sanctuary,,https://en.wikipedia.org/wiki/Pocharam_Wildlife_Sanctuary,exact
308,Telangana,Pocharam Wildlife Sanctuary,Wildlife Sanctuary,Final,2017-05-26,"308. S.O. 1699 (E) [26.05.2017] Final Notification declaring Eco-sensitive Zone around Pocharam Wildlife Sanctuary,(4.06 MB) Telangana S .O. No. 4548(E) [16.10.2024] Amendment in the Final Notification of Eco-sensitive Zone around Pocharam Wildlife Sanctuary,(1.74 MB) Telangana",https://moef.gov.in/uploads/2017/06/Pocharam%20Wildlife%20Sanctuary%2C%20Telangana.pdf,[],23/10/2024,S.O. 1699 (E),Q7206319,Pocharam Wildlife Sanctuary,,http://commons.wikimedia.org/wiki/Special:FilePath/A%20view%20from%20Pocharam%20Lake%20with%20Herons%2C%20Egrets%2C%20Openbills%20etc%20W%20IMG%209727.jpg,IUCN category IV: Habitat/Species Management Area,,18.125,78.2,Medak,,,http://forest.ap.nic.in/WL%20POCHARAM.htm,,Pocharam Wildlife Sanctuary,,https://en.wikipedia.org/wiki/Pocharam_Wildlife_Sanctuary,exact
372,Telangana,Kesu Brahmananda Reddy,National Park,Draft,2015-12-18,372. SO 3496(E)[18.12.2015] Draft notification declaring Eco-sensitive Zone around the Kesu Brhamanand National Park(1.03 MB) in the state of Telangana.,https://moef.gov.in/uploads/2017/06/SO%203496(E)%5B18.12.2015%5D%20Draft%20notification%20declaring%20Eco-sensitive%20Zone%20around%20the%20Kesu%20Brhamanand%20National%20Park%20%20in%20the%20state%20of%20Telangana..pdf,[],31/12/2015,SO 3496(E),,,,,,,,,,,,,,,,,none
309,Telangana,Kesu Brahmananda Reddy,National Park,Final,2020-10-27,"309. S.O. 3879(E) [ 27.10.2020] Final Notification declaring Eco Sensitive Zone around Kesu Brahmananda Reddy National Park(5.96 MB), Telangana.",https://moef.gov.in/uploads/2019/02/kesu-bramahanand.pdf,[],02/11/2020,S.O. 3879(E),,,,,,,,,,,,,,,,,none
372,Telangana,"Kesu Brahmananda Reddy National Park,",National Park,Draft,2018-11-05,"372. S.O. 5646(E) [05.11.2018] Draft Notification declaring Eco Sensitive Zone around Kesu Brahmananda Reddy National Park,(2.11 MB), Telangana Re-Notification New.",https://moef.gov.in/uploads/2018/11/kesu-brahmananda.pdf,[],15/11/2018,S.O. 5646(E),,,,,,,,,,,,,,,,,none
373,Telangana,Mahavir Harina vanasthali National park,National Park,Draft,2015-11-23,373. SO 3229(E)[23.11.2015] Draft notification declaring Eco-sensitive Zone around the Mahavir Harina vanasthali National park (272.29 KB)in the state of Telangana,https://moef.gov.in/uploads/2017/06/SO%203229(E)%5B23.11.2015%5D%20Draft%20notification%20declaring%20Eco-sensitive%20Zone%20around%20the%20Mahavir%20Harina%20vanasthali%20National%20park%20in%20the%20state%20of%20Telangana.pdf,[],09/12/2015,SO 3229(E),Q3092314,Mahavir Harina Vanasthali National Park,,http://commons.wikimedia.org/wiki/Special:FilePath/Common%20Hawk%20Cuckoo%20%28Cuculus%20varius%29%20in%20Hyderabad%20W%20IMG%207381.jpg,IUCN category II: National Park,Hyderabad district,17.34,78.58583333,Hyderabad,,,,,Mahavir Harina Vanasthali National Park,,https://en.wikipedia.org/wiki/Mahavir_Harina_Vanasthali_National_Park,exact
310,Telangana,Mahavir Harina Vanasthali National Park,National Park,Final,2017-05-26,"310. S.O. 1698 (E) [26.05.2017] Final Notification declaring Eco-sensitive Zone around Mahavir Harina Vanasthali National Park(2.76 MB), Telangana",https://moef.gov.in/uploads/2017/06/Mahavir%20Harina%20Vanasthali%20National%20Park%2C%20Telangana.pdf,[],01/06/2017,S.O. 1698 (E),Q3092314,Mahavir Harina Vanasthali National Park,,http://commons.wikimedia.org/wiki/Special:FilePath/Common%20Hawk%20Cuckoo%20%28Cuculus%20varius%29%20in%20Hyderabad%20W%20IMG%207381.jpg,IUCN category II: National Park,Hyderabad district,17.34,78.58583333,Hyderabad,,,,,Mahavir Harina Vanasthali National Park,,https://en.wikipedia.org/wiki/Mahavir_Harina_Vanasthali_National_Park,exact
374,Telangana,Kinnerasani Wildlife Sanctuary,Wildlife Sanctuary,Draft,2016-08-05,"374. S.O. 2629(E) [05.08.2016] Draft notification declaring Eco Sensitive Zone around Kinnerasani Wildlife Sanctuary(876.29 KB), Telangana",https://moef.gov.in/uploads/2017/06/Kinnerasani%20Wildlife%20Sanctuary%2C%20Telangana.pdf,[],22/08/2016,S.O. 2629(E),Q6414074,Kinnerasani Wildlife Sanctuary,,http://commons.wikimedia.org/wiki/Special:FilePath/View%20from%20a%20dam%20in%20Kinnarsani%20WS%2C%20AP%20W%20IMG%205776.jpg,IUCN category IV: Habitat/Species Management Area,,17.775,80.559,Bhadrachalam,,,,,Kinnerasani Wildlife Sanctuary,,https://en.wikipedia.org/wiki/Kinnerasani_Wildlife_Sanctuary,exact
311,Telangana,Kinnerasani Wildlife Sanctuary,Wildlife Sanctuary,Final,2017-09-01,"311. S.O. 2859 [01.09.2017] Final Notification declaring Eco Sensitive Zone around Kinnerasani Wildlife Sanctuary(2.95 MB), Telangana",https://moef.gov.in/uploads/2017/06/Kinnerasani%20Wildlife%20Sanctuary%20Telangana%20Final.pdf,[],11/09/2017,S.O. 2859,Q6414074,Kinnerasani Wildlife Sanctuary,,http://commons.wikimedia.org/wiki/Special:FilePath/View%20from%20a%20dam%20in%20Kinnarsani%20WS%2C%20AP%20W%20IMG%205776.jpg,IUCN category IV: Habitat/Species Management Area,,17.775,80.559,Bhadrachalam,,,,,Kinnerasani Wildlife Sanctuary,,https://en.wikipedia.org/wiki/Kinnerasani_Wildlife_Sanctuary,exact
375,Telangana,Kawal Tiger Reserve,Tiger Reserve,Draft,2018-03-13,"375. S.O. 1122(E) [13.03.2018] Draft Notification declaring Eco Sensitive Zone around Kawal Tiger Reserve(8.01 MB), Telangana",https://moef.gov.in/uploads/2018/05/kawal.pdf,[],16/03/2018,S.O. 1122(E),Q6379588,Kawal Wildlife Sanctuary,,,IUCN category IV: Habitat/Species Management Area,Jannaram mandal,19.1188949,78.9989734,,,2015.44,,,Kawal Wildlife Sanctuary,,https://en.wikipedia.org/wiki/Kawal_Wildlife_Sanctuary,exact
376,Telangana,Amrabad Tiger Reserve,Tiger Reserve,Draft,2018-03-13,"376. S.O. 1123(E) [13.03.2018] Draft Notification declaring Eco Sensitive Zone around Amrabad Tiger Reserve(6.57 MB), Telangana",https://moef.gov.in/uploads/2018/05/amarabad.pdf,[],19/03/2018,S.O. 1123(E),Q127499823,Amrabad Tiger Reserve,,http://commons.wikimedia.org/wiki/Special:FilePath/Amrabad%20Tiger%20Reserve%20entrance%2C%20Telangana.jpg,,Telangana,16.3557,78.8335,,,,,,,,,exact
377,Telangana,Siwaram Crocodile Sanctuary,Wildlife Sanctuary,Draft,2018-05-25,"377. S.O. 2145(E) [25.05.2018] Draft Notification declaring Eco Sensitive Zone around Siwaram Crocodile Sanctuary(4.24 MB), Telangana",https://moef.gov.in/uploads/2017/06/siwaram.pdf,[],22/06/2018,S.O. 2145(E),,,,,,,,,,,,,,,,,none
378,Tripura,Rowa Wildlife Sanctuary,Wildlife Sanctuary,Draft,2015-11-26,378. SO 3230(E)[26.11.2015] Draft notification declaring Eco-sensitive Zone around the Rowa Wildlife Sanctuary (446 KB)in the state of Tripura & Map(128.72 KB),https://moef.gov.in/uploads/2019/10/SO-3230E26.11.2015-Draft-notification-declaring-Eco-sensitive-Zone-around-the-Rowa-Wildlife-Sanctuary-in-the-state-of-Tripura.pdf,[],,SO 3230(E),Q7371766,Rowa Wildlife Sanctuary,,,IUCN category IV: Habitat/Species Management Area,North Tripura District,24.29,92.17,,,,,,,,https://en.wikipedia.org/wiki/Rowa_Wildlife_Sanctuary,exact
312,Tripura,Rowa Wildlife Sanctuary,Wildlife Sanctuary,Final,2017-05-15,"312. S.O. 1566 (E) [15.05.2017] Final Notification Declaring Eco Sensitive Zone around Rowa Wildlife Sanctuary(1.78 MB), Tripura",https://moef.gov.in/uploads/2017/06/Rowa%20Wildlife%20Sanctuary%2C%20Tripura_0.pdf,[],23/05/2017,S.O. 1566 (E),Q7371766,Rowa Wildlife Sanctuary,,,IUCN category IV: Habitat/Species Management Area,North Tripura District,24.29,92.17,,,,,,,,https://en.wikipedia.org/wiki/Rowa_Wildlife_Sanctuary,exact
379,Tripura,Gumuti Wildlife Sanctuary,Wildlife Sanctuary,Draft,2015-11-27,"379. SO 3238(E)[27.11.2015] Draft notification declaring Eco-sensitive Zone around the Gumuti Wildlife Sanctuary(878.35 KB), in the state of tripura.",https://moef.gov.in/uploads/2019/10/SO-3238E27.11.2015-Draft-notification-declaring-Eco-sensitive-Zone-around-the-Gumuti-Wildlife-Sanctuary-in-the-state-of-tripura..pdf,[],30/12/2015,SO 3238(E),,,,,,,,,,,,,,,,,none
313,Tripura,Gumuti Wildlife Sanctuary,Wildlife Sanctuary,Final,2019-11-11,"313. S.O. 4076(E) [11.11.2019] Final Notification declaring Eco Sensitive Zone around Gumuti Wildlife Sanctuary, Tripura.(445 KB)",https://moef.gov.in/uploads/2019/11/gumuti.pdf,[],15/11/2019,S.O. 4076(E),,,,,,,,,,,,,,,,,none
379,Tripura,Gumuti Wildlife Sanctuary,Wildlife Sanctuary,Draft,2018-05-31,379. S.O. 2201(E) [31.05.2018] Draft Notification declaring Eco Sensitive Zone around Gumuti Wildlife Sanctuary(3.2 MB) Re-Notification New.,https://moef.gov.in/uploads/2018/06/gumti.pdf,[],07/06/2018,S.O. 2201(E),,,,,,,,,,,,,,,,,none
380,Tripura,Trishna Wildlife Sanctuary,Wildlife Sanctuary,Draft,2018-09-11,"380. S.O. 4776(E) [11.09.2018] Draft Notification declaring Eco Sensitive Zone around Trishna Wildlife Sanctuary,(2.84 MB), Tripura.",https://moef.gov.in/uploads/2018/11/trishna.pdf,[],25/09/2018,S.O. 4776(E),Q7844042,Trishna Wildlife Sanctuary,,,IUCN category IV: Habitat/Species Management Area,Tripura,23.421666666,91.313055555,,,,,,,,https://en.wikipedia.org/wiki/Trishna_Wildlife_Sanctuary,exact
314,Tripura,Trishna Wildlife Sanctuary,Wildlife Sanctuary,Final,2019-11-11,"314. S.O. 4077(E) [11.11.2019] Final Notification declaring Eco Sensitive Zone around Trishna Wildlife Sanctuary, Tripura(1.96 MB)",https://moef.gov.in/uploads/2019/11/trishna.pdf,[],15/11/2019,S.O. 4077(E),Q7844042,Trishna Wildlife Sanctuary,,,IUCN category IV: Habitat/Species Management Area,Tripura,23.421666666,91.313055555,,,,,,,,https://en.wikipedia.org/wiki/Trishna_Wildlife_Sanctuary,exact
381,Tripura,Sepahijala Wildlife Sanctuary,Wildlife Sanctuary,Draft,2020-07-24,"381. S.O. 2437(E) [24.07.2020] Draft Notification declaring Eco Sensitive Zone around Sepahijala Wildlife Sanctuary(1.96 KB), Tripura.",https://moef.gov.in/uploads/2019/10/spehajila.pdf,[],28/07/2020,S.O. 2437(E),Q7525566,Sepahijala Wildlife Sanctuary,,,IUCN category IV: Habitat/Species Management Area,Sepahijala district,23.664444444,91.311666666,,,18.533,,,Sepahijala Wildlife Sanctuary,,https://en.wikipedia.org/wiki/Sepahijala_Wildlife_Sanctuary,exact
315,Tripura,Sepahijala Wildlife Sanctuary,National Park,Final,2021-02-19,315. S.O.789(E) [19.02.2021] Final Notification declaring Eco Sensitive Zone around Sepahijala Wildlife Sanctuary included clouded leopard national park(1.44 MB) Tripura.,https://moef.gov.in/uploads/2021/02/sephajila.pdf,[],22/02/2021,S.O.789(E),Q7525566,Sepahijala Wildlife Sanctuary,,,IUCN category IV: Habitat/Species Management Area,Sepahijala district,23.664444444,91.311666666,,,18.533,,,Sepahijala Wildlife Sanctuary,,https://en.wikipedia.org/wiki/Sepahijala_Wildlife_Sanctuary,exact
382,Uttarakhand,valley of flowers Wildlife Sanctuary,Wildlife Sanctuary,Draft,2015-11-27,382. SO 3235(E)[27.11.2015] Draft notification declaring Eco-sensitive Zone around the valley of flowers Wildlife Sanctuary (1.59 MB)in the state of Uttarakhand & Map(198.88 KB),https://moef.gov.in/uploads/2017/06/SO%203235(E)%5B27.11.2015%5D%20Draft%20notification%20declaring%20Eco-sensitive%20Zone%20around%20the%20valley%20of%20flowers%20Wildlife%20Sanctuary%20%20in%20the%20state%20of%20Uttarakhand.pdf,[],,SO 3235(E),Q605897,Valley of Flowers National Park,Nanda Devi and Valley of Flowers National Parks,http://commons.wikimedia.org/wiki/Special:FilePath/%22Flowers%20Blossom%20at%20Valley%20of%20Flowers%20Chamoli%2C%20India%22%2058.jpg,IUCN category II: National Park,Uttarakhand,30.73,79.6175,Rishikesh,World Heritage Site,71.783,https://uttarakhandtourism.gov.in/destination/valley-of-flowers/,http://commons.wikimedia.org/wiki/Special:FilePath/Valley%20of%20Flower%20banner.jpg,Valley of Flowers National Park,,https://en.wikipedia.org/wiki/Valley_of_Flowers_National_Park,exact
383,Uttarakhand,"Nandhaur Wildlife Sanctuary, Uttarakhand.",Wildlife Sanctuary,Draft,2016-01-07,383. SO 73(E)[07.01.2016] Draft notification declaring Eco-sensitive Zone around the Nandhaur Wildlife Sanctuary(594.48 KB) in the state of Uttarakhand,https://moef.gov.in/uploads/2017/06/SO%2073(E)%5B07.01.2016%5D%20Draft%20notification%20declaring%20Eco-sensitive%20Zone%20around%20the%20Nandhaur%20Wildlife%20Sanctuary%20in%20the%20state%20of%20Uttarakhand.pdf,[],18/01/2016,SO 73(E),,,,,,,,,,,,,,,,,none
316,Uttarakhand,"Nandhaur Wildlife Sanctuary, Uttarakhand.",Wildlife Sanctuary,Final,2020-12-24,"316. S.O.4695(E) [ 24.12.2020] Final Notification declaring Eco Sensitive Zone around Nandhaur Wildlife Sanctuary, Uttarakhand.(594.48 KB) in the state of Uttarakhand",https://moef.gov.in/uploads/2020/12/nandhaur.pdf,[],28/12/2020,S.O.4695(E),,,,,,,,,,,,,,,,,none
383,Uttarakhand,Nandhaur Wildlife Sanctuary,Wildlife Sanctuary,Draft,2020-05-22,"383. S.O. 1616(E) [22.05.2020] Draft Notification declaring Eco Sensitive Zone around Nandhaur Wildlife Sanctuary(1.89 MB), Uttarakhand Re-Notification New",https://moef.gov.in/uploads/2019/10/nandhaur.pdf,[],27/05/2020,S.O. 1616(E),Q6963221,Nandhaur Wildlife Sanctuary,,,IUCN category IV: Habitat/Species Management Area,Uttarakhand,29.033333333,79.8,,,,,,,,https://en.wikipedia.org/wiki/Nandhaur_Wildlife_Sanctuary,exact
383,Uttarakhand,"Nandhar WLS,",Wildlife Sanctuary,Draft,2017-12-14,"383. S.O. 3882(E) [14.12.2017] Draft Notification declaring Eco Sensitive Zone around Nandhar WLS, (2.25 MB)Uttarakhand. Re-notification New",https://moef.gov.in/uploads/2017/06/Nandhar_0.pdf,[],18/12/2017,S.O. 3882(E),,,,,,,,,,,,,,,,,none
384,Uttarakhand,Nanda Devi National Park,National Park,Draft,2017-11-22,"384. S.O. 3711(E) [22.11.2017] Draft Notification declaring Eco Sensitive Zone around Nandadevi National Park, Uttarakhand.(2.15 MB)",https://moef.gov.in/uploads/2017/06/nanda%20devi.pdf,[],29/11/2017,S.O. 3711(E),Q1648266,Nanda Devi National Park,Nanda Devi and Valley of Flowers National Parks,http://commons.wikimedia.org/wiki/Special:FilePath/Nanda%20Devi.jpg,IUCN category II: National Park,Chamoli district,30.418611111,79.849722222,,World Heritage Site,624.6,,http://commons.wikimedia.org/wiki/Special:FilePath/Nanda%20Devi%20National%20Park.jpg,Nanda Devi National Park,,https://en.wikipedia.org/wiki/Nanda_Devi_National_Park,exact
317,Uttarakhand,Nanda Devi National Park,National Park,Final,2018-10-04,"317. S.O. 5136(E) [04.10.2018] Final Notification declaring Eco Sensitive Zone around Nanda Devi National Park,(2.17 MB) Uttarakhand.",https://moef.gov.in/uploads/2018/11/nanda-devi_0.pdf,[],11/10/2018,S.O. 5136(E),Q1648266,Nanda Devi National Park,Nanda Devi and Valley of Flowers National Parks,http://commons.wikimedia.org/wiki/Special:FilePath/Nanda%20Devi.jpg,IUCN category II: National Park,Chamoli district,30.418611111,79.849722222,,World Heritage Site,624.6,,http://commons.wikimedia.org/wiki/Special:FilePath/Nanda%20Devi%20National%20Park.jpg,Nanda Devi National Park,,https://en.wikipedia.org/wiki/Nanda_Devi_National_Park,exact
385,Uttarakhand,Kedarnath Musk Deer Sanctuary,Wildlife Sanctuary,Draft,2017-12-14,"385. S.O. 3880(E) [14.12.2017] Draft Notification declaring Eco Sensitive Zone around Kedarnath Musk Deer Sanctuary(2.93 MB), Uttarakhand.",https://moef.gov.in/uploads/2017/06/kedarnath_0.pdf,[],18/12/2017,S.O. 3880(E),,,,,,,,,,,,,,,,,none
386,Uttarakhand,Gangotri National Park,National Park,Draft,2018-04-16,"386. S.O. 1727(E) [16.04.2018] Draft Notification declaring Eco Sensitive Zone around Gangotri National Park ,(3.41 MB), Uttarakhand.",https://moef.gov.in/uploads/2018/05/gangotri.pdf,[],01/05/2018,S.O. 1727(E),Q2281202,Gangotri National Park,,http://commons.wikimedia.org/wiki/Special:FilePath/Gomukha%20gangotri.jpg,IUCN category II: National Park,,31.088194444,79.1455,Uttarkashi,,,,,Gangotri National Park,,https://en.wikipedia.org/wiki/Gangotri_National_Park,exact
318,Uttarakhand,Gangotri National Park,National Park,Final,2019-06-07,"318. S.O. 1927(E) [07.06.2019] Final Notification declaring Eco Sensitive Zone around Gangotri National Park (1.96 MB), Uttarakhand",https://moef.gov.in/uploads/2019/06/gangotri.pdf,[],12/06/2019,S.O. 1927(E),Q2281202,Gangotri National Park,,http://commons.wikimedia.org/wiki/Special:FilePath/Gomukha%20gangotri.jpg,IUCN category II: National Park,,31.088194444,79.1455,Uttarkashi,,,,,Gangotri National Park,,https://en.wikipedia.org/wiki/Gangotri_National_Park,exact
387,Uttarakhand,Rajaji National Park,National Park,Draft,2018-05-22,"387. S.O. 2031(E) [22.05.2018] Draft Notification declaring Eco Sensitive Zone around Rajaji National Park ,(3.41 MB), Uttarakhand.",https://moef.gov.in/uploads/2019/10/rajaji-1.pdf,[],25/05/2018,S.O. 2031(E),Q181933,Rajaji National Park,,http://commons.wikimedia.org/wiki/Special:FilePath/Safari%20at%20Rajaji%20National%20Park%20%28Haridwar%29.jpg,IUCN category II: National Park,Uttarakhand,30.08333333,78.03333333,Haridwar,,800,,,Rajaji National Park,,https://en.wikipedia.org/wiki/Rajaji_National_Park,exact
388,Uttarakhand,Binsar Wildlife Sanctuary,Wildlife Sanctuary,Draft,2018-12-05,"388. S.O. 6035(E) [05.12.2018] Draft Notification declaring Eco Sensitive Zone around Binsar Wildlife Sanctuary,(1.74 MB), Uttarakhand.",https://moef.gov.in/uploads/2018/12/binsar.pdf,[],17/12/2018,S.O. 6035(E),Q3635045,Binsar Wildlife Sanctuary,,http://commons.wikimedia.org/wiki/Special:FilePath/Binsar%20Oak%20Forests.JPG,IUCN category IV: Habitat/Species Management Area,,29.63222222,79.3375,Almora,,,,http://commons.wikimedia.org/wiki/Special:FilePath/Binsar%20Banner%20Wikivoyage.jpg,Binsar Wildlife Sanctuary,,https://en.wikipedia.org/wiki/Binsar_Wildlife_Sanctuary,exact
319,Uttarakhand,Binsar Wildlife Sanctuary,Wildlife Sanctuary,Final,2021-09-21,"319. S.O.3921(E) [21.09.2021] Final Notification declaring Eco Sensitive Zone around Binsar Wildlife Sanctuary(4.00 MB), Uttarakhand.",https://moef.gov.in/uploads/2020/08/binsar.pdf,[],27/09/2021,S.O.3921(E),Q3635045,Binsar Wildlife Sanctuary,,http://commons.wikimedia.org/wiki/Special:FilePath/Binsar%20Oak%20Forests.JPG,IUCN category IV: Habitat/Species Management Area,,29.63222222,79.3375,Almora,,,,http://commons.wikimedia.org/wiki/Special:FilePath/Binsar%20Banner%20Wikivoyage.jpg,Binsar Wildlife Sanctuary,,https://en.wikipedia.org/wiki/Binsar_Wildlife_Sanctuary,exact
389,Uttarakhand,Askot Sanctuary,Wildlife Sanctuary,Draft,2019-01-30,"389. S.O. 548(E) [30.01.2019] Draft Notification declaring Eco Sensitive Zone around Askot Sanctuary,(2.00 MB), Uttarakhand.",https://moef.gov.in/uploads/2018/12/askot.pdf,[],06/02/2018,S.O. 548(E),,,,,,,,,,,,,,,,,none
320,Uttarakhand,"Askot Wildlife Sanctuary, Uttarakhand.",Wildlife Sanctuary,Final,2021-12-02,"320. S.O.4929(E) [02.12.2021] Final Notification declaring Eco Sensitive Zone around Askot Wildlife Sanctuary, Uttarakhand.(594.48 KB) in the state of Uttarakhand",https://moef.gov.in/uploads/2021/12/askot-1.pdf,[],10/12/2021,S.O.4929(E),,,,,,,,,,,,,,,,,none
390,Uttar Pradesh,Okhla Bird Sanctuary,Bird Sanctuary,Draft,2014-09-24,"390. S.O. 2499 [24.09.2014] Draft ESZ Notifcation on Okhla Bird Sanctuary(993.74 KB), Uttar Pradesh & Map(118.84 KB)",https://moef.gov.in/uploads/2017/06/S.O.%202499%20%5B24.09.2014%5D%20Draft%20ESZ%20Notifcation%20on%20Okhla%20Bird%20Sanctuary%2C%20Uttar%20Pradesh_0.pdf,[],14/10/2014,S.O. 2499,Q7081968,Okhla Sanctuary,,http://commons.wikimedia.org/wiki/Special:FilePath/Okhla%20bird%20sanctuary%20Entrance.jpeg,IUCN category IV: Habitat/Species Management Area,Uttar Pradesh,28.565,77.303,Noida,,,,,Okhla Bird Sanctuary,,https://en.wikipedia.org/wiki/Okhla_Sanctuary,exact
321,Uttar Pradesh,Okhla Bird Sanctuary,Bird Sanctuary,Final,,321. S.O. 2262 (E) [19-08-2015] Final ESZ Notification on Okhla Bird Sanctuary (11.21 MB)(Uttar Pradesh-Delhi),https://moef.gov.in/uploads/2017/06/S.O.%202262%20(E)%20%5B19-08-2015%5D%20Final%20ESZ%20Notification%20on%20Okhla%20Bird%20Sanctuary%20(Uttar%20Pradesh-Delhi).pdf,[],20/08/2015,S.O. 2262 (E),Q7081968,Okhla Sanctuary,,http://commons.wikimedia.org/wiki/Special:FilePath/Okhla%20bird%20sanctuary%20Entrance.jpeg,IUCN category IV: Habitat/Species Management Area,Uttar Pradesh,28.565,77.303,Noida,,,,,Okhla Bird Sanctuary,,https://en.wikipedia.org/wiki/Okhla_Sanctuary,exact
391,Uttar Pradesh,"Kaimur WLS, Mirzapur-SonbhadraESZ Notification",Wildlife Sanctuary,Draft,2015-09-22,"391. S.O. 2601 [22.09.2015] Kaimur WLS, Mirzapur-SonbhadraESZ Notification(7.71 MB), Uttar Pradesh & Map(212.07 KB)",https://moef.gov.in/uploads/2017/06/S.O.%202601%20%5B22.09.2015%5D%20Kaimur%20WLS%2C%20Mirzapur-SonbhadraESZ%20Notification%2C%20Uttar%20Pradesh.pdf,[],,S.O. 2601,,,,,,,,,,,,,,,,,none
322,Uttar Pradesh,Kaimur Wild Life Sanctuary,Wildlife Sanctuary,Final,2017-03-20,"322. S.O. 891 (E) [20.03.2017] Final Notification declaring Eco Sensitive Zone around Kaimur Wild Life Sanctuary,(1.53 MB) Uttar Pradesh.",https://moef.gov.in/uploads/2017/06/Kaimur%20Wild%20Life%20Sanctuary%2C%20Uttar%20Pradesh.pdf,[],23/03/2017,S.O. 891 (E),Q15232550,Kaimur Wildlife Sanctuary,,,IUCN category IV: Habitat/Species Management Area,Kaimur district,25.05,83.5,,,1342,,,,,https://en.wikipedia.org/wiki/Kaimur_Wildlife_Sanctuary,exact
392,Uttar Pradesh,Bhakira Wild Life Sanctuary,Bird Sanctuary,Draft,2015-12-22,392. SO 3493(E)[22.12.2015] Draft notification declaring Eco-sensitive Zone around the Bhakira Bird Sanctuary Park (700.96 KB)in the state of Uttar Pradesh.,https://moef.gov.in/uploads/2017/06/SO%203493(E)%5B22.12.2015%5D%20Draft%20notification%20declaring%20Eco-sensitive%20Zone%20around%20the%20Bhakira%20Bird%20Sanctuary%20%20Park%20%20in%20the%20state%20of%20Uttar%20Pradesh..pdf,[],31/12/2015,SO 3493(E),,,,,,,,,,,,,,,,,none
323,Uttar Pradesh,Bhakira Wild Life Sanctuary,Wildlife Sanctuary,Final,2019-01-01,"323. S.O. 06(E) [01.01.2019] Final Notification declaring Eco Sensitive Zone around Bhakira Wild Life Sanctuary,(5.00 MB) Uttar Pradesh.",https://moef.gov.in/uploads/2019/01/Bakhira.pdf,[],17/01/2019,S.O. 06(E),,,,,,,,,,,,,,,,,none
392,Uttar Pradesh,"Bakhira WLS, Uttar Pradesh",Wildlife Sanctuary,Draft,2018-01-30,"392. S.O. 431(E) [30.01.2018] Draft Notification declaring Eco Sensitive Zone around Bakhira WLS, Uttar Pradesh(5.91 MB). Re-notification New",https://moef.gov.in/uploads/2017/06/bakihra.pdf,[],09/02/2018,S.O. 431(E),,,,,,,,,,,,,,,,,none
393,Uttar Pradesh,Lakh Bahosi Bird Sanctuary Park,Bird Sanctuary,Draft,2015-12-22,393. SO 3498(E)[22.12.2015] Draft notification declaring Eco-sensitive Zone around the Lakh Bahosi Bird Sanctuary Park(1.4 MB) in the state of Uttar Pradesh & Map(121.59 KB),https://moef.gov.in/uploads/2017/06/SO%203498(E)%5B22.12.2015%5D%20Draft%20notification%20declaring%20Eco-sensitive%20Zone%20around%20the%20Lakh%20Bahosi%20Bird%20Sanctuary%20%20Park%20%20in%20the%20state%20of%20Uttar%20Pradesh..pdf,[],31/12/2015,SO 3498(E),Q6479478,Lakh Bahosi Sanctuary,,,IUCN category IV: Habitat/Species Management Area,Uttar Pradesh,26.911,79.641,,,,,,,,https://en.wikipedia.org/wiki/Lakh_Bahosi_Sanctuary,fuzzy
324,Uttar Pradesh,Lakh Bahosi Bird Sanctuary,Bird Sanctuary,Final,2019-08-30,"324. S.O. 3152(E) [30.08.2019] Final Notification declaring Eco Sensitive Zone around Lakh Bahosi Bird Sanctuary (1.85 MB), Uttar Pradesh",https://moef.gov.in/uploads/2018/12/Lakh-bhaosi.pdf,[],02/09/2019,S.O. 3152(E),Q6479478,Lakh Bahosi Sanctuary,,,IUCN category IV: Habitat/Species Management Area,Uttar Pradesh,26.911,79.641,,,,,,,,https://en.wikipedia.org/wiki/Lakh_Bahosi_Sanctuary,exact
394,Uttar Pradesh,Sandi Bird Sanctuary,Bird Sanctuary,Draft,2016-01-20,394. S.O.249(E) [20.01.2016] Draft Notification declaring Eco Sensitive Zone around the Sandi Bird Sanctuary(632.8 KB) in the state of Uttar Pradesh,https://moef.gov.in/uploads/2017/06/S.O.249(E)%20%5B20.01.2016%5D%20Draft%20Notification%20declaring%20Eco%20Sensitive%20Zone%20around%20the%20Sandi%20Bird%20Sanctuary%20in%20the%20state%20of%20Uttar%20Pradesh.pdf,[],24/02/2016,S.O.249(E),Q7416307,Sandi Bird Sanctuary,,,IUCN category IV: Habitat/Species Management Area,Uttar Pradesh,27.25,79.916669444,Hardoi,,,,,,,https://en.wikipedia.org/wiki/Sandi_Bird_Sanctuary,exact
325,Uttar Pradesh,Sandi Bird Sanctuary,Bird Sanctuary,Final,2019-08-01,"325. S.O. 2776(E) [01.08.2019] Final Notification declaring Eco Sensitive Zone around Sandi Bird Sanctuary(1.96 MB), Uttar Pradesh.",https://moef.gov.in/uploads/2018/12/sandi-bird1.pdf,[],05/08/2019,S.O. 2776(E),Q7416307,Sandi Bird Sanctuary,,,IUCN category IV: Habitat/Species Management Area,Uttar Pradesh,27.25,79.916669444,Hardoi,,,,,,,https://en.wikipedia.org/wiki/Sandi_Bird_Sanctuary,exact
395,Uttar Pradesh,Nawabganj (saheed Chandra Shekhar Azad)Bird,Bird Sanctuary,Draft,2016-01-20,"395. S.O. 248(E) [20.01.2016] Draft Notification declaring Eco sensitive Zone around Nawabganj Bird Sanctuary(920.43 KB), Uttar Pradesh",https://moef.gov.in/uploads/2017/06/S.O.%20248(E)%20%5B20.01.2016%5D%20Draft%20Notification%20declaring%20Eco%20sensitive%20Zone%20around%20Nawabganj%20Bird%20Sanctuary%2C%20Uttar%20Pradesh.pdf,[],24/02/2016,S.O. 248(E),,,,,,,,,,,,,,,,,none
326,Uttar Pradesh,Nawabganj (saheed Chandra Shekhar Azad)Bird,Bird Sanctuary,Final,2019-08-30,"326. S.O. 3153(E) [30.08.2019] Final Notification declaring Eco Sensitive Zone around Nawabganj (saheed Chandra Shekhar Azad Bird Sanctuary)(6.96 MB) , Utttar Pradesh",https://moef.gov.in/uploads/2018/12/nawabganj.pdf,[],06/09/2019,S.O. 3153(E),,,,,,,,,,,,,,,,,none
396,Uttar Pradesh,Samaspur Wildlife Sanctuary,Bird Sanctuary,Draft,2016-01-18,"396. S.O. 253(E) [18.01.2016] Draft Notification declaring Eco sensitive Zone around Samaspur Bird Sanctuary(1.3 MB), Uttar Pradesh",https://moef.gov.in/uploads/2017/06/S.O.%20253(E)%20%5B18.01.2016%5D%20Draft%20Notification%20declaring%20Eco%20sensitive%20Zone%20around%20Samaspur%20Bird%20Sanctuary%2C%20Uttar%20Pradesh.pdf,[],25/02/2016,S.O. 253(E),Q7408881,Samaspur Sanctuary,,,IUCN category IV: Habitat/Species Management Area,Uttar Pradesh,25.995833333,81.391666666,,,,,,,,https://en.wikipedia.org/wiki/Samaspur_Bird_Sanctuary,exact
327,Uttar Pradesh,Samaspur Wildlife Sanctuary,Wildlife Sanctuary,Final,2019-09-27,"327. S.O. 3529(E) [27.09.2019] Final Notification declaring Eco Sensitive Zone around Samaspur Wildlife Sanctuary (7.96 MB),Uttar Pradesh.",https://moef.gov.in/uploads/2018/12/samaspur-1.pdf,[],04/10/2019,S.O. 3529(E),Q7408881,Samaspur Sanctuary,,,IUCN category IV: Habitat/Species Management Area,Uttar Pradesh,25.995833333,81.391666666,,,,,,,,https://en.wikipedia.org/wiki/Samaspur_Bird_Sanctuary,exact
396,Uttar Pradesh,Samaspur Bird Sanctuary,Bird Sanctuary,Draft,2018-12-21,"396. S.O. 6229(E) [21.12.2018] Draft Notification declaring Eco Sensitive Zone around Samaspur Bird Sanctuary(1.00 MB), Uttar Pradesh Re-notification New",https://moef.gov.in/uploads/2018/12/samaspur.pdf,[],01/01/2019,S.O. 6229(E),Q7408881,Samaspur Sanctuary,,,IUCN category IV: Habitat/Species Management Area,Uttar Pradesh,25.995833333,81.391666666,,,,,,,,https://en.wikipedia.org/wiki/Samaspur_Bird_Sanctuary,exact
397,Uttar Pradesh,Ranipur Wildlife Sanctuary,Wildlife Sanctuary,Draft,2016-06-03,"397. S.O. 1974(E) [03.06.2016] Draft Notification declaring Eco Sensitive Zone around Ranipur Wildlife Sanctuary(931.35 KB), Uttar Pradesh",https://moef.gov.in/uploads/2017/06/Ranipur%20Wildlife%20Sanctuary%2C%20UP.pdf,[],09/06/2016,S.O. 1974(E),Q7293072,Ranipur  Wildlife Sanctuary,,,IUCN category IV: Habitat/Species Management Area,Uttar Pradesh,24.968,81.064,,,,,,,,https://en.wikipedia.org/wiki/Ranipur_Wildlife_Sanctuary,exact
328,Uttar Pradesh,Ranipur Wildlife Sanctuary,Wildlife Sanctuary,Final,2017-11-10,"328. S.O. 3573(E) [10.11.2017] Final Notification declaring Eco Sensitive Zone around Ranipur Wildlife Sanctuary(2.43 MB), Uttar Pradesh.",https://moef.gov.in/uploads/2017/06/ranipur.pdf,[],15/11/2017,S.O. 3573(E),Q7293072,Ranipur  Wildlife Sanctuary,,,IUCN category IV: Habitat/Species Management Area,Uttar Pradesh,24.968,81.064,,,,,,,,https://en.wikipedia.org/wiki/Ranipur_Wildlife_Sanctuary,exact
398,Uttar Pradesh,Saman Bird Sanctuary,Bird Sanctuary,Draft,2016-06-03,"398. S.O.1973(E) [03.06.2016] Draft Notification declaring Eco Sensitive Zone around Saman Bird Sanctuary(1.49 MB), Uttar Pradesh",https://moef.gov.in/uploads/2017/06/Saman%20Bird%20Sanctuary%2C%20UP.pdf,[],09/06/2016,S.O.1973(E),Q7408557,Saman Bird Sanctuary,,,IUCN category IV: Habitat/Species Management Area,Mainpuri district,27,79.166666666,,,,,,,,https://en.wikipedia.org/wiki/Saman_Bird_Sanctuary,exact
329,Uttar Pradesh,Saman Bird Sanctuary,Bird Sanctuary,Final,2017-11-22,"329. S.O. 3709(E) [22.11.2017] Final Notification declaring Eco Sensitive Zone around Saman Bird Sanctuary(3.83 MB), Uttar Pradesh.",https://moef.gov.in/uploads/2017/06/saman%20bird%20fnal.pdf,[],29/11/2017,S.O. 3709(E),Q7408557,Saman Bird Sanctuary,,,IUCN category IV: Habitat/Species Management Area,Mainpuri district,27,79.166666666,,,,,,,,https://en.wikipedia.org/wiki/Saman_Bird_Sanctuary,exact
399,Uttar Pradesh,Parwati Arga Wildlife Sanctuary,Bird Sanctuary,Draft,2016-06-03,"399. S.O. 1968(E) [03.06.2016] Draft Notification declaring Eco Sensitive Zone around Parvati Arga Bird Sanctuary(801.04 KB), Uttar Pradesh",https://moef.gov.in/uploads/2017/06/Parvati%20Arga%20Bird%20Sanctuary%2C%20UP.pdf,[],13/06/2016,S.O. 1968(E),,,,,,,,,,,,,,,,,none
330,Uttar Pradesh,Parwati Arga Wildlife Sanctuary,Wildlife Sanctuary,Final,2017-11-29,"330. S.O. 3775(E) [29.11.2017] Final Notification declaring Eco Sensitive Zone around Parwati Arga Wildlife Sanctuary(2.21 MB), Uttar Pradesh.",https://moef.gov.in/uploads/2017/06/parvati%20arga.pdf,[],30/11/2017,S.O. 3775(E),,,,,,,,,,,,,,,,,none
400,Uttar Pradesh,Sohagi Barwa Wildlife Sanctuary,Wildlife Sanctuary,Draft,2016-06-15,"400. S.O. 2115(E) [15.06.2016] Draft Notification declaring Eco Sensitive Zone around Sohagibarwa Wildlife Sanctuary(1.19 MB), Uttar Pradesh",https://moef.gov.in/uploads/2017/06/Sohagibarwa%20Wildlife%20Sanctuary%2C%20UP.pdf,[],22/06/2016,S.O. 2115(E),Q7554593,Sohagi Barwa Wildlife Sanctuary,,,IUCN category IV: Habitat/Species Management Area,Maharajganj district,27.31,83.56,,,,,,,,https://en.wikipedia.org/wiki/Sohagi_Barwa_Wildlife_Sanctuary,exact
331,Uttar Pradesh,Sohagi Barwa Wildlife Sanctuary,Wildlife Sanctuary,Final,2017-11-29,"331. S.O. 3776(E) [29.11.2017] Final Notification declaring Eco Sensitive Zone around Sohagi Barwa Wildlife Sanctuary(2.53 MB), Uttar Pradesh",https://moef.gov.in/uploads/2017/06/sohagi.pdf,[],13/12/2017,S.O. 3776(E),Q7554593,Sohagi Barwa Wildlife Sanctuary,,,IUCN category IV: Habitat/Species Management Area,Maharajganj district,27.31,83.56,,,,,,,,https://en.wikipedia.org/wiki/Sohagi_Barwa_Wildlife_Sanctuary,exact
401,Uttar Pradesh,Sohelwa Wild Life Sanctuary,Wildlife Sanctuary,Draft,2017-07-20,"401. S.O. 2275 (E) [20.07.2017] Draft Notification Declaring Eco Sensitive Zone around Sohelwa Wild Life Sanctuary,(2.19 MB) Uttar Pradesh",https://moef.gov.in/uploads/2017/06/Sohelwa%20Wild%20Life%20Sanctuary%2C%20U.P..pdf,[],26/07/2017,S.O. 2275 (E),,,,,,,,,,,,,,,,,none
402,Uttar Pradesh,Chandraprbha Wildlife Sanctuary,Wildlife Sanctuary,Draft,2018-01-15,"402. S.O. 230(E) [15.01.2018] Draft Notification declaring Eco Sensitive Zone around Chandraprabha Wildlife Sanctuary(4.01 MB) , Uttar Pradesh.",https://moef.gov.in/uploads/2017/06/chandraprabha.pdf,[],25/01/2017,S.O. 230(E),,,,,,,,,,,,,,,,,none
332,Uttar Pradesh,Chandraprbha Wildlife Sanctuary,Wildlife Sanctuary,Final,2019-01-08,"332. S.O. 110(E) [08.01.2019] Final Notification declaring Eco Sensitive Zone around Chandraprbha Wildlife Sanctuary(3.158 MB), Uttar Pradesh",https://moef.gov.in/uploads/2017/06/chandraprabha_0.pdf,[],14/01/2019,S.O. 110(E),,,,,,,,,,,,,,,,,none
403,Uttar Pradesh,Jai Prakash Narayan (Surahatal) Bird Sanctuary,Bird Sanctuary,Draft,2018-01-31,"403. S.O. 480(E) [31.01.2018] Draft Notification declaring Eco Sensitive Zone around Jai Prakash Narayan (Surahatal)(3.94 MB), BS, Uttar Pradesh.",https://moef.gov.in/uploads/2017/06/jai%20prakash.pdf,[],09/02/2018,S.O. 480(E),,,,,,,,,,,,,,,,,none
333,Uttar Pradesh,Jai Prakash Narayan (Surahatal) Bird Sanctuary,Bird Sanctuary,Final,2019-03-11,"333. S.O. 1315(E) [11.03.2019] Final Notification declaring Eco Sensitive Zone around Jai Prakash Narayan (Surahatal) Bird Sanctuary(3.158 MB), Uttar Pradesh",https://moef.gov.in/uploads/2018/12/jai-prakash-narayan.pdf,[],15/03/2019,S.O. 1315(E),,,,,,,,,,,,,,,,,none
404,Uttar Pradesh,Patna Bird Sanctuary,Bird Sanctuary,Draft,2018-01-31,"404. S.O. 479(E) [31.01.2018] Draft Notification declaring Eco Sensitive Zone around Patna Bird Sanctuary(2.19 MB), Uttar Pradesh.",https://moef.gov.in/uploads/2017/06/patna%20bird.pdf,[],09/02/2018,S.O. 479(E),Q17082192,Patna Bird Sanctuary,,http://commons.wikimedia.org/wiki/Special:FilePath/Patna%20Bird%20sanctury.jpg,IUCN category IV: Habitat/Species Management Area,Uttar Pradesh,27.518055555,78.280555555,,,,,,,,https://en.wikipedia.org/wiki/Patna_Bird_Sanctuary,exact
334,Uttar Pradesh,Patna Bird Sanctuary,Bird Sanctuary,Final,2018-09-11,"334. S.O. 4773(E) [11.09.2018] Final Notification declaring Eco Sensitive Zone around Patna Bird Sanctuary,(2.67 MB), Uttar Pradesh.",https://moef.gov.in/uploads/2017/06/patna.pdf,[],25/09/2018,S.O. 4773(E),Q17082192,Patna Bird Sanctuary,,http://commons.wikimedia.org/wiki/Special:FilePath/Patna%20Bird%20sanctury.jpg,IUCN category IV: Habitat/Species Management Area,Uttar Pradesh,27.518055555,78.280555555,,,,,,,,https://en.wikipedia.org/wiki/Patna_Bird_Sanctuary,exact
405,Uttar Pradesh,Hastinapur Wildlife Sanctuary,Wildlife Sanctuary,Draft,2018-02-02,"405. S.O. 505(E) [02.02.2018] Draft Notification declaring Eco Sensitive Zone around Hastinapur Wildlife Sanctuary,(2.23 MB) Uttar Pradesh.",https://moef.gov.in/uploads/2017/06/hastinapur.pdf,[],12/02/2018,S.O. 505(E),Q5680205,Hastinapur Sanctuary,,http://commons.wikimedia.org/wiki/Special:FilePath/Migratory%20Birds%20At%20Hastinapur.jpg,IUCN category IV: Habitat/Species Management Area,Uttar Pradesh,29.166666666,78.1,,,,,,,,https://en.wikipedia.org/wiki/Hastinapur_Wildlife_Sanctuary,exact
335,Uttar Pradesh,Hastinapur Wildlife Sanctuary,Wildlife Sanctuary,Final,2018-09-19,"335. S.O. 4890(E) [19.09.2018] Final Notification declaring Eco Sensitive Zone around Hastinapur Wildlife Sanctuary,(2.62 MB), Uttar Pradesh.",https://moef.gov.in/uploads/2018/11/Hastinapur.pdf,[],12/02/2018,S.O. 4890(E),Q5680205,Hastinapur Sanctuary,,http://commons.wikimedia.org/wiki/Special:FilePath/Migratory%20Birds%20At%20Hastinapur.jpg,IUCN category IV: Habitat/Species Management Area,Uttar Pradesh,29.166666666,78.1,,,,,,,,https://en.wikipedia.org/wiki/Hastinapur_Wildlife_Sanctuary,exact
406,Uttar Pradesh,National Chambal,National Park,Draft,2018-04-16,"406. S.O. 1653(E) [16.04.2018] Draft Notification declaring Eco Sensitive Zone around National Chambal,(1.74 MB),Uttar Pradesh.",https://moef.gov.in/uploads/2018/05/national-chambal.pdf,[],01/05/2018,S.O. 1653(E),Q6971439,National Chambal Sanctuary,,http://commons.wikimedia.org/wiki/Special:FilePath/Chambal%20river%20near%20Dhaulpur%2C%20India.jpg,IUCN category IV: Habitat/Species Management Area,Morena district,26.768333333,78.644444444,Morena,,,,,,,https://en.wikipedia.org/wiki/National_Chambal_Sanctuary,exact
336,Uttar Pradesh,National Chambal Wildlife Sanctuary,National Park,Final,2020-06-10,"336. S.O. 1876(E) [ 10.06.2020] Final Notification declaring Eco Sensitive Zone around National Chambal Wildlife Sanctuary(1.85 MB), Uttar Pradesh.",https://moef.gov.in/uploads/2019/10/national-chambal-1.pdf,[],15/06/2020,S.O. 1876(E),Q6971439,National Chambal Sanctuary,,http://commons.wikimedia.org/wiki/Special:FilePath/Chambal%20river%20near%20Dhaulpur%2C%20India.jpg,IUCN category IV: Habitat/Species Management Area,Morena district,26.768333333,78.644444444,Morena,,,,,,,https://en.wikipedia.org/wiki/National_Chambal_Sanctuary,exact
407,Uttar Pradesh,Vijay Sagar Bird Sanctuary,Bird Sanctuary,Draft,2018-04-16,"407. S.O. 1652(E) [16.04.2018] Draft Notification declaring Eco Sensitive Zone around Vijay Sagar Bird Sanctuary,(1.25 MB),Uttar Pradesh.",https://moef.gov.in/uploads/2018/05/vijay-sagar.pdf,[],01/05/2018,S.O. 1652(E),,,,,,,,,,,,,,,,,none
337,Uttar Pradesh,Vijay Sagar Bird Sanctuary,Bird Sanctuary,Final,2019-10-10,"337. S.O. 3655(E) [10.10.2019] Final Notification declaring Eco Sensitive Zone around Vijay Sagar Bird Sanctuary(5.96 MB), Uttar Pradesh",https://moef.gov.in/uploads/2018/12/vijay-sagar.pdf,[],17/10/2019,S.O. 3655(E),,,,,,,,,,,,,,,,,none
408,Uttar Pradesh,Soor Sarovar bird Sanctuary,Bird Sanctuary,Draft,2018-04-24,"408. S.O. 1728(E) [24.04.2018] Draft Notification declaring Eco Sensitive Zone aroundSoor Sarovar Bird Sanctuary,(2.23 MB) Uttar Pradesh.",https://moef.gov.in/uploads/2018/05/soor-sarovar.pdf,[],01/05/2018,S.O. 1728(E),,,,,,,,,,,,,,,,,none
338,Uttar Pradesh,Soor Sarovar bird Sanctuary,Bird Sanctuary,Final,2019-10-10,"338. S.O. 3649(E) [10.10.2019] Final Notification declaring Eco Sensitive Zone around Soor Sarovar bird Sanctuary(7.96 MB), Uttar Pradesh.",https://moef.gov.in/uploads/2018/12/soor-sarovar.pdf,[],16/10/2019,S.O. 3649(E),,,,,,,,,,,,,,,,,none
409,Uttar Pradesh,Mahavir Swami Sanctuary,Wildlife Sanctuary,Draft,2019-06-03,"409. S.O. 1916(E) [03.06.2019] Draft Notification declaring Eco Sensitive Zone around Mahavir Swami Sanctuary(1.25 MB), Uttar Pradesh.",https://moef.gov.in/uploads/2019/06/mahavir-swami.pdf,[],10/06/2019,S.O. 1916(E),Q6733577,Mahavir Swami Sanctuary,,,IUCN category IV: Habitat/Species Management Area,Uttar Pradesh,24.52,78.25,,,,,,,,https://en.wikipedia.org/wiki/Mahavir_Swami_Wildlife_Sanctuary,exact
339,Uttar Pradesh,"Mahavir Swami Sanctuary, Uttar Pradesh",Wildlife Sanctuary,Final,2020-10-27,"339. S.O.3878(E) [ 27.10.2020] Final Notification declaring Eco Sensitive Zone around Mahavir Swami Sanctuary, Uttar Pradesh.(1.96 MB),Uttar Pradesh.",https://moef.gov.in/uploads/2019/02/mahavir-swami.pdf,[],02/11/2020,S.O.3878(E),,,,,,,,,,,,,,,,,none
410,West Bengal,Jaldapara National Park,National Park,Draft,2016-03-29,"410. S.O.1247(E) [29.03.2016] Draft Notification declaring Eco sensitive Zone around Jaldapara National Park(1.45 MB), West Bengal",https://moef.gov.in/uploads/2017/06/Jaldapara%20National%20Park%2C%20WB.pdf,[],11/04/2016,S.O.1247(E),Q3350362,Jaldapara National Park,,http://commons.wikimedia.org/wiki/Special:FilePath/Elephant%20safari.jpg,IUCN category II: National Park,,26.628611,89.3775,Madarihat,,,http://jaldapara.in/,http://commons.wikimedia.org/wiki/Special:FilePath/Jaldapara%20banner%20Rhinoceros.jpg,Jaldapara National Park,,https://en.wikipedia.org/wiki/Jaldapara_National_Park,exact
340,West Bengal,Jaldapara National Park,National Park,Final,2017-08-22,"340. S.O. 2734 [22.08.2017] Final Notification declaring Eco Sensitive Zone around Jaldapara National Park,(3.48 MB) West Bengal S.O. No. 401 (E)[28.01.2026] Final Notification of Eco-sensitive Zone around Jaldapara National Park,(2.91 MB) West Bengal",https://moef.gov.in/uploads/2017/06/Jaldapara%20National%20Park%2C%20West%20Bengal.pdf,[],13/02/2026,S.O. 2734,Q3350362,Jaldapara National Park,,http://commons.wikimedia.org/wiki/Special:FilePath/Elephant%20safari.jpg,IUCN category II: National Park,,26.628611,89.3775,Madarihat,,,http://jaldapara.in/,http://commons.wikimedia.org/wiki/Special:FilePath/Jaldapara%20banner%20Rhinoceros.jpg,Jaldapara National Park,,https://en.wikipedia.org/wiki/Jaldapara_National_Park,exact
411,West Bengal,Neora Valley National Park,National Park,Draft,2016-10-26,"411. S. O. 3312 [26.10.2016] Draft Notification declaring Eco Sensitive Zone around Neora Valley NP,(1.68 MB)West Bengal",https://moef.gov.in/uploads/2017/06/Neora%20Valley%20National%20Park%2C%20West%20Bengal.pdf,[],02/11/2016,S. O. 3312,Q2985788,Neora Valley National Park,,http://commons.wikimedia.org/wiki/Special:FilePath/Neora%20valley1.png,IUCN category II: National Park,,27.06,88.7,Kalimpong,Tentative World Heritage Site,,,,Neora Valley National Park,,https://en.wikipedia.org/wiki/Neora_Valley_National_Park,exact
341,West Bengal,Neora Valley National Park,National Park,Final,2017-09-12,"341. S.O. 2994 (E) [12.09.2017] Final Notification declaring Eco Sensitive Zone around Neora Valley National Park(6.7 MB), West Bengal S.O. No. 4500(E) [14.10.2024] Amendment in the Final Notification of Eco-sensitive Zone around Neora Valley National Park(1.74 MB), West Bengal",https://moef.gov.in/uploads/2017/06/Neora%20Valley%20National%20Park%20West%20Bengal%20Final.pdf,[],23/10/2024,S.O. 2994 (E),Q2985788,Neora Valley National Park,,http://commons.wikimedia.org/wiki/Special:FilePath/Neora%20valley1.png,IUCN category II: National Park,,27.06,88.7,Kalimpong,Tentative World Heritage Site,,,,Neora Valley National Park,,https://en.wikipedia.org/wiki/Neora_Valley_National_Park,exact
412,West Bengal,Singalila National Park,National Park,Draft,2017-01-10,"412. S. O. 67 (E) [10.01.2017] Draft Notification declaring Eco Sensitive Zone around Singalila National Park, (1.43 MB)West Bengal",https://moef.gov.in/uploads/2017/06/Singalila%20National%20Park%2C%20West%20Bengal.pdf,[],13/01/2017,S. O. 67 (E),Q2985193,Singalila National Park,,http://commons.wikimedia.org/wiki/Special:FilePath/Singalila%20national%20park.jpg,IUCN category II: National Park,Darjeeling district,27.11666667,88.06666667,Manebhanjyang,Important Bird Area; national park,78.6,,http://commons.wikimedia.org/wiki/Special:FilePath/Singalila%20national%20park%20%28cropped%29.jpg,Singalila National Park,,https://en.wikipedia.org/wiki/Singalila_National_Park,exact
342,West Bengal,Singalila National Park,National Park,Final,2017-11-17,"342. S.O. 3613(E) [17.11.2017] Final Notification declaring Eco Sensitive Zone around Singalila National Park,(2.14 MB) West Bengal.",https://moef.gov.in/uploads/2017/06/singalila.pdf,[],20/11/2017,S.O. 3613(E),Q2985193,Singalila National Park,,http://commons.wikimedia.org/wiki/Special:FilePath/Singalila%20national%20park.jpg,IUCN category II: National Park,Darjeeling district,27.11666667,88.06666667,Manebhanjyang,Important Bird Area; national park,78.6,,http://commons.wikimedia.org/wiki/Special:FilePath/Singalila%20national%20park%20%28cropped%29.jpg,Singalila National Park,,https://en.wikipedia.org/wiki/Singalila_National_Park,exact
413,West Bengal,Chintamoni Bird Sanctuary,Bird Sanctuary,Draft,2017-10-16,"413. S.O. 3344(E) [16.10.2017] Draft Notification declaring Eco Sensitive Zone around Chintamoni Kar Bird Sanctuary(1.85 MB), West Bengal",https://moef.gov.in/uploads/2017/06/chintamoni%20kar%20Bird%20Sanctuary%2C%20WB.pdf,[],,S.O. 3344(E),Q5101326,Chintamoni Kar Bird Sanctuary,,http://commons.wikimedia.org/wiki/Special:FilePath/Chintamani%20Kar%20Bird%20Sanactuary%2C%20Kolkata.JPG,IUCN category IV: Habitat/Species Management Area,Rajpur Sonarpur; Kolkata,22.4295,88.4007,,,,,,Chintamoni Kar Bird Sanctuary,,https://en.wikipedia.org/wiki/Chintamoni_Kar_Bird_Sanctuary,fuzzy
343,West Bengal,Chintamoni Bird Sanctuary,Bird Sanctuary,Final,2019-01-15,"343. S.O. 318(E) [15.01.2019] Final Notification declaring Eco Sensitive Zone around Chintamoni Bird Sanctuary,(2.14 MB) West Bengal.",https://moef.gov.in/uploads/2017/06/chintamani.pdf,[],18/01/2019,S.O. 318(E),Q5101326,Chintamoni Kar Bird Sanctuary,,http://commons.wikimedia.org/wiki/Special:FilePath/Chintamani%20Kar%20Bird%20Sanactuary%2C%20Kolkata.JPG,IUCN category IV: Habitat/Species Management Area,Rajpur Sonarpur; Kolkata,22.4295,88.4007,,,,,,Chintamoni Kar Bird Sanctuary,,https://en.wikipedia.org/wiki/Chintamoni_Kar_Bird_Sanctuary,fuzzy
414,West Bengal,Raiganj Wildlife Sanctuary,Wildlife Sanctuary,Draft,2017-10-16,"414. S.O. 3343(E) [16.10.2017] Draft Notification declaring Eco Sensitive Zone around Raiganj Wildlife Sanctuary(2.15 MB), West Bengal",https://moef.gov.in/uploads/2017/06/raiganj%2C%20WB.pdf,[],,S.O. 3343(E),Q7283821,Raiganj Wildlife Sanctuary,,,IUCN category IV: Habitat/Species Management Area,Raiganj,25.637,88.121,Raiganj,,,,,Raiganj Wildlife Sanctuary,,https://en.wikipedia.org/wiki/Raiganj_Wildlife_Sanctuary,exact
344,West Bengal,Raiganj Wildlife Sanctuary,Wildlife Sanctuary,Final,2018-11-26,"344. S.O. 5836(E) [26.11.2018] Final Notification declaring Eco Sensitive Zone around Raiganj Wildlife Sanctuary(1.63 MB), West Bengal.",https://moef.gov.in/uploads/2017/06/raiganj.pdf,[],29/11/2018,S.O. 5836(E),Q7283821,Raiganj Wildlife Sanctuary,,,IUCN category IV: Habitat/Species Management Area,Raiganj,25.637,88.121,Raiganj,,,,,Raiganj Wildlife Sanctuary,,https://en.wikipedia.org/wiki/Raiganj_Wildlife_Sanctuary,exact
415,West Bengal,"Senchal Wildlife Sanctuary,",Wildlife Sanctuary,Draft,2017-11-10,"415. S.O. 3575(E) [10.11.2017] Draft Notification declaring Eco Sensitive Zone around Senchal Wildlife Sanctuary,(2.26 MB) West Bengal.",https://moef.gov.in/uploads/2017/06/senchal.pdf,[],14/11/2017,S.O. 3575(E),Q7450103,Senchal Wildlife Sanctuary,,http://commons.wikimedia.org/wiki/Special:FilePath/Senchal%20WLS.jpg,,Darjeeling district,26.9938,88.2652,,,,,,,,https://en.wikipedia.org/wiki/Senchal_Wildlife_Sanctuary,exact
345,West Bengal,Senchal Wildlife Sanctuary,Wildlife Sanctuary,Final,2019-01-15,"345. S.O. 319(E) [15.01.2019] Final Notification declaring Eco Sensitive Zone around Senchal Wildlife Sanctuary,(1.00 MB), West Bengal.",https://moef.gov.in/uploads/2017/06/senchal_0.pdf,[],18/01/2019,S.O. 319(E),Q7450103,Senchal Wildlife Sanctuary,,http://commons.wikimedia.org/wiki/Special:FilePath/Senchal%20WLS.jpg,,Darjeeling district,26.9938,88.2652,,,,,,,,https://en.wikipedia.org/wiki/Senchal_Wildlife_Sanctuary,exact
416,West Bengal,Chapramari WLS,Wildlife Sanctuary,Draft,2018-02-22,"416. S.O. 773(E) [22.02.2018] Draft Notification declaring Eco Sensitive Zone around Chapramari WLS,(2.61 MB) West Bengal.",https://moef.gov.in/uploads/2018/11/chapramari.pdf,[],05/03/2018,S.O. 773(E),Q5073423,Chapramari Wildlife Sanctuary,,http://commons.wikimedia.org/wiki/Special:FilePath/Chapramari%20Wildlife%20Sanctuary.jpg,IUCN category IV: Habitat/Species Management Area,West Bengal,26.8746424,88.8551019,Malbazar,,,,,Chapramari Wildlife Sanctuary,,https://en.wikipedia.org/wiki/Chapramari_Wildlife_Sanctuary,exact
346,West Bengal,Chapramari Wildlife Sanctuary,Wildlife Sanctuary,Final,2019-06-07,"346. S.O. 1931(E) [07.06.2019] Final Notification declaring Eco Sensitive Zone around Chapramari Wildlife Sanctuary (6.03 MB),West Bengal.",https://moef.gov.in/uploads/2019/06/chapramari.pdf,[],12/06/2019,S.O. 1931(E),Q5073423,Chapramari Wildlife Sanctuary,,http://commons.wikimedia.org/wiki/Special:FilePath/Chapramari%20Wildlife%20Sanctuary.jpg,IUCN category IV: Habitat/Species Management Area,West Bengal,26.8746424,88.8551019,Malbazar,,,,,Chapramari Wildlife Sanctuary,,https://en.wikipedia.org/wiki/Chapramari_Wildlife_Sanctuary,exact
417,West Bengal,Ramnabagan Wildlife Sanctuary,Wildlife Sanctuary,Draft,2018-09-19,"417. S.O. 4891(E) [19.09.2018] Draft Notification declaring Eco Sensitive Zone around Ramnabagan Wildlife Sanctuary,(2.43 MB) West Bengal.",https://moef.gov.in/uploads/2018/11/ramnabagan.pdf,[],25/09/2018,S.O. 4891(E),Q7289748,Ramnabagan Wildlife Sanctuary,,http://commons.wikimedia.org/wiki/Special:FilePath/Ramnabagan%20Wild%20life%20Sancturay%20or%20Burdwan%20Zoological%20park%20WLB%20DSC%202383.jpg,IUCN category IV: Habitat/Species Management Area,Bardhaman,23.253,87.851,,,,,,Ramnabagan Wildlife Sanctuary,,https://en.wikipedia.org/wiki/Ramnabagan_Wildlife_Sanctuary,exact
347,West Bengal,Ramnabagan Wildlife Sanctuary,Wildlife Sanctuary,Final,2019-08-30,"347. S.O. 3151(E) [30.08.2019]Final Notification declaring Eco Sensitive Zone around Ramnabagan Wildlife Sanctuary (2.89 MB),West Bengal",https://moef.gov.in/uploads/2018/12/ramnabagan.pdf,[],02/09/2019,S.O. 3151(E),Q7289748,Ramnabagan Wildlife Sanctuary,,http://commons.wikimedia.org/wiki/Special:FilePath/Ramnabagan%20Wild%20life%20Sancturay%20or%20Burdwan%20Zoological%20park%20WLB%20DSC%202383.jpg,IUCN category IV: Habitat/Species Management Area,Bardhaman,23.253,87.851,,,,,,Ramnabagan Wildlife Sanctuary,,https://en.wikipedia.org/wiki/Ramnabagan_Wildlife_Sanctuary,exact
348,West Bengal,Ramnabagan Wildlife Santuary,Wildlife Sanctuary,Final,2020-06-18,"348. S.O. 1962(E) [18.06.2020] Final Amendment declaring Eco Sensitive Zone around Ramnabagan Wildlife Santuary(2.53 MB), West Bengal",https://moef.gov.in/uploads/2019/10/amendment-ramabagan.pdf,[],24/06/2020,S.O. 1962(E),,,,,,,,,,,,,,,,,none
418,West Bengal,Bibhutibhushan Wildlife Sanctuary,Wildlife Sanctuary,Draft,2018-10-04,"418. S.O. 5139(E) [04.10.2018] Draft Notification declaring Eco Sensitive Zone around Bibhutibhushan Wildlife Sanctuary,(2.03 MB) West Bengal.",https://moef.gov.in/uploads/2018/11/bhibhutibhusan.pdf,[],11/10/2018,S.O. 5139(E),Q4903011,Bibhutibhushan Wildlife Sanctuary,,http://commons.wikimedia.org/wiki/Special:FilePath/Parmadan%20Forest%2003.jpg,IUCN category IV: Habitat/Species Management Area,North 24 Parganas district,23.186178,88.762087,Bangaon,,,,http://commons.wikimedia.org/wiki/Special:FilePath/Parmadan%20Forest%2013%20%28banner%29.jpg,Bibhutibhushan Wildlife Sanctuary,,https://en.wikipedia.org/wiki/Bibhutibhushan_Wildlife_Sanctuary,exact
349,West Bengal,Bibhutibhushan Wildlife Sanctuary,Wildlife Sanctuary,Final,2019-10-10,"349. S.O. 3652(E) [10.10.2019] Final Notification declaring Eco Sensitive Zone around Bibhutibhushan Wildlife Sanctuary(5.03 MB), West Bengal.",https://moef.gov.in/uploads/2018/12/bibhutibhushan.pdf,[],16/10/2019,S.O. 3652(E),Q4903011,Bibhutibhushan Wildlife Sanctuary,,http://commons.wikimedia.org/wiki/Special:FilePath/Parmadan%20Forest%2003.jpg,IUCN category IV: Habitat/Species Management Area,North 24 Parganas district,23.186178,88.762087,Bangaon,,,,http://commons.wikimedia.org/wiki/Special:FilePath/Parmadan%20Forest%2013%20%28banner%29.jpg,Bibhutibhushan Wildlife Sanctuary,,https://en.wikipedia.org/wiki/Bibhutibhushan_Wildlife_Sanctuary,exact
419,West Bengal,Buxa Tiger Reserve,Tiger Reserve,Draft,2019-06-11,"419. S.O. 1942(E) [11.06.2019] Draft Notification declaring Eco Sensitive Zone around Buxa Tiger Reserve(1.96 MB), West Bengal",https://moef.gov.in/uploads/2019/06/buxa.pdf,[],18/06/2019,S.O. 1942(E),Q2340037,Buxa Tiger Reserve,,http://commons.wikimedia.org/wiki/Special:FilePath/MYSTERY%20UNFOLDING.jpg,IUCN category II: National Park,Alipurduar district,26.65,89.58,Alipurduar,,760,,http://commons.wikimedia.org/wiki/Special:FilePath/Buxa%20Tiger%20Reserve%20forest%202014%20%28cropped%29.jpg,Buxa Tiger Reserve,,https://en.wikipedia.org/wiki/Buxa_Tiger_Reserve,exact
350,West Bengal,Buxa Tiger Reserve,Tiger Reserve,Final,2020-09-07,"350. S.O. 3031 (E) [ 07.09.2020] Final Notification declaring Eco Sensitive Zone around Buxa Tiger Reserve, West Bengal(7.96 MB), West Bengal.",https://moef.gov.in/uploads/2020/09/Buxa.pdf,[],23/09/2020,S.O. 3031 (E),Q2340037,Buxa Tiger Reserve,,http://commons.wikimedia.org/wiki/Special:FilePath/MYSTERY%20UNFOLDING.jpg,IUCN category II: National Park,Alipurduar district,26.65,89.58,Alipurduar,,760,,http://commons.wikimedia.org/wiki/Special:FilePath/Buxa%20Tiger%20Reserve%20forest%202014%20%28cropped%29.jpg,Buxa Tiger Reserve,,https://en.wikipedia.org/wiki/Buxa_Tiger_Reserve,exact
420,West Bengal,Ballavpur Santuary,Wildlife Sanctuary,Draft,2019-09-27,"420. S.O. 3527(E) [27.09.2019] Draft Notification declaring Eco Sensitive Zone around Ballavpur Santuary(1.33 MB), West Bengal.",https://moef.gov.in/uploads/2018/12/ballavpur.pdf,[],03/10/2019,S.O. 3527(E),,,,,,,,,,,,,,,,,none
351,West Bengal,Ballavpur,Wildlife Sanctuary,Final,2020-08-28,"351. S.O. 2937(E) [ 28.08.2020] Final Notification declaring Eco Sensitive Zone around Ballavpur Wildlife Sanctuary(1.88 MB), West Bengal",,[],31/08/2020,S.O. 2937(E),,,,,,,,,,,,,,,,,none
421,West Bengal,Mahananda Wildlife Santuary,Wildlife Sanctuary,Draft,2019-12-11,"421. (1.) S.O. 4442(E) [11.12.2019] Draft Notification declaring Eco Sensitive Zone around Mahananda Wildlife Santuary(6.96 MB), West Bengal. (2.) S.O. No. 3832(E) [06.09.2024] Draft Notification of Eco-sensitive Zone around Mahananda Wildlife Sanctuary(3.03 MB), West Bengal. Re-notification New",https://moef.gov.in/uploads/2019/12/mahananda.pdf,[],20/12/2019,S.O. 4442(E),,,,,,,,,,,,,,,,,none
352,West Bengal,Mahananda,Wildlife Sanctuary,Final,2020-09-22,"352. S.O. 3237(E) [ 22.09.2020] Final Notification declaring Eco Sensitive Zone around Mahananda Wildlife Sanctuary (5.96 MB), West Bengal",,[],24/09/2020,S.O. 3237(E),Q15243705,Mahananda Wildlife Sanctuary,,,IUCN category IV: Habitat/Species Management Area,Darjeeling district,26.87361,88.43889,Siliguri,,,,,Mahananda Wildlife Sanctuary,,https://en.wikipedia.org/wiki/Mahananda_Wildlife_Sanctuary,exact
422,West Bengal,Gorumara National Park,National Park,Draft,2023-11-16,"422. • S.O. No. 4952(E) [16.11.2023] Re-Draft Notification declaring Eco Sensitive Zone around Gorumara National Park, (1,539 KB) in the state of West BengalRe-notification New",https://moef.gov.in/uploads/2023/11/SO4952(E)-gorumara-redraft.pdf,[],28/11/2023,S.O. No. 4952(E),Q2985148,Gorumara National Park,,http://commons.wikimedia.org/wiki/Special:FilePath/Gorumara%20Gateway%20Arnab%20Dutta.JPG,IUCN category II: National Park,,26.7,88.8,Malbazar,,,,http://commons.wikimedia.org/wiki/Special:FilePath/GorumaraH.jpg,Gorumara National Park,,https://en.wikipedia.org/wiki/Gorumara_National_Park,exact
423,West Bengal,Halliday Island,Wildlife Sanctuary,Draft,2024-10-28,"423. • S.O. No. 4761(E) [28.10.2024] Draft Notification of Eco-sensitive Zone around Halliday Island Wildlife Sanctuary, (526 KB) in the state of West Bengal",https://moef.gov.in/uploads/pdf-uploads/pdf_6778d4d94481a3.20962475.pdf,[],05/11/2024,S.O. No. 4761(E),,,,,,,,,,,,,,,,,none
424,West Bengal,Lothain Island,Wildlife Sanctuary,Draft,2024-12-30,"424. •S.O. No. 5638(E) [30.12.2024] Draft Notification of Eco-sensitive Zone around Lothain Island Wildlife Sanctuary, (501 KB) in the state of West Bengal",https://moef.gov.in/uploads/pdf-uploads/pdf_6778d4f86d8715.38725123.pdf,[],02/01/2025,S.O. No. 5638(E),,,,,,,,,,,,,,,,,none
,West Kameng district,Eaglenest Wildlife Sanctuary,Wildlife Sanctuary,,,,,[],,,Q3471771,Eaglenest Wildlife Sanctuary,,,IUCN category IV: Habitat/Species Management Area,West Kameng district,27.1,92.4,,,,,,Eaglenest Wildlife Sanctuary,,https://en.wikipedia.org/wiki/Eaglenest_Wildlife_Sanctuary,none
,East Sikkim district,Fambong Lho Wildlife Sanctuary,Wildlife Sanctuary,,,,,[],,,Q3471769,Fambong Lho Wildlife Sanctuary,,http://commons.wikimedia.org/wiki/Special:FilePath/Log%20House%20at%20Golitar%20Fambong%20Lho%20WLS.jpg,IUCN category IV: Habitat/Species Management Area,East Sikkim district,27.3113,88.53366667,Gangtok,,51.76,,,Fambong Lho Wildlife Sanctuary,,https://en.wikipedia.org/wiki/Fambong_Lho_Wildlife_Sanctuary,none
,Jorhat district,Hoollongapar Gibbon Sanctuary,Wildlife Sanctuary,,,,,[],,,Q3471776,Hoollongapar Gibbon Sanctuary,,http://commons.wikimedia.org/wiki/Special:FilePath/Hoolock%20hoolock%20001.jpg,IUCN category IV: Habitat/Species Management Area,Jorhat district,26.716667,94.383333,,,20.98,,,Hollongapar Gibbon Wildlife Sanctuary,,https://en.wikipedia.org/wiki/Hoollongapar_Gibbon_Sanctuary,none
,Idukki district,Chinnar Wildlife Sanctuary,Wildlife Sanctuary,,,,,[],,,Q3522009,Chinnar Wildlife Sanctuary,Western Ghats,http://commons.wikimedia.org/wiki/Special:FilePath/Chinnar%20Wildlife%20Sanctuary.jpg,IUCN category IV: Habitat/Species Management Area,Idukki district; Kerala,10.3,77.175,,part of UNESCO World Heritage Site,90.44,http://chinnar.org/,,Chinnar Wildlife Sanctuary,,https://en.wikipedia.org/wiki/Chinnar_Wildlife_Sanctuary,none
,,Karimpuzha National Park,National Park,,,,,[],,,Q3523324,Karimpuzha National Park,,,,,11.275,76.42361111,,,,,,,,https://en.wikipedia.org/wiki/Karimpuzha_National_Park,none
,,Nilgiri Biosphere Reserve,,,,,,[],,,Q3530830,Nilgiri Biosphere Reserve,,http://commons.wikimedia.org/wiki/Special:FilePath/Doddabetta%20view.jpg,,,11.67,76.54,,,,,,Nilgiri Biosphere Reserve,,https://en.wikipedia.org/wiki/Nilgiri_Biosphere_Reserve,none
,Andhra Pradesh,Pulicat Lake Bird Sanctuary,Bird Sanctuary,,,,,[],,,Q3532790,Pulicat Lake Bird Sanctuary,,,IUCN category IV: Habitat/Species Management Area,Andhra Pradesh,13.56666667,80.2,,,,,,Pulicat Lake Bird Sanctuary,,https://en.wikipedia.org/wiki/Pulicat_Lake_Bird_Sanctuary,none
,,Agasthyamala Biosphere Reserve,,,,,,[],,,Q3595505,Agasthyamala Biosphere Reserve,,,,,8.703,77.235361111,Nagercoil,,,,,Agasthyamala Biosphere Reserve,,https://en.wikipedia.org/wiki/Agasthyamala_Biosphere_Reserve,none
,Wayanad district,Wayanad Wildlife Sanctuary,Wildlife Sanctuary,,,,,[],,,Q3595858,Wayanad Wildlife Sanctuary,,,IUCN category IV: Habitat/Species Management Area,Wayanad district,11.646,76.364,Sultan Bathery,,,,http://commons.wikimedia.org/wiki/Special:FilePath/Wayanad%20Wildlife%20Sanctuary%20Wikivoyage%20banner.jpg,Wayanad Wildlife Sanctuary,,https://en.wikipedia.org/wiki/Wayanad_Wildlife_Sanctuary,none
,Chamarajanagar,Biligiriranga Hills,,,,,,[],,,Q3631211,Biligiriranga Hills,,http://commons.wikimedia.org/wiki/Special:FilePath/Brhills%20kkatte.jpg,IUCN category IV: Habitat/Species Management Area,Chamarajanagar,11.993888888,77.140555555,Mysore,,,,http://commons.wikimedia.org/wiki/Special:FilePath/Biligiriranga%20Hills%20banner.jpg,Biligiriranga Hills,,https://en.wikipedia.org/wiki/Biligiriranga_Hills,none
,Nainital district,Jim Corbett National Park,National Park,,,,,[],,,Q949297,Jim Corbett National Park,,http://commons.wikimedia.org/wiki/Special:FilePath/Elephants%20Grass%20Sal%20Dhikala%20Corbett%20Reserve%20Dec2019%20R16%2002266.jpg,IUCN category II: National Park,Nainital district,29.53333333,78.93333333,Ramnagar,,1288,https://www.jimcorbetttravelguide.com/,http://commons.wikimedia.org/wiki/Special:FilePath/Corbett%20National%20Park.jpg,Jim Corbett National Park,16831555,https://en.wikipedia.org/wiki/Jim_Corbett_National_Park,none
,Hyderabad,Kasu Brahmananda Reddy National Park,National Park,,,,,[],,,Q969593,Kasu Brahmananda Reddy National Park,,http://commons.wikimedia.org/wiki/Special:FilePath/Kbrpark.jpg,IUCN category II: National Park,Hyderabad,17.42,78.41,,,,,,Kasu Brahmananda Reddy National Park,,https://en.wikipedia.org/wiki/Kasu_Brahmananda_Reddy_National_Park,none
,Srinagar district,Dachigam National Park,National Park,,,,,[],,,Q1156717,Dachigam National Park,,http://commons.wikimedia.org/wiki/Special:FilePath/Sarband-kashmir.JPG,IUCN category II: National Park,Srinagar district,34.14,75.02,Srinagar,,147,,,Dachigam National Park,,https://en.wikipedia.org/wiki/Dachigam_National_Park,none
,Idukki district,Eravikulam National Park,National Park,,,,,[],,,Q1194252,Eravikulam National Park,Western Ghats,http://commons.wikimedia.org/wiki/Special:FilePath/33%20by%20N%20A%20Nazeer.JPG,IUCN category II: National Park,Idukki district; Ernakulam district,10.2,77.083,Munnar,part of UNESCO World Heritage Site,12700,https://eravikulam.org/,http://commons.wikimedia.org/wiki/Special:FilePath/Eravikulam%20Banner.jpg,Eravikulam National Park,4148317,https://en.wikipedia.org/wiki/Eravikulam_National_Park,none
,Kutch district,Indian Wild Ass Sanctuary,Wildlife Sanctuary,,,,,[],,,Q1207543,Indian Wild Ass Sanctuary,,http://commons.wikimedia.org/wiki/Special:FilePath/Wild%20ass%20india.jpg,IUCN category IV: Habitat/Species Management Area,Kutch district,23.35,71.63333333,Ahmedabad,Tentative World Heritage Site,4953.71,http://www.gujarattourism.com/destination/details/12/80,,Indian Wild Ass Sanctuary,,https://en.wikipedia.org/wiki/Indian_Wild_Ass_Sanctuary,none
,,Indravati National Park,National Park,,,,,[],,,Q1427976,Indravati National Park,,http://commons.wikimedia.org/wiki/Special:FilePath/Bubalus%20arnee%20Kaziranga.jpg,,,19.33333333,81,Jagdalpur,,1258,,,Indravati National Park,,https://en.wikipedia.org/wiki/Indravati_National_Park,none
,Sawai Madhopur district,Ranthambore National Park,National Park,,,,,[],,,Q1466242,Ranthambore National Park,,http://commons.wikimedia.org/wiki/Special:FilePath/Ranthambore%20Fort%20Jain%20Temple.jpg,IUCN category II: National Park,Sawai Madhopur district,26.01733,76.50257,Kota,,392,,http://commons.wikimedia.org/wiki/Special:FilePath/Ranthambore%20banner.jpg,Ranthambore National Park,3494941,https://en.wikipedia.org/wiki/Ranthambore_National_Park,none
,Tripura,Clouded Leopard National Park,National Park,,,,,[],,,Q5135742,Clouded Leopard National Park,,,IUCN category II: National Park,Tripura,23.66822222,91.32254444,,,,,,,,https://en.wikipedia.org/wiki/Clouded_Leopard_National_Park,none
,,Cold Desert,,,,,,[],,,Q5142237,Cold Desert,,,,,,,,Tentative World Heritage Site,,https://whc.unesco.org/en/tentativelists/6055/,,,,https://en.wikipedia.org/wiki/Cold_Desert_(biosphere_reserve),none
,Uttara Kannada District,Dandeli National Park,National Park,,,,,[],,,Q5215675,Dandeli National Park,,,,Uttara Kannada District,14.99,74.36,,,,,,,,https://en.wikipedia.org/wiki/Dandeli_National_Park,none
,Uttara Kannada District,Dandeli Wildlife Sanctuary,Wildlife Sanctuary,,,,,[],,,Q5215676,Dandeli Wildlife Sanctuary,,http://commons.wikimedia.org/wiki/Special:FilePath/Indian%20yellow%20tit%20%28Parus%20aplonotus%29.jpg,IUCN category IV: Habitat/Species Management Area,Uttara Kannada District,15.50638889,74.39166667,,,,,,Dandeli Wildlife Sanctuary,,https://en.wikipedia.org/wiki/Dandeli_Wildlife_Sanctuary,none
,Upper Siang district,Dihang-Dibang Biosphere Reserve,,,,,,[],,,Q5276394,Dihang-Dibang Biosphere Reserve,,,,Upper Siang district,27.98333333,94.5,,,5112,,,,,https://en.wikipedia.org/wiki/Dihang-Dibang_Biosphere_Reserve,none
,,Dudhwa Tiger Reserve,Tiger Reserve,,,,,[],,,Q5311756,Dudhwa Tiger Reserve,,http://commons.wikimedia.org/wiki/Special:FilePath/A%20Bengal%20Tiger%27s%20Pugmarks....jpg,IUCN category II: National Park,,28.508333333,80.68,,,,,,,,https://en.wikipedia.org/wiki/Dudhwa_Tiger_Reserve,none
,,Gajner Wildlife Sanctuary,Wildlife Sanctuary,,,,,[],,,Q5517624,Gajner Wildlife Sanctuary,,http://commons.wikimedia.org/wiki/Special:FilePath/Gajner%20Wildlife%20Sanctuary-EW-20131009.jpg,,,27.952722222,73.056972222,,,,http://www.india-rajasthan-tours.com/rajasthan-wildlife-tours/gajner-wildlife-sanctuary.html,,Gajner Wildlife Sanctuary,,https://en.wikipedia.org/wiki/Gajner_Wildlife_Sanctuary,none
,,Gamgul,,,,,,[],,,Q5520164,Gamgul,,,IUCN category IV: Habitat/Species Management Area,,32.847,76.068,,,,,,,,https://en.wikipedia.org/wiki/Gamgul_Siyabehi_Wildlife_Sanctuary,none
,Assam,Garampani Wildlife Sanctuary,Wildlife Sanctuary,,,,,[],,,Q5521913,Garampani Wildlife Sanctuary,,http://commons.wikimedia.org/wiki/Special:FilePath/Garampani%20hanging%20bridge.JPG,IUCN category IV: Habitat/Species Management Area,Assam,26.3887,93.8782,Golaghat,,,,,Garampani Wildlife Sanctuary,,https://en.wikipedia.org/wiki/Garampani_Wildlife_Sanctuary,none
,,Govind Pashu Vihar National Park and Sanctuary,National Park,,,,,[],,,Q5589844,Govind Pashu Vihar National Park and Sanctuary,,,IUCN category II: National Park,,31.1,78.29,,,,,,Govind Wildlife Sanctuary and National Park,,https://en.wikipedia.org/wiki/Govind_Pashu_Vihar_National_Park,none
,,Grass Hills National Park,National Park,,,,,[],,,Q5597433,Grass Hills National Park,Western Ghats,http://commons.wikimedia.org/wiki/Special:FilePath/Grass%20Hills%20National%20Park.jpg,,,10.3410227,76.9856427,,part of UNESCO World Heritage Site,3123,,,,,https://en.wikipedia.org/wiki/Grass_Hills_National_Park,none
,East Kameng district,Kameng Elephant Reserve,,,,,,[],,,Q6356835,Kameng Elephant Reserve,,,IUCN category IV: Habitat/Species Management Area,East Kameng district,27.08333333,92.43333333,,,1894,,,,,https://en.wikipedia.org/wiki/Kameng_Elephant_Reserve,none
,Bihar,Kanwar Lake Bird Sanctuary,Bird Sanctuary,,,,,[],,,Q6365748,Kanwar Lake Bird Sanctuary,,,IUCN category IV: Habitat/Species Management Area,Bihar,25.61,86.14,Begusarai,Ramsar site,,,,,,https://en.wikipedia.org/wiki/Kanwar_Lake_Bird_Sanctuary,none
,Jammu and Kashmir,Karakoram Wildlife Sanctuary,Wildlife Sanctuary,,,,,[],,,Q6368141,Karakoram Wildlife Sanctuary,,,IUCN category IV: Habitat/Species Management Area,Jammu and Kashmir,34.716666666,77.433333333,,,,,,,,https://en.wikipedia.org/wiki/Karakoram_Wildlife_Sanctuary,none
,Kalahandi district,Karlapat Wildlife Sanctuary,Wildlife Sanctuary,,,,,[],,,Q6372473,Karlapat Wildlife Sanctuary,,,IUCN category IV: Habitat/Species Management Area,Kalahandi district,19.686735,83.062584,,,,,,Karlapat Wildlife Sanctuary,,https://en.wikipedia.org/wiki/Karlapat_Wildlife_Sanctuary,none
,Bahraich district,Katarniaghat Wildlife Sanctuary,Wildlife Sanctuary,,,,,[],,,Q6375178,Katarniaghat Wildlife Sanctuary,,http://commons.wikimedia.org/wiki/Special:FilePath/Katarniaghat.jpg,IUCN category IV: Habitat/Species Management Area,Bahraich district,28.1344,81.2518,,,400.09,,,Katarniaghat Wildlife Sanctuary,,https://en.wikipedia.org/wiki/Katarniaghat_Wildlife_Sanctuary,none
,Chamoli district,Kedarnath Wildlife Sanctuary,Wildlife Sanctuary,,,,,[],,,Q6382549,Kedarnath Wildlife Sanctuary,,http://commons.wikimedia.org/wiki/Special:FilePath/Kedarnath%20Wildlife%20Sanctuary%20JEG1698.jpg,IUCN category IV: Habitat/Species Management Area,Chamoli district,30.75,79.6,,,975,,,Kedarnath Musk Deer Sanctuary,,https://en.wikipedia.org/wiki/Kedarnath_Wildlife_Sanctuary,none
,Uttar Pradesh,Kishanpur Wildlife Sanctuary,Wildlife Sanctuary,,,,,[],,,Q6416552,Kishanpur Wildlife Sanctuary,,,IUCN category IV: Habitat/Species Management Area,Uttar Pradesh,28.4002,80.367,,,,,,,,https://en.wikipedia.org/wiki/Kishanpur_Wildlife_Sanctuary,none
,Kottayam district,Kumarakom Bird Sanctuary,Bird Sanctuary,,,,,[],,,Q6443537,Kumarakom Bird Sanctuary,,http://commons.wikimedia.org/wiki/Special:FilePath/Kerala%20Kumarakom%20Bird%20Sanctuary.jpg,,Kottayam district,9.5,76.52,,,,,,Kumarakom Bird Sanctuary,,https://en.wikipedia.org/wiki/Kumarakom_Bird_Sanctuary,none
,Kerala,Kurinjimala Sanctuary,Wildlife Sanctuary,,,,,[],,,Q6446058,Kurinjimala Sanctuary,,,IUCN category IV: Habitat/Species Management Area,Kerala,10.23,77.27,,,,,,,,https://en.wikipedia.org/wiki/Kurinjimala_Sanctuary,none
,Namkhana community development block,Lothian Island Wildlife Sanctuary,Wildlife Sanctuary,,,,,[],,,Q6684762,Lothian Island Wildlife Sanctuary,,,IUCN category IV: Habitat/Species Management Area,Namkhana community development block,21.65784,88.32559,,,,,,,,https://en.wikipedia.org/wiki/Lothian_Island_Wildlife_Sanctuary,none
,Gadag district,Magadi Bird Sanctuary,Bird Sanctuary,,,,,[],,,Q6729590,Magadi Bird Sanctuary,,,,Gadag district,15.216647222,75.511952777,,,,,,Magadi Bird Sanctuary,,https://en.wikipedia.org/wiki/Magadi_Bird_Sanctuary,none
,Himachal Pradesh,Majthal Sanctuary,Wildlife Sanctuary,,,,,[],,,Q6738481,Majthal Sanctuary,,,IUCN category IV: Habitat/Species Management Area,Himachal Pradesh,31.3092,76.9587,,,,,,,,https://en.wikipedia.org/wiki/Majthal_Sanctuary,none
,Chandrapur district,Tadoba-Andhari Tiger Reserve,Tiger Reserve,,,,,[],,,Q2639563,Tadoba-Andhari Tiger Reserve,,http://commons.wikimedia.org/wiki/Special:FilePath/Tiger%20at%20Tadoba.jpg,IUCN category II: National Park,Chandrapur district,20.24873,79.42528,Chandrapur,,1727.5911,http://www.mytadoba.org/,,Tadoba Andhari Tiger Reserve,,https://en.wikipedia.org/wiki/Tadoba_Andhari_Tiger_Reserve,none
,South Chotanagpur division,Betla National Park,National Park,,,,,[],,,Q2663264,Betla National Park,,http://commons.wikimedia.org/wiki/Special:FilePath/Macaca%20mulatta%20in%20Guiyang.jpg,IUCN category II: National Park,South Chotanagpur division,23.8878,84.1901,Medininagar,,,,http://commons.wikimedia.org/wiki/Special:FilePath/Betla%20National%20Park%20banner.jpg,Betla National Park,,https://en.wikipedia.org/wiki/Betla_National_Park,none
,Karnataka,Ranibennur Blackbuck Sanctuary,Wildlife Sanctuary,,,,,[],,,Q7293023,Ranibennur Blackbuck Sanctuary,,http://commons.wikimedia.org/wiki/Special:FilePath/Blackbucks%20ranebennur.jpg,IUCN category IV: Habitat/Species Management Area,Karnataka,14.63333333,75.7,,,,,,,,https://en.wikipedia.org/wiki/Ranibennur_Blackbuck_Sanctuary,none
,Madhya Pradesh,Ratapani Tiger Reserve,Tiger Reserve,,,,,[],,,Q7295480,Ratapani Tiger Reserve,,http://commons.wikimedia.org/wiki/Special:FilePath/Ratapani%20wildlife%20sanctuary%20road%20sign%20board%20%281%29.jpg,IUCN category IV: Habitat/Species Management Area,Madhya Pradesh,22.918,77.722,,,,,,Ratapani Tiger Reserve,,https://en.wikipedia.org/wiki/Ratapani_Tiger_Reserve,none
,Madhya Pradesh,Tawa Reservoir,,,,,,[],,,Q7346022,Tawa Reservoir,,,,Madhya Pradesh,22.562222222,77.977222222,,,20050,,,,,https://en.wikipedia.org/wiki/Tawa_Reservoir,none
,Gosaba community development block,Sajnekhali Wildlife Sanctuary,Wildlife Sanctuary,,,,,[],,,Q7402708,Sajnekhali Wildlife Sanctuary,,http://commons.wikimedia.org/wiki/Special:FilePath/Sajnekhali%20wildlife%20Sanctuary%20in%20Sundarban%2002.jpg,IUCN category IV: Habitat/Species Management Area,Gosaba community development block,21.721,88.9,,,362.4,,,Sajnekhali Wildlife Sanctuary,,https://en.wikipedia.org/wiki/Sajnekhali_Wildlife_Sanctuary,none
,Odisha,Satkosia Tiger Reserve,Tiger Reserve,,,,,[],,,Q7426314,Satkosia Tiger Reserve,,,IUCN category IV: Habitat/Species Management Area,Odisha,20.540137,84.831564,,,,http://satkosia.org/,,Satkosia Tiger Reserve,,https://en.wikipedia.org/wiki/Satkosia_Tiger_Reserve,none
,Maharashtra,Shahayadri Tiger reserve,Tiger Reserve,,,,,[],,,Q7461463,Shahayadri Tiger reserve,,,,Maharashtra,17.486,73.809,,,1166,,,,,https://en.wikipedia.org/wiki/Sahyadri_Tiger_Reserve,none
,,Shahgarh Landscape,,,,,,[],,,Q7461605,Shahgarh Landscape,,,,,,,,,,,,,,https://en.wikipedia.org/wiki/Shahgarh_Landscape,none
,Telangana,Shivaram Wildlife Sanctuary,Wildlife Sanctuary,,,,,[],,,Q7499351,Shivaram Wildlife Sanctuary,,,IUCN category IV: Habitat/Species Management Area,Telangana,18.705,79.697,,,,,,,,https://en.wikipedia.org/wiki/Shivaram_Wildlife_Sanctuary,none
,Rajasthan,Sita Mata Wildlife Sanctuary,Wildlife Sanctuary,,,,,[],,,Q7531584,Sita Mata Wildlife Sanctuary,,http://commons.wikimedia.org/wiki/Special:FilePath/A%20View%20of%20Sita%20Mata%20sanctuary%2C%20Pratapgarh%2C%20Rajasthan%2C%20India.jpg,IUCN category IV: Habitat/Species Management Area,Rajasthan,24.0667,74.4167,Pratapgarh,,,http://www.rajasthanwildlife.com/wild-life/SitaMataWildlifeSanctuary.htm,,Sita Mata Wildlife Sanctuary,,https://en.wikipedia.org/wiki/Sita_Mata_Wildlife_Sanctuary,none
,Uttar Pradesh,Suhelva Sanctuary,Wildlife Sanctuary,,,,,[],,,Q7635241,Suhelva Sanctuary,,,IUCN category IV: Habitat/Species Management Area,Uttar Pradesh,27.855,82.101,,,,,,,,https://en.wikipedia.org/wiki/Suhelva_Sanctuary,none
,Daman and Diu,Fudam Bird Sanctuary,Bird Sanctuary,,,,,[],,,Q115937502,Fudam Bird Sanctuary,,,IUCN category IV: Habitat/Species Management Area,Daman and Diu,20.72514,70.95443,,,,,,,,https://en.wikipedia.org/wiki/Fudam_Bird_Sanctuary,none
,Jharkhand,Topchanchi Wildlife Sanctuary,Wildlife Sanctuary,,,,,[],,,Q116169552,Topchanchi Wildlife Sanctuary,,,IUCN category IV: Habitat/Species Management Area,Jharkhand,23.9361,86.1923,,,,,,,,https://en.wikipedia.org/wiki/Topchanchi_Wildlife_Sanctuary,none
,,Cauvery south Wildlife Sanctuary,Wildlife Sanctuary,,,,,[],,,Q116739635,Cauvery south Wildlife Sanctuary,,,,,12.344166666,78.017222222,,,,,,,,https://en.wikipedia.org/wiki/Cauvery_South_Wildlife_Sanctuary,none
,Tamil Nadu,Kallaperambur Lake Bird Sanctuary,Bird Sanctuary,,,,,[],,,Q122363290,Kallaperambur Lake Bird Sanctuary,,,IUCN category IV: Habitat/Species Management Area,Tamil Nadu,10.798888888,79.025833333,,,,,,,,https://en.wikipedia.org/wiki/Kallaperambur_Lake_Bird_Sanctuary,none
,Tamil Nadu,Melaselvanur-Kilaselvanur Bird Sanctuary,Bird Sanctuary,,,,,[],,,Q122363291,Melaselvanur-Kilaselvanur Bird Sanctuary,,,IUCN category IV: Habitat/Species Management Area,Tamil Nadu,9.215555555,78.551944444,,,,,,,,https://en.wikipedia.org/wiki/Melaselvanur-Kilaselvanur_Bird_Sanctuary,none
,Tamil Nadu,Nanjarayan Tank Bird Sanctuary,Bird Sanctuary,,,,,[],,,Q122363298,Nanjarayan Tank Bird Sanctuary,,,IUCN category IV: Habitat/Species Management Area,Tamil Nadu,11.214166666,77.526388888,,,,,,,,https://en.wikipedia.org/wiki/Nanjarayan_Bird_Sanctuary,none
,Tamil Nadu,Kazhuveli Bird Sanctuary,Bird Sanctuary,,,,,[],,,Q122363296,Kazhuveli Bird Sanctuary,,,IUCN category IV: Habitat/Species Management Area,Tamil Nadu,12.122222222,79.875,,,,,,,,https://en.wikipedia.org/wiki/Kaluveli_Bird_Sanctuary,none
,Tamil Nadu,Kadavur Wildlife Sanctuary,Wildlife Sanctuary,,,,,[],,,Q122363300,Kadavur Wildlife Sanctuary,,,IUCN category IV: Habitat/Species Management Area,Tamil Nadu,10.624444444,78.183055555,,,,,,,,https://en.wikipedia.org/wiki/Kadavur_Slender_Loris_Wildlife_Sanctuary,none
,Kendujhar district,Hadgarh Wildlife Sanctuary,Wildlife Sanctuary,,,,,[],,,Q18125400,Hadgarh Wildlife Sanctuary,,,IUCN category IV: Habitat/Species Management Area,Kendujhar district,21.2934,86.2689,Bhadrak,,,,,,,https://en.wikipedia.org/wiki/Hadgarh_Wildlife_Sanctuary,none
,,Kondakameru Wildlife Sanctuary,Wildlife Sanctuary,,,,,[],,,Q18126911,Kondakameru Wildlife Sanctuary,,,,,18.366719,81.982249,,,,,,,,https://en.wikipedia.org/wiki/Kondakameru_Wildlife_Sanctuary,none
,Andhra Pradesh,Papikonda National Park,National Park,,,,,[],,,Q18129185,Papikonda National Park,,,IUCN category II: National Park,Andhra Pradesh,17.483,81.4856,,,591,,,,,https://en.wikipedia.org/wiki/Papikonda_National_Park,none
,Bihar,Gautam Budha Wildlife Sanctuary,Wildlife Sanctuary,,,,,[],,,Q18343586,Gautam Budha Wildlife Sanctuary,,,IUCN category IV: Habitat/Species Management Area,Bihar,24.54,85.56,,,,,,,,https://en.wikipedia.org/wiki/Gautam_Budha_Wildlife_Sanctuary,none
,Bihar,Udaypur Wildlife Sanctuary,Wildlife Sanctuary,,,,,[],,,Q18355976,Udaypur Wildlife Sanctuary,,,IUCN category IV: Habitat/Species Management Area,Bihar,26.815789,84.4324626,,,,,,,,https://en.wikipedia.org/wiki/Udaypur_Wildlife_Sanctuary,none
,,Uppalapadu Bird Sanctuary,Bird Sanctuary,,,,,[],,,Q18357307,Uppalapadu Bird Sanctuary,,http://commons.wikimedia.org/wiki/Special:FilePath/Uppalapadu%20Bird%20Sanctuary%20Entrance.jpg,,,,,,,,,,Uppalapadu Bird Sanctuary,,https://en.wikipedia.org/wiki/Uppalapadu_Bird_Sanctuary,none
,,Godumalai,,,,,,[],,,Q18768349,Godumalai,,http://commons.wikimedia.org/wiki/Special:FilePath/Godumalai.jpg,,,11.682,78.3508,Salem,,,,,,,https://en.wikipedia.org/wiki/Godumalai,none
,Assam,East Karbi-Anglong Wildlife Sanctuary,Wildlife Sanctuary,,,,,[],,,Q19361520,East Karbi-Anglong Wildlife Sanctuary,,,IUCN category IV: Habitat/Species Management Area,Assam,25.92,93.3829,,,,,,,,https://en.wikipedia.org/wiki/East_Karbi-Anglong_Wildlife_Sanctuary,none
,Nashik district,Nandur Madhmeshwar Bird Sanctuary,Bird Sanctuary,,,,,[],,,Q19808294,Nandur Madhmeshwar Bird Sanctuary,,,IUCN category IV: Habitat/Species Management Area,Nashik district,20.0079,74.0073,,Ramsar site,1437,,,Nandur Madhmeshwar Bird Sanctuary,,https://en.wikipedia.org/wiki/Nandur_Madhmeshwar_Bird_Sanctuary,none
,,Amangarh Tiger Reserve,Tiger Reserve,,,,,[],,,Q19881905,Amangarh Tiger Reserve,,,,,29.5667,78.6167,,,,,,,,https://en.wikipedia.org/wiki/Amangarh_Tiger_Reserve,none
,,Naina Devi Himalayan Bird Conservation Reserve,Bird Sanctuary,,,,,[],,,Q19894392,Naina Devi Himalayan Bird Conservation Reserve,,http://commons.wikimedia.org/wiki/Special:FilePath/Goldcrest%20Vinayak%20Uttarakhand%20India%2005.02.2015.jpg,,,29.38,79.45,Nainital,,,,,,,https://en.wikipedia.org/wiki/Naina_Devi_Himalayan_Bird_Conservation_Reserve,none
,Telangana,Pranahita Wildlife Sanctuary,Wildlife Sanctuary,,,,,[],,,Q19895392,Pranahita Wildlife Sanctuary,,,IUCN category IV: Habitat/Species Management Area,Telangana,19.0256,79.9053,Mancherial,,,,,,,https://en.wikipedia.org/wiki/Pranahita_Wildlife_Sanctuary,none
,Chandigarh,Parrot Bird Sanctuary Chandigarh,Bird Sanctuary,,,,,[],,,Q21997171,Parrot Bird Sanctuary Chandigarh,,,IUCN category IV: Habitat/Species Management Area,Chandigarh,30.725,76.77916667,,,2.9,,,"Parrot Sanctuary, Chandigarh",,"https://en.wikipedia.org/wiki/Parrot_Bird_Sanctuary,_Chandigarh",none
,Madhya Pradesh,Kanha National Park,National Park,,,,,[],,,Q1480481,Kanha National Park,,http://commons.wikimedia.org/wiki/Special:FilePath/Axis%20axis%20Kanha%201.jpg,IUCN category II: National Park,Madhya Pradesh,22.2275,80.645,Mandla,,940,,http://commons.wikimedia.org/wiki/Special:FilePath/Kanha%20National%20Park%20banner.jpg,Kanha National Park,15588876,https://en.wikipedia.org/wiki/Kanha_Tiger_Reserve,none
,Kodagu district,Nagarhole National Park,National Park,,,,,[],,,Q1520200,Nagarhole National Park,,http://commons.wikimedia.org/wiki/Special:FilePath/Matriarch%20%2850856298527%29.jpg,IUCN category II: National Park,Kodagu district,12.06,76.151111111,Mysore,,643.4,,http://commons.wikimedia.org/wiki/Special:FilePath/Nagarhole%20National%20Park%20Wikivoyage%20banner.jpg,Nagarhole National Park,,https://en.wikipedia.org/wiki/Nagarhole_National_Park,none
,Himachal Pradesh,Great Himalayan National Park,National Park,,,,,[],,,Q1544213,Great Himalayan National Park,,http://commons.wikimedia.org/wiki/Special:FilePath/Great%20Himalayan%20National%20Park%2C%20Kullu%2C%20Himachal.jpg,IUCN category II: National Park,Himachal Pradesh,31.804288,77.951021,Kullu,World Heritage Site,755,http://greathimalayannationalpark.com/,http://commons.wikimedia.org/wiki/Special:FilePath/Great%20Himalayan%20National%20Park%20banner.jpg,Great Himalayan National Park,8815513,https://en.wikipedia.org/wiki/Great_Himalayan_National_Park,none
,,Great Nicobar Biosphere Reserve,,,,,,[],,,Q5599625,Great Nicobar Biosphere Reserve,,,,,7.05,93.775,,,,,,Great Nicobar Biosphere Reserve,,https://en.wikipedia.org/wiki/Great_Nicobar_Biosphere_Reserve,none
,Tamil Nadu,Grizzled Squirrel Wildlife Sanctuary,Wildlife Sanctuary,,,,,[],,,Q5609778,Grizzled Squirrel Wildlife Sanctuary,Western Ghats,http://commons.wikimedia.org/wiki/Special:FilePath/Giant-squirrel.jpg,IUCN category IV: Habitat/Species Management Area,Tamil Nadu,9.575,77.55833333,Madurai,part of UNESCO World Heritage Site,48500,,,Grizzled Squirrel Wildlife Sanctuary,,https://en.wikipedia.org/wiki/Grizzled_Squirrel_Wildlife_Sanctuary,none
,Tamil Nadu,Point Calimere Wildlife and Bird Sanctuary,Bird Sanctuary,,,,,[],,,Q5614058,Point Calimere Wildlife and Bird Sanctuary,,http://commons.wikimedia.org/wiki/Special:FilePath/PCWBStowershadow.JPG,IUCN category IV: Habitat/Species Management Area,Tamil Nadu,10.31,79.86,,Ramsar site,385,,,Point Calimere Wildlife and Bird Sanctuary,,https://en.wikipedia.org/wiki/Point_Calimere_Wildlife_and_Bird_Sanctuary,none
,Tamil Nadu,Gulf of Mannar Marine National Park,National Park,,,,,[],,,Q5617576,Gulf of Mannar Marine National Park,,http://commons.wikimedia.org/wiki/Special:FilePath/Dugong.jpg,IUCN category II: National Park,Tamil Nadu,9.1375,79.4725,,,6.23,,,,415570,https://en.wikipedia.org/wiki/Gulf_of_Mannar_Marine_National_Park,none
,Tripura,Gumti Wildlife Sanctuary,Wildlife Sanctuary,,,,,[],,,Q5618257,Gumti Wildlife Sanctuary,,,IUCN category IV: Habitat/Species Management Area,Tripura,23.664444444,91.311666666,,,,,,,,https://en.wikipedia.org/wiki/Gumti_Wildlife_Sanctuary,none
,Gosaba community development block,Haliday Island Wildlife Sanctuary,Wildlife Sanctuary,,,,,[],,,Q5642082,Haliday Island Wildlife Sanctuary,,,IUCN category IV: Habitat/Species Management Area,Gosaba community development block,21.66431,88.6312,,,,,,,,https://en.wikipedia.org/wiki/Haliday_Island_Wildlife_Sanctuary,none
,Tarn Taran district,Harike Wetland,,,,,,[],,,Q5657472,Harike Wetland,,http://commons.wikimedia.org/wiki/Special:FilePath/Harike.jpg,,Tarn Taran district; Firozpur district,31.15,74.966666666,,Ramsar site,4100,,,Harike Wetland,,https://en.wikipedia.org/wiki/Harike_Wetland,none
,Telangana,Jawahar Deer Park,,,,,,[],,,Q6165901,Jawahar Deer Park,,,,Telangana,,,,,,,,,,https://en.wikipedia.org/wiki/Jawahar_Deer_Park,none
,Tumkur district,Jayamangali Blackbuck Reserve,,,,,,[],,,Q6167510,Jayamangali Blackbuck Reserve,,http://commons.wikimedia.org/wiki/Special:FilePath/225A7309.jpg,,Tumkur district,13.73888889,77.32222222,,,3.23,,,Jayamangali Blackbuck Reserve,,https://en.wikipedia.org/wiki/Jayamangali_Blackbuck_Reserve,none
,Gujarat,Jessore Sloth Bear Sanctuary,Wildlife Sanctuary,,,,,[],,,Q6187899,Jessore Sloth Bear Sanctuary,,http://commons.wikimedia.org/wiki/Special:FilePath/Sloth%20bear%201.jpg,IUCN category IV: Habitat/Species Management Area,Gujarat,24.2,72.3,Palanpur,,,,,,,https://en.wikipedia.org/wiki/Jessore_Sloth_Bear_Sanctuary,none
,Darjeeling district,Jore Pokhri Wildlife Sanctuary,Wildlife Sanctuary,,,,,[],,,Q6277572,Jore Pokhri Wildlife Sanctuary,,,IUCN category IV: Habitat/Species Management Area,Darjeeling district,26.99118,88.1573,,,,,,,,https://en.wikipedia.org/wiki/Jore_Pokhri_Wildlife_Sanctuary,none
,Uttar Pradesh,Kachhua Sanctuary,Wildlife Sanctuary,,,,,[],,,Q6344663,Kachhua Sanctuary,,,IUCN category IV: Habitat/Species Management Area,Uttar Pradesh,25.28,83.016,,,,,,,,https://en.wikipedia.org/wiki/Kachhua_Sanctuary,none
,Kerala,Mangalavanam Bird Sanctuary,Bird Sanctuary,,,,,[],,,Q6748692,Mangalavanam Bird Sanctuary,,http://commons.wikimedia.org/wiki/Special:FilePath/Mangalavanam.JPG,IUCN category IV: Habitat/Species Management Area,Kerala,9.9888614,76.272827671,Ernakulam,,,,,Mangalavanam Bird Sanctuary,,https://en.wikipedia.org/wiki/Mangalavanam_Bird_Sanctuary,none
,Andhra Pradesh,Manjira Wildlife Sanctuary,Wildlife Sanctuary,,,,,[],,,Q6750402,Manjira Wildlife Sanctuary,,http://commons.wikimedia.org/wiki/Special:FilePath/Migratory%20Birds%20Manjira%20Wildlife%20Sanctuary.JPG,IUCN category IV: Habitat/Species Management Area,Andhra Pradesh,17.6933,78.00639,,,,,,Manjira Wildlife Sanctuary,,https://en.wikipedia.org/wiki/Manjira_Wildlife_Sanctuary,none
,Kerala,Thattekad Bird Sanctuary,Bird Sanctuary,,,,,[],,,Q6772512,Thattekad Bird Sanctuary,,http://commons.wikimedia.org/wiki/Special:FilePath/Ocyceros%20griseus%20-India-8a.jpg,IUCN category IV: Habitat/Species Management Area,Kerala,10.57,76.71,Kochi,,,http://www.forest.kerala.gov.in/index.php/ernakulam/thattekkad-bird-sanctuary,,Thattekkad Bird Sanctuary,,https://en.wikipedia.org/wiki/Thattekad_Bird_Sanctuary,none
,,Mayani Bird Sanctuary,Bird Sanctuary,,,,,[],,,Q6796837,Mayani Bird Sanctuary,,,,,17.41666667,74.5,,,,,,,,https://en.wikipedia.org/wiki/Mayani_Bird_Sanctuary,none
,Kerala,Chimmini Wildlife Sanctuary,Wildlife Sanctuary,,,,,[],,,Q6806784,Chimmini Wildlife Sanctuary,,,IUCN category IV: Habitat/Species Management Area,Kerala,10.438816,76.463417,Thrissur,,,,http://commons.wikimedia.org/wiki/Special:FilePath/Chimmony%20banner.jpg,Chimmini Wildlife Sanctuary,,https://en.wikipedia.org/wiki/Chimmini_Wildlife_Sanctuary,none
,Kerala,Neyyar Wildlife Sanctuary,Wildlife Sanctuary,,,,,[],,,Q6807544,Neyyar Wildlife Sanctuary,Western Ghats,,IUCN category IV: Habitat/Species Management Area,Kerala,8.4,77.16,Thiruvananthapuram,part of UNESCO World Heritage Site,128000,http://www.forest.kerala.gov.in/index.php/wildlife/2015-03-16-09-50-24/2015-06-26-09-04-29/neyyar-wildlife-sanctuary,,Neyyar Wildlife Sanctuary,,https://en.wikipedia.org/wiki/Neyyar_Wildlife_Sanctuary,none
,Kerala,Peppara Wildlife Sanctuary,Wildlife Sanctuary,,,,,[],,,Q6809163,Peppara Wildlife Sanctuary,Western Ghats,http://commons.wikimedia.org/wiki/Special:FilePath/Peppara%20sanctuary.jpg,IUCN category IV: Habitat/Species Management Area,Kerala,8.64722222,77.16666667,Thiruvananthapuram,part of UNESCO World Heritage Site,5300,http://www.forest.kerala.gov.in/index.php/wildlife/2015-03-16-09-50-24/2015-06-26-09-04-29/peppara-wildlife-sanctuary,,Peppara Wildlife Sanctuary,,https://en.wikipedia.org/wiki/Peppara_Wildlife_Sanctuary,none
,North Goa district,Mhadei Wildlife Sanctuary,Wildlife Sanctuary,,,,,[],,,Q6826847,Mhadei Wildlife Sanctuary,,http://commons.wikimedia.org/wiki/Special:FilePath/Pseudophilautus%20amboli%20c.jpg,IUCN category IV: Habitat/Species Management Area,North Goa district,15.5717,74.1708,,,208.48,,,Mhadei Wildlife Sanctuary,,https://en.wikipedia.org/wiki/Mhadei_Wildlife_Sanctuary,none
,Gujarat,Mitiyala Lion Sanctuary,Wildlife Sanctuary,,,,,[],,,Q6881784,Mitiyala Lion Sanctuary,,,IUCN category IV: Habitat/Species Management Area,Gujarat,21.17387,71.25595,,,,,,,,https://en.wikipedia.org/wiki/Mitiyala_Wildlife_Sanctuary,none
,Prakasam district,Nagarjunsagar-Srisailam Tiger Reserve,Tiger Reserve,,,,,[],,,Q6958578,Nagarjunsagar-Srisailam Tiger Reserve,,,IUCN category IV: Habitat/Species Management Area,Prakasam district; Nalgonda district; Kurnool district; Mahabubnagar district; Guntur district,16.0358,78.9314,,,5937,,,Nagarjunsagar-Srisailam Tiger Reserve,,https://en.wikipedia.org/wiki/Nagarjunsagar-Srisailam_Tiger_Reserve,none
,Maharashtra,Nagzira Wildlife Sanctuary,Wildlife Sanctuary,,,,,[],,,Q6959133,Nagzira Wildlife Sanctuary,,http://commons.wikimedia.org/wiki/Special:FilePath/Nagzira%20Tiger%20By%20Vijay%20Phulwadhawa.jpg,IUCN category IV: Habitat/Species Management Area,Maharashtra,21.243942,79.985962,Bhandara,,152.58,https://www.nagzirawildlifesanctuary.com/,,Nagzira,,https://en.wikipedia.org/wiki/Nagzira,none
,,Nanmangalam Reserve Forest,,,,,,[],,,Q6963787,Nanmangalam Reserve Forest,,,,,12.926268,80.175176,Chennai,,,,,,,https://en.wikipedia.org/wiki/Nanmangalam_Reserve_Forest,none
,,Narendrapur Wildlife Sanctuary,Wildlife Sanctuary,,,,,[],,,Q6965807,Narendrapur Wildlife Sanctuary,,,,,22.4295,88.4007,,,,,,Narendrapur Wildlife Sanctuary,,https://en.wikipedia.org/wiki/Narendrapur_Wildlife_Sanctuary,none
,Uttar Pradesh,Nawabganj Bird Sanctuary,Bird Sanctuary,,,,,[],,,Q6982793,Nawabganj Bird Sanctuary,,http://commons.wikimedia.org/wiki/Special:FilePath/Nawabganj%20Bird%20Sanctuary%2C%20Unnao%2003.JPG,IUCN category IV: Habitat/Species Management Area,Uttar Pradesh,26.6191858,80.6531205,,,,,,Nawabganj Bird Sanctuary,,https://en.wikipedia.org/wiki/Nawabganj_Bird_Sanctuary,none
,,New Amarambalam Reserved Forest,,,,,,[],,,Q7005299,New Amarambalam Reserved Forest,Western Ghats,http://commons.wikimedia.org/wiki/Special:FilePath/Nilgiri%20wood%20pigeon%20%28Columba%20elphinstonii%29.jpg,IUCN category II: National Park,,11.23333333,76.18333333,Nilambur,part of UNESCO World Heritage Site,24697,,,New Amarambalam Reserved Forest,,https://en.wikipedia.org/wiki/New_Amarambalam_Reserved_Forest,none
,New Town,Eco Park,,,,,,[],,,Q7012129,Eco Park,,http://commons.wikimedia.org/wiki/Special:FilePath/Lush%20green%20grass%20along%20the%20lake.jpg,IUCN category V: Protected Landscape/Seascape,New Town,22.5989,88.4669,,,,,,"Eco Park, New Town",,"https://en.wikipedia.org/wiki/Eco_Park,_New_Town",none
,,Noradehi,,,,,,[],,,Q7050184,Noradehi,,,IUCN category IV: Habitat/Species Management Area,,23.17814167,79.20188611,,,,,,,,https://en.wikipedia.org/wiki/Noradehi,none
,,Pachmarhi Biosphere Reserve,,,,,,[],,,Q7122045,Pachmarhi Biosphere Reserve,,,,,22.183,77.783,,,,,,Pachmarhi Biosphere Reserve,,https://en.wikipedia.org/wiki/Pachmarhi_Biosphere_Reserve,none
,Malkangiri district,Balimela Wildlife Sanctuary,Wildlife Sanctuary,,,,,[],,,Q18110132,Balimela Wildlife Sanctuary,,,,Malkangiri district,18.221411,82.105731,,,,,,,,https://en.wikipedia.org/wiki/Balimela_Wildlife_Sanctuary,none
,Maharashtra,Amba Barwa Wildlife Sanctuary,Wildlife Sanctuary,,,,,[],,,Q107410387,Amba Barwa Wildlife Sanctuary,,,IUCN category IV: Habitat/Species Management Area,Maharashtra,21.222305555,76.648666666,,,,,,,,https://en.wikipedia.org/wiki/Amba_Barwa_Wildlife_Sanctuary,none
,Behali Vidhan Sabha constituency,Behali Reserved Forest,,,,,,[],,,Q107674396,Behali Reserved Forest,,http://commons.wikimedia.org/wiki/Special:FilePath/BehaliRF.jpg,,Behali Vidhan Sabha constituency; Bishwanath district; Assam,26.908888888,93.308055555,,,140,https://sites.google.com/view/ethnobotanyofnortheastindia/flora/behali-reserve-forest,,Behali Reserved Forest,,https://en.wikipedia.org/wiki/Behali_Wildlife_Sanctuary,none
,Kalaburgi district,Chincholi Wildlife Sanctuary,Wildlife Sanctuary,,,,,[],,,Q109974015,Chincholi Wildlife Sanctuary,,,IUCN category IV: Habitat/Species Management Area,Kalaburgi district,17.5,77.5,,,134.88,,,Chincholi Wildlife Sanctuary,,https://en.wikipedia.org/wiki/Chincholi_Wildlife_Sanctuary,none
,Manipur,Siju Wildlife Sanctuary,Wildlife Sanctuary,,,,,[],,,Q109974038,Siju Wildlife Sanctuary,,http://commons.wikimedia.org/wiki/Special:FilePath/Pond%20Siju%20Bird%20Sanctuary%20Meghalaya%20Oct24%20A7CR%2004013.jpg,IUCN category IV: Habitat/Species Management Area,Manipur,25.337777777,90.686388888,,,,,,Siju Wildlife Sanctuary,,https://en.wikipedia.org/wiki/Siju_Wildlife_Sanctuary,none
,Nagaland,Pulie Badze Wildlife Sanctuary,Wildlife Sanctuary,,,,,[],,,Q109974258,Pulie Badze Wildlife Sanctuary,,,IUCN category IV: Habitat/Species Management Area,Nagaland,25.6107,94.0623,,,,,,,,https://en.wikipedia.org/wiki/Pulie_Badze_Wildlife_Sanctuary,none
,Karnataka,Shettihalli Wildlife Sanctuary,Wildlife Sanctuary,,,,,[],,,Q109974510,Shettihalli Wildlife Sanctuary,,,IUCN category IV: Habitat/Species Management Area,Karnataka,13.85,75.438888888,,,,,,,,https://en.wikipedia.org/wiki/Shettihalli_Wildlife_Sanctuary,none
,,Kamrunag Lake,,,,,,[],,,Q110442683,Kamrunag Lake,,,,,31.473055555,77.05,,,,,,,,https://en.wikipedia.org/wiki/Kamrunag_Lake,none
,Chandel district,Yangoupokpi-Lokchao Wildlife Sanctuary,Wildlife Sanctuary,,,,,[],,,Q110460281,Yangoupokpi-Lokchao Wildlife Sanctuary,,http://commons.wikimedia.org/wiki/Special:FilePath/Purple%20Sapphire%20Heliophorus%20epicles%20UN%20by%20Dr.%20Raju%20Kasambe%20DSC%208697%20%281%29.jpg,IUCN category IV: Habitat/Species Management Area,Chandel district; Manipur,24.32,94.23,,,184.8,,http://commons.wikimedia.org/wiki/Special:FilePath/Yangoupokpi%20Lokchao%20WLS%20Manipur%20by%20Dr%20Raju%20Kasambe%20%281%29%2001%20%28cropped%29.jpg,Yangoupokpi-Lokchao Wildlife Sanctuary,,https://en.wikipedia.org/wiki/Yangoupokpi-Lokchao_Wildlife_Sanctuary,none
,Himachal Pradesh,Tirthan Wildlife Sanctuary,Wildlife Sanctuary,,,,,[],,,Q111169695,Tirthan Wildlife Sanctuary,,,IUCN category IV: Habitat/Species Management Area,Himachal Pradesh,31.619444444,77.547222222,,,,,,,,https://en.wikipedia.org/wiki/Tirthan_Wildlife_Sanctuary,none
,Baramulla district,Limber Wildlife Sanctuary,Wildlife Sanctuary,,,,,[],,,Q111181101,Limber Wildlife Sanctuary,,,IUCN category IV: Habitat/Species Management Area,Baramulla district,34.189166666,74.165833333,,,,,,,,https://en.wikipedia.org/wiki/Limber_Wildlife_Sanctuary,none
,,Singphan Wildlife Sanctuary,Wildlife Sanctuary,,,,,[],,,Q111181702,Singphan Wildlife Sanctuary,,,,,,,,,,,,,,https://en.wikipedia.org/wiki/Singphan_Wildlife_Sanctuary,none
,Karnataka,Thimlapura Wildlife Sanctuary,Wildlife Sanctuary,,,,,[],,,Q111913930,Thimlapura Wildlife Sanctuary,,,IUCN category IV: Habitat/Species Management Area,Karnataka,13.3787,77.1842,,,,,,,,https://en.wikipedia.org/wiki/Thimlapura_Wildlife_Sanctuary,none
,,Kadalundi–Vallikkunnu Community Reserve,,,,,,[],,,Q112136896,Kadalundi–Vallikkunnu Community Reserve,,,,,11.139333333,75.831222222,,,,,,,,https://en.wikipedia.org/wiki/Kadalundi%E2%80%93Vallikkunnu_Community_Reserve,none
,Andhra Pradesh,Gundla Brahmeswaram Wildlife Sanctuary,Wildlife Sanctuary,,,,,[],,,Q112193588,Gundla Brahmeswaram Wildlife Sanctuary,,,IUCN category IV: Habitat/Species Management Area,Andhra Pradesh,15.661178,78.745231,,,,,,,,https://en.wikipedia.org/wiki/Gundla_Brahmeswaram_Wildlife_Sanctuary,none
,Karnataka,Bukkapatna Chinkara Wildlife Sanctuary,Wildlife Sanctuary,,,,,[],,,Q112252264,Bukkapatna Chinkara Wildlife Sanctuary,,,IUCN category IV: Habitat/Species Management Area,Karnataka,13.6497129,76.7466378,,,,,,,,https://en.wikipedia.org/wiki/Bukkapatna_Chinkara_Wildlife_Sanctuary,none
,Karnataka,Yadahalli Chinkara Wildlife Sanctuary,Wildlife Sanctuary,,,,,[],,,Q112252408,Yadahalli Chinkara Wildlife Sanctuary,,,IUCN category IV: Habitat/Species Management Area,Karnataka,16.379153,75.448223,,,,,,,,https://en.wikipedia.org/wiki/Yadahalli_Chinkara_Wildlife_Sanctuary,none
,Karnataka,Rangayyanadurga Four–horned antelope Wildlife Sanctuary,Wildlife Sanctuary,,,,,[],,,Q112252433,Rangayyanadurga Four–horned antelope Wildlife Sanctuary,,,IUCN category IV: Habitat/Species Management Area,Karnataka,14.533333333,76.116666666,,,,,,,,https://en.wikipedia.org/wiki/Rangayyanadurga_Four%E2%80%93horned_antelope_Wildlife_Sanctuary,none
,Guwahati,Garbhanga Wildlife Sanctuary,Wildlife Sanctuary,,,,,[],,,Q113133799,Garbhanga Wildlife Sanctuary,,http://commons.wikimedia.org/wiki/Special:FilePath/Garbhanga%20Wildlife%20Sanctuary.jpg,IUCN category IV: Habitat/Species Management Area,Guwahati,26.093333333,91.749166666,,,117,,,,,https://en.wikipedia.org/wiki/Garbhanga_Wildlife_Sanctuary,none
,Jharkhand,Mahuadanr Wolf Sanctuary,Wildlife Sanctuary,,,,,[],,,Q113336061,Mahuadanr Wolf Sanctuary,,,IUCN category IV: Habitat/Species Management Area,Jharkhand,23.433333333,84.033333333,,,,,,,,https://en.wikipedia.org/wiki/Mahuadanr_Wolf_Sanctuary,none
,Assam,Kaziranga National Park,National Park,,,,,[],,,Q192764,Kaziranga National Park,Assam,http://commons.wikimedia.org/wiki/Special:FilePath/Indian%20Rhinoceros%20Rhinoceros%20unicornis%20by%20Dr.%20Raju%20Kasambe%20%285%29.JPG,IUCN category II: National Park,Assam,26.666666666,93.35,Golaghat,World Heritage Site,170,http://www.kaziranga100.com/,http://commons.wikimedia.org/wiki/Special:FilePath/Kaziranga%20National%20Park%20banner.jpg,Kaziranga National Park,9483703,https://en.wikipedia.org/wiki/Kaziranga_National_Park,none
,Bharatpur district,Kevladev National Park,National Park,,,,,[],,,Q235878,Kevladev National Park,Bharatpur division,http://commons.wikimedia.org/wiki/Special:FilePath/Keoladeo%20Ghana%20National%20Park%2C%20Bharatpur%2C%20Rajasthan%2C%20India.jpg,IUCN category II: National Park,Bharatpur district,27.166667,77.516667,Bharatpur,Ramsar site; World Heritage Site,28.73,,http://commons.wikimedia.org/wiki/Special:FilePath/Keoladeo%20National%20Park.jpg,Keoladeo National Park,15743640,https://en.wikipedia.org/wiki/Keoladeo_National_Park,none
,Uttar Pradesh,Dudhwa National Park,National Park,,,,,[],,,Q253455,Dudhwa National Park,,http://commons.wikimedia.org/wiki/Special:FilePath/DeerDudhwa%20Blue.jpg,IUCN category II: National Park,Uttar Pradesh,28.470872,80.699263,Palia Kalan,,490,,http://commons.wikimedia.org/wiki/Special:FilePath/Dhudhwa%20Park%20Banner.jpg,Dudhwa National Park,,https://en.wikipedia.org/wiki/Dudhwa_National_Park,none
,,Mandla Plant Fossils National Park,National Park,,,,,[],,,Q3364416,Mandla Plant Fossils National Park,,http://commons.wikimedia.org/wiki/Special:FilePath/Fossil2.jpg,IUCN category II: National Park,,23.11027778,80.61361111,Dindori,,,,,,,https://en.wikipedia.org/wiki/Mandla_Plant_Fossils_National_Park,none
,,Gugamal National Park,National Park,,,,,[],,,Q3364450,Gugamal National Park,,http://commons.wikimedia.org/wiki/Special:FilePath/Forest%20Owlet%20%28Heteroglaux%20blewitti%2C%20Athene%20blewitti%29%20in%20Melghat%20Tiger%20Reserve%20Maharashtra%20%282%29.jpg,IUCN category II: National Park,,21.40555556,77.14861111,,,,,,,,https://en.wikipedia.org/wiki/Gugamal_National_Park,none
,,Middle Button Island National Park,National Park,,,,,[],,,Q3364465,Middle Button Island National Park,,,IUCN category II: National Park,,12.27555556,93.02611111,,,,,,,,https://en.wikipedia.org/wiki/Middle_Button_Island_National_Park,none
,,North Button Island National Park,National Park,,,,,[],,,Q3364468,North Button Island National Park,,http://commons.wikimedia.org/wiki/Special:FilePath/Button%20Islands-North%20Button.png,IUCN category II: National Park,,12.31722222,93.06805556,,,,,,,,https://en.wikipedia.org/wiki/North_Button_Island_National_Park,none
,Madhya Pradesh,Pench Tiger Reserve,Tiger Reserve,,,,,[],,,Q3364473,Pench Tiger Reserve,,http://commons.wikimedia.org/wiki/Special:FilePath/Spotted%20deer%20grazing%20under%20the%20tree%20in%20afternoon%20sun.jpg,IUCN category II: National Park,Madhya Pradesh,21.6716,79.3033,,,,,,Pench National Park,,https://en.wikipedia.org/wiki/Pench_Tiger_Reserve,none
,Manipur,Shirui National Park,National Park,,,,,[],,,Q3364480,Shirui National Park,,http://commons.wikimedia.org/wiki/Special:FilePath/Siroi%20Lily.jpg,IUCN category II: National Park,Manipur,24.23083333,94.23083333,,,,,,Shirui National Park,,https://en.wikipedia.org/wiki/Shirui_National_Park,none
,Assam,Manas National Park,National Park,,,,,[],,,Q506511,Manas National Park,,http://commons.wikimedia.org/wiki/Special:FilePath/Capped%20langur%20in%20manas.jpg,IUCN category II: National Park,Assam,26.716666666,90.933333333,Barpeta Road,World Heritage Site,2600,,http://commons.wikimedia.org/wiki/Special:FilePath/Manas%20National%20Park%20banner.jpg,Manas National Park,,https://en.wikipedia.org/wiki/Manas_National_Park,none
,South 24 Parganas district,Sundarbans National Park,National Park,,,,,[],,,Q532440,Sundarbans National Park,Sundarbans,http://commons.wikimedia.org/wiki/Special:FilePath/Sundarban%20Tiger.jpg,IUCN category II: National Park,South 24 Parganas district,21.75,88.75,Canning,World Heritage Site,1330.12,https://culture.gov.in/sundarbans-national-park,http://commons.wikimedia.org/wiki/Special:FilePath/WV%20banner%20Sundarbans.jpg,Sundarbans National Park,13617703,https://en.wikipedia.org/wiki/Sundarbans_National_Park,none
,Arunachal Pradesh,Kamala Wildlife Sanctuary,Wildlife Sanctuary,,,,,[],,,Q131007942,Kamala Wildlife Sanctuary,,,IUCN category IV: Habitat/Species Management Area,Arunachal Pradesh,27.641666666,96.629166666,,,,,,,,https://en.wikipedia.org/wiki/Kamala_Wildlife_Sanctuary,none
,Arunachal Pradesh,Ringba-Roba Wildlife Sanctuary,Wildlife Sanctuary,,,,,[],,,Q131007944,Ringba-Roba Wildlife Sanctuary,,,IUCN category IV: Habitat/Species Management Area,Arunachal Pradesh,28.160833333,93.883333333,,,,,,,,https://en.wikipedia.org/wiki/Ringba-Roba_Wildlife_Sanctuary,none
,Chhattisgarh,Guru Ghasidas - Tamor Pingla Tiger Reserve,Tiger Reserve,,,,,[],,,Q131465770,Guru Ghasidas - Tamor Pingla Tiger Reserve,,,IUCN category II: National Park,Chhattisgarh,23.601944444,82.471944444,,,,,,,,https://en.wikipedia.org/wiki/Guru_Ghasidas_-_Tamor_Pingla_Tiger_Reserve,none
,Rajasthan,Bhensrodgarh Wildlife Sanctuary,Wildlife Sanctuary,,,,,[],,,Q131612272,Bhensrodgarh Wildlife Sanctuary,,,IUCN category IV: Habitat/Species Management Area,Rajasthan,24.866666666,75.516666666,,,,,,,,https://en.wikipedia.org/wiki/Bhensrodgarh_Wildlife_Sanctuary,none
,Rajasthan,Kailadevi Wildlife Sanctuary,Wildlife Sanctuary,,,,,[],,,Q134522768,Kailadevi Wildlife Sanctuary,,,IUCN category IV: Habitat/Species Management Area,Rajasthan,26.29969,76.93204,,,,,,,,https://en.wikipedia.org/wiki/Kailadevi_Wildlife_Sanctuary,none
,Sumerpur tehsil,Jawai Bandh Leopard Conservation Reserve,,,,,,[],,,Q134543442,Jawai Bandh Leopard Conservation Reserve,,,,Sumerpur tehsil,,,,,,,,,,https://en.wikipedia.org/wiki/Jawai_Bandh_Leopard_Conservation_Reserve,none
,Rajasthan,Jamwa Ramgarh Wildlife Sanctuary,Wildlife Sanctuary,,,,,[],,,Q134581460,Jamwa Ramgarh Wildlife Sanctuary,,,IUCN category IV: Habitat/Species Management Area,Rajasthan,27.047777777,76.055555555,,,,,,,,https://en.wikipedia.org/wiki/Jamwa_Ramgarh_Wildlife_Sanctuary,none
,Rajasthan,Sawai Man Singh Wildlife Sanctuary,Wildlife Sanctuary,,,,,[],,,Q134610692,Sawai Man Singh Wildlife Sanctuary,,,IUCN category IV: Habitat/Species Management Area,Rajasthan,25.8824,76.3907,,,,,,,,https://en.wikipedia.org/wiki/Sawai_Man_Singh_Wildlife_Sanctuary,none
,Bodoland,Sikhna Jwhwlao National Park,National Park,,,,,[],,,Q134984377,Sikhna Jwhwlao National Park,Assam,,IUCN category II: National Park,Bodoland,26.716966666,90.295891666,,,,,,,,https://en.wikipedia.org/wiki/Sikhna_Jwhwlao_National_Park,none
,Andaman and Nicobar Islands,Kwangtung Island Wildlife Sanctuary,Wildlife Sanctuary,,,,,[],,,Q135012839,Kwangtung Island Wildlife Sanctuary,,,IUCN category IV: Habitat/Species Management Area,Andaman and Nicobar Islands,13.41,93.03,,,,,,,,https://en.wikipedia.org/wiki/Kwangtung_Island_Wildlife_Sanctuary,none
,Madhya Pradesh,Dinosaur Fossils National Park,National Park,,,,,[],,,Q135111713,Dinosaur Fossils National Park,,,IUCN category II: National Park,Madhya Pradesh,22.341,74.779,,,,,,,,https://en.wikipedia.org/wiki/Dinosaur_Fossils_National_Park,none
,Chhattisgarh,Bhoramdev Wildlife Sanctuary,Wildlife Sanctuary,,,,,[],,,Q135350399,Bhoramdev Wildlife Sanctuary,,,IUCN category IV: Habitat/Species Management Area,Chhattisgarh,22.11,81.144444444,,,,,,,,https://en.wikipedia.org/wiki/Bhoramdev_Wildlife_Sanctuary,none
,Andaman and Nicobar Islands,Bamboo Island Wildlife Sanctuary,Wildlife Sanctuary,,,,,[],,,Q135350428,Bamboo Island Wildlife Sanctuary,,,IUCN category IV: Habitat/Species Management Area,Andaman and Nicobar Islands,13.051111111,92.933055555,,,,,,,,https://en.wikipedia.org/wiki/Bamboo_Island_Wildlife_Sanctuary,none
,,Seshachalam Hills biosphere,,,,,,[],,,Q124973096,Seshachalam Hills biosphere,,,,,,,,,,,,,,https://en.wikipedia.org/wiki/Seshachalam_Hills_biosphere,none
,Gujarat,Pania Wildlife Sanctuary,Wildlife Sanctuary,,,,,[],,,Q125167022,Pania Wildlife Sanctuary,,,IUCN category IV: Habitat/Species Management Area,Gujarat,21.25,70.825,,,,,,,,https://en.wikipedia.org/wiki/Pania_Wildlife_Sanctuary,none
,Jammu and Kashmir,Mansar-Surinsar Wildlife sanctuary,Wildlife Sanctuary,,,,,[],,,Q125881460,Mansar-Surinsar Wildlife sanctuary,,,IUCN category IV: Habitat/Species Management Area,Jammu and Kashmir,32.75,75.2,,,,,,,,https://en.wikipedia.org/wiki/Mansar-Surinsar_Lakes_Wildlife_Sanctuary,none
,,Biodiversity Heritage Site,,,,,,[],,,Q126476600,Biodiversity Heritage Site,,,,,,,,,,,,,,https://en.wikipedia.org/wiki/Biodiversity_Heritage_Site,none
,,Ashramam Biodiversity Heritage Site,,,,,,[],,,Q126476611,Ashramam Biodiversity Heritage Site,,,,,8.895555555,76.586388888,,,,,,,,https://en.wikipedia.org/wiki/Ashramam_Biodiversity_Heritage_Site,none
,Mehsana district,Thol Lake Bird Sanctuary,Bird Sanctuary,,,,,[],,,Q129176824,Thol Lake Bird Sanctuary,,,IUCN category IV: Habitat/Species Management Area,Mehsana district,23.13903,72.41364,,,,,,,,https://en.wikipedia.org/wiki/Thol_Lake_Bird_Sanctuary,none
,Odisha,Khalasuni Wildlife Sanctuary,Wildlife Sanctuary,,,,,[],,,Q129677593,Khalasuni Wildlife Sanctuary,,,IUCN category IV: Habitat/Species Management Area,Odisha,21.3471,84.555,,,,,,,,https://en.wikipedia.org/wiki/Khalasuni_Wildlife_Sanctuary,none
,Assam,Marat Longri Wildlife Sanctuary,Wildlife Sanctuary,,,,,[],,,Q130661062,Marat Longri Wildlife Sanctuary,,,IUCN category IV: Habitat/Species Management Area,Assam,25.9006,93.2842,,,,,,,,https://en.wikipedia.org/wiki/Marat_Longri_Wildlife_Sanctuary,none
,Uttarakhand,Mussoorie Wildlife Sanctuary,Wildlife Sanctuary,,,,,[],,,Q130974135,Mussoorie Wildlife Sanctuary,,,IUCN category IV: Habitat/Species Management Area,Uttarakhand,30.465277777,78.0125,,,,,,,,https://en.wikipedia.org/wiki/Mussoorie_Wildlife_Sanctuary,none
,Bihar,Barela Bird Sanctuary,Bird Sanctuary,,,,,[],,,Q130974238,Barela Bird Sanctuary,,,IUCN category IV: Habitat/Species Management Area,Bihar,25.766111111,85.580555555,,,,,,,,https://en.wikipedia.org/wiki/Barela_Bird_Sanctuary,none
,Chhattisgarh,Bhairamgarh Wildlife Sanctuary,Wildlife Sanctuary,,,,,[],,,Q130974358,Bhairamgarh Wildlife Sanctuary,,,IUCN category IV: Habitat/Species Management Area,Chhattisgarh,19.0991,80.9394,,,,,,,,https://en.wikipedia.org/wiki/Bhairamgarh_Wildlife_Sanctuary,none
,Chhattisgarh,Gomardha Wildlife Sanctuary,Wildlife Sanctuary,,,,,[],,,Q130974367,Gomardha Wildlife Sanctuary,,,IUCN category IV: Habitat/Species Management Area,Chhattisgarh,21.501,83.1366,,,,,,,,https://en.wikipedia.org/wiki/Gomardha_Wildlife_Sanctuary,none
,Odisha,Gahirmatha Marine Sanctuary,Wildlife Sanctuary,,,,,[],,,Q22031428,Gahirmatha Marine Sanctuary,,,IUCN category IV: Habitat/Species Management Area,Odisha,20.57,86.84,Chandabali,,,,,,,https://en.wikipedia.org/wiki/Gahirmatha_Marine_Sanctuary,none
,,Rani Jhansi Marine National Park,National Park,,,,,[],,,Q1544313,Rani Jhansi Marine National Park,,http://commons.wikimedia.org/wiki/Special:FilePath/Ritchies%20Archipelago%20locale.png,IUCN category II: National Park,,11.78333333,92.66666667,,,320.06,,,,,https://en.wikipedia.org/wiki/Rani_Jhansi_Marine_National_Park,none
,Leh district,Hemis National Park,National Park,,,,,[],,,Q1604804,Hemis National Park,,http://commons.wikimedia.org/wiki/Special:FilePath/StokKangripiccrop.jpg,IUCN category II: National Park,Leh district,33.983333333,77.433333333,,,4100,,http://commons.wikimedia.org/wiki/Special:FilePath/Hemis%20NP%20banner.jpg,Hemis National Park,,https://en.wikipedia.org/wiki/Hemis_National_Park,none
,Coimbatore district,Anaimalai Tiger Reserve,Tiger Reserve,,,,,[],,,Q1661434,Anaimalai Tiger Reserve,,http://commons.wikimedia.org/wiki/Special:FilePath/Jambu%20Malai%202.JPG,IUCN category II: National Park,Coimbatore district,10.366944444,77.125,Coimbatore,,1479.87,,,Anamalai Tiger Reserve,,https://en.wikipedia.org/wiki/Anamalai_Tiger_Reserve,none
,,Kanger Ghati National Park,National Park,,,,,[],,,Q1723746,Kanger Ghati National Park,,http://commons.wikimedia.org/wiki/Special:FilePath/Kanger%20valley12.JPG,IUCN category II: National Park,,18.832,82.011,Jagdalpur,Tentative World Heritage Site,200,,,Kanger Ghati National Park,,https://en.wikipedia.org/wiki/Kanger_Valley_National_Park,none
,Chikmagalur district,Kudremukh,,,,,,[],,,Q1766106,Kudremukh,,http://commons.wikimedia.org/wiki/Special:FilePath/Kudremukh%20TheHorseFace.JPG,IUCN category II: National Park,Chikmagalur district,13.129511111,75.268552777,,part of UNESCO World Heritage Site,60032,,http://commons.wikimedia.org/wiki/Special:FilePath/Kudremukh%20National%20Park%20banner.jpg,Kudremukh,,https://en.wikipedia.org/wiki/Kudremukha,none
,Maharashtra,Koyna Wildlife Sanctuary,Wildlife Sanctuary,,,,,[],,,Q1785732,Koyna Wildlife Sanctuary,Western Ghats,http://commons.wikimedia.org/wiki/Special:FilePath/Koyna-Dam3.jpg,IUCN category IV: Habitat/Species Management Area,Maharashtra,17.549,73.753,Kolhapur,part of UNESCO World Heritage Site,42355,,,,,https://en.wikipedia.org/wiki/Koyna_Wildlife_Sanctuary,none
,Changlang district,Namdapha National Park,National Park,,,,,[],,,Q1815612,Namdapha National Park,,http://commons.wikimedia.org/wiki/Special:FilePath/Namdapha2.jpg,IUCN category II: National Park,Changlang district,27.649841,96.110294,"Miao, Changlang",Tentative World Heritage Site,1985,,,Namdapha National Park,,https://en.wikipedia.org/wiki/Namdapha_National_Park,none
,,Panna National Park,National Park,,,,,[],,,Q1858071,Panna National Park,,http://commons.wikimedia.org/wiki/Special:FilePath/Panna%20National%20Park%20Map.jpg,IUCN category II: National Park,,24.73044444,80.01022222,Panna,,,,http://commons.wikimedia.org/wiki/Special:FilePath/Panna%20National%20Park%20Banner.jpg,Panna National Park,,https://en.wikipedia.org/wiki/Panna_National_Park,none
,,Radhanagari Wildlife Sanctuary,Wildlife Sanctuary,,,,,[],,,Q2125633,Radhanagari Wildlife Sanctuary,Western Ghats,http://commons.wikimedia.org/wiki/Special:FilePath/Radhanagri%20wildlife%20reserve.jpg,IUCN category IV: Habitat/Species Management Area,,16.384,73.956,Kolhapur,part of UNESCO World Heritage Site,351.16,,,Radhanagari Wildlife Sanctuary,,https://en.wikipedia.org/wiki/Radhanagari_Wildlife_Sanctuary,none
,Erode district,Sathyamangalam Tiger Reserve,Tiger Reserve,,,,,[],,,Q2226064,Sathyamangalam Tiger Reserve,,http://commons.wikimedia.org/wiki/Special:FilePath/Elephant%20Gobi.jpg,IUCN category IV: Habitat/Species Management Area,Erode district,11,77,,,1412,,,Sathyamangalam Tiger Reserve,,https://en.wikipedia.org/wiki/Sathyamangalam_Tiger_Reserve,none
,Tamil Nadu,Koothankulam Bird Sanctuary,Bird Sanctuary,,,,,[],,,Q2253195,Koothankulam Bird Sanctuary,,,IUCN category IV: Habitat/Species Management Area,Tamil Nadu,8.58102,77.76123,,,,,,Koothankulam Bird Sanctuary,,https://en.wikipedia.org/wiki/Koonthankulam_Bird_Sanctuary,none
,Tamil Nadu,Vedanthangal Bird Sanctuary,Bird Sanctuary,,,,,[],,,Q2253205,Vedanthangal Bird Sanctuary,,http://commons.wikimedia.org/wiki/Special:FilePath/Vedanthangal%20Lake.JPG,IUCN category IV: Habitat/Species Management Area,Tamil Nadu,12.54598,79.8559,,,0.3,,,Vedanthangal Bird Sanctuary,,https://en.wikipedia.org/wiki/Vedanthangal_Bird_Sanctuary,none
,Uttara Kannada District,Kali Tiger Reserve,Tiger Reserve,,,,,[],,,Q2373398,Kali Tiger Reserve,,http://commons.wikimedia.org/wiki/Special:FilePath/Anshi%20National%20Park%20drive.jpg,IUCN category II: National Park,Uttara Kannada District; Karnataka,15.01666667,74.38333333,Dandeli,,,,http://commons.wikimedia.org/wiki/Special:FilePath/Anshi%20Park%20Banner.jpg,Kali Tiger Reserve,,https://en.wikipedia.org/wiki/Kali_Tiger_Reserve,none
,East Kameng district,Pakhui Tiger Reserve,Tiger Reserve,,,,,[],,,Q7125480,Pakhui Tiger Reserve,,,IUCN category IV: Habitat/Species Management Area,East Kameng district,27.08333333,92.85833333,,,861.95,,,Pakke Tiger Reserve,,https://en.wikipedia.org/wiki/Pakke_Tiger_Reserve,none
,Uttar Pradesh,Pilibhit Tiger Reserve,Tiger Reserve,,,,,[],,,Q7193996,Pilibhit Tiger Reserve,Bareilly division; South Asia; India; Uttar Pradesh; North India; Pilibhit district,http://commons.wikimedia.org/wiki/Special:FilePath/Sultan-%20largest%20amongst%20all%20the%20tigers%20at%20PTR.png,IUCN category IV: Habitat/Species Management Area,Uttar Pradesh,28.718811,80.071968,Khatima; Pilibhit; Puranpur,,730.24,https://pilibhittigerreserve.in/,http://commons.wikimedia.org/wiki/Special:FilePath/Small%20clusters%20of%20Bojhi%20flora%20in%20a%20Swamp%20in%20Pilibhit%20tiger%20reserve.jpg,Pilibhit Tiger Reserve,9474608,https://en.wikipedia.org/wiki/Pilibhit_Tiger_Reserve,none
,Morigaon district,Pobitora Wildlife Sanctuary,Wildlife Sanctuary,,,,,[],,,Q7206203,Pobitora Wildlife Sanctuary,,,IUCN category IV: Habitat/Species Management Area,Morigaon district,26.24111111,92.03138889,Guwahati,,,,,Pobitora Wildlife Sanctuary,,https://en.wikipedia.org/wiki/Pobitora_Wildlife_Sanctuary,none
,Porbandar district,Porbandar Bird Sanctuary,Bird Sanctuary,,,,,[],,,Q7229958,Porbandar Bird Sanctuary,,,IUCN category IV: Habitat/Species Management Area,Porbandar district,21.635,69.619,,,,,,,,https://en.wikipedia.org/wiki/Porbandar_Bird_Sanctuary,none
,Bihar,protected area of Bihar,,,,,,[],,,Q7251264,protected area of Bihar,,,,Bihar,,,,,,,,,,https://en.wikipedia.org/wiki/Protected_areas_of_Bihar,none
,Kerala,protected area of Kerala,,,,,,[],,,Q7251273,protected area of Kerala,,,,Kerala,,,,,,,,,,https://en.wikipedia.org/wiki/List_of_protected_areas_of_Kerala,none
,,Puttenahalli Lake,,,,,,[],,,Q7262461,Puttenahalli Lake,,,IUCN category IV: Habitat/Species Management Area,,13.11111111,77.57611111,Bengaluru,,,,,,,https://en.wikipedia.org/wiki/Puttenahalli_Lake_(Yelahanka),none
,Tripura,Rajbari National Park,National Park,,,,,[],,,Q7285897,Rajbari National Park,,,IUCN category II: National Park,Tripura,23.28,91.4,,,,,,,,https://en.wikipedia.org/wiki/Rajbari_National_Park,none
,,Sri Venkateswara National Park,National Park,,,,,[],,,Q3174893,Sri Venkateswara National Park,,http://commons.wikimedia.org/wiki/Special:FilePath/Sri%20Venkateswara%20National%20Park%20Tirumala%20Hills%2001.jpg,IUCN category II: National Park,,13.7511,79.3378,Tirupati,,,,,Sri Venkateswara National Park,,https://en.wikipedia.org/wiki/Sri_Venkateswara_National_Park,none
,,Laokhowa Wildlife Sanctuary,Wildlife Sanctuary,,,,,[],,,Q3217688,Laokhowa Wildlife Sanctuary,,,IUCN category IV: Habitat/Species Management Area,,26.50666667,92.71055556,Nagaon,,,,,,,https://en.wikipedia.org/wiki/Laokhowa_Wildlife_Sanctuary,none
,,Mount Abu Wildlife Sanctuary,Wildlife Sanctuary,,,,,[],,,Q3326008,Mount Abu Wildlife Sanctuary,,http://commons.wikimedia.org/wiki/Special:FilePath/Nakki%20Lake%20from%20Mount%20Abu%20Wildlife%20Sanctuary.JPG,IUCN category IV: Habitat/Species Management Area,,24.55,72.63333333,Aburaj,,,,,,,https://en.wikipedia.org/wiki/Mount_Abu_Wildlife_Sanctuary,none
,,Pampadum Shola National Park,National Park,,,,,[],,,Q3330156,Pampadum Shola National Park,,http://commons.wikimedia.org/wiki/Special:FilePath/Pampadumshola.jpg,IUCN category II: National Park,,10.14388889,77.26694444,Marayur,,,,,Pampadum Shola National Park,,https://en.wikipedia.org/wiki/Pampadum_Shola_National_Park,none
,Kerala,Anamudi Shola National Park,National Park,,,,,[],,,Q3333420,Anamudi Shola National Park,Western Ghats,http://commons.wikimedia.org/wiki/Special:FilePath/Anamudi%20shola%20national%20park.JPG,IUCN category II: National Park,Kerala,10.20833333,77.08333333,,part of UNESCO World Heritage Site,1126,https://www.keralatourism.org/ecotourism/destinations/anamudi-shola,,Anamudi Shola National Park,15036911,https://en.wikipedia.org/wiki/Anamudi_Shola_National_Park,none
,Karnataka,Kappatagudda Wildlife Sanctuary,Wildlife Sanctuary,,,,,[],,,Q135419116,Kappatagudda Wildlife Sanctuary,,,IUCN category IV: Habitat/Species Management Area,Karnataka,15.1841,75.7697,,,,,,,,https://en.wikipedia.org/wiki/Kappatagudda_Wildlife_Sanctuary,none
,Umaria district,Panpatha Wildlife Sanctuary,Wildlife Sanctuary,,,,,[],,,Q135483626,Panpatha Wildlife Sanctuary,,,IUCN category IV: Habitat/Species Management Area,Umaria district,23.69944,80.96194,,,,,,,,https://en.wikipedia.org/wiki/Panpatha_Wildlife_Sanctuary,none
,Tamil Nadu,Therthangal Bird Sanctuary,Bird Sanctuary,,,,,[],,,Q135622710,Therthangal Bird Sanctuary,,,IUCN category IV: Habitat/Species Management Area,Tamil Nadu,9.4575,78.769444444,,,,,,,,https://en.wikipedia.org/wiki/Therthangal_Bird_Sanctuary,none
,Bihar,Rajauli Wildlife Sanctuary,Wildlife Sanctuary,,,,,[],,,Q135650177,Rajauli Wildlife Sanctuary,,,IUCN category IV: Habitat/Species Management Area,Bihar,24.616666666,85.556666666,,,,,,,,https://en.wikipedia.org/wiki/Rajauli_Wildlife_Sanctuary,none
,Punjab,Bir Aishvan Wildlife Sanctuary,Wildlife Sanctuary,,,,,[],,,Q135798492,Bir Aishvan Wildlife Sanctuary,,,IUCN category IV: Habitat/Species Management Area,Punjab,30.242,75.84,,,,,,,,https://en.wikipedia.org/wiki/Bir_Aishvan_Wildlife_Sanctuary,none
,Kultali community development block,West Sunderban Wildlife Sanctuary,Wildlife Sanctuary,,,,,[],,,Q135826470,West Sunderban Wildlife Sanctuary,,,IUCN category IV: Habitat/Species Management Area,Kultali community development block,21.65,88.56,,,556.45,,,,678835645,https://en.wikipedia.org/wiki/West_Sunderban_Wildlife_Sanctuary,none
,Lahaul and Spiti district,Chandratal Wildlife Sanctuary,Wildlife Sanctuary,,,,,[],,,Q135838331,Chandratal Wildlife Sanctuary,,,IUCN category IV: Habitat/Species Management Area,Lahaul and Spiti district,32.4752,77.6171,,,,,,,,https://en.wikipedia.org/wiki/Chandratal_Wildlife_Sanctuary,none
,Rajasthan,Darrah Wildlife Sanctuary,Wildlife Sanctuary,,,,,[],,,Q135901958,Darrah Wildlife Sanctuary,,,IUCN category IV: Habitat/Species Management Area,Rajasthan,24.833333333,75.966666666,,,,,,,,https://en.wikipedia.org/wiki/Darrah_Wildlife_Sanctuary,none
,Rajasthan,Jawahar Sagar Wildlife Sanctuary,Wildlife Sanctuary,,,,,[],,,Q135963448,Jawahar Sagar Wildlife Sanctuary,,,IUCN category IV: Habitat/Species Management Area,Rajasthan,25.0097,75.6386,,,,,,,,https://en.wikipedia.org/wiki/Jawahar_Sagar_Wildlife_Sanctuary,none
,Himachal Pradesh,Rupi Bhaba Wildlife Sanctuary,Wildlife Sanctuary,,,,,[],,,Q136289123,Rupi Bhaba Wildlife Sanctuary,,,IUCN category IV: Habitat/Species Management Area,Himachal Pradesh,31.716666666,77.95,,,,,,,,https://en.wikipedia.org/wiki/Rupi_Bhaba_Wildlife_Sanctuary,none
,Punjab,Bir Bunerheri Wildlife Sanctuary,Wildlife Sanctuary,,,,,[],,,Q136707825,Bir Bunerheri Wildlife Sanctuary,,,IUCN category IV: Habitat/Species Management Area,Punjab,30.19,76.46,,,,,,,,https://en.wikipedia.org/wiki/Bir_Bunerheri_Wildlife_Sanctuary,none
,Punjab,Kathlaur Kushlian Wildlife Sanctuary,Wildlife Sanctuary,,,,,[],,,Q136955738,Kathlaur Kushlian Wildlife Sanctuary,,,IUCN category IV: Habitat/Species Management Area,Punjab,32.255,75.4425,,,,,,,,https://en.wikipedia.org/wiki/Kathlaur_Kushlian_Wildlife_Sanctuary,none
,Madhya Pradesh,Sardarpur Wildlife Sanctuary,Wildlife Sanctuary,,,,,[],,,Q136994418,Sardarpur Wildlife Sanctuary,,,IUCN category IV: Habitat/Species Management Area,Madhya Pradesh,22.7428,74.9138,,,,,,,,https://en.wikipedia.org/wiki/Sardarpur_Wildlife_Sanctuary,none
,Madhya Pradesh,Singhori Wildlife Sanctuary,Wildlife Sanctuary,,,,,[],,,Q136994694,Singhori Wildlife Sanctuary,,,IUCN category IV: Habitat/Species Management Area,Madhya Pradesh,23.1786,78.1767,,,,,,,,https://en.wikipedia.org/wiki/Singhori_Wildlife_Sanctuary,none
,Himachal Pradesh,Rakchham Chitkul Wildlife Sanctuary,Wildlife Sanctuary,,,,,[],,,Q137027173,Rakchham Chitkul Wildlife Sanctuary,,,IUCN category IV: Habitat/Species Management Area,Himachal Pradesh,31.3469,78.4083,,,,,,,,https://en.wikipedia.org/wiki/Rakchham_Chitkul_Wildlife_Sanctuary,none
,Manipur,Jiri-Makru Wildlife Sanctuary,Wildlife Sanctuary,,,,,[],,,Q137223329,Jiri-Makru Wildlife Sanctuary,,,IUCN category IV: Habitat/Species Management Area,Manipur,25.2032,93.4155,,,,,,,,https://en.wikipedia.org/wiki/Jiri-Makru_Wildlife_Sanctuary,none
,Mizoram,Ngengpui Wildlife Sanctuary,Wildlife Sanctuary,,,,,[],,,Q137224032,Ngengpui Wildlife Sanctuary,,,IUCN category IV: Habitat/Species Management Area,Mizoram,22.4309,92.7748,,,,,,,,https://en.wikipedia.org/wiki/Ngengpui_Wildlife_Sanctuary,none
,Jammu and Kashmir,Baltal Thajwas Wildlife Sanctuary,Wildlife Sanctuary,,,,,[],,,Q137254449,Baltal Thajwas Wildlife Sanctuary,,,IUCN category IV: Habitat/Species Management Area,Jammu and Kashmir,34.229,75.3801,,,,,,,,https://en.wikipedia.org/wiki/Baltal_Thajwas_Wildlife_Sanctuary,none
,Dimapur,Rangapahar Wildlife Sanctuary,Wildlife Sanctuary,,,,,[],,,Q137591486,Rangapahar Wildlife Sanctuary,,,IUCN category IV: Habitat/Species Management Area,Dimapur,25.85623,93.7194,,,,,,,,https://en.wikipedia.org/wiki/Rangapahar_Wildlife_Sanctuary,none
,Chandrapur district,Kanhargaon Wildlife Sanctuary,Wildlife Sanctuary,,,,,[],,,Q137596744,Kanhargaon Wildlife Sanctuary,,,,Chandrapur district,19.68,79.68,,,,,,,,https://en.wikipedia.org/wiki/Kanhargaon_Wildlife_Sanctuary,none
,Amravati district,Wan Wildlife Sanctuary,Wildlife Sanctuary,,,,,[],,,Q137596748,Wan Wildlife Sanctuary,,,IUCN category IV: Habitat/Species Management Area,Amravati district,21.2441,76.8509,,,,,,,,https://en.wikipedia.org/wiki/Wan_Wildlife_Sanctuary,none
,Maharashtra,Dnyanganga Wildlife Sanctuary,Wildlife Sanctuary,,,,,[],,,Q137670177,Dnyanganga Wildlife Sanctuary,,,IUCN category IV: Habitat/Species Management Area,Maharashtra,20.5599,76.3688,,,,,,,,https://en.wikipedia.org/wiki/Dnyanganga_Wildlife_Sanctuary,none
,Madhya Pradesh,Phen Wildlife Sanctuary,Wildlife Sanctuary,,,,,[],,,Q137691018,Phen Wildlife Sanctuary,,,IUCN category IV: Habitat/Species Management Area,Madhya Pradesh,22.3642,81.0284,,,,,,,,https://en.wikipedia.org/wiki/Phen_Wildlife_Sanctuary,none
,Uttarakhand,Sonanadi Wildlife Sanctuary,Wildlife Sanctuary,,,,,[],,,Q137699186,Sonanadi Wildlife Sanctuary,,,IUCN category IV: Habitat/Species Management Area,Uttarakhand,29.6442,78.6417,,,,,,,,https://en.wikipedia.org/wiki/Sonanadi_Wildlife_Sanctuary,none
,Karnataka,Melkote Temple Wildlife Sanctuary,Wildlife Sanctuary,,,,,[],,,Q137699195,Melkote Temple Wildlife Sanctuary,,,IUCN category IV: Habitat/Species Management Area,Karnataka,12.69964,76.66135,,,,,,,,https://en.wikipedia.org/wiki/Melkote_Temple_Wildlife_Sanctuary,none
,Uttar Pradesh,Surha Tal Bird Sanctuary,Bird Sanctuary,,,,,[],,,Q137699192,Surha Tal Bird Sanctuary,,,IUCN category IV: Habitat/Species Management Area,Uttar Pradesh,25.8429,84.1708,,,,,,,,https://en.wikipedia.org/wiki/Surha_Tal_Bird_Sanctuary,none
,Gadchiroli district,Pranhita Wildlife Sanctuary,Wildlife Sanctuary,,,,,[],,,Q137801052,Pranhita Wildlife Sanctuary,,,,Gadchiroli district,19.8,80.15,,,,,,,,https://en.wikipedia.org/wiki/Pranhita_Wildlife_Sanctuary,none
,Kerala,Western Ghats,,,,,,[],,,Q4527,Western Ghats,Eastern and Western Ghâts,http://commons.wikimedia.org/wiki/Special:FilePath/Naikolli%20Mala%20near%20Anamudi.jpg,,Kerala; Karnataka; Maharashtra; Tamil Nadu; Goa; Gujarat,10.169722222,77.061111111,,World Heritage Site,160000,,http://commons.wikimedia.org/wiki/Special:FilePath/Amboli%20banner.jpg,Western Ghats,,https://en.wikipedia.org/wiki/Western_Ghats,none
,,protected area of Himachal Pradesh,,,,,,[],,,Q32171,protected area of Himachal Pradesh,,,,,,,,,,,,,,https://en.wikipedia.org/wiki/List_of_protected_areas_of_Himachal_Pradesh,none
,,Kadalundi Bird Sanctuary,Bird Sanctuary,,,,,[],,,Q37564,Kadalundi Bird Sanctuary,,http://commons.wikimedia.org/wiki/Special:FilePath/Kadalundi%20Bird%20Sanctuary.jpg,,,11.131,75.829,,,,,,Kadalundi Bird Sanctuary,,https://en.wikipedia.org/wiki/Kadalundi_Bird_Sanctuary,none
,Mayurbhanj district,Simlipal National Park,National Park,,,,,[],,,Q61529,Simlipal National Park,,http://commons.wikimedia.org/wiki/Special:FilePath/Palpala%20River%20near%20lulung%2C%20Similipal%20National%20Park.jpg,IUCN category II: National Park,Mayurbhanj district,21.75,86.33,Baripada,,2750,,http://commons.wikimedia.org/wiki/Special:FilePath/Simlipal%20National%20Park%20banner%20Sunrise.jpg,Simlipal National Park,19289292,https://en.wikipedia.org/wiki/Simlipal_National_Park,none
,,Guindy National Park,National Park,,,,,[],,,Q648548,Guindy National Park,,http://commons.wikimedia.org/wiki/Special:FilePath/Guindy%20national%20park.jpg,IUCN category II: National Park,,13.00259,80.23079,Chennai,,2.8,,,Guindy National Park,,https://en.wikipedia.org/wiki/Guindy_National_Park,none
,Jammu and Kashmir,Kishtwar National Park,National Park,,,,,[],,,Q727091,Kishtwar National Park,,,IUCN category II: National Park,Jammu and Kashmir,33.60111111,75.99277778,,,,,,Kishtwar National Park,,https://en.wikipedia.org/wiki/Kishtwar_National_Park,none
,Maharashtra,Chandoli National Park,National Park,,,,,[],,,Q3696259,Chandoli National Park,Western Ghats,http://commons.wikimedia.org/wiki/Special:FilePath/Oriental%20Garden%20Lizard%20or%20Bloodsucker.jpg,IUCN category II: National Park,Maharashtra,17.19166667,73.775,,part of UNESCO World Heritage Site,317.67,,,Chandoli National Park,,https://en.wikipedia.org/wiki/Chandoli_National_Park,none
,,Palani Hills Wildlife Sanctuary and National Park,National Park,,,,,[],,,Q3696260,Palani Hills Wildlife Sanctuary and National Park,,http://commons.wikimedia.org/wiki/Special:FilePath/Palani%20Hills-C.jpg,IUCN category VI: Protected Area with sustainable use of natural resources,,10.24527778,77.52388889,Kodaikanal,,,,,,,https://en.wikipedia.org/wiki/Palani_Hills_Wildlife_Sanctuary_and_National_Park,none
,Tamil Nadu,Kalakkad Mundanthurai Tiger Reserve,Tiger Reserve,,,,,[],,,Q3936889,Kalakkad Mundanthurai Tiger Reserve,Western Ghats,http://commons.wikimedia.org/wiki/Special:FilePath/Kalakkad%20Mundanthurai.jpg,IUCN category IV: Habitat/Species Management Area,Tamil Nadu,8.68333333,77.31666667,,part of UNESCO World Heritage Site,895,http://kmtr.co.in/,,Kalakkad Mundanthurai Tiger Reserve,17746132,https://en.wikipedia.org/wiki/Kalakkad_Mundanthurai_Tiger_Reserve,none
,Erode district,Vellode Birds Sanctuary,Bird Sanctuary,,,,,[],,,Q4122004,Vellode Birds Sanctuary,,http://commons.wikimedia.org/wiki/Special:FilePath/Birds%20at%20Vellode%20Bird%20Sanctuary.jpg,IUCN category IV: Habitat/Species Management Area,Erode district,11.2525,77.6522,,,0.8,,,Vellode Bird Sanctuary,,https://en.wikipedia.org/wiki/Vellode_Bird_Sanctuary,none
,Jammu and Kashmir,Qazinag National Park,National Park,,,,,[],,,Q4208325,Qazinag National Park,,,IUCN category II: National Park,Jammu and Kashmir,34.166667,74.033333,,,,,,,,https://en.wikipedia.org/wiki/Kazinag_National_Park,none
,Uttar Pradesh,Bakhira Sanctuary,Wildlife Sanctuary,,,,,[],,,Q4251269,Bakhira Sanctuary,,http://commons.wikimedia.org/wiki/Special:FilePath/Bakhira%20Bird%20Sanctury.jpg,IUCN category IV: Habitat/Species Management Area,Uttar Pradesh,26.906359,83.104282,Gorakhpur,,,,,Bakhira Sanctuary,,https://en.wikipedia.org/wiki/Bakhira_Sanctuary,none
,Gazole community development block,Adina Deer Park,,,,,,[],,,Q4682873,Adina Deer Park,,http://commons.wikimedia.org/wiki/Special:FilePath/Deers%20at%20Adina%20Deer%20Park%2C%20Malda.jpg,,Gazole community development block,25.1405,88.1727,,,,,,,,https://en.wikipedia.org/wiki/Adina_Deer_Park,none
,Kuttichal Grama Panchayat,Agasthyavanam Biological Park,,,,,,[],,,Q4691449,Agasthyavanam Biological Park,,,,Kuttichal Grama Panchayat,24.592,73.652,,,,,,Agasthyavanam Biological Park,,https://en.wikipedia.org/wiki/Agasthyavanam_Biological_Park,none
,,Annekal Reserved Forest,,,,,,[],,,Q4768948,Annekal Reserved Forest,,,,,12.704,77.591,,,,,,,,https://en.wikipedia.org/wiki/Annekal_Reserved_Forest,none
,,Salim Ali Bird Sanctuary.,Bird Sanctuary,,,,,[],,,Q4806672,Salim Ali Bird Sanctuary.,,http://commons.wikimedia.org/wiki/Special:FilePath/Salim%20Ali%20Sanctuary.jpg,,,15.5146,73.8575,Panaji,,,http://www.goatourism.gov.in/destinations/sanctuaries/162-dr-salim-ali-bird-sanctuary,,Salim Ali Bird Sanctuary,,https://en.wikipedia.org/wiki/Salim_Ali_Bird_Sanctuary,none
,Uttarakhand,Askot Musk Deer Sanctuary,Wildlife Sanctuary,,,,,[],,,Q4807241,Askot Musk Deer Sanctuary,,http://commons.wikimedia.org/wiki/Special:FilePath/Panchchuli%20Peaks%2C%20near%20Munsiyari%2C%20Uttarakhand.jpg,IUCN category IV: Habitat/Species Management Area,Uttarakhand,30.12083333,80.6525,Didihat,,,,,,,https://en.wikipedia.org/wiki/Askot_Musk_Deer_Sanctuary,none
,Nayagarh district,Baisipali Wildlife Sanctuary,Wildlife Sanctuary,,,,,[],,,Q4848700,Baisipali Wildlife Sanctuary,,,IUCN category IV: Habitat/Species Management Area,Nayagarh district,20.45,84.75,,,,,,,,https://en.wikipedia.org/wiki/Baisipalli_Wildlife_Sanctuary,none
,Bolpur Sriniketan community development block,Ballabhpur Wildlife Sanctuary,Wildlife Sanctuary,,,,,[],,,Q4851306,Ballabhpur Wildlife Sanctuary,,,IUCN category IV: Habitat/Species Management Area,Bolpur Sriniketan community development block,23.685011,87.653021,Santiniketan,,,,,,,https://en.wikipedia.org/wiki/Ballabhpur_Wildlife_Sanctuary,none
,Nakashipara community development block,Bethuadahari Wildlife Sanctuary,Wildlife Sanctuary,,,,,[],,,Q4898107,Bethuadahari Wildlife Sanctuary,,http://commons.wikimedia.org/wiki/Special:FilePath/Bethuadahari%20Wildlife%20Sanctuary%20-%20Indian%20National%20Highway%2034%20-%20Nadia%202013-03-23%207084.JPG,IUCN category IV: Habitat/Species Management Area,Nakashipara community development block,23.5975516,88.3920227,Bethuadahari,,,,http://commons.wikimedia.org/wiki/Special:FilePath/Entrance%20-%20Bethuadahari%20Wildlife%20Sanctuary%20-%20Indian%20National%20Highway%2034%20-%20Nadia%202013-03-23%207090%20%28cropped%29.JPG,Bethuadahari Wildlife Sanctuary,,https://en.wikipedia.org/wiki/Bethuadahari_Wildlife_Sanctuary,none
,Yadgir district,Bonal Bird Sanctuary,Bird Sanctuary,,,,,[],,,Q4941109,Bonal Bird Sanctuary,,,,Yadgir district,16.52691111,76.65669722,,,,,,,,https://en.wikipedia.org/wiki/Bonal_Bird_Sanctuary,none
,Madhya Pradesh,Bori Wildlife Sanctuary,Wildlife Sanctuary,,,,,[],,,Q4945104,Bori Wildlife Sanctuary,,,IUCN category IV: Habitat/Species Management Area,Madhya Pradesh,22.403,78.08,,,,,,,,https://en.wikipedia.org/wiki/Bori_Wildlife_Sanctuary,none
,Khordha district,Chandaka Elephant Sanctuary,Wildlife Sanctuary,,,,,[],,,Q5070917,Chandaka Elephant Sanctuary,,http://commons.wikimedia.org/wiki/Special:FilePath/Chandaka%20Forest%20and%20Elephant%20Reserve%2001.JPG,IUCN category IV: Habitat/Species Management Area,Khordha district,20.36666667,85.76666667,Bhubaneswar,,,,,Chandaka Elephant Reserve,,https://en.wikipedia.org/wiki/Chandaka_Elephant_Sanctuary,none
,Uttar Pradesh,Chandra Prabha Sanctuary,Wildlife Sanctuary,,,,,[],,,Q5071304,Chandra Prabha Sanctuary,,,IUCN category IV: Habitat/Species Management Area,Uttar Pradesh,24.92785,83.11432,Varanasi,,,,,,,https://en.wikipedia.org/wiki/Chandra_Prabha_Wildlife_Sanctuary,none
,,Chari-Dhand Wetland Conservation Reserve,,,,,,[],,,Q5074314,Chari-Dhand Wetland Conservation Reserve,,,,,23.56272222,69.413,,Ramsar site,,,,,,https://en.wikipedia.org/wiki/Chari-Dhand_Wetland_Conservation_Reserve,none
,Rajasthan,Hill Forts of Rajasthan,,,,,,[],,,Q10428494,Hill Forts of Rajasthan,,http://commons.wikimedia.org/wiki/Special:FilePath/Jaipur%2003-2016%2004%20Amber%20Fort.jpg,,Rajasthan,24.883306,74.646111,,World Heritage Site,736,,,Hill forts of Rajasthan World Heritage Site,,https://en.wikipedia.org/wiki/Hill_Forts_of_Rajasthan,none
,Rajasthan,Q11927133,,,,,,[],,,Q11927133,Q11927133,,,IUCN category IV: Habitat/Species Management Area,Rajasthan,24.30426,73.86435,,,,,,,,https://en.wikipedia.org/wiki/Jaisamand_Wildlife_Sanctuary,none
,Tamil Nadu,Vallanadu Wildlife Sanctuary,Wildlife Sanctuary,,,,,[],,,Q12988826,Vallanadu Wildlife Sanctuary,,http://commons.wikimedia.org/wiki/Special:FilePath/BlackbuckAntelope2.jpg,IUCN category IV: Habitat/Species Management Area,Tamil Nadu,8.7011,77.8876,Tirunelveli,,,http://www.forests.tn.nic.in/WildBiodiversity/ws_vbs.html,,Vallanadu Wildlife Sanctuary,,https://en.wikipedia.org/wiki/Vallanadu_Wildlife_Sanctuary,none
,Ariyalur district,Karaivetti Bird Sanctuary,Bird Sanctuary,,,,,[],,,Q13111039,Karaivetti Bird Sanctuary,,http://commons.wikimedia.org/wiki/Special:FilePath/Waterfowls%20in%20Karaivetti%20Bird%20Sanctuary%20JEG3092.jpg,IUCN category IV: Habitat/Species Management Area,Ariyalur district,10.970277777,79.041388888,,,4.537,,,Karaivetti Bird Sanctuary,,https://en.wikipedia.org/wiki/Karaivetti_Bird_Sanctuary,none
,,Karian Shola National Park,National Park,,,,,[],,,Q13116281,Karian Shola National Park,Western Ghats,,,,10.38333333,77.08333333,,part of UNESCO World Heritage Site,503,,,,,https://en.wikipedia.org/wiki/Karian_Shola_National_Park,none
,Seoni district,Pench National Park,National Park,,,,,[],,,Q2720864,Pench National Park,,http://commons.wikimedia.org/wiki/Special:FilePath/Pench%20National%20Park%20habitat%20shot.jpg,IUCN category II: National Park,Seoni district,21.6716,79.3033,,,,http://www.penchnationalpark.in/,http://commons.wikimedia.org/wiki/Special:FilePath/Pench%20National%20Park%20banner.jpg,Pench National Park,,https://en.wikipedia.org/wiki/Pench_National_Park,none
,Ahmedabad district,Nal Sarovar Bird Sanctuary,Bird Sanctuary,,,,,[],,,Q2723560,Nal Sarovar Bird Sanctuary,,http://commons.wikimedia.org/wiki/Special:FilePath/Nal%20sarovar.jpg,IUCN category IV: Habitat/Species Management Area,Ahmedabad district,22.792569444,72.023111111,,,,,,Nal Sarovar Bird Sanctuary,,https://en.wikipedia.org/wiki/Nal_Sarovar_Bird_Sanctuary,none
,,Maldhari,,,,,,[],,,Q2723927,Maldhari,,,,,21.13555556,70.79666667,,,,,,,,https://en.wikipedia.org/wiki/Maldhari,none
,Devbhumi Dwarka district,"Marine National Park, Gulf of Kutch",National Park,,,,,[],,,Q2724481,"Marine National Park, Gulf of Kutch",,http://commons.wikimedia.org/wiki/Special:FilePath/The%20Vast%20Expanse%20of%20Narara%20Sea%20Bed%20during%20Low%20Tide%20of%20Narara%20Marine%20National%20Park.jpg,IUCN category II: National Park,Devbhumi Dwarka district,22.4667,69.6167,Jamnagar,,162.89,,,"Marine National Park, Gulf of Kutch",,"https://en.wikipedia.org/wiki/Marine_National_Park,_Gulf_of_Kutch",none
,Jambughoda Taluka,Jambughoda Wildlife Sanctuary,Wildlife Sanctuary,,,,,[],,,Q2757724,Jambughoda Wildlife Sanctuary,,,IUCN category IV: Habitat/Species Management Area,Jambughoda Taluka,22.3667,73.7167,Vadodara,,,,,,,https://en.wikipedia.org/wiki/Jambughoda_Wildlife_Sanctuary,none
,Dahod district,Ratan Mahal Wildlife Sanctuary,Wildlife Sanctuary,,,,,[],,,Q2769992,Ratan Mahal Wildlife Sanctuary,,http://commons.wikimedia.org/wiki/Special:FilePath/Ratanmahal%20Wildlife%20Sanctuary%20-%20Dahod%20district%20-%20Gujarat%20-%20DSC0001.jpg,IUCN category IV: Habitat/Species Management Area,Dahod district,22.575,74.110347222,,,,,,Ratan Mahal Wildlife Sanctuary,,https://en.wikipedia.org/wiki/Ratanmahal_Wildlife_Sanctuary,none
,Assam,Bura Chapori Wildlife Sanctuary,Wildlife Sanctuary,,,,,[],,,Q2928293,Bura Chapori Wildlife Sanctuary,,http://commons.wikimedia.org/wiki/Special:FilePath/Bura%20Chapori%20Wildlife%20Sanctuary%20in%20Assam.jpg,IUCN category IV: Habitat/Species Management Area,Assam,26.5148,92.6929,Tezpur,,,,,,,https://en.wikipedia.org/wiki/Bura_Chapori_Wildlife_Sanctuary,none
,,Campbell Bay National Park,National Park,,,,,[],,,Q2979693,Campbell Bay National Park,,http://commons.wikimedia.org/wiki/Special:FilePath/Nicobar%20Treeshrew%20%28Tupaia%20nicobarica%20nicobarica%29.jpg,IUCN category II: National Park,,7.11277778,93.76194444,,,426.23,,,,,https://en.wikipedia.org/wiki/Campbell_Bay_National_Park,none
,South Garo Hills district,Balpakram National Park,National Park,,,,,[],,,Q2979712,Balpakram National Park,,http://commons.wikimedia.org/wiki/Special:FilePath/Muntjac%20deer.JPG,IUCN category II: National Park,South Garo Hills district,25.5,90.75,Baghmara,,352,,,Balphakram National Park,,https://en.wikipedia.org/wiki/Balpakram_National_Park,none
,Andaman and Nicobar Islands,Galathea National Park,National Park,,,,,[],,,Q2979723,Galathea National Park,,http://commons.wikimedia.org/wiki/Special:FilePath/Caloenas%20nicobarica%20-%20Kragentaube2.jpg,IUCN category II: National Park,Andaman and Nicobar Islands,6.923,93.833,,,110,,,,,https://en.wikipedia.org/wiki/Galathea_National_Park,none
,Nilgiris district,Mukurthi National Park,National Park,,,,,[],,,Q2985390,Mukurthi National Park,Western Ghats,http://commons.wikimedia.org/wiki/Special:FilePath/Niltahr.jpg,IUCN category II: National Park,Nilgiris district,11.266666666,76.475,Ooty,part of UNESCO World Heritage Site,78.46,https://www.forests.tn.gov.in/pages/view/MUKURTHI-NATIONAL-PARK,,Mukurthi National Park,,https://en.wikipedia.org/wiki/Mukurthi_National_Park,none
,Assam,Orang National Park,National Park,,,,,[],,,Q2989176,Orang National Park,,http://commons.wikimedia.org/wiki/Special:FilePath/Greater%20one-horned%20rhinoceros.jpg,IUCN category II: National Park,Assam,26.61,92.36,,,492.46,,,Orang Tiger Reserve,,https://en.wikipedia.org/wiki/Orang_National_Park,none
,Jaisalmer district,Desert National Park,National Park,,,,,[],,,Q3058213,Desert National Park,,http://commons.wikimedia.org/wiki/Special:FilePath/Desert%20National%20Park%20%2850861830528%29.jpg,IUCN category II: National Park,Jaisalmer district; Barmer district,26.316666666,70.516666666,Jaisalmer; Barmer,Tentative World Heritage Site,3162,,,Desert National Park,,https://en.wikipedia.org/wiki/Desert_National_Park,none
,Ferrargunj tehsil,Mount Manipur National Park,National Park,,,,,[],,,Q3091762,Mount Manipur National Park,,http://commons.wikimedia.org/wiki/Special:FilePath/Centaur%20Oakblue%20andamans%20at%20Mt%20Harriet%20National%20Park.jpg,IUCN category II: National Park,Ferrargunj tehsil,11.8074,92.7571,,,46.62,,,Mount Harriet National Park,9282503,https://en.wikipedia.org/wiki/Mount_Harriet_National_Park,none
,Peren district,Ntangki National Park,National Park,,,,,[],,,Q3091771,Ntangki National Park,,,IUCN category II: National Park,Peren district,25.56,93.45,,,,,,,,https://en.wikipedia.org/wiki/Ntangki_National_Park,none
,,Mrugavani National Park,National Park,,,,,[],,,Q3092307,Mrugavani National Park,,http://commons.wikimedia.org/wiki/Special:FilePath/Daboia%20head.jpg,IUCN category II: National Park,,17.35777778,78.34111111,Hyderabad,,,,,Mrugavani National Park,,https://en.wikipedia.org/wiki/Mrugavani_National_Park,none
,,Sanjay National Park,National Park,,,,,[],,,Q3092341,Sanjay National Park,,http://commons.wikimedia.org/wiki/Special:FilePath/Oriolus%20xanthornus%2C%20Black-hooded%20Oriole%2C%20India%202013.jpg,IUCN category II: National Park,,23.968611111,81.655277777,Sidhi,,,,,Sanjay National Park,,https://en.wikipedia.org/wiki/Sanjay_National_Park,none
,Bhopal district,Van Vihar National Park,National Park,,,,,[],,,Q3092357,Van Vihar National Park,,http://commons.wikimedia.org/wiki/Special:FilePath/Alligator%20at%20Van%20Vihar%20National%20Park.jpg,IUCN category II: National Park,Bhopal district,23.22948,77.36977,,,,https://vanviharnationalpark.org/,,Van Vihar National Park,,https://en.wikipedia.org/wiki/Van_Vihar_National_Park,none
,Uttar Pradesh,Govind Pashu Vihar Wildlife Sanctuary,Wildlife Sanctuary,,,,,[],,,Q3174886,Govind Pashu Vihar Wildlife Sanctuary,,http://commons.wikimedia.org/wiki/Special:FilePath/Har%20Ki%20Dun.jpg,IUCN category IV: Habitat/Species Management Area,Uttar Pradesh,30.73333333,78.45,,,485.89,,,,,https://en.wikipedia.org/wiki/Govind_Pashu_Vihar_Wildlife_Sanctuary,none
,Karnataka,Talakaveri Wildlife Sanctuary,Wildlife Sanctuary,,,,,[],,,Q7678819,Talakaveri Wildlife Sanctuary,Western Ghats,http://commons.wikimedia.org/wiki/Special:FilePath/Panoramic%20view%20of%20Talakaveri%20Wildlife%20Sanctuary.jpg,IUCN category IV: Habitat/Species Management Area,Karnataka,12.33333333,75.5,,part of UNESCO World Heritage Site,105.01,,,Talakaveri Wildlife Sanctuary,,https://en.wikipedia.org/wiki/Talakaveri_Wildlife_Sanctuary,none
,Chhattisgarh,Tamor Pingla Wildlife Sanctuary,Wildlife Sanctuary,,,,,[],,,Q7681640,Tamor Pingla Wildlife Sanctuary,,,IUCN category IV: Habitat/Species Management Area,Chhattisgarh,23.6,83,,,,,,,,https://en.wikipedia.org/wiki/Tamor_Pingla_Wildlife_Sanctuary,none
,Srikakulam district,Telineelapuram and Telukunchi Bird Sanctuaries,Bird Sanctuary,,,,,[],,,Q7697281,Telineelapuram and Telukunchi Bird Sanctuaries,,,,Srikakulam district,,,,,,,,,,https://en.wikipedia.org/wiki/Telineelapuram_and_Telukunchi_Bird_Sanctuaries,none
,,Terai Arc Landscape,,,,,,[],,,Q7701533,Terai Arc Landscape,,,,,,,,,,,,,,https://en.wikipedia.org/wiki/Terai_Arc_Landscape,none
,,Thol Lake,,,,,,[],,,Q7786671,Thol Lake,,http://commons.wikimedia.org/wiki/Special:FilePath/Thol%20Lake%20-%20Gujarat%2C%20India%20-%20Flickr%20-%20Emmanuel%20Dyan%20%2812%29.jpg,,,23.140152,72.392701,,,,https://www.gujarattourism.com/central-zone/ahmedabad/thol-lake-sanctuary.html,,Thol Lake,,https://en.wikipedia.org/wiki/Thol_Lake,none
,,Tiruvidaimarudur Conservation Reserve,,,,,,[],,,Q7809473,Tiruvidaimarudur Conservation Reserve,,http://commons.wikimedia.org/wiki/Special:FilePath/Little%20Egret%20%28Egretta%20garzetta%29-%20Breeding%20plumage-%20in%20Hyderabad%2C%20AP%20W%20IMG%207671.jpg,IUCN category V: Protected Landscape/Seascape,,10.9944,79.4503,,,,,,,,https://en.wikipedia.org/wiki/Tiruvidaimarudur_Conservation_Reserve,none
,,Ushakothi Wildlife Sanctuary,Wildlife Sanctuary,,,,,[],,,Q7901902,Ushakothi Wildlife Sanctuary,,,,,21.483333,84.283333,,,,,,,,https://en.wikipedia.org/wiki/Ushakothi_Wildlife_Sanctuary,none
,Uttar Pradesh,Vijai Sagar Sanctuary,Wildlife Sanctuary,,,,,[],,,Q7929078,Vijai Sagar Sanctuary,,,IUCN category IV: Habitat/Species Management Area,Uttar Pradesh,25.298,79.913,,,,,,,,https://en.wikipedia.org/wiki/Vijai_Sagar_Wildlife_Sanctuary,none
,Gondia district,Nawegaon National Park,National Park,,,,,[],,,Q763034,Nawegaon National Park,,http://commons.wikimedia.org/wiki/Special:FilePath/Sarus%20Crane%20flexing%20its%20wings.jpg,IUCN category II: National Park,Gondia district,20.93333333,80.16666667,Arjuni Morgaon,,133.88,,,Nawegaon National Park,,https://en.wikipedia.org/wiki/Navegaon_National_Park,none
,Andaman and Nicobar Islands,South Button Island National Park,National Park,,,,,[],,,Q770855,South Button Island National Park,,http://commons.wikimedia.org/wiki/Special:FilePath/Button%20Islands-South%20Button.png,IUCN category II: National Park,Andaman and Nicobar Islands,12.22388889,93.02027778,,,0.03,,,,,https://en.wikipedia.org/wiki/South_Button_Island_National_Park,none
,Umaria district,Bandhavgarh National Park,National Park,,,,,[],,,Q806310,Bandhavgarh National Park,,http://commons.wikimedia.org/wiki/Special:FilePath/Tigress%20in%20Bandhavgarh%20NP.jpg,IUCN category II: National Park,Umaria district,23.69944444,80.96194444,Umaria,,448,http://mpforest.org/bandhavgarh.html,http://commons.wikimedia.org/wiki/Special:FilePath/Bandhavgarh.jpg,Bandhavgarh National Park,15694340,https://en.wikipedia.org/wiki/Bandhavgarh_National_Park,none
,Maharashtra,Bhimashankar Wildlife Sanctuary,Wildlife Sanctuary,,,,,[],,,Q854971,Bhimashankar Wildlife Sanctuary,,,IUCN category IV: Habitat/Species Management Area,Maharashtra,19.132,73.554,Pune,,131,,,Bhimashankar Wildlife Sanctuary,,https://en.wikipedia.org/wiki/Bhimashankar_Wildlife_Sanctuary,none
,Bhavnagar district,Blackbuck National Park,National Park,,,,,[],,,Q880724,Blackbuck National Park,,http://commons.wikimedia.org/wiki/Special:FilePath/Antilope%20cervicapra%20from%20velavadar.JPG,IUCN category II: National Park,Bhavnagar district,22.03333333,72,,,34,,http://commons.wikimedia.org/wiki/Special:FilePath/Blackbuck%20National%20Park%20banner.jpg,Blackbuck National Park,,"https://en.wikipedia.org/wiki/Blackbuck_National_Park,_Velavadar",none
,Thirthahalli,Mandagadde Bird Sanctuary,Bird Sanctuary,,,,,[],,,Q16894577,Mandagadde Bird Sanctuary,,,,Thirthahalli,13.7406,75.4603,,,0.0046,,,Mandagadde Bird Sanctuary,,https://en.wikipedia.org/wiki/Mandagadde_Bird_Sanctuary,none
,Uttar Pradesh,Shekha Bird Sanctuary,Bird Sanctuary,,,,,[],,,Q16900034,Shekha Bird Sanctuary,,,IUCN category IV: Habitat/Species Management Area,Uttar Pradesh,27.8575,78.2185,Aligarh,,,,,,,https://en.wikipedia.org/wiki/Shekha_Bird_Sanctuary,none
,Sikkim,Varsey Rhododendron Sanctuary,Wildlife Sanctuary,,,,,[],,,Q16902550,Varsey Rhododendron Sanctuary,,http://commons.wikimedia.org/wiki/Special:FilePath/Barsey%20Rhododendron%20Sanctuary%20in%20late%20april.jpg,IUCN category IV: Habitat/Species Management Area,Sikkim,27.1942,88.1183,Soreng,,104,,,Varsey Rhododendron Sanctuary,,https://en.wikipedia.org/wiki/Varsey_Rhododendron_Sanctuary,none
,Himachal Pradesh,Kanwar Sanctuary,Wildlife Sanctuary,,,,,[],,,Q16948098,Kanwar Sanctuary,,,IUCN category IV: Habitat/Species Management Area,Himachal Pradesh,31.9523,77.3116,,,,,,,,https://en.wikipedia.org/wiki/Kanwar_Sanctuary,none
,Assam,Nambor - Doigrung Wildlife Sanctuary,Wildlife Sanctuary,,,,,[],,,Q16954910,Nambor - Doigrung Wildlife Sanctuary,,,IUCN category IV: Habitat/Species Management Area,Assam,26.4185,93.8728,Golaghat,,,,,,,https://en.wikipedia.org/wiki/Nambor_-_Doigrung_Wildlife_Sanctuary,none
,Haryana,Abubshahar Wildlife Sanctuary,Wildlife Sanctuary,,,,,[],,,Q17002774,Abubshahar Wildlife Sanctuary,,,IUCN category IV: Habitat/Species Management Area,Haryana,29.8643,74.6172,,,,,,,,https://en.wikipedia.org/wiki/Abubshahar_Wildlife_Sanctuary,none
,Haryana,Bir Shikargah Wildlife Sanctuary,Wildlife Sanctuary,,,,,[],,,Q17002798,Bir Shikargah Wildlife Sanctuary,,,IUCN category IV: Habitat/Species Management Area,Haryana,30.7689,76.96822,,,,,,,,https://en.wikipedia.org/wiki/Bir_Shikargarh_Wildlife_Sanctuary,none
,Haryana,Khol Hi-Raitan Wildlife Sanctuary,Wildlife Sanctuary,,,,,[],,,Q17002860,Khol Hi-Raitan Wildlife Sanctuary,,,IUCN category IV: Habitat/Species Management Area,Haryana,30.7077,76.9405,,,,,,,,https://en.wikipedia.org/wiki/Khol_Hi-Raitan_Wildlife_Sanctuary,none
,Haryana,Saraswati Wildlife Sanctuary,Wildlife Sanctuary,,,,,[],,,Q17002953,Saraswati Wildlife Sanctuary,,,IUCN category IV: Habitat/Species Management Area,Haryana,29.9928,76.3567,,,,,,,,https://en.wikipedia.org/wiki/Saraswati_Wildlife_Sanctuary,none
,,Achabal Wildlife Sanctuary,Wildlife Sanctuary,,,,,[],,,Q17010836,Achabal Wildlife Sanctuary,,,,,,,,,,,,,,https://en.wikipedia.org/wiki/Achabal_Wildlife_Sanctuary,none
,Andhra Pradesh,Kolleru Bird Sanctuary,Bird Sanctuary,,,,,[],,,Q17014014,Kolleru Bird Sanctuary,,http://commons.wikimedia.org/wiki/Special:FilePath/Egrets%20in%20AP%20W%20IMG%203792.jpg,IUCN category IV: Habitat/Species Management Area,Andhra Pradesh,16.61666667,81.2,Eluru,,,,,Kolleru Bird Sanctuary,,https://en.wikipedia.org/wiki/Kolleru_Bird_Sanctuary,none
,Lower Subansiri district,Talley Valley Wildlife Sanctuary,Wildlife Sanctuary,,,,,[],,,Q17033744,Talley Valley Wildlife Sanctuary,,,IUCN category IV: Habitat/Species Management Area,Lower Subansiri district,27.547681,93.897555,,,337,,,Talley Valley Wildlife Sanctuary,,https://en.wikipedia.org/wiki/Talle_Valley_Wildlife_Sanctuary,none
,Jabalpur district,Dumna Nature Reserve Park,,,,,,[],,,Q17052151,Dumna Nature Reserve Park,,http://commons.wikimedia.org/wiki/Special:FilePath/Main%20Gate%20of%20Dumna%20Nature%20Park.jpg,,Jabalpur district,23.283333333,80.266666666,,,,,,Dumna Nature Reserve Park,,https://en.wikipedia.org/wiki/Dumna_Nature_Reserve_Park,none
,Shopian district,Hirpora Wildlife Sanctuary,Wildlife Sanctuary,,,,,[],,,Q17055079,Hirpora Wildlife Sanctuary,,http://commons.wikimedia.org/wiki/Special:FilePath/Hirpora%20Wildlife%20Sanctary%20Shopian.jpg,IUCN category IV: Habitat/Species Management Area,Shopian district; Kulgam district,33.598888888,74.615555555,Shopian,,,,,Hirpora Wildlife Sanctuary,,https://en.wikipedia.org/wiki/Hirpora_Wildlife_Sanctuary,none
,Delhi,Najafgarh drain bird sanctuary,Bird Sanctuary,,,,,[],,,Q17076761,Najafgarh drain bird sanctuary,,,,Delhi,28.504,76.944,,,,,,,,https://en.wikipedia.org/wiki/Najafgarh_drain_bird_sanctuary,none
,Kurnool district,Rollapadu Wildlife Sanctuary,Wildlife Sanctuary,,,,,[],,,Q17087471,Rollapadu Wildlife Sanctuary,,,IUCN category IV: Habitat/Species Management Area,Kurnool district,15.745001,78.373052,,,,,,Rollapadu Wildlife Sanctuary,,https://en.wikipedia.org/wiki/Rollapadu_Wildlife_Sanctuary,none
,Ballari district,Daroji Sloth Bear Sanctuary,Wildlife Sanctuary,,,,,[],,,Q17126760,Daroji Sloth Bear Sanctuary,,http://commons.wikimedia.org/wiki/Special:FilePath/MelursusUrsinusFemaleCub.jpg,IUCN category IV: Habitat/Species Management Area,Ballari district,15.23333333,76.51666667,Ballary,,,,,Daroji Sloth Bear Sanctuary,,https://en.wikipedia.org/wiki/Daroji_Sloth_Bear_Sanctuary,none
,,Masai Plateau,,,,,,[],,,Q48725066,Masai Plateau,,,,,16.833961111,74.080644444,Kolhapur,,,,,,,https://en.wikipedia.org/wiki/Masai_Plateau,none
,,"Adavi, Kerala",,,,,,[],,,Q48725510,"Adavi, Kerala",,http://commons.wikimedia.org/wiki/Special:FilePath/Adavi%20Eco%20Tourism.jpg,,,9.2644,76.9355,Thannithode,,,,,,,"https://en.wikipedia.org/wiki/Adavi,_Kerala",none
,Uttar Pradesh,Parvati Arga Bird Sanctuary,Bird Sanctuary,,,,,[],,,Q48729855,Parvati Arga Bird Sanctuary,,,IUCN category IV: Habitat/Species Management Area,Uttar Pradesh,26.933333333,82.15,,,,,,,,https://en.wikipedia.org/wiki/Parvati_Arga_Bird_Sanctuary,none
,,Karikili Bird Sanctuary,Bird Sanctuary,,,,,[],,,Q48730174,Karikili Bird Sanctuary,,,IUCN category IV: Habitat/Species Management Area,,12.5977,79.8429,,,,,,,,https://en.wikipedia.org/wiki/Karikili_Bird_Sanctuary,none
,Madhya Pradesh,Veerangana Durgavati Wildlife Sanctuary,Wildlife Sanctuary,,,,,[],,,Q48731965,Veerangana Durgavati Wildlife Sanctuary,,,IUCN category IV: Habitat/Species Management Area,Madhya Pradesh,23.547,79.7286,,,,,,,,https://en.wikipedia.org/wiki/Veerangana_Durgavati_Wildlife_Sanctuary,none
,Kandhamal district,Kotgarh Wildlife Sanctuary,Wildlife Sanctuary,,,,,[],,,Q51137829,Kotgarh Wildlife Sanctuary,,,IUCN category IV: Habitat/Species Management Area,Kandhamal district,19.8768,83.7531,Baliguda,,,,,,,https://en.wikipedia.org/wiki/Kotgarh_Wildlife_Sanctuary,none
,Chandrapur district,Ghodazari Wildlife Sanctuary,Wildlife Sanctuary,,,,,[],,,Q55074851,Ghodazari Wildlife Sanctuary,,,IUCN category IV: Habitat/Species Management Area,Chandrapur district,20.5347429,79.6332774,,,,,,Ghodazari Wildlife Sanctuary,,https://en.wikipedia.org/wiki/Ghodazari_Wildlife_Sanctuary,none
,,Kottur Elephant Sanctuary and Rehabilitation Centre,Wildlife Sanctuary,,,,,[],,,Q105806882,Kottur Elephant Sanctuary and Rehabilitation Centre,,,,,8.4,77.16,,,,,,,,https://en.wikipedia.org/wiki/Kottur_Elephant_Sanctuary_and_Rehabilitation_Centre,none
,Kiphire district,Fakim Wildlife Sanctuary,Wildlife Sanctuary,,,,,[],,,Q106513444,Fakim Wildlife Sanctuary,,,IUCN category IV: Habitat/Species Management Area,Kiphire district,25.825528,94.954389,,,642,,,,,https://en.wikipedia.org/wiki/Fakim_Wildlife_Sanctuary,none
,Gariaband district,Udanti Wildlife Sanctuary,Wildlife Sanctuary,,,,,[],,,Q106675739,Udanti Wildlife Sanctuary,Udanti-Sitanadi Tiger Reserve,,IUCN category IV: Habitat/Species Management Area,Gariaband district,20.0716,82.3223,,,237.27,,,,,https://en.wikipedia.org/wiki/Udanti_Wildlife_Sanctuary,none
,Kokrajhar district,Raimona National Park,National Park,,,,,[],,,Q107112206,Raimona National Park,,,IUCN category II: National Park,Kokrajhar district,26.65972,89.97611,,,,,,Raimona National Park,,https://en.wikipedia.org/wiki/Raimona_National_Park,none
,Maharashtra,Koka Wildlife Sanctuary,Wildlife Sanctuary,,,,,[],,,Q107283783,Koka Wildlife Sanctuary,,,IUCN category IV: Habitat/Species Management Area,Maharashtra,21.206861111,79.806333333,,,,,,,,https://en.wikipedia.org/wiki/Koka_Wildlife_Sanctuary,none
,Papum Pare district,Itanagar Wildlife Sanctuary,Wildlife Sanctuary,,,,,[],,,Q107313635,Itanagar Wildlife Sanctuary,,,IUCN category IV: Habitat/Species Management Area,Papum Pare district,27.068472222,93.581361111,,,,,,,,https://en.wikipedia.org/wiki/Itanagar_Wildlife_Sanctuary,none
,,Pritisangam,,,,,,[],,,Q13118992,Pritisangam,,,,,17.285,74.184,Karad,,,,,,,https://en.wikipedia.org/wiki/Pritisangam,none
,Golaghat district,Nambor Wildlife Sanctuary,Wildlife Sanctuary,,,,,[],,,Q14618939,Nambor Wildlife Sanctuary,,,IUCN category IV: Habitat/Species Management Area,Golaghat district,26.39527778,93.8825,Diphu,,,,,,,https://en.wikipedia.org/wiki/Nambor_Wildlife_Sanctuary,none
,Assam,protected area of Assam,,,,,,[],,,Q14621125,protected area of Assam,,,,Assam,,,,,,,,,,https://en.wikipedia.org/wiki/List_of_protected_areas_of_Assam,none
,Assam,Bherjan-Borajan-Padumoni Wildlife Sanctuary,Wildlife Sanctuary,,,,,[],,,Q14623369,Bherjan-Borajan-Padumoni Wildlife Sanctuary,,,IUCN category IV: Habitat/Species Management Area,Assam,27.53,95.37,Tinsukia,,,,,,,https://en.wikipedia.org/wiki/Bherjan-Borajan-Padumoni_Wildlife_Sanctuary,none
,Sivasagar district,Pani Dihing Wildlife Sanctuary,Wildlife Sanctuary,,,,,[],,,Q14623377,Pani Dihing Wildlife Sanctuary,,,IUCN category IV: Habitat/Species Management Area,Sivasagar district,27.12194444,94.59638889,Sivasagar,,,,,,,https://en.wikipedia.org/wiki/Pani_Dihing_Wildlife_Sanctuary,none
,Udalguri district,Bornadi Wildlife Sanctuary,Wildlife Sanctuary,,,,,[],,,Q15203562,Bornadi Wildlife Sanctuary,,,IUCN category IV: Habitat/Species Management Area,Udalguri district,26.80583333,91.74027778,Tangla,,26.22,,,,,https://en.wikipedia.org/wiki/Bornadi_Wildlife_Sanctuary,none
,Maharashtra,Kas Plateau Reserved Forest,,,,,,[],,,Q15234037,Kas Plateau Reserved Forest,Western Ghats,,,Maharashtra,17.7,73.833,,part of UNESCO World Heritage Site,1142,,,,,https://en.wikipedia.org/wiki/Kas_plateau,none
,Krishnagiri district,Melagiri,,,,,,[],,,Q15252877,Melagiri,,http://commons.wikimedia.org/wiki/Special:FilePath/Spider%20Valley%20Aiyur%20Melagiri.jpg,,Krishnagiri district,12.20916667,77.82361111,,,1295,,,,,https://en.wikipedia.org/wiki/Melagiri,none
,Saiha district,Phawngpui National Park,National Park,,,,,[],,,Q15266124,Phawngpui National Park,,,IUCN category II: National Park,Saiha district,22.66666667,93.05,Aizawl,,,,,Blue Mountain National Park,,https://en.wikipedia.org/wiki/Phawngpui_National_Park,none
,Odisha,Nalbana Bird Sanctuary,Bird Sanctuary,,,,,[],,,Q15650265,Nalbana Bird Sanctuary,,,IUCN category IV: Habitat/Species Management Area,Odisha,19.69416667,85.30666667,,Ramsar site,,,,,,https://en.wikipedia.org/wiki/Nalbana_Bird_Sanctuary,none
,Ganjam district,Lakhari Valley Wildlife Sanctuary,Wildlife Sanctuary,,,,,[],,,Q15725165,Lakhari Valley Wildlife Sanctuary,,,IUCN category IV: Habitat/Species Management Area,Ganjam district,19.3031,84.3239,,,,,,,,https://en.wikipedia.org/wiki/Lakhari_Valley_Wildlife_Sanctuary,none
,Uttarakhand,Nanda Devi and Valley of Flowers National Parks,National Park,,,,,[],,,Q15839097,Nanda Devi and Valley of Flowers National Parks,,http://commons.wikimedia.org/wiki/Special:FilePath/Glimpse%20of%20Nanda%20Devi%20amidst%20the%20clouds%20from%20Valley%20of%20Flowers.jpg,,Uttarakhand,30.71667,79.66667,,World Heritage Site,71783,,,Nanda Devi and Valley of Flowers National Parks,,https://en.wikipedia.org/wiki/Nanda_Devi_and_Valley_of_Flowers_National_Parks,none
,Uttar Pradesh,Kaimoor Sanctuary,Wildlife Sanctuary,,,,,[],,,Q15982945,Kaimoor Sanctuary,,,IUCN category IV: Habitat/Species Management Area,Uttar Pradesh,24.685,83.068,,,,,,Kaimoor Wildlife Sanctuary,,https://en.wikipedia.org/wiki/Kaimoor_Wildlife_Sanctuary,none
,Madhya Pradesh,Achanakmar-Amarkantak Biosphere Reserve,,,,,,[],,,Q16058035,Achanakmar-Amarkantak Biosphere Reserve,,,,Madhya Pradesh; Chhattisgarh,22.1086,81.7481,,,,,,,,https://en.wikipedia.org/wiki/Achanakmar-Amarkantak_Biosphere_Reserve,none
,,Bankapur Peacock Sanctuary,Wildlife Sanctuary,,,,,[],,,Q16253187,Bankapur Peacock Sanctuary,,,,,14.92,75.262,,,,,,,,https://en.wikipedia.org/wiki/Bankapura_Peacock_Sanctuary,none
,,Indira Gandhi Wildlife Sanctuary,Wildlife Sanctuary,,,,,[],,,Q16847439,Indira Gandhi Wildlife Sanctuary,,,,,,,,,,,,,,https://en.wikipedia.org/wiki/Indira_Gandhi_Wildlife_Sanctuary,none
,Ramanathapuram district,Ervadi Dargah Sharif,,,,,,[],,,Q22948452,Ervadi Dargah Sharif,,http://commons.wikimedia.org/wiki/Special:FilePath/Erwadidurgah.jpg,,Ramanathapuram district,9.25,78.851,,,,,,Erwadi Dargah Shariff,,https://en.wikipedia.org/wiki/Erwadi_dargah,none
,Maharashtra,Jayakwadi Bird Sanctuary,Bird Sanctuary,,,,,[],,,Q23581251,Jayakwadi Bird Sanctuary,,,IUCN category IV: Habitat/Species Management Area,Maharashtra,19.5666,75.2122,,,,,,,,https://en.wikipedia.org/wiki/Jayakwadi_Bird_Sanctuary,none
,Chandigarh,Sukhna Lake Wildlife Sanctuary,Wildlife Sanctuary,,,,,[],,,Q23995986,Sukhna Lake Wildlife Sanctuary,,http://commons.wikimedia.org/wiki/Special:FilePath/Entrance%20of%20Sukhna%20Wildlife%20Sanctuary%2CChandigarh%2C%20India.JPG,IUCN category IV: Habitat/Species Management Area,Chandigarh,30.7757,76.8512,,,25.98,,,Sukhna Wildlife Sanctuary,,https://en.wikipedia.org/wiki/Sukhna_Wildlife_Sanctuary,none
,Andhra Pradesh,Sri Penusila Narasimha Wildlife Sanctuary,Wildlife Sanctuary,,,,,[],,,Q24906034,Sri Penusila Narasimha Wildlife Sanctuary,,,IUCN category IV: Habitat/Species Management Area,Andhra Pradesh,14.00916667,79.46383333,Nellore,,,,,,,https://en.wikipedia.org/wiki/Sri_Penusila_Narasimha_Wildlife_Sanctuary,none
,Karnataka,Bisle Reserve Forest,,,,,,[],,,Q24931842,Bisle Reserve Forest,,http://commons.wikimedia.org/wiki/Special:FilePath/Bisle-ReserverForest.jpg,,Karnataka,12.732,75.677,,,,,,Bisle Reserve Forest,,https://en.wikipedia.org/wiki/Bisle_Reserve_Forest,none
,Rajasthan,Todgarh-Raoli Sanctuary,Wildlife Sanctuary,,,,,[],,,Q24945625,Todgarh-Raoli Sanctuary,,http://commons.wikimedia.org/wiki/Special:FilePath/An%20inside%20view%20of%20Todgargh%20Rawali%20Sanctuary..jpg,IUCN category IV: Habitat/Species Management Area,Rajasthan,25.658333333,73.873611111,,,,,,,,https://en.wikipedia.org/wiki/Todgarh-Raoli_Wildlife_Sanctuary,none
,Dhamtari district,Sitanadi Wildlife Sanctuary,Wildlife Sanctuary,,,,,[],,,Q24946728,Sitanadi Wildlife Sanctuary,Udanti-Sitanadi Tiger Reserve,http://commons.wikimedia.org/wiki/Special:FilePath/Deep%20Forest%20at%20Sitanadi%20Wildlife%20Sanctuary%20of%20Chattisgharh.jpg,IUCN category IV: Habitat/Species Management Area,Dhamtari district,20.1857,81.9362,,,553.36,,,Sitanadi Wildlife Sanctuary,,https://en.wikipedia.org/wiki/Sitanadi_Wildlife_Sanctuary,none
,Bongaigaon district,Kakoijana Reserved Forest,,,,,,[],,,Q24950096,Kakoijana Reserved Forest,,,,Bongaigaon district,26.55,91.0075,,,,http://bongaigaon.gov.in/kakoijana2.htm,,,,https://en.wikipedia.org/wiki/Kakoijana_reserved_forest,none
,Leh district,Changthang Wildlife Sanctuary,Wildlife Sanctuary,,,,,[],,,Q26794303,Changthang Wildlife Sanctuary,,,IUCN category IV: Habitat/Species Management Area,Leh district,33.43355,78.47771,,,,,http://commons.wikimedia.org/wiki/Special:FilePath/Pangong%20Tso%20lake%20banner.jpg,,,https://en.wikipedia.org/wiki/Changthang_Wildlife_Sanctuary,none
,,Khonoma Nature Conservation and Tragopan Sanctuary,Wildlife Sanctuary,,,,,[],,,Q28173945,Khonoma Nature Conservation and Tragopan Sanctuary,,,,,25.6267,94.0021,Kohima,,,,,,,https://en.wikipedia.org/wiki/Khonoma_Nature_Conservation_and_Tragopan_Sanctuary,none
,Odisha,Kapilasa Wildlife Sanctuary,Wildlife Sanctuary,,,,,[],,,Q28174315,Kapilasa Wildlife Sanctuary,,,IUCN category IV: Habitat/Species Management Area,Odisha,20.7073695,85.8017064,Dhenkanal,,,,,,,https://en.wikipedia.org/wiki/Kapilasa_Wildlife_Sanctuary,none
,Kokrajhar district,Ultapani Reserve Forest,,,,,,[],,,Q28408400,Ultapani Reserve Forest,,,,Kokrajhar district,26.7001611,90.2771247,,,,,,,,https://en.wikipedia.org/wiki/Ultapani_Reserve_Forest,none
,Himachal Pradesh,Inderkilla National Park,National Park,,,,,[],,,Q31708488,Inderkilla National Park,,,IUCN category II: National Park,Himachal Pradesh,32.23,77.41,,,,,,,,https://en.wikipedia.org/wiki/Inderkilla_National_Park,none
,Himachal Pradesh,Khirganga National Park,National Park,,,,,[],,,Q31708713,Khirganga National Park,,,IUCN category II: National Park,Himachal Pradesh,31.99343,77.510227,,,,,,Khirganga National Park,,https://en.wikipedia.org/wiki/Khirganga_National_Park,none
,Atchutapuram mandal,Kondakarla Āva,,,,,,[],,,Q33267511,Kondakarla Āva,,http://commons.wikimedia.org/wiki/Special:FilePath/View%20of%20Kondakarla%20ava%20lake%20from%20a%20swamp.jpg,,Atchutapuram mandal,17.6,83,,,,,,,,https://en.wikipedia.org/wiki/Kondakarla_Ava,none
,,Janki van,,,,,,[],,,Q33369445,Janki van,,,,,20.8,73.34,,,,,,,,https://en.wikipedia.org/wiki/Janki_van,none
,,Akal Wood Fossil Park,,,,,,[],,,Q38250531,Akal Wood Fossil Park,,,,,26.825,71.04,,,,,,,,https://en.wikipedia.org/wiki/Akal_Wood_Fossil_Park,none
,,Sumin Reserve Forest,,,,,,[],,,Q38251694,Sumin Reserve Forest,,,,,27.22305556,88.52722222,Rangpo,,,,,,,https://en.wikipedia.org/wiki/Sumin_Reserve_Forest,none
,,Nilambur Elephant Reserve,,,,,,[],,,Q39057492,Nilambur Elephant Reserve,,,,,11.266666666,76.475,Nilambur,,,,,,,https://en.wikipedia.org/wiki/Nilambur_Elephant_Reserve,none
,Tamil Nadu,Cauvery North Wildlife Sanctuary,Wildlife Sanctuary,,,,,[],,,Q48724282,Cauvery North Wildlife Sanctuary,,http://commons.wikimedia.org/wiki/Special:FilePath/Cauvery%20North%20Wildlife%20Sanctuary.jpg,IUCN category IV: Habitat/Species Management Area,Tamil Nadu,12.41,77.87,,,,,,,,https://en.wikipedia.org/wiki/Cauvery_North_Wildlife_Sanctuary,none
,Agra,Agra Bear Rescue Facility,,,,,,[],,,Q101311408,Agra Bear Rescue Facility,,http://commons.wikimedia.org/wiki/Special:FilePath/Indian%20Sloth%20Bear.jpg,,Agra,27.23583333,77.85194444,,,,,,,,https://en.wikipedia.org/wiki/Agra_Bear_Rescue_Facility,none
,Anantnag district,Overa-Aru Wildlife Sanctuary,Wildlife Sanctuary,,,,,[],,,Q101471239,Overa-Aru Wildlife Sanctuary,,http://commons.wikimedia.org/wiki/Special:FilePath/Overa-Aru%20Wildlife%20Sanctuary%206.jpg,IUCN category IV: Habitat/Species Management Area,Anantnag district,34.11,75.2475,,,,,,Overa-Aru Wildlife Sanctuary,,https://en.wikipedia.org/wiki/Overa-Aru_Wildlife_Sanctuary,none
,Jharkhand,Koderma Wildlife Sanctuary,Wildlife Sanctuary,,,,,[],,,Q104822465,Koderma Wildlife Sanctuary,,,IUCN category IV: Habitat/Species Management Area,Jharkhand,24.5373,85.5939,,,,,,,,https://en.wikipedia.org/wiki/Koderma_Wildlife_Sanctuary,none
,Karnataka,Tungabhadra Otter Conservation Reserve,,,,,,[],,,Q104852789,Tungabhadra Otter Conservation Reserve,,,,Karnataka,15.36,76.51,,,,,,,,https://en.wikipedia.org/wiki/Tungabhadra_Otter_Conservation_Reserve,none
,Bihar,Nagi Bird Sanctuary,Bird Sanctuary,,,,,[],,,Q104868515,Nagi Bird Sanctuary,,,IUCN category IV: Habitat/Species Management Area,Bihar,24.8175,86.4,,,,,,,,https://en.wikipedia.org/wiki/Nagi_Dam_Bird_Sanctuary,none
,,Sitabani Wildlife Reserve,Wildlife Sanctuary,,,,,[],,,Q55633284,Sitabani Wildlife Reserve,,,,,29.766666666,79.433333333,Ramnagar,,,,,,,https://en.wikipedia.org/wiki/Sitabani_Wildlife_Reserve,none
,Hyderabad,Ameenpur Lake,,,,,,[],,,Q58379737,Ameenpur Lake,,http://commons.wikimedia.org/wiki/Special:FilePath/Flamingos%20at%20Ameenpur%20Lake%2C%20Hyderabad.jpg,,Hyderabad,17.524166666,78.330555555,,,93,,,Ameenpur Lake,,https://en.wikipedia.org/wiki/Ameenpur_Lake,none
,Ri-Bhoi district,Nongkhyllem Wildlife Sanctuary,Wildlife Sanctuary,,,,,[],,,Q61363881,Nongkhyllem Wildlife Sanctuary,,,IUCN category IV: Habitat/Species Management Area,Ri-Bhoi district,25.927380555,91.746522222,,,,,,,,https://en.wikipedia.org/wiki/Nongkhyllem_Wildlife_Sanctuary,none
,Madhya Pradesh,Ken Gharial Sanctuary,Wildlife Sanctuary,,,,,[],,,Q65090978,Ken Gharial Sanctuary,,,IUCN category IV: Habitat/Species Management Area,Madhya Pradesh,24.890555555,80.076666666,,,,,,,,https://en.wikipedia.org/wiki/Ken_Gharial_Sanctuary,none
,Karnataka,Gudekote Wildlife Sanctuary,Wildlife Sanctuary,,,,,[],,,Q65091528,Gudekote Wildlife Sanctuary,,,IUCN category IV: Habitat/Species Management Area,Karnataka,15.233333333,76.516666666,Ballary,,,,,,,https://en.wikipedia.org/wiki/Gudekote_Wildlife_Sanctuary,none
,Kerala,Karimpuzha Wildlife Sanctuary,Wildlife Sanctuary,,,,,[],,,Q65321737,Karimpuzha Wildlife Sanctuary,,,IUCN category IV: Habitat/Species Management Area,Kerala,11.3875,76.376944444,,,,,,,,https://en.wikipedia.org/wiki/Karimpuzha_Wildlife_Sanctuary,none
,Arunachal Pradesh,D'Ering Memorial Wildlife Sanctuary,Wildlife Sanctuary,,,,,[],,,Q85755050,D'Ering Memorial Wildlife Sanctuary,,,IUCN category IV: Habitat/Species Management Area,Arunachal Pradesh,27.937777777,95.445833333,,,,,,,,https://en.wikipedia.org/wiki/D%27Ering_Memorial_Wildlife_Sanctuary,none
,Habiganj District,Hail Haor Wildlife Sanctuary,Wildlife Sanctuary,,,,,[],,,Q85765467,Hail Haor Wildlife Sanctuary,,,,Habiganj District,24.366666666,91.683333333,,,,,,Hail Haor Wildlife Sanctuary,,https://en.wikipedia.org/wiki/Hail_Haor_Wildlife_Sanctuary,none
,,Sharavathi LTM Wildlife Sanctuary,Wildlife Sanctuary,,,,,[],,,Q85800682,Sharavathi LTM Wildlife Sanctuary,,,,,13.9,74.633333333,,,,,,Sharavati Valley Wildlife Sanctuary,,https://en.wikipedia.org/wiki/Sharavathi_LTM_Wildlife_Sanctuary,none
,Viluppuram district,Pakkamalai,,,,,,[],,,Q93269786,Pakkamalai,,,,Viluppuram district; Tamil Nadu,12.181883,79.289707,,,,,,,,https://en.wikipedia.org/wiki/Pakkamalai,none
,Ramanathapuram district,Palai park,,,,,,[],,,Q97274790,Palai park,,http://commons.wikimedia.org/wiki/Special:FilePath/Palai%20Park%20entrance.jpg,,Ramanathapuram district,9.31367,78.8308,,,,,,Palai Genetic Heritage Garden,,https://en.wikipedia.org/wiki/Palai_park,none
,Kerala,Konni Forest Division,,,,,,[],,,Q97377968,Konni Forest Division,,,,Kerala,9.230555555,76.851944444,,part of UNESCO World Heritage Site,26143,http://www.forest.kerala.gov.in/index.php/reserve-notifications/territorial/konni,,,,https://en.wikipedia.org/wiki/Konni_Forest_Division,none
,Jammu and Kashmir,Hokersar wetland,,,,,,[],,,Q101251280,Hokersar wetland,,http://commons.wikimedia.org/wiki/Special:FilePath/Hokersar%20wetland.jpg,,Jammu and Kashmir,34.095,74.7075,,,1375,,,Hokersar,,https://en.wikipedia.org/wiki/Hokersar,none
,Meghalaya,Narpuh Reserved Forest,,,,,,[],,,Q124698479,Narpuh Reserved Forest,,,,Meghalaya,25.108355283,92.400881814,,,,,,Narpuh Reserved Forest,,,none
,Attappadi Taluk,Attappadi Reserve Forest,,,,,,[],,,Q125662386,Attappadi Reserve Forest,,,,Attappadi Taluk,,,,,,,,Attappadi Reserve Forest,,,none
,Madhya Pradesh,Sālīwāra Reserved Forest,,,,,,[],,,Q125948392,Sālīwāra Reserved Forest,,,,Madhya Pradesh,22.44405,80.0806,,,,,,,,,none
,,Bogoli Reserve Forest,,,,,,[],,,Q130492163,Bogoli Reserve Forest,,,,,27.1598699,93.8477224,,,,,,,,,none
,Baramulla district,Lachipora Wildlife Sanctuary,Wildlife Sanctuary,,,,,[],,,Q134457402,Lachipora Wildlife Sanctuary,,http://commons.wikimedia.org/wiki/Special:FilePath/Snow%20clapped%20mountain%20peak%20of%20Lachipora%20Wildlife%20Sanctuary%20Baramulla%20Uri.jpg,,Baramulla district,34.203611111,74.058055555,,,,,,Lachipora Wildlife Sanctuary,,,none
,Lakhimpur district,Satajaan Bird Sanctuary,Bird Sanctuary,,,,,[],,,Q134484578,Satajaan Bird Sanctuary,,,,Lakhimpur district,,,,,,,,,,,none
,Dimapur district,Rangapahar Reserve Forest,,,,,,[],,,Q137281671,Rangapahar Reserve Forest,,,,Dimapur district,25.8578981,93.6898874,,,,,,,,,none
,Dhenkanal district,Balikiari Reserve Forest,,,,,,[],,,Q137285407,Balikiari Reserve Forest,,,,Dhenkanal district,20.653711,85.3725038,,,,,,,,,none
,West Garo Hills district,Selbagre Hoolock Gibbon Reserve,,,,,,[],,,Q137368881,Selbagre Hoolock Gibbon Reserve,,,,West Garo Hills district,25.596067,90.345169,,,,,,,,,none
,Andaman and Nicobar Islands,Arial Island Wildlife Sanctuary,Wildlife Sanctuary,,,,,[],,,Q140306443,Arial Island Wildlife Sanctuary,,,,Andaman and Nicobar Islands,12.1493889,92.8453056,,,,,,,,,none
,Nadia district,Anandanagar Forest,,,,,,[],,,Q124393199,Anandanagar Forest,,,,Nadia district,22.9762116,88.4819133,,,,,,,,,none
,Bankura district,Bishnupur Forest,,,,,,[],,,Q124393207,Bishnupur Forest,,,,Bankura district,23.0623341,87.3031681,,,,,,,,,none
,Nadia district,Kulgachi Forest,,,,,,[],,,Q124394641,Kulgachi Forest,,,,Nadia district,23.4150592,88.5804221,,,,,,,,,none
,North 24 Parganas district,Golpata Forest,,,,,,[],,,Q124394645,Golpata Forest,,,,North 24 Parganas district,22.617462046,88.949849157,,,,,,,,,none
,Nadia district,Dayer Bazar Simanagar Forest,,,,,,[],,,Q124394704,Dayer Bazar Simanagar Forest,,,,Nadia district,23.479859,88.5481917,,,,,,,,,none
,Nadia district,Bahadurpur Forest,,,,,,[],,,Q124394724,Bahadurpur Forest,,,,Nadia district,23.2761648,88.4824594,,,,,,,,,none
,,Q3895706,,,,,,[],,,Q3895706,Q3895706,,,,,,,,,,,,,,,none
,West Bengal,protected area of West Bengal,,,,,,[],,,Q7251289,protected area of West Bengal,,,,West Bengal,,,,,,,,Protected areas in West Bengal,,,none
,,Begur Wildlife Sanctuary,Wildlife Sanctuary,,,,,[],,,Q14205920,Begur Wildlife Sanctuary,,,,,11.84763,76.0853,,,,,,,,,none
,Andaman and Nicobar Islands,Jarwa Reserve,,,,,,[],,,Q14924965,Jarwa Reserve,,,,Andaman and Nicobar Islands,,,,,,,http://commons.wikimedia.org/wiki/Special:FilePath/Jarwa%20Reserve%20Banner.JPG,,,,none
,Kerala,Q16137059,,,,,,[],,,Q16137059,Q16137059,,,,Kerala,11.918333333,75.414166666,,,,,,,,,none
,Lower Dibang Valley district,Mehao Wildlife Sanctuary,Wildlife Sanctuary,,,,,[],,,Q16895017,Mehao Wildlife Sanctuary,,,,Lower Dibang Valley district,28.25,93.5,,,,,,,,,none
,,Q17564493,,,,,,[],,,Q17564493,Q17564493,,,,,27.066667,94.5,,,,,,,,,none
,Bhavnagar,Victoria Park,,,,,,[],,,Q20817200,Victoria Park,,http://commons.wikimedia.org/wiki/Special:FilePath/Victoria%20park%20in%20bhavnagar.jpg,IUCN category V: Protected Landscape/Seascape,Bhavnagar,21.7461058,72.1293379,,,,,,,,,none
,YSR  Kadapa district,Q21076345,,,,,,[],,,Q21076345,Q21076345,,,,YSR  Kadapa district,14.242908,79.165074,,,,,,,,,none
,,Nokrek,,,,,,[],,,Q22806742,Nokrek,,,,,25.4855,90.338,,,,,,,,,none
,Tamil Nadu,Neyyar Wildlife Reserve,Wildlife Sanctuary,,,,,[],,,Q26794308,Neyyar Wildlife Reserve,,,,Tamil Nadu,8.48875,77.24725,,,,,,,,,none
,Kerala,Shendurney Wildlife Reserve,Wildlife Sanctuary,,,,,[],,,Q26794312,Shendurney Wildlife Reserve,,,,Kerala,8.81061,77.13658,,,,,,,,,none
,Ahmedabad,CEE Ahmedabad,,,,,,[],,,Q31856901,CEE Ahmedabad,,,,Ahmedabad,23.04467,72.51873,,,,,,,,,none
,,Similipal Biosphere Reserve,,,,,,[],,,Q54833564,Similipal Biosphere Reserve,,,,,,,,,,,,,,,none
,Gujarat,Marine Sanctuary (Gulf of Kutch),Wildlife Sanctuary,,,,,[],,,Q60398704,Marine Sanctuary (Gulf of Kutch),,,IUCN category IV: Habitat/Species Management Area,Gujarat,,,,,295.03,,,,,,none
,,Lumding Reserve Forest,,,,,,[],,,Q63258902,Lumding Reserve Forest,,,,,,,,,,,,,,,none
,,Padinalknad Reserved Forest,,,,,,[],,,Q66004174,Padinalknad Reserved Forest,Western Ghats,,,,12.5464,75.7078,,part of UNESCO World Heritage Site,18476,,,,,,none
,,Kerti Reserved Forest,,,,,,[],,,Q66004175,Kerti Reserved Forest,Western Ghats,,,,12.5464,75.7078,,part of UNESCO World Heritage Site,7904,,,,,,none
,,Someshwara Reserved Forest,,,,,,[],,,Q66004181,Someshwara Reserved Forest,Western Ghats,,,,13.4997,75.1006,,part of UNESCO World Heritage Site,11292,,,,,,none
,,Balahalli Reserved Forest,,,,,,[],,,Q66004184,Balahalli Reserved Forest,Western Ghats,,,,13.4997,75.1006,,part of UNESCO World Heritage Site,2263,,,,,,none
,Amritsar,Harmandir Sahib Sarovar,,,,,,[],,,Q91608821,Harmandir Sahib Sarovar,Sikhism,http://commons.wikimedia.org/wiki/Special:FilePath/Beri%202%20Beri%20%282145514996%29.jpg,,Amritsar,,,,,,,,Amrit Sarovar,,,none
,Dhemaji district,Poba Rainforest,,,,,,[],,,Q95993206,Poba Rainforest,,,,Dhemaji district,27.836388888,95.295833333,,,,,,,,,none
,,Q97266685,,,,,,[],,,Q97266685,Q97266685,,,,,,,,,,,,,,,none
,Karnataka,Agumbe Reserved Forest,,,,,,[],,,Q97286369,Agumbe Reserved Forest,Western Ghats,,,Karnataka,13.56,75.08,,part of UNESCO World Heritage Site,5709,,,,,,none
,Kerala,Kulathupuzha Range Reserved Forest,,,,,,[],,,Q97353441,Kulathupuzha Range Reserved Forest,Western Ghats,,,Kerala,8.8,77.166666666,,part of UNESCO World Heritage Site,20000,http://www.forest.kerala.gov.in/index.php/kollam/kulathupuzha-eco-tourism,,,,,none
,Kerala,Palode Range Reserved Forest,,,,,,[],,,Q97356733,Palode Range Reserved Forest,,,,Kerala,8.8,77.166666666,,part of UNESCO World Heritage Site,16500,,,,,,none
,Kerala,Kalikavu Range Reserved Forest,,,,,,[],,,Q97359098,Kalikavu Range Reserved Forest,Western Ghats,,,Kerala,11.166666666,76.383333333,,part of UNESCO World Heritage Site,11705,,,,,,none
,Kerala,Attapadi Reserved Forest,,,,,,[],,,Q97361053,Attapadi Reserved Forest,,,,Kerala,11.133333333,76.466666666,,part of UNESCO World Heritage Site,6575,,,,,,none
,Kerala,Mankulam Range Forest,,,,,,[],,,Q97361413,Mankulam Range Forest,Western Ghats,,,Kerala,10.083333333,76.916666666,,part of UNESCO World Heritage Site,5284,,,,,,none
,Kerala,Achankovil Forest Division,,,,,,[],,,Q97378981,Achankovil Forest Division,,,,Kerala,9.116666666,77.15,,part of UNESCO World Heritage Site,21990,,,,,,none
,Tamil Nadu,Tirunelveli (North) Forest (part),,,,,,[],,,Q97379507,Tirunelveli (North) Forest (part),,,,Tamil Nadu,9.216666666,77.283333333,,part of UNESCO World Heritage Site,23467,,,,,,none
,Gadchiroli district,Chaprala Wildlife Sanctuary,Wildlife Sanctuary,,,,,[],,,Q99342657,Chaprala Wildlife Sanctuary,,http://commons.wikimedia.org/wiki/Special:FilePath/View%20of%20Chaprala%20Wildlife%20Sanctuary.jpg,,Gadchiroli district,19.665,79.828611111,,,882.22,,,,,,none
,Kamrup district,Rani Reserve Forest,,,,,,[],,,Q105006844,Rani Reserve Forest,,,,Kamrup district,26.33333333,91.45,,,,,,,,,none
,Kamrup district,Garbhanga Reserve Forest,,,,,,[],,,Q105007089,Garbhanga Reserve Forest,,,,Kamrup district,26.050775605,91.686896833,,,,,,Garbhanga Forest Reserve,,,none
,Hojai district,Dabaka Reserve Forest,,,,,,[],,,Q105007335,Dabaka Reserve Forest,,,,Hojai district,26.11666667,92.86916667,,,,,,,,,none
,,Amsoi Reserve Forest,,,,,,[],,,Q105007584,Amsoi Reserve Forest,,,,,26.21666667,92.7,,,,,,,,,none
,Udalguri district,Khalingduar Reserve Forest,,,,,,[],,,Q105007857,Khalingduar Reserve Forest,,,,Udalguri district,26.26666667,92.71666667,,,,,,,,,none
,Lakhimpur district,Kakoi Reserve Forest,,,,,,[],,,Q105016261,Kakoi Reserve Forest,,,,Lakhimpur district,,,,,,,,,,,none
,Lakhimpur district,Dulung Reserve Forest,,,,,,[],,,Q105016373,Dulung Reserve Forest,,,,Lakhimpur district,,,,,,,,,,,none
,Lakhimpur district,Pava Reserve Forest,,,,,,[],,,Q105037560,Pava Reserve Forest,,,,Lakhimpur district,,,,,,,,,,,none
,Lakhimpur district,Ranga Reserve Forest,,,,,,[],,,Q105037565,Ranga Reserve Forest,,,,Lakhimpur district,,,,,,,,,,,none
,Sribhumi district,Badsaitilla Reserve Forest,,,,,,[],,,Q105565134,Badsaitilla Reserve Forest,,,,Sribhumi district,24.33,92.35,,,,,,,,,none
,Dehradun district,Benog Wildlife Sanctuary,Wildlife Sanctuary,,,,,[],,,Q105581798,Benog Wildlife Sanctuary,,,,Dehradun district,,,,,,,,,,,none
,Gadchiroli district,Gadchiroli Reserve Forest,,,,,,[],,,Q105582267,Gadchiroli Reserve Forest,,,,Gadchiroli district,,,,,,https://gadchiroli.gov.in/tourist-place/chaprala-wildlife-sanctuary/,,,,,none
,Kokrajhar district,Guma Reserve Forest,,,,,,[],,,Q105582909,Guma Reserve Forest,,,,Kokrajhar district,,,,,,,,,,,none
,Dibrugarh district,Dilli Reserve Forest,,,,,,[],,,Q105741263,Dilli Reserve Forest,,,,Dibrugarh district,27.10388889,95.295,,,,,,,,,none
,Sivasagar district,Abhaypur Reserve Forest,,,,,,[],,,Q105741350,Abhaypur Reserve Forest,,,,Sivasagar district,27.14333333,95.37305556,,,,,,,,,none
,,Kakaijana Wildlife Sanctuary,Wildlife Sanctuary,,,,,[],,,Q105741355,Kakaijana Wildlife Sanctuary,,,,,,,,,,,,,,,none
,Tinsukia district,Tipong Reserve Forest & Lekhapani Reserve Forest,,,,,,[],,,Q105741365,Tipong Reserve Forest & Lekhapani Reserve Forest,,,,Tinsukia district,27.53888889,95.32444444,,,,,,,,,none
,Tinsukia district,Tinkupani Reserve Forest,,,,,,[],,,Q105741417,Tinkupani Reserve Forest,,,,Tinsukia district,27.52444444,95.32555556,,,,,,,,,none
,Dibrugarh district,Jeypore Reserve Forest,,,,,,[],,,Q105741437,Jeypore Reserve Forest,,,,Dibrugarh district,27.43111111,95.36055555,,,,,,,,,none
,Tinsukia district,Bhorjan Reserve Forest,,,,,,[],,,Q105741468,Bhorjan Reserve Forest,,,,Tinsukia district,27.52222222,95.32083333,,,,,,,,,none
,Tinsukia district,Bherjan Reserve Forest,,,,,,[],,,Q105741579,Bherjan Reserve Forest,,,,Tinsukia district,26.97,94.95055556,,,,,,,,,none
,Tinsukia district,Padumoni Reserve Forest,,,,,,[],,,Q105741735,Padumoni Reserve Forest,,,,Tinsukia district,26.95972222,94.95777778,,,,,,,,,none
,Tinsukia district,Tirap Reserve Forest,,,,,,[],,,Q105742081,Tirap Reserve Forest,,,,Tinsukia district,,,,,,,,,,,none
,Mangan district,Tso Lhamo Cold Desert Conservation Area,,,,,,[],,,Q106258746,Tso Lhamo Cold Desert Conservation Area,,,,Mangan district,28.028611111,88.754722222,,,50000,,,,,,none
,Gyalshing district,Rabdentse Bird Sanctuary,Bird Sanctuary,,,,,[],,,Q106258797,Rabdentse Bird Sanctuary,,,,Gyalshing district,,,,,,,,,,,none
,Bengaluru South District,Ramanagara Ramdevara Betta Vulture Sanctuary,Wildlife Sanctuary,,,,,[],,,Q106416493,Ramanagara Ramdevara Betta Vulture Sanctuary,,,,Bengaluru South District,12.7531984,77.3013674,,,7.08,,,,,,none
,Zunheboto district,Ghosu Bird Sanctuary,Bird Sanctuary,,,,,[],,,Q106513464,Ghosu Bird Sanctuary,,,,Zunheboto district,,,,,650,,,,,,none
,Morigaon district,Kholahat Reserve Forest,,,,,,[],,,Q106554851,Kholahat Reserve Forest,,,,Morigaon district,,,,,,,,,,,none
,Golaghat district,Panbari Reserve Forest,,,,,,[],,,Q106558419,Panbari Reserve Forest,,,,Golaghat district,,,,,,,,,,,none
,West Kameng district,Singchung Bugun Community Reserve,,,,,,[],,,Q106581340,Singchung Bugun Community Reserve,,,,West Kameng district,,,,,17,,,,,,none
,Jabalpur district,Narrai Reserve Forest,,,,,,[],,,Q106618087,Narrai Reserve Forest,,,,Jabalpur district,,,,,,,,,,,none
,Sehore district,Kheoni Wildlife Sanctuary,Wildlife Sanctuary,,,,,[],,,Q106618190,Kheoni Wildlife Sanctuary,,,,Sehore district,,,,,,,,,,,none
,Raisen district,Ratapani Sanctuary,Wildlife Sanctuary,,,,,[],,,Q106618218,Ratapani Sanctuary,,,,Raisen district,,,,,,,,,,,none
,Indore district,Ralamandal Sanctuary,Wildlife Sanctuary,,,,,[],,,Q106618225,Ralamandal Sanctuary,,,,Indore district,,,,,,,,,,,none
,Neemuch district,Gandhisagar Sanctuary,Wildlife Sanctuary,,,,,[],,,Q106619912,Gandhisagar Sanctuary,,,,Neemuch district,,,,,,,,,,,none
,Narmadapuram district,Pachmari Biosphere Reserve,,,,,,[],,,Q106625198,Pachmari Biosphere Reserve,,http://commons.wikimedia.org/wiki/Special:FilePath/Pachmari.jpg,,Narmadapuram district,,,,,,,,,,,none
,Gondia district,Nawegaon Wildlife Sanctuary,Wildlife Sanctuary,,,,,[],,,Q106674048,Nawegaon Wildlife Sanctuary,,,IUCN category IV: Habitat/Species Management Area,Gondia district,20.993,80.2788,,,122.76,,,,,,none
,Kendrapara district,Bhitarkanika Wildlife Sanctuary,Wildlife Sanctuary,,,,,[],,,Q106674990,Bhitarkanika Wildlife Sanctuary,,http://commons.wikimedia.org/wiki/Special:FilePath/Bhitarkanika%20Wildlife%20Sanctuary%2C%202015%20%286%29.jpg,IUCN category IV: Habitat/Species Management Area,Kendrapara district,20.6066,86.8037,,,525,,,Bhitarkanika Wildlife Sanctuary,,,none
,Dhamtari district,Udanti-Sitanadi Tiger Reserve,Tiger Reserve,,,,,[],,,Q106675711,Udanti-Sitanadi Tiger Reserve,,,,Dhamtari district,20.2388,82.1132,,,1842.54,,,,,,none
,Chamarajanagar district,Biligiri Rangaswamy Temple Wildlife Sanctuary,Wildlife Sanctuary,,,,,[],,,Q106684744,Biligiri Rangaswamy Temple Wildlife Sanctuary,,http://commons.wikimedia.org/wiki/Special:FilePath/Biligirirangan%20Hills%20View.jpg,IUCN category IV: Habitat/Species Management Area,Chamarajanagar district,11.9725,77.1515,,,539.52,,,Biligiriranga Hills Wildlife Sanctuary,,,none
,Bongaigaon district,Shankarghola Forest Reserve,,,,,,[],,,Q110832949,Shankarghola Forest Reserve,,,,Bongaigaon district,26.270462,90.544234,,,,,,,,,none
,Zunheboto district,Tizu Valley Community Conserved Areas,,,,,,[],,,Q115805135,Tizu Valley Community Conserved Areas,,,,Zunheboto district,25.831332,94.514029,,,,,,,,,none
,Nadia district,Debogram Reserve Forest,,,,,,[],,,Q115857274,Debogram Reserve Forest,,,,Nadia district,23.157857,88.652137,,,,,,,,,none
,Nadia district,Bankimnagar Forest,,,,,,[],,,Q115857272,Bankimnagar Forest,,,,Nadia district,23.215253,88.587036,,,,,,,,,none
,Nadia district,Hijuli Reserve Forest,,,,,,[],,,Q115857278,Hijuli Reserve Forest,,,,Nadia district,23.184617,88.575442,,,,,,,,,none
,Nadia district,Khisma Reserve Forest,,,,,,[],,,Q117054524,Khisma Reserve Forest,,,,Nadia district,23.252907,88.592255,,,,,,,,,none
,Joypur community development block,Joypur forest,,,,,,[],,,Q117055501,Joypur forest,,,,Joypur community development block,23.053061,87.443512,,,,,,,,,none
,Paschim Medinipur district,Arabari Range Forest,,,,,,[],,,Q117057449,Arabari Range Forest,,,,Paschim Medinipur district,22.656144,87.367709,,,,,,,,,none
,Paschim Medinipur district,Shalboni Forest Range,,,,,,[],,,Q117057454,Shalboni Forest Range,,,,Paschim Medinipur district,22.637624,87.264472,,,,,,,,,none
,Hooghly district,Tanba Forest,,,,,,[],,,Q124249813,Tanba Forest,,,,Hooghly district,23.0642743,87.0141653,,,,,,,,,none
,Purulia district,Duarsini Forest,,,,,,[],,,Q124393008,Duarsini Forest,,,,Purulia district,22.7637644,86.4490349,,,,,,,,,none
,,Bhadur forest,,,,,,[],,,Q124393029,Bhadur forest,,,,,22.9364123,87.7469917,,,,,,,,,none
,Paschim Bardhaman district,Garh Jungle,,,,,,[],,,Q124393073,Garh Jungle,,,,Paschim Bardhaman district,23.5995177,87.3558708,,,,,,,,,none
,Paschim Medinipur district,Ranja Forest,,,,,,[],,,Q124393094,Ranja Forest,,,,Paschim Medinipur district,22.6111386,87.1614811,,,,,,,,,none
