wikidataId,wikidataLabel,protectedAreaType,partOf,image,iucnCategory,locatedInAdminTerritorialEntity,state,coordinateLatitude,coordinateLongitude,significantPlace,heritageDesignation,area,officialWebsite,pageBanner,commonsCategory,osmRelationIds,enwikiUrl
Q16894124,Lengteng Wildlife Sanctuary,Wildlife Sanctuary,,,IUCN category IV: Habitat/Species Management Area,Mizoram,Mizoram,23.8333,93.2167,Ngopa,,,,,,,https://en.wikipedia.org/wiki/Lengteng_Wildlife_Sanctuary
Q16894577,Mandagadde Bird Sanctuary,Bird Sanctuary,,,,Thirthahalli,Karnataka,13.7406,75.4603,,,0.0046,,,Mandagadde Bird Sanctuary,,https://en.wikipedia.org/wiki/Mandagadde_Bird_Sanctuary
Q16896392,Pangolakha Wildlife Sanctuary,Wildlife Sanctuary,,http://commons.wikimedia.org/wiki/Special:FilePath/Landscape%20of%20Pangolakha%20Wildlife%20Sanctuary%20East%20Sikkim%20India%2013.02.2016.jpg,IUCN category IV: Habitat/Species Management Area,East Sikkim district,Sikkim,27.34,88.76,Rangpo,,124,,,,,https://en.wikipedia.org/wiki/Pangolakha_Wildlife_Sanctuary
Q16900034,Shekha Bird Sanctuary,Bird Sanctuary,,,IUCN category IV: Habitat/Species Management Area,Uttar Pradesh,Uttar Pradesh,27.8575,78.2185,Aligarh,,,,,,,https://en.wikipedia.org/wiki/Shekha_Bird_Sanctuary
Q16902313,Umred Karhandla Wildlife Sanctuary,Wildlife Sanctuary,,,IUCN category IV: Habitat/Species Management Area,Nagpur district,Maharashtra,20.83555556,79.51111111,Nagpur,,189.3,,,Umred Karhandla Wildlife Sanctuary,,https://en.wikipedia.org/wiki/Umred_Pauni_Karhandla_Wildlife_Sanctuary
Q16902550,Varsey Rhododendron Sanctuary,Wildlife Sanctuary,,http://commons.wikimedia.org/wiki/Special:FilePath/Barsey%20Rhododendron%20Sanctuary%20in%20late%20april.jpg,IUCN category IV: Habitat/Species Management Area,Sikkim,Sikkim,27.1942,88.1183,Soreng,,104,,,Varsey Rhododendron Sanctuary,,https://en.wikipedia.org/wiki/Varsey_Rhododendron_Sanctuary
Q16948098,Kanwar Sanctuary,Wildlife Sanctuary,,,IUCN category IV: Habitat/Species Management Area,Himachal Pradesh,Himachal Pradesh,31.9523,77.3116,,,,,,,,https://en.wikipedia.org/wiki/Kanwar_Sanctuary
Q16954910,Nambor - Doigrung Wildlife Sanctuary,Wildlife Sanctuary,,,IUCN category IV: Habitat/Species Management Area,Assam,Assam,26.4185,93.8728,Golaghat,,,,,,,https://en.wikipedia.org/wiki/Nambor_-_Doigrung_Wildlife_Sanctuary
Q16979364,Kanyakumari Wildlife Sanctuary,Wildlife Sanctuary,,,,Tamil Nadu,Tamil Nadu,8.3543,77.34334,,,,,,,,https://en.wikipedia.org/wiki/Kanniyakumari_Wildlife_Sanctuary
Q17002774,Abubshahar Wildlife Sanctuary,Wildlife Sanctuary,,,IUCN category IV: Habitat/Species Management Area,Haryana,Haryana,29.8643,74.6172,,,,,,,,https://en.wikipedia.org/wiki/Abubshahar_Wildlife_Sanctuary
Q17002798,Bir Shikargah Wildlife Sanctuary,Wildlife Sanctuary,,,IUCN category IV: Habitat/Species Management Area,Haryana,Haryana,30.7689,76.96822,,,,,,,,https://en.wikipedia.org/wiki/Bir_Shikargarh_Wildlife_Sanctuary
Q17002860,Khol Hi-Raitan Wildlife Sanctuary,Wildlife Sanctuary,,,IUCN category IV: Habitat/Species Management Area,Haryana,Haryana,30.7077,76.9405,,,,,,,,https://en.wikipedia.org/wiki/Khol_Hi-Raitan_Wildlife_Sanctuary
Q17002923,Nahar Wildlife Sanctuary,Wildlife Sanctuary,,,IUCN category IV: Habitat/Species Management Area,Haryana,Haryana,28.4094,76.397,,,,,,,,https://en.wikipedia.org/wiki/Nahar_Wildlife_Sanctuary
Q17002953,Saraswati Wildlife Sanctuary,Wildlife Sanctuary,,,IUCN category IV: Habitat/Species Management Area,Haryana,Haryana,29.9928,76.3567,,,,,,,,https://en.wikipedia.org/wiki/Saraswati_Wildlife_Sanctuary
Q17003846,Chhilchhila Wildlife Sanctuary,Wildlife Sanctuary,,,IUCN category IV: Habitat/Species Management Area,Haryana,Haryana,29.9384,76.6811,,,,,,,,https://en.wikipedia.org/wiki/Chhilchhila_Wildlife_Sanctuary
Q17005614,Khaparwas Wildlife Sanctuary,Wildlife Sanctuary,,,IUCN category IV: Habitat/Species Management Area,Haryana; Jhajjar district,Haryana,28.5651,76.5273,,,,,,,,https://en.wikipedia.org/wiki/Khaparwas_Wildlife_Sanctuary
Q17010836,Achabal Wildlife Sanctuary,Wildlife Sanctuary,,,,,,,,,,,,,,,https://en.wikipedia.org/wiki/Achabal_Wildlife_Sanctuary
Q17014014,Kolleru Bird Sanctuary,Bird Sanctuary,,http://commons.wikimedia.org/wiki/Special:FilePath/Egrets%20in%20AP%20W%20IMG%203792.jpg,IUCN category IV: Habitat/Species Management Area,Andhra Pradesh,Andhra Pradesh,16.61666667,81.2,Eluru,,,,,Kolleru Bird Sanctuary,,https://en.wikipedia.org/wiki/Kolleru_Bird_Sanctuary
Q17033744,Talley Valley Wildlife Sanctuary,Wildlife Sanctuary,,,IUCN category IV: Habitat/Species Management Area,Lower Subansiri district,Arunachal Pradesh,27.547681,93.897555,,,337,,,Talley Valley Wildlife Sanctuary,,https://en.wikipedia.org/wiki/Talle_Valley_Wildlife_Sanctuary
Q17051622,Maenam Wildlife Sanctuary,Wildlife Sanctuary,,,IUCN category IV: Habitat/Species Management Area,Namchi district,Sikkim,27.338032,88.385591,,,36.34,,,,,https://en.wikipedia.org/wiki/Maenam_Wildlife_Sanctuary
Q17052151,Dumna Nature Reserve Park,,,http://commons.wikimedia.org/wiki/Special:FilePath/Main%20Gate%20of%20Dumna%20Nature%20Park.jpg,,Jabalpur district,Madhya Pradesh,23.283333333,80.266666666,,,,,,Dumna Nature Reserve Park,,https://en.wikipedia.org/wiki/Dumna_Nature_Reserve_Park
Q17055079,Hirpora Wildlife Sanctuary,Wildlife Sanctuary,,http://commons.wikimedia.org/wiki/Special:FilePath/Hirpora%20Wildlife%20Sanctary%20Shopian.jpg,IUCN category IV: Habitat/Species Management Area,Shopian district; Kulgam district,Jammu and Kashmir,33.598888888,74.615555555,Shopian,,,,,Hirpora Wildlife Sanctuary,,https://en.wikipedia.org/wiki/Hirpora_Wildlife_Sanctuary
Q17064063,Karera Wildlife Sanctuary,Wildlife Sanctuary,,,IUCN category IV: Habitat/Species Management Area,Madhya Pradesh,Madhya Pradesh,25.6304,78.1346,,,,,,,,https://en.wikipedia.org/wiki/Karera_Wildlife_Sanctuary
Q17067959,Kugti Sanctuary,Wildlife Sanctuary,,,IUCN category IV: Habitat/Species Management Area,Himachal Pradesh,Himachal Pradesh,32.59861111,76.88527778,,,,,,,,https://en.wikipedia.org/wiki/Kugti_Sanctuary
Q17068229,Kutch Desert Wildlife Sanctuary,Wildlife Sanctuary,,,IUCN category IV: Habitat/Species Management Area,Kutch district,Gujarat,23.91,70.44,,,7506.22,,,,,https://en.wikipedia.org/wiki/Kutch_Desert_Wildlife_Sanctuary
Q17072649,Mayureshwar Wildlife Sanctuary,Wildlife Sanctuary,,http://commons.wikimedia.org/wiki/Special:FilePath/Mayureshwar%20Wildlife%20Sanctuary%20Entrance.jpg,IUCN category IV: Habitat/Species Management Area,Maharashtra,Maharashtra,18.335,74.37083333,Pune,,,,,Mayureshwar Wildlife Sanctuary,,https://en.wikipedia.org/wiki/Mayureshwar_Wildlife_Sanctuary
Q17076761,Najafgarh drain bird sanctuary,Bird Sanctuary,,,,Delhi,National Capital Territory of Delhi,28.504,76.944,,,,,,,,https://en.wikipedia.org/wiki/Najafgarh_drain_bird_sanctuary
Q17078316,Nauradehi Wildlife Sanctuary,Wildlife Sanctuary,,http://commons.wikimedia.org/wiki/Special:FilePath/Spotted%20Deer%20%28Axis%20axis%29.jpg,IUCN category IV: Habitat/Species Management Area,Sagar district,Madhya Pradesh,23.17814167,79.20188611,,,1197,,,,,https://en.wikipedia.org/wiki/Nauradehi_Wildlife_Sanctuary
Q17082192,Patna Bird Sanctuary,Bird Sanctuary,,http://commons.wikimedia.org/wiki/Special:FilePath/Patna%20Bird%20sanctury.jpg,IUCN category IV: Habitat/Species Management Area,Uttar Pradesh,Uttar Pradesh,27.518055555,78.280555555,,,,,,,,https://en.wikipedia.org/wiki/Patna_Bird_Sanctuary
Q17087471,Rollapadu Wildlife Sanctuary,Wildlife Sanctuary,,,IUCN category IV: Habitat/Species Management Area,Kurnool district,Andhra Pradesh,15.745001,78.373052,,,,,,Rollapadu Wildlife Sanctuary,,https://en.wikipedia.org/wiki/Rollapadu_Wildlife_Sanctuary
Q17126760,Daroji Sloth Bear Sanctuary,Wildlife Sanctuary,,http://commons.wikimedia.org/wiki/Special:FilePath/MelursusUrsinusFemaleCub.jpg,IUCN category IV: Habitat/Species Management Area,Ballari district,Karnataka,15.23333333,76.51666667,Ballary,,,,,Daroji Sloth Bear Sanctuary,,https://en.wikipedia.org/wiki/Daroji_Sloth_Bear_Sanctuary
Q17138383,Rajparian Wildlife Sanctuary,Wildlife Sanctuary,,,IUCN category IV: Habitat/Species Management Area,,,33.6594,75.4714,,,,,,,,https://en.wikipedia.org/wiki/Rajparian_Wildlife_Sanctuary
Q115937502,Fudam Bird Sanctuary,Bird Sanctuary,,,IUCN category IV: Habitat/Species Management Area,Daman and Diu,,20.72514,70.95443,,,,,,,,https://en.wikipedia.org/wiki/Fudam_Bird_Sanctuary
Q116044246,Baghmara Pitcher Plant Wildlife Sanctuary,Wildlife Sanctuary,,,IUCN category IV: Habitat/Species Management Area,Meghalaya,Meghalaya,25.198139,90.638765,,,,,,,,https://en.wikipedia.org/wiki/Baghmara_Pitcher_Plant_Wildlife_Sanctuary
Q116169552,Topchanchi Wildlife Sanctuary,Wildlife Sanctuary,,,IUCN category IV: Habitat/Species Management Area,Jharkhand,Jharkhand,23.9361,86.1923,,,,,,,,https://en.wikipedia.org/wiki/Topchanchi_Wildlife_Sanctuary
Q116739635,Cauvery south Wildlife Sanctuary,Wildlife Sanctuary,,,,,,12.344166666,78.017222222,,,,,,,,https://en.wikipedia.org/wiki/Cauvery_South_Wildlife_Sanctuary
Q120756030,Pakhal Wildlife Sanctuary,Wildlife Sanctuary,,,IUCN category IV: Habitat/Species Management Area,Telangana,Telangana,17.916666666,80.1,,,,,,,,https://en.wikipedia.org/wiki/Pakhal_Wildlife_Sanctuary
Q121754153,Ramgarh Vishdhari Wildlife Sanctuary,Wildlife Sanctuary,,,IUCN category IV: Habitat/Species Management Area,Rajasthan,Rajasthan,25.57,75.9,,,,,,,,https://en.wikipedia.org/wiki/Ramgarh_Vishdhari_Wildlife_Sanctuary
Q122363290,Kallaperambur Lake Bird Sanctuary,Bird Sanctuary,,,IUCN category IV: Habitat/Species Management Area,Tamil Nadu,Tamil Nadu,10.798888888,79.025833333,,,,,,,,https://en.wikipedia.org/wiki/Kallaperambur_Lake_Bird_Sanctuary
Q122363291,Melaselvanur-Kilaselvanur Bird Sanctuary,Bird Sanctuary,,,IUCN category IV: Habitat/Species Management Area,Tamil Nadu,Tamil Nadu,9.215555555,78.551944444,,,,,,,,https://en.wikipedia.org/wiki/Melaselvanur-Kilaselvanur_Bird_Sanctuary
Q122363292,Gangaikondan Spotted Deer Sanctuary,Wildlife Sanctuary,,,IUCN category IV: Habitat/Species Management Area,Tamil Nadu,Tamil Nadu,8.826944444,77.759444444,,,,,,,,https://en.wikipedia.org/wiki/Gangaikondan_Spotted_Deer_Sanctuary
Q122363298,Nanjarayan Tank Bird Sanctuary,Bird Sanctuary,,,IUCN category IV: Habitat/Species Management Area,Tamil Nadu,Tamil Nadu,11.214166666,77.526388888,,,,,,,,https://en.wikipedia.org/wiki/Nanjarayan_Bird_Sanctuary
Q122363296,Kazhuveli Bird Sanctuary,Bird Sanctuary,,,IUCN category IV: Habitat/Species Management Area,Tamil Nadu,Tamil Nadu,12.122222222,79.875,,,,,,,,https://en.wikipedia.org/wiki/Kaluveli_Bird_Sanctuary
Q122363300,Kadavur Wildlife Sanctuary,Wildlife Sanctuary,,,IUCN category IV: Habitat/Species Management Area,Tamil Nadu,Tamil Nadu,10.624444444,78.183055555,,,,,,,,https://en.wikipedia.org/wiki/Kadavur_Slender_Loris_Wildlife_Sanctuary
Q123292405,Bandli Wildlife Sanctuary,Wildlife Sanctuary,,,IUCN category IV: Habitat/Species Management Area,Himachal Pradesh,Himachal Pradesh,31.45,76.905,,,,,,,,https://en.wikipedia.org/wiki/Bandli_Wildlife_Sanctuary
Q123399066,Bandh Baretha,,,http://commons.wikimedia.org/wiki/Special:FilePath/Bandh%20Baretha.jpg,IUCN category IV: Habitat/Species Management Area,Rajasthan,Rajasthan,26.883333333,77.361111111,,,,,,,,https://en.wikipedia.org/wiki/Bandh_Baretha
Q123439915,Kudremukh National Park,National Park,,http://commons.wikimedia.org/wiki/Special:FilePath/Kuduremukha-NationalPark%20Grassland.jpg,IUCN category II: National Park,Karnataka,Karnataka,13.25,75.2,,,600.32,,,Kudremukh National Park,9482054,https://en.wikipedia.org/wiki/Kudremukh_National_Park
Q123532242,Tral Wildlife Sanctuary,Wildlife Sanctuary,,,IUCN category IV: Habitat/Species Management Area,Jammu and Kashmir,Jammu and Kashmir,33.995,75.115,,,,,,,,https://en.wikipedia.org/wiki/Tral_Wildlife_Sanctuary
Q124115645,Jogimatti Wildlife Sanctuary,Wildlife Sanctuary,,,IUCN category IV: Habitat/Species Management Area,Karnataka,Karnataka,14.1625,76.3975,,,,,,,,https://en.wikipedia.org/wiki/Jogimatti_Wildlife_Sanctuary
Q124973096,Seshachalam Hills biosphere,,,,,,,,,,,,,,,,https://en.wikipedia.org/wiki/Seshachalam_Hills_biosphere
Q124973261,Hingolgadh Sanctuary,Wildlife Sanctuary,,,IUCN category IV: Habitat/Species Management Area,Gujarat,Gujarat,22.1475,71.3225,,,,,,,,https://en.wikipedia.org/wiki/Hingolgadh_Sanctuary
Q125167022,Pania Wildlife Sanctuary,Wildlife Sanctuary,,,IUCN category IV: Habitat/Species Management Area,Gujarat,Gujarat,21.25,70.825,,,,,,,,https://en.wikipedia.org/wiki/Pania_Wildlife_Sanctuary
Q125503789,Rampara Sanctuary,Wildlife Sanctuary,,,IUCN category IV: Habitat/Species Management Area,Morbi district,Gujarat,22.53176,70.95245,,,,,,,,https://en.wikipedia.org/wiki/Rampara_Sanctuary
Q125768557,Oussudu Bird Sanctuary,Bird Sanctuary,,,IUCN category IV: Habitat/Species Management Area,Puducherry,Puducherry,11.95164,79.74182,,,3.9,,,,,https://en.wikipedia.org/wiki/Oussudu_Bird_Sanctuary
Q125881279,Pong Dam Lake Wildlife Sanctuary,Wildlife Sanctuary,,,IUCN category IV: Habitat/Species Management Area,Himachal Pradesh,Himachal Pradesh,32.01666667,76.08333333,,,,,,,,https://en.wikipedia.org/wiki/Pong_Dam_Lake_Wildlife_Sanctuary
Q125881460,Mansar-Surinsar Wildlife sanctuary,Wildlife Sanctuary,,,IUCN category IV: Habitat/Species Management Area,Jammu and Kashmir,Jammu and Kashmir,32.75,75.2,,,,,,,,https://en.wikipedia.org/wiki/Mansar-Surinsar_Lakes_Wildlife_Sanctuary
Q126476600,Biodiversity Heritage Site,,,,,,,,,,,,,,,,https://en.wikipedia.org/wiki/Biodiversity_Heritage_Site
Q126476611,Ashramam Biodiversity Heritage Site,,,,,,,8.895555555,76.586388888,,,,,,,,https://en.wikipedia.org/wiki/Ashramam_Biodiversity_Heritage_Site
Q129176824,Thol Lake Bird Sanctuary,Bird Sanctuary,,,IUCN category IV: Habitat/Species Management Area,Mehsana district,Gujarat,23.13903,72.41364,,,,,,,,https://en.wikipedia.org/wiki/Thol_Lake_Bird_Sanctuary
Q129677593,Khalasuni Wildlife Sanctuary,Wildlife Sanctuary,,,IUCN category IV: Habitat/Species Management Area,Odisha,Odisha,21.3471,84.555,,,,,,,,https://en.wikipedia.org/wiki/Khalasuni_Wildlife_Sanctuary
Q130661062,Marat Longri Wildlife Sanctuary,Wildlife Sanctuary,,,IUCN category IV: Habitat/Species Management Area,Assam,Assam,25.9006,93.2842,,,,,,,,https://en.wikipedia.org/wiki/Marat_Longri_Wildlife_Sanctuary
Q130974135,Mussoorie Wildlife Sanctuary,Wildlife Sanctuary,,,IUCN category IV: Habitat/Species Management Area,Uttarakhand,Uttarakhand,30.465277777,78.0125,,,,,,,,https://en.wikipedia.org/wiki/Mussoorie_Wildlife_Sanctuary
Q130974168,Kane Wildlife Sanctuary,Wildlife Sanctuary,,,IUCN category IV: Habitat/Species Management Area,Arunachal Pradesh,Arunachal Pradesh,27.666666666,94.65,,,,,,,,https://en.wikipedia.org/wiki/Kane_Wildlife_Sanctuary
Q130974183,Yordi Rabe Supse Wildlife Sanctuary,Wildlife Sanctuary,,,IUCN category IV: Habitat/Species Management Area,Arunachal Pradesh,Arunachal Pradesh,29.016388888,95.208611111,,,,,,,,https://en.wikipedia.org/wiki/Yordi_Rabe_Supse_Wildlife_Sanctuary
Q130974238,Barela Bird Sanctuary,Bird Sanctuary,,,IUCN category IV: Habitat/Species Management Area,Bihar,Bihar,25.766111111,85.580555555,,,,,,,,https://en.wikipedia.org/wiki/Barela_Bird_Sanctuary
Q130974254,Nakti Dam Wildlife Sanctuary,Wildlife Sanctuary,,,IUCN category IV: Habitat/Species Management Area,Bihar,Bihar,24.8175,86.4,,,,,,,,https://en.wikipedia.org/wiki/Nakti_Dam_Wildlife_Sanctuary
Q130974349,Badalkhol Wildlife Sanctuary,Wildlife Sanctuary,,,IUCN category IV: Habitat/Species Management Area,Chhattisgarh,Chhattisgarh,22.552222222,81.734722222,,,,,,,,https://en.wikipedia.org/wiki/Badalkhol_Wildlife_Sanctuary
Q130974358,Bhairamgarh Wildlife Sanctuary,Wildlife Sanctuary,,,IUCN category IV: Habitat/Species Management Area,Chhattisgarh,Chhattisgarh,19.0991,80.9394,,,,,,,,https://en.wikipedia.org/wiki/Bhairamgarh_Wildlife_Sanctuary
Q130974367,Gomardha Wildlife Sanctuary,Wildlife Sanctuary,,,IUCN category IV: Habitat/Species Management Area,Chhattisgarh,Chhattisgarh,21.501,83.1366,,,,,,,,https://en.wikipedia.org/wiki/Gomardha_Wildlife_Sanctuary
Q130974386,Pamed Wildlife Sanctuary,Wildlife Sanctuary,,,IUCN category IV: Habitat/Species Management Area,Chhattisgarh,Chhattisgarh,18.3171,80.841,,,,,,,,https://en.wikipedia.org/wiki/Pamed_Wildlife_Sanctuary
Q130974396,Semarsot Wildlife Sanctuary,Wildlife Sanctuary,,,IUCN category IV: Habitat/Species Management Area,Chhattisgarh,Chhattisgarh,23.548,83.5283,,,430.35,,,,,https://en.wikipedia.org/wiki/Semarsot_Wildlife_Sanctuary
Q131007942,Kamala Wildlife Sanctuary,Wildlife Sanctuary,,,IUCN category IV: Habitat/Species Management Area,Arunachal Pradesh,Arunachal Pradesh,27.641666666,96.629166666,,,,,,,,https://en.wikipedia.org/wiki/Kamala_Wildlife_Sanctuary
Q131007944,Ringba-Roba Wildlife Sanctuary,Wildlife Sanctuary,,,IUCN category IV: Habitat/Species Management Area,Arunachal Pradesh,Arunachal Pradesh,28.160833333,93.883333333,,,,,,,,https://en.wikipedia.org/wiki/Ringba-Roba_Wildlife_Sanctuary
Q131123428,Kodaikanal Wildlife Sanctuary,Wildlife Sanctuary,,http://commons.wikimedia.org/wiki/Special:FilePath/Kodaikanal%20Wildlife%20Sanctuary-Bombay%20Shola-WUS04998.jpg,IUCN category IV: Habitat/Species Management Area,Tamil Nadu,Tamil Nadu,10.383333333,77.8,,,,,,Kodaikanal Wildlife Sanctuary,,https://en.wikipedia.org/wiki/Kodaikanal_Wildlife_Sanctuary
Q131465770,Guru Ghasidas - Tamor Pingla Tiger Reserve,Tiger Reserve,,,IUCN category II: National Park,Chhattisgarh,Chhattisgarh,23.601944444,82.471944444,,,,,,,,https://en.wikipedia.org/wiki/Guru_Ghasidas_-_Tamor_Pingla_Tiger_Reserve
Q131612272,Bhensrodgarh Wildlife Sanctuary,Wildlife Sanctuary,,,IUCN category IV: Habitat/Species Management Area,Rajasthan,Rajasthan,24.866666666,75.516666666,,,,,,,,https://en.wikipedia.org/wiki/Bhensrodgarh_Wildlife_Sanctuary
Q131632374,Cuthbert Bay Wildlife Sanctuary,Wildlife Sanctuary,,,IUCN category IV: Habitat/Species Management Area,Andaman and Nicobar Islands,Andaman and Nicobar Islands,12.709166666,92.968333333,,,,,,,,https://en.wikipedia.org/wiki/Cuthbert_Bay_Wildlife_Sanctuary
Q131939336,Girnar Wildlife Sanctuary,Wildlife Sanctuary,,,IUCN category IV: Habitat/Species Management Area,Gujarat,Gujarat,21.416666666,70.5,,,,,,,,https://en.wikipedia.org/wiki/Girnar_Wildlife_Sanctuary
Q131995100,Bagdara Wildlife Sanctuary,Wildlife Sanctuary,,,IUCN category IV: Habitat/Species Management Area,Madhya Pradesh,Madhya Pradesh,24.6338,82.49597,,,,,,,,https://en.wikipedia.org/wiki/Bagdara_Wildlife_Sanctuary
Q132068974,Orchha Wildlife Sanctuary,Wildlife Sanctuary,,,IUCN category IV: Habitat/Species Management Area,Madhya Pradesh,Madhya Pradesh,25.35,78.64,,,,,,,,https://en.wikipedia.org/wiki/Orchha_Wildlife_Sanctuary
Q132126728,Son Gharial Wildlife Sanctuary,Wildlife Sanctuary,,,IUCN category IV: Habitat/Species Management Area,Madhya Pradesh,Madhya Pradesh,24.282934,81.45285,,,,,,,,https://en.wikipedia.org/wiki/Son_Gharial_Wildlife_Sanctuary
Q134522768,Kailadevi Wildlife Sanctuary,Wildlife Sanctuary,,,IUCN category IV: Habitat/Species Management Area,Rajasthan,Rajasthan,26.29969,76.93204,,,,,,,,https://en.wikipedia.org/wiki/Kailadevi_Wildlife_Sanctuary
Q134543442,Jawai Bandh Leopard Conservation Reserve,,,,,Sumerpur tehsil,Rajasthan,,,,,,,,,,https://en.wikipedia.org/wiki/Jawai_Bandh_Leopard_Conservation_Reserve
Q134581460,Jamwa Ramgarh Wildlife Sanctuary,Wildlife Sanctuary,,,IUCN category IV: Habitat/Species Management Area,Rajasthan,Rajasthan,27.047777777,76.055555555,,,,,,,,https://en.wikipedia.org/wiki/Jamwa_Ramgarh_Wildlife_Sanctuary
Q134581467,Nahargarh Wildlife Sanctuary,Wildlife Sanctuary,,,IUCN category IV: Habitat/Species Management Area,Rajasthan,Rajasthan,26.9993,75.8374,,,,,,,,https://en.wikipedia.org/wiki/Nahargarh_Wildlife_Sanctuary
Q134610688,Shergarh Wildlife Sanctuary,Wildlife Sanctuary,,,IUCN category IV: Habitat/Species Management Area,Rajasthan,Rajasthan,24.71,76.486944444,,,,,,,,https://en.wikipedia.org/wiki/Shergarh_Wildlife_Sanctuary
Q134610692,Sawai Man Singh Wildlife Sanctuary,Wildlife Sanctuary,,,IUCN category IV: Habitat/Species Management Area,Rajasthan,Rajasthan,25.8824,76.3907,,,,,,,,https://en.wikipedia.org/wiki/Sawai_Man_Singh_Wildlife_Sanctuary
Q134721122,Van Vihar Wildlife Sanctuary,Wildlife Sanctuary,,,IUCN category IV: Habitat/Species Management Area,Rajasthan,Rajasthan,26.6118,77.74904,,,,,,,,https://en.wikipedia.org/wiki/Van_Vihar_Wildlife_Sanctuary
Q134984377,Sikhna Jwhwlao National Park,National Park,Assam,,IUCN category II: National Park,Bodoland,Assam,26.716966666,90.295891666,,,,,,,,https://en.wikipedia.org/wiki/Sikhna_Jwhwlao_National_Park
Q135012839,Kwangtung Island Wildlife Sanctuary,Wildlife Sanctuary,,,IUCN category IV: Habitat/Species Management Area,Andaman and Nicobar Islands,Andaman and Nicobar Islands,13.41,93.03,,,,,,,,https://en.wikipedia.org/wiki/Kwangtung_Island_Wildlife_Sanctuary
Q135111713,Dinosaur Fossils National Park,National Park,,,IUCN category II: National Park,Madhya Pradesh,Madhya Pradesh,22.341,74.779,,,,,,,,https://en.wikipedia.org/wiki/Dinosaur_Fossils_National_Park
Q135350399,Bhoramdev Wildlife Sanctuary,Wildlife Sanctuary,,,IUCN category IV: Habitat/Species Management Area,Chhattisgarh,Chhattisgarh,22.11,81.144444444,,,,,,,,https://en.wikipedia.org/wiki/Bhoramdev_Wildlife_Sanctuary
Q135350403,Kusheshwar Asthan Bird Sanctuary,Bird Sanctuary,,,IUCN category IV: Habitat/Species Management Area,Bihar,Bihar,25.8315,86.3044,,,,,,,,https://en.wikipedia.org/wiki/Kusheshwar_Asthan_Bird_Sanctuary
Q135350428,Bamboo Island Wildlife Sanctuary,Wildlife Sanctuary,,,IUCN category IV: Habitat/Species Management Area,Andaman and Nicobar Islands,Andaman and Nicobar Islands,13.051111111,92.933055555,,,,,,,,https://en.wikipedia.org/wiki/Bamboo_Island_Wildlife_Sanctuary
Q135404149,Narsinghgarh Wildlife Sanctuary,Wildlife Sanctuary,,,IUCN category IV: Habitat/Species Management Area,Madhya Pradesh,Madhya Pradesh,23.625,77.0667,,,,,,,,https://en.wikipedia.org/wiki/Narsinghgarh_Wildlife_Sanctuary
Q1544313,Rani Jhansi Marine National Park,National Park,,http://commons.wikimedia.org/wiki/Special:FilePath/Ritchies%20Archipelago%20locale.png,IUCN category II: National Park,,,11.78333333,92.66666667,,,320.06,,,,,https://en.wikipedia.org/wiki/Rani_Jhansi_Marine_National_Park
Q1604804,Hemis National Park,National Park,,http://commons.wikimedia.org/wiki/Special:FilePath/StokKangripiccrop.jpg,IUCN category II: National Park,Leh district,Ladakh,33.983333333,77.433333333,,,4100,,http://commons.wikimedia.org/wiki/Special:FilePath/Hemis%20NP%20banner.jpg,Hemis National Park,,https://en.wikipedia.org/wiki/Hemis_National_Park
Q1648266,Nanda Devi National Park,National Park,Nanda Devi and Valley of Flowers National Parks,http://commons.wikimedia.org/wiki/Special:FilePath/Nanda%20Devi.jpg,IUCN category Ia: Strict Nature Reserve,Chamoli district,Uttarakhand,30.418611111,79.849722222,,World Heritage Site,624.6,,http://commons.wikimedia.org/wiki/Special:FilePath/Nanda%20Devi%20National%20Park.jpg,Nanda Devi National Park,,https://en.wikipedia.org/wiki/Nanda_Devi_National_Park
Q1661434,Anaimalai Tiger Reserve,Tiger Reserve,,http://commons.wikimedia.org/wiki/Special:FilePath/Jambu%20Malai%202.JPG,IUCN category II: National Park,Coimbatore district,Tamil Nadu,10.41694444,77.05666667,Coimbatore,,1479.87,,,Anamalai Tiger Reserve,,https://en.wikipedia.org/wiki/Anamalai_Tiger_Reserve
Q1723746,Kanger Ghati National Park,National Park,,http://commons.wikimedia.org/wiki/Special:FilePath/Kanger%20valley12.JPG,IUCN category II: National Park,,,18.832,82.011,Jagdalpur,Tentative World Heritage Site,200,,,Kanger Ghati National Park,,https://en.wikipedia.org/wiki/Kanger_Valley_National_Park
Q1737898,Keibul Lamjao National Park,National Park,,http://commons.wikimedia.org/wiki/Special:FilePath/Sangai%20at%20the%20Keibullamjao%20National%20Park%2C%20Manipur.jpg,IUCN category II: National Park,Manipur,Manipur,24.4856,93.8402,Moirang,Tentative World Heritage Site,40,,http://commons.wikimedia.org/wiki/Special:FilePath/Keibul%20Lamjao%20Nat%20Park%20banner.jpg,Keibul Lamjao National Park,,https://en.wikipedia.org/wiki/Keibul_Lamjao_National_Park
Q1766106,Kudremukh,,,http://commons.wikimedia.org/wiki/Special:FilePath/Kudremukh%20TheHorseFace.JPG,IUCN category II: National Park,Chikmagalur district,Karnataka,13.129511111,75.268552777,,part of UNESCO World Heritage Site,60032,,http://commons.wikimedia.org/wiki/Special:FilePath/Kudremukh%20National%20Park%20banner.jpg,Kudremukh,,https://en.wikipedia.org/wiki/Kudremukha
Q1785732,Koyna Wildlife Sanctuary,Wildlife Sanctuary,Western Ghats,http://commons.wikimedia.org/wiki/Special:FilePath/Koyna-Dam3.jpg,IUCN category IV: Habitat/Species Management Area,Maharashtra,Maharashtra,17.549,73.753,Kolhapur,part of UNESCO World Heritage Site,42355,,,,,https://en.wikipedia.org/wiki/Koyna_Wildlife_Sanctuary
Q1815612,Namdapha National Park,National Park,,http://commons.wikimedia.org/wiki/Special:FilePath/Namdapha2.jpg,IUCN category II: National Park,Changlang district,Arunachal Pradesh,27.649841,96.110294,"Miao, Changlang",Tentative World Heritage Site,1985,,,Namdapha National Park,,https://en.wikipedia.org/wiki/Namdapha_National_Park
Q1858071,Panna National Park,National Park,,http://commons.wikimedia.org/wiki/Special:FilePath/Panna%20National%20Park%20Map.jpg,IUCN category II: National Park,,,24.73044444,80.01022222,Panna,,,,http://commons.wikimedia.org/wiki/Special:FilePath/Panna%20National%20Park%20Banner.jpg,Panna National Park,,https://en.wikipedia.org/wiki/Panna_National_Park
Q5102342,Chitrangudi Bird Sanctuary,Bird Sanctuary,,,IUCN category IV: Habitat/Species Management Area,Tamil Nadu,Tamil Nadu,9.32277778,78.48666667,,,,,,,,https://en.wikipedia.org/wiki/Chitrangudi_Bird_Sanctuary
Q5118284,Churdhar Sanctuary,Wildlife Sanctuary,,http://commons.wikimedia.org/wiki/Special:FilePath/Churdhar%2C%20Sirmour%20%28Himachal%20Pradesh%29.jpg,IUCN category IV: Habitat/Species Management Area,Himachal Pradesh,Himachal Pradesh,30.8763,77.4013,,,,,,Churdhar,,https://en.wikipedia.org/wiki/Churdhar_Sanctuary
Q5135742,Clouded Leopard National Park,National Park,,,IUCN category II: National Park,Tripura,Tripura,23.66822222,91.32254444,,,,,,,,https://en.wikipedia.org/wiki/Clouded_Leopard_National_Park
Q5142237,Cold Desert,,,,,,,,,,Tentative World Heritage Site,,https://whc.unesco.org/en/tentativelists/6055/,,,,https://en.wikipedia.org/wiki/Cold_Desert_(biosphere_reserve)
Q5170559,Coringa Wildlife Sanctuary,Wildlife Sanctuary,,http://commons.wikimedia.org/wiki/Special:FilePath/Coringa%20Wildlife%20Sanctuary.JPG,IUCN category IV: Habitat/Species Management Area,Andhra Pradesh,Andhra Pradesh,16.83138889,82.33666667,Kakinada,,,,,Coringa Wildlife Sanctuary,,https://en.wikipedia.org/wiki/Coringa_Wildlife_Sanctuary
Q5175367,Cotigao Wildlife Sanctuary,Wildlife Sanctuary,,,,Canacona taluk,Goa,14.976,74.206,,,,,,,,https://en.wikipedia.org/wiki/Cotigao_Wildlife_Sanctuary
Q5215675,Dandeli National Park,National Park,,,,Uttara Kannada District,Karnataka,14.99,74.36,,,,,,,,https://en.wikipedia.org/wiki/Dandeli_National_Park
Q5215676,Dandeli Wildlife Sanctuary,Wildlife Sanctuary,,http://commons.wikimedia.org/wiki/Special:FilePath/Orange%20headed%20thrush%20%28Z.%20c.%20cyanotus%29.jpg,IUCN category IV: Habitat/Species Management Area,Uttara Kannada District,Karnataka,15.50638889,74.39166667,,,,,,Dandeli Wildlife Sanctuary,,https://en.wikipedia.org/wiki/Dandeli_Wildlife_Sanctuary
Q5222092,Daranghati Sanctuary,Wildlife Sanctuary,,,IUCN category IV: Habitat/Species Management Area,Himachal Pradesh,Himachal Pradesh,31.3917,77.803,,,,,,,,https://en.wikipedia.org/wiki/Daranghati_Sanctuary
Q5252276,Dehing Patkai National Park,National Park,,http://commons.wikimedia.org/wiki/Special:FilePath/Dehing%20Patkai.jpg,IUCN category II: National Park,Tinsukia district,Assam,27.331,95.526,,,231,,,Dehing Patkai National Park,,https://en.wikipedia.org/wiki/Dehing_Patkai_National_Park
Q5272213,Dibang Wildlife Sanctuary,Wildlife Sanctuary,,,IUCN category IV: Habitat/Species Management Area,Arunachal Pradesh,Arunachal Pradesh,29.047,95.79,,,,,,,,https://en.wikipedia.org/wiki/Dibang_Wildlife_Sanctuary
Q5276394,Dihang-Dibang Biosphere Reserve,,,,,Upper Siang district,Arunachal Pradesh,27.98333333,94.5,,,5112,,,,,https://en.wikipedia.org/wiki/Dihang-Dibang_Biosphere_Reserve
Q5311756,Dudhwa Tiger Reserve,Tiger Reserve,,http://commons.wikimedia.org/wiki/Special:FilePath/A%20Bengal%20Tiger%27s%20Pugmarks....jpg,IUCN category II: National Park,,,28.508333333,80.68,,,,,,,,https://en.wikipedia.org/wiki/Dudhwa_Tiger_Reserve
Q5405090,Eturnagaram Wildlife Sanctuary,Wildlife Sanctuary,,,IUCN category IV: Habitat/Species Management Area,Andhra Pradesh,Andhra Pradesh,18.341,80.33,Warangal,,,,,,,https://en.wikipedia.org/wiki/Eturnagaram_Wildlife_Sanctuary
Q5517624,Gajner Wildlife Sanctuary,Wildlife Sanctuary,,http://commons.wikimedia.org/wiki/Special:FilePath/Gajner%20Wildlife%20Sanctuary-EW-20131009.jpg,,,,27.952722222,73.056972222,,,,http://www.india-rajasthan-tours.com/rajasthan-wildlife-tours/gajner-wildlife-sanctuary.html,,Gajner Wildlife Sanctuary,,https://en.wikipedia.org/wiki/Gajner_Wildlife_Sanctuary
Q5520164,Gamgul,,,,IUCN category IV: Habitat/Species Management Area,,,32.847,76.068,,,,,,,,https://en.wikipedia.org/wiki/Gamgul_Siyabehi_Wildlife_Sanctuary
Q5520717,Gandhi Sagar Sanctuary,Wildlife Sanctuary,,http://commons.wikimedia.org/wiki/Special:FilePath/Gandhi%20Sagar%20Dam1.JPG,IUCN category IV: Habitat/Species Management Area,Madhya Pradesh,Madhya Pradesh,24.583,75.712,,,,,,,,https://en.wikipedia.org/wiki/Gandhi_Sagar_Sanctuary
Q5521913,Garampani Wildlife Sanctuary,Wildlife Sanctuary,,http://commons.wikimedia.org/wiki/Special:FilePath/Garampani%20hanging%20bridge.JPG,IUCN category IV: Habitat/Species Management Area,Assam,Assam,26.3887,93.8782,Golaghat,,,,,Garampani Wildlife Sanctuary,,https://en.wikipedia.org/wiki/Garampani_Wildlife_Sanctuary
Q5527862,Gautala Autramghat Sanctuary,Wildlife Sanctuary,,,IUCN category IV: Habitat/Species Management Area,Maharashtra,Maharashtra,20.3325,75.140833333,,,,,,,,https://en.wikipedia.org/wiki/Gautala_Autramghat_Sanctuary
Q5555916,Ghatigaon Sanctuary,Wildlife Sanctuary,,http://commons.wikimedia.org/wiki/Special:FilePath/Sonchiriya.jpg,IUCN category IV: Habitat/Species Management Area,Gwalior district,Madhya Pradesh,26.166,77.927,,,511,,,,,https://en.wikipedia.org/wiki/Ghatigaon_Wildlife_Sanctuary
Q5557523,Ghughua Fossil Park,,,,IUCN category II: National Park,Madhya Pradesh,Madhya Pradesh,23.11306,80.614361,,,75,,,Ghughua Fossil Park,,https://en.wikipedia.org/wiki/Ghughua_Fossil_Park
Q5589844,Govind Pashu Vihar National Park and Sanctuary,National Park,,,IUCN category II: National Park,,,31.1,78.29,,,,,,Govind Wildlife Sanctuary and National Park,,https://en.wikipedia.org/wiki/Govind_Pashu_Vihar_National_Park
Q5597433,Grass Hills National Park,National Park,Western Ghats,http://commons.wikimedia.org/wiki/Special:FilePath/Grass%20Hills%20National%20Park.jpg,,,,10.3410227,76.9856427,,part of UNESCO World Heritage Site,3123,,,,,https://en.wikipedia.org/wiki/Grass_Hills_National_Park
Q5599356,Great Indian Bustard Sanctuary,Wildlife Sanctuary,,http://commons.wikimedia.org/wiki/Special:FilePath/Great%20Indian%20Bustard%20in%20newly%20opened%20area.jpg,IUCN category IV: Habitat/Species Management Area,Maharashtra,Maharashtra,18.35,75.19388889,,,,,,Great Indian Bustard Sanctuary,,https://en.wikipedia.org/wiki/Great_Indian_Bustard_Sanctuary
Q5599625,Great Nicobar Biosphere Reserve,,,,,,,7.05,93.775,,,,,,Great Nicobar Biosphere Reserve,,https://en.wikipedia.org/wiki/Great_Nicobar_Biosphere_Reserve
Q5609778,Grizzled Squirrel Wildlife Sanctuary,Wildlife Sanctuary,Western Ghats,http://commons.wikimedia.org/wiki/Special:FilePath/Giant-squirrel.jpg,IUCN category IV: Habitat/Species Management Area,Tamil Nadu,Tamil Nadu,9.575,77.55833333,Madurai,part of UNESCO World Heritage Site,48500,,,Grizzled Squirrel Wildlife Sanctuary,,https://en.wikipedia.org/wiki/Grizzled_Squirrel_Wildlife_Sanctuary
Q5614058,Point Calimere Wildlife and Bird Sanctuary,Bird Sanctuary,,http://commons.wikimedia.org/wiki/Special:FilePath/PCWBStowershadow.JPG,IUCN category IV: Habitat/Species Management Area,Tamil Nadu,Tamil Nadu,10.31,79.86,,Ramsar site,38500,,,Point Calimere Wildlife and Bird Sanctuary,,https://en.wikipedia.org/wiki/Point_Calimere_Wildlife_and_Bird_Sanctuary
Q5614543,Gudavi Bird Sanctuary,Bird Sanctuary,,http://commons.wikimedia.org/wiki/Special:FilePath/GDV1.jpg,IUCN category IV: Habitat/Species Management Area,Shimoga district,Karnataka,14.439722222,75.0125,,,,,,Gudavi Bird Sanctuary,,https://en.wikipedia.org/wiki/Gudavi_Bird_Sanctuary
Q5617576,Gulf of Mannar Marine National Park,National Park,,http://commons.wikimedia.org/wiki/Special:FilePath/Dugong.jpg,IUCN category II: National Park,Tamil Nadu,Tamil Nadu,9.1375,79.4725,,,6.23,,,,415570,https://en.wikipedia.org/wiki/Gulf_of_Mannar_Marine_National_Park
Q5618257,Gumti Wildlife Sanctuary,Wildlife Sanctuary,,,IUCN category IV: Habitat/Species Management Area,Tripura,Tripura,23.664444444,91.311666666,,,,,,,,https://en.wikipedia.org/wiki/Gumti_Wildlife_Sanctuary
Q5642082,Haliday Island Wildlife Sanctuary,Wildlife Sanctuary,,,IUCN category IV: Habitat/Species Management Area,Gosaba community development block,West Bengal,21.66431,88.6312,,,,,,,,https://en.wikipedia.org/wiki/Haliday_Island_Wildlife_Sanctuary
Q5657472,Harike Wetland,,,http://commons.wikimedia.org/wiki/Special:FilePath/Harike.jpg,,Firozpur district; Tarn Taran district,Punjab,31.15,74.966666666,,Ramsar site,4100,,,Harike Wetland,,https://en.wikipedia.org/wiki/Harike_Wetland
Q5680205,Hastinapur Sanctuary,Wildlife Sanctuary,,http://commons.wikimedia.org/wiki/Special:FilePath/Migratory%20Birds%20At%20Hastinapur.jpg,IUCN category IV: Habitat/Species Management Area,Uttar Pradesh,Uttar Pradesh,29.166666666,78.1,,,,,,,,https://en.wikipedia.org/wiki/Hastinapur_Wildlife_Sanctuary
Q6165901,Jawahar Deer Park,,,,,Telangana,Telangana,,,,,,,,,,https://en.wikipedia.org/wiki/Jawahar_Deer_Park
Q6167510,Jayamangali Blackbuck Reserve,,,http://commons.wikimedia.org/wiki/Special:FilePath/225A7309.jpg,,Tumkur district,Karnataka,13.73888889,77.32222222,,,3.23,,,Jayamangali Blackbuck Reserve,,https://en.wikipedia.org/wiki/Jayamangali_Blackbuck_Reserve
Q6187899,Jessore Sloth Bear Sanctuary,Wildlife Sanctuary,,http://commons.wikimedia.org/wiki/Special:FilePath/Sloth%20bear%201.jpg,IUCN category IV: Habitat/Species Management Area,Gujarat,Gujarat,24.2,72.3,Palanpur,,,,,,,https://en.wikipedia.org/wiki/Jessore_Sloth_Bear_Sanctuary
Q6277572,Jore Pokhri Wildlife Sanctuary,Wildlife Sanctuary,,,IUCN category IV: Habitat/Species Management Area,Darjeeling district,West Bengal,26.99118,88.1573,,,,,,,,https://en.wikipedia.org/wiki/Jore_Pokhri_Wildlife_Sanctuary
Q6344663,Kachhua Sanctuary,Wildlife Sanctuary,,,IUCN category IV: Habitat/Species Management Area,Uttar Pradesh,Uttar Pradesh,25.28,83.016,,,,,,,,https://en.wikipedia.org/wiki/Kachhua_Sanctuary
Q6351618,Kalatop Khajjiar Sanctuary,Wildlife Sanctuary,,http://commons.wikimedia.org/wiki/Special:FilePath/Kalatop%20Wildlife%20Sanctuary.JPG,IUCN category IV: Habitat/Species Management Area,Himachal Pradesh,Himachal Pradesh,32.55,76.01,,,,,,Kalatop Khajjiar Sanctuary,,https://en.wikipedia.org/wiki/Kalatop_Khajjiar_Sanctuary
Q7635241,Suhelva Sanctuary,Wildlife Sanctuary,,,IUCN category IV: Habitat/Species Management Area,Uttar Pradesh,Uttar Pradesh,27.855,82.101,,,,,,,,https://en.wikipedia.org/wiki/Suhelva_Sanctuary
Q7678698,Tal Chhapar Sanctuary,Wildlife Sanctuary,,http://commons.wikimedia.org/wiki/Special:FilePath/Aquila%20rapax.jpg,IUCN category IV: Habitat/Species Management Area,Churu district,Rajasthan,27.7981,74.4349,Chhapar,,,,,Tal Chhapar Wildlife Sanctuary,,https://en.wikipedia.org/wiki/Tal_Chhapar_Sanctuary
Q1207543,Indian Wild Ass Sanctuary,Wildlife Sanctuary,,http://commons.wikimedia.org/wiki/Special:FilePath/Wild%20ass%20india.jpg,IUCN category IV: Habitat/Species Management Area,Kutch district,Gujarat,23.35,71.63333333,Ahmedabad,Tentative World Heritage Site,4953.71,http://www.gujarattourism.com/destination/details/12/80,,Indian Wild Ass Sanctuary,,https://en.wikipedia.org/wiki/Indian_Wild_Ass_Sanctuary
Q1209353,Dibru-Saikhowa National Park,National Park,,http://commons.wikimedia.org/wiki/Special:FilePath/Dibru-Saikhowa%20National%20Park%20%282%29.jpg,IUCN category II: National Park,,,27.649841,95.340294,Tinsukia,,,,,Dibru-Saikhowa National Park,,https://en.wikipedia.org/wiki/Dibru-Saikhowa_National_Park
Q1427976,Indravati National Park,National Park,,http://commons.wikimedia.org/wiki/Special:FilePath/Bubalus%20arnee%20Kaziranga.jpg,,,,19.33333333,81,Jagdalpur,,1258,,,Indravati National Park,,https://en.wikipedia.org/wiki/Indravati_National_Park
Q1466242,Ranthambore National Park,National Park,,http://commons.wikimedia.org/wiki/Special:FilePath/Ranthambore%20Fort%20Jain%20Temple.jpg,IUCN category II: National Park,Sawai Madhopur district,Rajasthan,26.01733,76.50257,Kota,,392,,http://commons.wikimedia.org/wiki/Special:FilePath/Ranthambore%20banner.jpg,Ranthambore National Park,3494941,https://en.wikipedia.org/wiki/Ranthambore_National_Park
Q1480481,Kanha National Park,National Park,,http://commons.wikimedia.org/wiki/Special:FilePath/Axis%20axis%20Kanha%201.jpg,IUCN category II: National Park,Madhya Pradesh,Madhya Pradesh,22.2275,80.645,Mandla,,940,,http://commons.wikimedia.org/wiki/Special:FilePath/Kanha%20National%20Park%20banner.jpg,Kanha National Park,15588876,https://en.wikipedia.org/wiki/Kanha_Tiger_Reserve
Q1520200,Nagarhole National Park,National Park,,http://commons.wikimedia.org/wiki/Special:FilePath/Matriarch%20%2850856298527%29.jpg,IUCN category II: National Park,Kodagu district,Karnataka,12.06,76.151111111,Mysore,,643.4,,http://commons.wikimedia.org/wiki/Special:FilePath/Nagarhole%20National%20Park%20Wikivoyage%20banner.jpg,Nagarhole National Park,,https://en.wikipedia.org/wiki/Nagarhole_National_Park
Q1544213,Great Himalayan National Park,National Park,,http://commons.wikimedia.org/wiki/Special:FilePath/Great%20Himalayan%20National%20Park%2C%20Kullu%2C%20Himachal.jpg,IUCN category II: National Park,Himachal Pradesh,Himachal Pradesh,31.804288,77.951021,Kullu,World Heritage Site,90540,http://greathimalayannationalpark.com/,http://commons.wikimedia.org/wiki/Special:FilePath/Great%20Himalayan%20National%20Park%20banner.jpg,Great Himalayan National Park,8815513,https://en.wikipedia.org/wiki/Great_Himalayan_National_Park
Q7289748,Ramnabagan Wildlife Sanctuary,Wildlife Sanctuary,,http://commons.wikimedia.org/wiki/Special:FilePath/Ramnabagan%20Wild%20life%20Sancturay%20or%20Burdwan%20Zoological%20park%20WLB%20DSC%202383.jpg,IUCN category IV: Habitat/Species Management Area,Bardhaman,West Bengal,23.253,87.851,,,,,,Ramnabagan Wildlife Sanctuary,,https://en.wikipedia.org/wiki/Ramnabagan_Wildlife_Sanctuary
Q7293023,Ranibennur Blackbuck Sanctuary,Wildlife Sanctuary,,http://commons.wikimedia.org/wiki/Special:FilePath/Blackbucks%20ranebennur.jpg,IUCN category IV: Habitat/Species Management Area,Karnataka,Karnataka,14.63333333,75.7,,,,,,,,https://en.wikipedia.org/wiki/Ranibennur_Blackbuck_Sanctuary
Q7293072,Ranipur  Wildlife Sanctuary,Wildlife Sanctuary,,,IUCN category IV: Habitat/Species Management Area,Uttar Pradesh,Uttar Pradesh,24.968,81.064,,,,,,,,https://en.wikipedia.org/wiki/Ranipur_Wildlife_Sanctuary
Q7295480,Ratapani Tiger Reserve,Tiger Reserve,,http://commons.wikimedia.org/wiki/Special:FilePath/Ratapani%20wildlife%20sanctuary%20road%20sign%20board%20%281%29.jpg,IUCN category IV: Habitat/Species Management Area,Madhya Pradesh,Madhya Pradesh,22.918,77.722,,,,,,Ratapani Tiger Reserve,,https://en.wikipedia.org/wiki/Ratapani_Tiger_Reserve
Q7313588,Renuka Sanctuary,Wildlife Sanctuary,,,IUCN category IV: Habitat/Species Management Area,Himachal Pradesh,Himachal Pradesh,30.61,77.458,,,,,,,,https://en.wikipedia.org/wiki/Renuka_Sanctuary
Q7346022,Tawa Reservoir,,,,,Madhya Pradesh,Madhya Pradesh,22.562222222,77.977222222,,,20050,,,,,https://en.wikipedia.org/wiki/Tawa_Reservoir
Q7371766,Rowa Wildlife Sanctuary,Wildlife Sanctuary,,,IUCN category IV: Habitat/Species Management Area,North Tripura District,Tripura,24.29,92.17,,,,,,,,https://en.wikipedia.org/wiki/Rowa_Wildlife_Sanctuary
Q7399055,Sagareshwar Wildlife Sanctuary,Wildlife Sanctuary,,,IUCN category IV: Habitat/Species Management Area,Maharashtra,Maharashtra,17.153213,74.37673,,,,,,,,https://en.wikipedia.org/wiki/Yashwantrao_Chavan_Sagareshwar_Wildlife_Sanctuary
Q7402708,Sajnekhali Wildlife Sanctuary,Wildlife Sanctuary,,http://commons.wikimedia.org/wiki/Special:FilePath/Sajnekhali%20wildlife%20Sanctuary%20in%20Sundarban%2002.jpg,IUCN category IV: Habitat/Species Management Area,Gosaba community development block,West Bengal,21.721,88.9,,,362.4,,,Sajnekhali Wildlife Sanctuary,,https://en.wikipedia.org/wiki/Sajnekhali_Wildlife_Sanctuary
Q7408557,Saman Bird Sanctuary,Bird Sanctuary,,,IUCN category IV: Habitat/Species Management Area,Mainpuri district,Uttar Pradesh,27,79.166666666,,,,,,,,https://en.wikipedia.org/wiki/Saman_Bird_Sanctuary
Q7408881,Samaspur Sanctuary,Wildlife Sanctuary,,,IUCN category IV: Habitat/Species Management Area,Uttar Pradesh,Uttar Pradesh,25.995833333,81.391666666,,,,,,,,https://en.wikipedia.org/wiki/Samaspur_Bird_Sanctuary
Q7416307,Sandi Bird Sanctuary,Bird Sanctuary,,,IUCN category IV: Habitat/Species Management Area,Uttar Pradesh,Uttar Pradesh,27.25,79.916669444,Hardoi,,,,,,,https://en.wikipedia.org/wiki/Sandi_Bird_Sanctuary
Q7426314,Satkosia Tiger Reserve,Tiger Reserve,,,IUCN category IV: Habitat/Species Management Area,Odisha,Odisha,20.540137,84.831564,,,,http://satkosia.org/,,Satkosia Tiger Reserve,,https://en.wikipedia.org/wiki/Satkosia_Tiger_Reserve
Q7450103,Senchal Wildlife Sanctuary,Wildlife Sanctuary,,http://commons.wikimedia.org/wiki/Special:FilePath/Senchal%20WLS.jpg,,Darjeeling district,West Bengal,26.9938,88.2652,,,,,,,,https://en.wikipedia.org/wiki/Senchal_Wildlife_Sanctuary
Q7461463,Shahayadri Tiger reserve,Tiger Reserve,,,,Maharashtra,Maharashtra,17.486,73.809,,,1166,,,,,https://en.wikipedia.org/wiki/Sahyadri_Tiger_Reserve
Q7461605,Shahgarh Landscape,,,,,,,,,,,,,,,,https://en.wikipedia.org/wiki/Shahgarh_Landscape
Q7494223,Shendurney Wildlife Sanctuary,Wildlife Sanctuary,Western Ghats,http://commons.wikimedia.org/wiki/Special:FilePath/VB%20054%20Hump-Nosed%20Viper%2001.jpg,IUCN category IV: Habitat/Species Management Area,Kerala,Kerala,8.812,77.15,Kollam,part of UNESCO World Heritage Site,17100,https://shendurney.com/,,Shendurney Wildlife Sanctuary,,https://en.wikipedia.org/wiki/Shendurney_Wildlife_Sanctuary
Q7497442,Shingba Rhododendron Sanctuary,Wildlife Sanctuary,,,IUCN category IV: Habitat/Species Management Area,Mangan district,Sikkim,27.84111111,88.73916667,Lachung,,43,,,,,https://en.wikipedia.org/wiki/Shingba_Rhododendron_Sanctuary
Q7499351,Shivaram Wildlife Sanctuary,Wildlife Sanctuary,,,IUCN category IV: Habitat/Species Management Area,Telangana,Telangana,18.705,79.697,,,,,,,,https://en.wikipedia.org/wiki/Shivaram_Wildlife_Sanctuary
Q7500463,Shoolpaneshwar Wildlife Sanctuary,Wildlife Sanctuary,,,,Gujarat,Gujarat,21.7606223,73.7948516,,,,,,Shoolpaneshwar Wildlife Sanctuary,,https://en.wikipedia.org/wiki/Shoolpaneshwar_Wildlife_Sanctuary
Q7525566,Sepahijala Wildlife Sanctuary,Wildlife Sanctuary,,,IUCN category IV: Habitat/Species Management Area,Sepahijala district,Tripura,23.664444444,91.311666666,,,18.533,,,Sepahijala Wildlife Sanctuary,,https://en.wikipedia.org/wiki/Sepahijala_Wildlife_Sanctuary
Q7531584,Sita Mata Wildlife Sanctuary,Wildlife Sanctuary,,http://commons.wikimedia.org/wiki/Special:FilePath/A%20View%20of%20Sita%20Mata%20sanctuary%2C%20Pratapgarh%2C%20Rajasthan%2C%20India.jpg,IUCN category IV: Habitat/Species Management Area,Rajasthan,Rajasthan,24.0667,74.4167,Pratapgarh,,,http://www.rajasthanwildlife.com/wild-life/SitaMataWildlifeSanctuary.htm,,Sita Mata Wildlife Sanctuary,,https://en.wikipedia.org/wiki/Sita_Mata_Wildlife_Sanctuary
Q7554593,Sohagi Barwa Wildlife Sanctuary,Wildlife Sanctuary,,,IUCN category IV: Habitat/Species Management Area,Maharajganj district,Uttar Pradesh,27.31,83.56,,,,,,,,https://en.wikipedia.org/wiki/Sohagi_Barwa_Wildlife_Sanctuary
Q7559997,Someshwara Wildlife Sanctuary,Wildlife Sanctuary,Western Ghats,,IUCN category IV: Habitat/Species Management Area,,,13.48333333,74.83333333,,part of UNESCO World Heritage Site,8840,,,Someshwara Wildlife Sanctuary,,https://en.wikipedia.org/wiki/Someshwara_Wildlife_Sanctuary
Q14621125,protected area of Assam,,,,,Assam,Assam,,,,,,,,,,https://en.wikipedia.org/wiki/List_of_protected_areas_of_Assam
Q14623369,Bherjan-Borajan-Padumoni Wildlife Sanctuary,Wildlife Sanctuary,,,IUCN category IV: Habitat/Species Management Area,Assam,Assam,27.53,95.37,Tinsukia,,,,,,,https://en.wikipedia.org/wiki/Bherjan-Borajan-Padumoni_Wildlife_Sanctuary
Q14623377,Pani Dihing Wildlife Sanctuary,Wildlife Sanctuary,,,IUCN category IV: Habitat/Species Management Area,Sivasagar district,Assam,27.12194444,94.59638889,Sivasagar,,,,,,,https://en.wikipedia.org/wiki/Pani_Dihing_Wildlife_Sanctuary
Q15198953,Bhimbandh Wildlife Sanctuary,Wildlife Sanctuary,,,IUCN category IV: Habitat/Species Management Area,Munger district,Bihar,25.23,86.28,,,681.99,,,Bhimbandh Wildlife Sanctuary,,https://en.wikipedia.org/wiki/Bhimbandh_Wildlife_Sanctuary
Q15203562,Bornadi Wildlife Sanctuary,Wildlife Sanctuary,,,IUCN category IV: Habitat/Species Management Area,Udalguri district,Assam,26.80583333,91.74027778,Tangla,,26.22,,,,,https://en.wikipedia.org/wiki/Bornadi_Wildlife_Sanctuary
Q15232550,Kaimur Wildlife Sanctuary,Wildlife Sanctuary,,,IUCN category IV: Habitat/Species Management Area,Kaimur district,Bihar,25.05,83.5,,,1342,,,,,https://en.wikipedia.org/wiki/Kaimur_Wildlife_Sanctuary
Q15233552,Kanjirankulam Bird Sanctuary,Bird Sanctuary,,,IUCN category IV: Habitat/Species Management Area,Tamil Nadu,Tamil Nadu,9.33333333,78.48333333,,,,,,,,https://en.wikipedia.org/wiki/Kanjirankulam_Bird_Sanctuary
Q15234037,Kas Plateau Reserved Forest,,Western Ghats,,,Maharashtra,Maharashtra,17.7,73.833,,part of UNESCO World Heritage Site,1142,,,,,https://en.wikipedia.org/wiki/Kas_plateau
Q15243705,Mahananda Wildlife Sanctuary,Wildlife Sanctuary,,,IUCN category IV: Habitat/Species Management Area,Darjeeling district,West Bengal,26.87361,88.43889,Siliguri,,,,,Mahananda Wildlife Sanctuary,,https://en.wikipedia.org/wiki/Mahananda_Wildlife_Sanctuary
Q15252877,Melagiri,,,http://commons.wikimedia.org/wiki/Special:FilePath/Spider%20Valley%20Aiyur%20Melagiri.jpg,,Krishnagiri district,Tamil Nadu,12.20916667,77.82361111,,,1295,,,,,https://en.wikipedia.org/wiki/Melagiri
Q15266124,Phawngpui National Park,National Park,,,IUCN category II: National Park,Saiha district,Mizoram,22.66666667,93.05,Aizawl,,,,,Blue Mountain National Park,,https://en.wikipedia.org/wiki/Phawngpui_National_Park
Q15276427,Sessa Orchid Sanctuary,Wildlife Sanctuary,,http://commons.wikimedia.org/wiki/Special:FilePath/Coelogyne%20nitida.jpg,IUCN category IV: Habitat/Species Management Area,West Kameng district,Arunachal Pradesh,27.2,92.5,,,100,,,,,https://en.wikipedia.org/wiki/Sessa_Orchid_Sanctuary
Q15650265,Nalbana Bird Sanctuary,Bird Sanctuary,,,IUCN category IV: Habitat/Species Management Area,Odisha,Odisha,19.69416667,85.30666667,,Ramsar site,,,,,,https://en.wikipedia.org/wiki/Nalbana_Bird_Sanctuary
Q15723901,Kuldiha Wildlife Sanctuary,Wildlife Sanctuary,,,IUCN category IV: Habitat/Species Management Area,Balasore district,Odisha,21.333333333,86.5,Balasore,,,http://www.kuldihatourism.com,,,,https://en.wikipedia.org/wiki/Kuldiha_Wildlife_Sanctuary
Q15725165,Lakhari Valley Wildlife Sanctuary,Wildlife Sanctuary,,,IUCN category IV: Habitat/Species Management Area,Ganjam district,Odisha,19.3031,84.3239,,,,,,,,https://en.wikipedia.org/wiki/Lakhari_Valley_Wildlife_Sanctuary
Q15839097,Nanda Devi and Valley of Flowers National Parks,National Park,,http://commons.wikimedia.org/wiki/Special:FilePath/Glimpse%20of%20Nanda%20Devi%20amidst%20the%20clouds%20from%20Valley%20of%20Flowers.jpg,,Uttarakhand,Uttarakhand,30.71667,79.66667,,World Heritage Site,514286,,,Nanda Devi and Valley of Flowers National Parks,,https://en.wikipedia.org/wiki/Nanda_Devi_and_Valley_of_Flowers_National_Parks
Q15982945,Kaimoor Sanctuary,Wildlife Sanctuary,,,IUCN category IV: Habitat/Species Management Area,Uttar Pradesh,Uttar Pradesh,24.685,83.068,,,,,,Kaimoor Wildlife Sanctuary,,https://en.wikipedia.org/wiki/Kaimoor_Wildlife_Sanctuary
Q16058035,Achanakmar-Amarkantak Biosphere Reserve,,,,,Chhattisgarh; Madhya Pradesh,Madhya Pradesh; Chhattisgarh,22.1086,81.7481,,,,,,,,https://en.wikipedia.org/wiki/Achanakmar-Amarkantak_Biosphere_Reserve
Q176792,Silent Valley National Park,National Park,Western Ghats,http://commons.wikimedia.org/wiki/Special:FilePath/Silent%20Valley%20National%20Park%20greenary.jpg,IUCN category II: National Park,,,11.133333333,76.466666666,Palakkad,part of UNESCO World Heritage Site,8952,http://silentvalley.gov.in/,http://commons.wikimedia.org/wiki/Special:FilePath/Silent%20Valley%20National%20Park%20greenary%20%28cropped%29.jpg,Silent Valley National Park,,https://en.wikipedia.org/wiki/Silent_Valley_National_Park
Q181933,Rajaji National Park,National Park,,http://commons.wikimedia.org/wiki/Special:FilePath/Safari%20at%20Rajaji%20National%20Park%20%28Haridwar%29.jpg,IUCN category II: National Park,Uttarakhand,Uttarakhand,30.08333333,78.03333333,Haridwar,,800,,,Rajaji National Park,,https://en.wikipedia.org/wiki/Rajaji_National_Park
Q192764,Kaziranga National Park,National Park,Assam,http://commons.wikimedia.org/wiki/Special:FilePath/Indian%20Rhinoceros%20Rhinoceros%20unicornis%20by%20Dr.%20Raju%20Kasambe%20%285%29.JPG,IUCN category II: National Park,Assam,Assam,26.666666666,93.35,Golaghat,World Heritage Site,42996,http://www.kaziranga100.com/,http://commons.wikimedia.org/wiki/Special:FilePath/Kaziranga%20National%20Park%20banner.jpg,Kaziranga National Park,9483703,https://en.wikipedia.org/wiki/Kaziranga_National_Park
Q3334361,Murlen National Park,National Park,,,IUCN category II: National Park,,,23.61694444,93.3,,,,,,,,https://en.wikipedia.org/wiki/Murlen_National_Park
Q3350362,Jaldapara National Park,National Park,,http://commons.wikimedia.org/wiki/Special:FilePath/Elephant%20safari.jpg,IUCN category II: National Park,,,26.628611,89.3775,Madarihat,,,http://jaldapara.in/,http://commons.wikimedia.org/wiki/Special:FilePath/Jaldapara%20banner%20Rhinoceros.jpg,Jaldapara National Park,,https://en.wikipedia.org/wiki/Jaldapara_National_Park
Q3364416,Mandla Plant Fossils National Park,National Park,,http://commons.wikimedia.org/wiki/Special:FilePath/Fossil2.jpg,IUCN category II: National Park,,,23.11027778,80.61361111,Dindori,,,,,,,https://en.wikipedia.org/wiki/Mandla_Plant_Fossils_National_Park
Q3364450,Gugamal National Park,National Park,,http://commons.wikimedia.org/wiki/Special:FilePath/Forest%20Owlet%20%28Heteroglaux%20blewitti%2C%20Athene%20blewitti%29%20in%20Melghat%20Tiger%20Reserve%20Maharashtra%20%282%29.jpg,IUCN category II: National Park,,,21.40555556,77.14861111,,,,,,,,https://en.wikipedia.org/wiki/Gugamal_National_Park
Q3364465,Middle Button Island National Park,National Park,,,IUCN category II: National Park,,,12.27555556,93.02611111,,,,,,,,https://en.wikipedia.org/wiki/Middle_Button_Island_National_Park
Q3364468,North Button Island National Park,National Park,,http://commons.wikimedia.org/wiki/Special:FilePath/Button%20Islands-North%20Button.png,IUCN category II: National Park,,,12.31722222,93.06805556,,,,,,,,https://en.wikipedia.org/wiki/North_Button_Island_National_Park
Q3364473,Pench Tiger Reserve,Tiger Reserve,,http://commons.wikimedia.org/wiki/Special:FilePath/Spotted%20deer%20grazing%20under%20the%20tree%20in%20afternoon%20sun.jpg,IUCN category II: National Park,Madhya Pradesh,Madhya Pradesh,21.69305556,79.24833333,,,,,,Pench National Park,,https://en.wikipedia.org/wiki/Pench_Tiger_Reserve
Q3364480,Shirui National Park,National Park,,http://commons.wikimedia.org/wiki/Special:FilePath/Siroi%20Lily.jpg,IUCN category II: National Park,Manipur,Manipur,24.23083333,94.23083333,,,,,,Shirui National Park,,https://en.wikipedia.org/wiki/Shirui_National_Park
Q3364527,Mahatma Gandhi Marine National Park,National Park,Andaman Islands,http://commons.wikimedia.org/wiki/Special:FilePath/Jolly%20Boys%20Island%202010.jpg,IUCN category II: National Park,,,11.57055556,92.65694444,,,281.5,,http://commons.wikimedia.org/wiki/Special:FilePath/Mahatma%20Gandhi%20Marine%20National%20Park%20%28cropped%29.jpg,Mahatma Gandhi Marine National Park,,https://en.wikipedia.org/wiki/Mahatma_Gandhi_Marine_National_Park
Q3457187,Dampa Tiger Reserve,Tiger Reserve,,http://commons.wikimedia.org/wiki/Special:FilePath/Dampa%20Tiger%20Reserve%20Forest.jpg,IUCN category IV: Habitat/Species Management Area,,,23.41666667,92.33333333,,,,,,,,https://en.wikipedia.org/wiki/Dampa_Tiger_Reserve
Q235878,Kevladev National Park,National Park,Bharatpur division,http://commons.wikimedia.org/wiki/Special:FilePath/Keoladeo%20Ghana%20National%20Park%2C%20Bharatpur%2C%20Rajasthan%2C%20India.jpg,IUCN category II: National Park,Bharatpur district,Rajasthan,27.166667,77.516667,Bharatpur,Ramsar site; World Heritage Site,2873,,http://commons.wikimedia.org/wiki/Special:FilePath/Keoladeo%20National%20Park.jpg,Keoladeo National Park,15743640,https://en.wikipedia.org/wiki/Keoladeo_National_Park
Q253455,Dudhwa National Park,National Park,,http://commons.wikimedia.org/wiki/Special:FilePath/DeerDudhwa%20Blue.jpg,IUCN category II: National Park,Uttar Pradesh,Uttar Pradesh,28.470872,80.699263,Palia Kalan,,490,,http://commons.wikimedia.org/wiki/Special:FilePath/Dhudhwa%20Park%20Banner.jpg,Dudhwa National Park,,https://en.wikipedia.org/wiki/Dudhwa_National_Park
Q337028,Gir Forest,,,http://commons.wikimedia.org/wiki/Special:FilePath/Gir%20lion-Gir%20forest%2Cjunagadh%2Cgujarat%2Cindia.jpeg,IUCN category II: National Park,Junagadh district,Gujarat,21.13556,70.79667,Junagadh,,259,https://girnationalpark.info/,http://commons.wikimedia.org/wiki/Special:FilePath/Gir%20Forest%20banner%20Asiatic%20Lion.jpg,Gir Forest National Park,,https://en.wikipedia.org/wiki/Gir_National_Park
Q506511,Manas National Park,National Park,,http://commons.wikimedia.org/wiki/Special:FilePath/Capped%20langur%20in%20manas.jpg,IUCN category II: National Park,Assam,Assam,26.716666666,90.933333333,Barpeta Road,World Heritage Site,39100,,http://commons.wikimedia.org/wiki/Special:FilePath/Manas%20National%20Park%20banner.jpg,Manas National Park,,https://en.wikipedia.org/wiki/Manas_National_Park
Q532440,Sundarbans National Park,National Park,Sundarbans,http://commons.wikimedia.org/wiki/Special:FilePath/Sundarban%20Tiger.jpg,IUCN category II: National Park,South 24 Parganas district,West Bengal,21.75,88.75,Canning,World Heritage Site,133010,https://culture.gov.in/sundarbans-national-park,http://commons.wikimedia.org/wiki/Special:FilePath/WV%20banner%20Sundarbans.jpg,Sundarbans National Park,13617703,https://en.wikipedia.org/wiki/Sundarbans_National_Park
Q548153,Periyar National Park,National Park,Western Ghats,http://commons.wikimedia.org/wiki/Special:FilePath/Periyar%20National%20Park%2001.jpg,IUCN category II: National Park,Kerala,Kerala,9.5775,77.18,Kochi,part of UNESCO World Heritage Site,77700,https://www.keralatourism.org/periyar/periyar-tiger-reserve.php,http://commons.wikimedia.org/wiki/Special:FilePath/Periyar%20National%20Park%20banner.JPG,Periyar National Park,,https://en.wikipedia.org/wiki/Periyar_National_Park
Q605897,Valley of Flowers National Park,National Park,Nanda Devi and Valley of Flowers National Parks,http://commons.wikimedia.org/wiki/Special:FilePath/%22Flowers%20Blossom%20at%20Valley%20of%20Flowers%20Chamoli%2C%20India%22%2058.jpg,IUCN category II: National Park,Uttarakhand,Uttarakhand,30.73,79.6175,Rishikesh,World Heritage Site,71.783,https://uttarakhandtourism.gov.in/destination/valley-of-flowers/,http://commons.wikimedia.org/wiki/Special:FilePath/Valley%20of%20Flower%20banner.jpg,Valley of Flowers National Park,,https://en.wikipedia.org/wiki/Valley_of_Flowers_National_Park
Q2125633,Radhanagari Wildlife Sanctuary,Wildlife Sanctuary,Western Ghats,http://commons.wikimedia.org/wiki/Special:FilePath/Radhanagri%20wildlife%20reserve.jpg,IUCN category IV: Habitat/Species Management Area,,,16.384,73.956,Kolhapur,part of UNESCO World Heritage Site,28235,,,Radhanagari Wildlife Sanctuary,,https://en.wikipedia.org/wiki/Radhanagari_Wildlife_Sanctuary
Q2226064,Sathyamangalam Tiger Reserve,Tiger Reserve,,http://commons.wikimedia.org/wiki/Special:FilePath/Elephant%20Gobi.jpg,IUCN category IV: Habitat/Species Management Area,Erode district,Tamil Nadu,11,77,,,1412,,,Sathyamangalam Tiger Reserve,,https://en.wikipedia.org/wiki/Sathyamangalam_Tiger_Reserve
Q2253195,Koothankulam Bird Sanctuary,Bird Sanctuary,,,IUCN category IV: Habitat/Species Management Area,Tamil Nadu,Tamil Nadu,8.58102,77.76123,,,,,,Koothankulam Bird Sanctuary,,https://en.wikipedia.org/wiki/Koonthankulam_Bird_Sanctuary
Q2253205,Vedanthangal Bird Sanctuary,Bird Sanctuary,,http://commons.wikimedia.org/wiki/Special:FilePath/Vedanthangal%20Lake.JPG,IUCN category IV: Habitat/Species Management Area,Tamil Nadu,Tamil Nadu,12.54598,79.8559,,,0.3,,,Vedanthangal Bird Sanctuary,,https://en.wikipedia.org/wiki/Vedanthangal_Bird_Sanctuary
Q2281202,Gangotri National Park,National Park,,http://commons.wikimedia.org/wiki/Special:FilePath/Gomukha%20gangotri.jpg,IUCN category II: National Park,,,31.088194444,79.1455,Uttarkashi,,,,,Gangotri National Park,,https://en.wikipedia.org/wiki/Gangotri_National_Park
Q2340037,Buxa Tiger Reserve,Tiger Reserve,,http://commons.wikimedia.org/wiki/Special:FilePath/MYSTERY%20UNFOLDING.jpg,IUCN category II: National Park,Alipurduar district,West Bengal,26.65,89.58,Alipurduar,,760,,http://commons.wikimedia.org/wiki/Special:FilePath/Buxa%20Tiger%20Reserve%20forest%202014%20%28cropped%29.jpg,Buxa Tiger Reserve,,https://en.wikipedia.org/wiki/Buxa_Tiger_Reserve
Q2372700,Mudumalai National Park,National Park,,http://commons.wikimedia.org/wiki/Special:FilePath/Elephant%20Female%20and%20Calf%20Mudumalai%20Mar21%20DSC01384.jpg,IUCN category II: National Park,Nilgiris district,Tamil Nadu,11.6,76.5,Coimbatore,,321,http://www.forests.tn.nic.in/WildBiodiversity/np_mnp.html,http://commons.wikimedia.org/wiki/Special:FilePath/Mudumalai%20National%20Park%20banner.jpg,Mudumalai National Park,,https://en.wikipedia.org/wiki/Mudumalai_National_Park
Q2373398,Kali Tiger Reserve,Tiger Reserve,,http://commons.wikimedia.org/wiki/Special:FilePath/Anshi%20National%20Park%20drive.jpg,IUCN category II: National Park,Karnataka; Uttara Kannada District,Karnataka,15.01666667,74.38333333,Dandeli,,,,http://commons.wikimedia.org/wiki/Special:FilePath/Anshi%20Park%20Banner.jpg,Kali Tiger Reserve,,https://en.wikipedia.org/wiki/Kali_Tiger_Reserve
Q3174893,Sri Venkateswara National Park,National Park,,http://commons.wikimedia.org/wiki/Special:FilePath/Sri%20Venkateswara%20National%20Park%20Tirumala%20Hills%2001.jpg,IUCN category II: National Park,,,13.7511,79.3378,Tirupati,,,,,Sri Venkateswara National Park,,https://en.wikipedia.org/wiki/Sri_Venkateswara_National_Park
Q3217688,Laokhowa Wildlife Sanctuary,Wildlife Sanctuary,,,IUCN category IV: Habitat/Species Management Area,,Assam,26.50666667,92.71055556,Nagaon,,,,,,,https://en.wikipedia.org/wiki/Laokhowa_Wildlife_Sanctuary
Q3326008,Mount Abu Wildlife Sanctuary,Wildlife Sanctuary,,http://commons.wikimedia.org/wiki/Special:FilePath/Nakki%20Lake%20from%20Mount%20Abu%20Wildlife%20Sanctuary.JPG,IUCN category IV: Habitat/Species Management Area,,,24.55,72.63333333,Aburaj,,,,,,,https://en.wikipedia.org/wiki/Mount_Abu_Wildlife_Sanctuary
Q3330156,Pampadum Shola National Park,National Park,,http://commons.wikimedia.org/wiki/Special:FilePath/Pampadumshola.jpg,IUCN category II: National Park,,,10.14388889,77.26694444,Marayur,,,,,Pampadum Shola National Park,,https://en.wikipedia.org/wiki/Pampadum_Shola_National_Park
Q3333420,Anamudi Shola National Park,National Park,Western Ghats,http://commons.wikimedia.org/wiki/Special:FilePath/Anamudi%20shola%20national%20park.JPG,IUCN category II: National Park,Kerala,Kerala,10.20833333,77.08333333,,part of UNESCO World Heritage Site,1126,https://www.keralatourism.org/ecotourism/destinations/anamudi-shola,,Anamudi Shola National Park,15036911,https://en.wikipedia.org/wiki/Anamudi_Shola_National_Park
Q7678819,Talakaveri Wildlife Sanctuary,Wildlife Sanctuary,Western Ghats,http://commons.wikimedia.org/wiki/Special:FilePath/Panoramic%20view%20of%20Talakaveri%20Wildlife%20Sanctuary.jpg,IUCN category IV: Habitat/Species Management Area,Karnataka,Karnataka,12.33333333,75.5,,part of UNESCO World Heritage Site,10500,,,Talakaveri Wildlife Sanctuary,,https://en.wikipedia.org/wiki/Talakaveri_Wildlife_Sanctuary
Q7681640,Tamor Pingla Wildlife Sanctuary,Wildlife Sanctuary,,,IUCN category IV: Habitat/Species Management Area,Chhattisgarh,Chhattisgarh,23.6,83,,,,,,,,https://en.wikipedia.org/wiki/Tamor_Pingla_Wildlife_Sanctuary
Q7697281,Telineelapuram and Telukunchi Bird Sanctuaries,Bird Sanctuary,,,,Srikakulam district,Andhra Pradesh,,,,,,,,,,https://en.wikipedia.org/wiki/Telineelapuram_and_Telukunchi_Bird_Sanctuaries
Q7701533,Terai Arc Landscape,,,,,,,,,,,,,,,,https://en.wikipedia.org/wiki/Terai_Arc_Landscape
Q7786671,Thol Lake,,,http://commons.wikimedia.org/wiki/Special:FilePath/Thol%20Lake%20-%20Gujarat%2C%20India%20-%20Flickr%20-%20Emmanuel%20Dyan%20%2812%29.jpg,,,,23.140152,72.392701,,,,https://www.gujarattourism.com/central-zone/ahmedabad/thol-lake-sanctuary.html,,Thol Lake,,https://en.wikipedia.org/wiki/Thol_Lake
Q7786672,Thol Wildlife Sanctuary,Wildlife Sanctuary,,,,,,23.14,72.4,,,,,,,,https://en.wikipedia.org/wiki/Thol_Wildlife_Sanctuary
Q7809473,Tiruvidaimarudur Conservation Reserve,,,http://commons.wikimedia.org/wiki/Special:FilePath/Little%20Egret%20%28Egretta%20garzetta%29-%20Breeding%20plumage-%20in%20Hyderabad%2C%20AP%20W%20IMG%207671.jpg,IUCN category V: Protected Landscape/Seascape,,,10.9944,79.4503,,,,,,,,https://en.wikipedia.org/wiki/Tiruvidaimarudur_Conservation_Reserve
Q7844042,Trishna Wildlife Sanctuary,Wildlife Sanctuary,,,IUCN category IV: Habitat/Species Management Area,Tripura,Tripura,23.421666666,91.313055555,,,,,,,,https://en.wikipedia.org/wiki/Trishna_Wildlife_Sanctuary
Q7877004,Udayamarthandapuram Bird Sanctuary,Bird Sanctuary,,,IUCN category IV: Habitat/Species Management Area,Tamil Nadu,Tamil Nadu,10.4505,79.5545,,,,,,,,https://en.wikipedia.org/wiki/Udayamarthandapuram_Bird_Sanctuary
Q7901902,Ushakothi Wildlife Sanctuary,Wildlife Sanctuary,,,,,,21.483333,84.283333,,,,,,,,https://en.wikipedia.org/wiki/Ushakothi_Wildlife_Sanctuary
Q7908370,Vaduvoor Bird Sanctuary,Bird Sanctuary,,http://commons.wikimedia.org/wiki/Special:FilePath/Vaduvoor%20Birds%20Sanctuary%20%2832866136858%29.jpg,IUCN category IV: Habitat/Species Management Area,Tiruvarur district,Tamil Nadu,10.6989,79.3225,,,128.1,,,Vaduvoor Bird Sanctuary,,https://en.wikipedia.org/wiki/Vaduvoor_Bird_Sanctuary
Q7923801,Vettangudi Bird Sanctuary,Bird Sanctuary,,,IUCN category IV: Habitat/Species Management Area,Sivaganga district,Tamil Nadu,10.112,78.51,,,,,,Vettangudi Bird Sanctuary,,https://en.wikipedia.org/wiki/Vettangudi_Bird_Sanctuary
Q7929078,Vijai Sagar Sanctuary,Wildlife Sanctuary,,,IUCN category IV: Habitat/Species Management Area,Uttar Pradesh,Uttar Pradesh,25.298,79.913,,,,,,,,https://en.wikipedia.org/wiki/Vijai_Sagar_Wildlife_Sanctuary
Q39057492,Nilambur Elephant Reserve,,,,,,,11.266666666,76.475,Nilambur,,,,,,,https://en.wikipedia.org/wiki/Nilambur_Elephant_Reserve
Q48724282,Cauvery North Wildlife Sanctuary,Wildlife Sanctuary,,http://commons.wikimedia.org/wiki/Special:FilePath/Cauvery%20North%20Wildlife%20Sanctuary.jpg,IUCN category IV: Habitat/Species Management Area,Tamil Nadu,Tamil Nadu,12.41,77.87,,,,,,,,https://en.wikipedia.org/wiki/Cauvery_North_Wildlife_Sanctuary
Q48725066,Masai Plateau,,,,,,,16.833961111,74.080644444,Kolhapur,,,,,,,https://en.wikipedia.org/wiki/Masai_Plateau
Q48725510,"Adavi, Kerala",,,http://commons.wikimedia.org/wiki/Special:FilePath/Adavi%20Eco%20Tourism.jpg,,,,9.2644,76.9355,Thannithode,,,,,,,"https://en.wikipedia.org/wiki/Adavi,_Kerala"
Q48727189,Malabar Wildlife Sanctuary,Wildlife Sanctuary,,http://commons.wikimedia.org/wiki/Special:FilePath/Malabar%20Tree%20Nymph-Kakkayam.jpg,IUCN category IV: Habitat/Species Management Area,Kerala,Kerala,11.4446,75.6935,Kozhikode,,,,,Malabar Wildlife Sanctuary,,https://en.wikipedia.org/wiki/Malabar_Wildlife_Sanctuary
Q48729855,Parvati Arga Bird Sanctuary,Bird Sanctuary,,,IUCN category IV: Habitat/Species Management Area,Uttar Pradesh,Uttar Pradesh,26.933333333,82.15,,,,,,,,https://en.wikipedia.org/wiki/Parvati_Arga_Bird_Sanctuary
Q48730174,Karikili Bird Sanctuary,Bird Sanctuary,,,IUCN category IV: Habitat/Species Management Area,,,12.5977,79.8429,,,,,,,,https://en.wikipedia.org/wiki/Karikili_Bird_Sanctuary
Q48731965,Veerangana Durgavati Wildlife Sanctuary,Wildlife Sanctuary,,,IUCN category IV: Habitat/Species Management Area,Madhya Pradesh,Madhya Pradesh,23.547,79.7286,,,,,,,,https://en.wikipedia.org/wiki/Veerangana_Durgavati_Wildlife_Sanctuary
Q51137829,Kotgarh Wildlife Sanctuary,Wildlife Sanctuary,,,IUCN category IV: Habitat/Species Management Area,Kandhamal district,Odisha,19.8768,83.7531,Baliguda,,,,,,,https://en.wikipedia.org/wiki/Kotgarh_Wildlife_Sanctuary
Q55074851,Ghodazari Wildlife Sanctuary,Wildlife Sanctuary,,,IUCN category IV: Habitat/Species Management Area,Chandrapur district,Maharashtra,20.5347429,79.6332774,,,,,,Ghodazari Wildlife Sanctuary,,https://en.wikipedia.org/wiki/Ghodazari_Wildlife_Sanctuary
Q55615923,Kheoni Wildlife Sanctuary,Wildlife Sanctuary,,http://commons.wikimedia.org/wiki/Special:FilePath/Kheoni%20Wildlife%20Sanctuary%2C%20Dewas.png,IUCN category IV: Habitat/Species Management Area,Dewas district; Sehore district,Madhya Pradesh,22.8373,76.8765,,,134.778,,,Kheoni Wildlife Sanctuary,,https://en.wikipedia.org/wiki/Kheoni_Wildlife_Sanctuary
Q135404156,Kibber Wildlife Sanctuary,Wildlife Sanctuary,,,IUCN category IV: Habitat/Species Management Area,Himachal Pradesh,Himachal Pradesh,32.2096,78.0765,,,,,,,,https://en.wikipedia.org/wiki/Kibber_Wildlife_Sanctuary
Q135412386,Pualreng Wildlife Sanctuary,Wildlife Sanctuary,,,IUCN category IV: Habitat/Species Management Area,Mizoram,Mizoram,24.136,92.838,,,,,,,,https://en.wikipedia.org/wiki/Pualreng_Wildlife_Sanctuary
Q135419116,Kappatagudda Wildlife Sanctuary,Wildlife Sanctuary,,,IUCN category IV: Habitat/Species Management Area,Karnataka,Karnataka,15.1841,75.7697,,,,,,,,https://en.wikipedia.org/wiki/Kappatagudda_Wildlife_Sanctuary
Q135455927,Adichunchanagiri Peacock Wildlife Sanctuary,Wildlife Sanctuary,,,IUCN category IV: Habitat/Species Management Area,Karnataka,Karnataka,13.0197,76.7496,,,,,,,,https://en.wikipedia.org/wiki/Adichunchanagiri_Peacock_Wildlife_Sanctuary
Q135483626,Panpatha Wildlife Sanctuary,Wildlife Sanctuary,,,IUCN category IV: Habitat/Species Management Area,Umaria district,Madhya Pradesh,23.69944,80.96194,,,,,,,,https://en.wikipedia.org/wiki/Panpatha_Wildlife_Sanctuary
Q135622710,Therthangal Bird Sanctuary,Bird Sanctuary,,,IUCN category IV: Habitat/Species Management Area,Tamil Nadu,Tamil Nadu,9.4575,78.769444444,,,,,,,,https://en.wikipedia.org/wiki/Therthangal_Bird_Sanctuary
Q135622961,Sakkarakottai Bird Sanctuary,Bird Sanctuary,,,IUCN category IV: Habitat/Species Management Area,Tamil Nadu,Tamil Nadu,9.369722222,78.866388888,,,,,,,,https://en.wikipedia.org/wiki/Sakkarakottai_Bird_Sanctuary
Q135650177,Rajauli Wildlife Sanctuary,Wildlife Sanctuary,,,IUCN category IV: Habitat/Species Management Area,Bihar,Bihar,24.616666666,85.556666666,,,,,,,,https://en.wikipedia.org/wiki/Rajauli_Wildlife_Sanctuary
Q135741931,Ramsagar Wildlife Sanctuary,Wildlife Sanctuary,,,IUCN category IV: Habitat/Species Management Area,Rajasthan,Rajasthan,26.5755,77.6003,,,,,,,,https://en.wikipedia.org/wiki/Ramsagar_Wildlife_Sanctuary
Q135798492,Bir Aishvan Wildlife Sanctuary,Wildlife Sanctuary,,,IUCN category IV: Habitat/Species Management Area,Punjab,Punjab,30.242,75.84,,,,,,,,https://en.wikipedia.org/wiki/Bir_Aishvan_Wildlife_Sanctuary
Q135826470,West Sunderban Wildlife Sanctuary,Wildlife Sanctuary,,,IUCN category IV: Habitat/Species Management Area,Kultali community development block,West Bengal,21.65,88.56,,,556.45,,,,678835645,https://en.wikipedia.org/wiki/West_Sunderban_Wildlife_Sanctuary
Q135838331,Chandratal Wildlife Sanctuary,Wildlife Sanctuary,,,IUCN category IV: Habitat/Species Management Area,Lahaul and Spiti district,Himachal Pradesh,32.4752,77.6171,,,,,,,,https://en.wikipedia.org/wiki/Chandratal_Wildlife_Sanctuary
Q135901958,Darrah Wildlife Sanctuary,Wildlife Sanctuary,,,IUCN category IV: Habitat/Species Management Area,Rajasthan,Rajasthan,24.833333333,75.966666666,,,,,,,,https://en.wikipedia.org/wiki/Darrah_Wildlife_Sanctuary
Q135933288,Kesarbagh Wildlife Sanctuary,Wildlife Sanctuary,,,IUCN category IV: Habitat/Species Management Area,Rajasthan,Rajasthan,26.66,77.83,,,14.76,,,,,https://en.wikipedia.org/wiki/Kesarbagh_Wildlife_Sanctuary
Q135963448,Jawahar Sagar Wildlife Sanctuary,Wildlife Sanctuary,,,IUCN category IV: Habitat/Species Management Area,Rajasthan,Rajasthan,25.0097,75.6386,,,,,,,,https://en.wikipedia.org/wiki/Jawahar_Sagar_Wildlife_Sanctuary
Q136289030,Deepar Beel Wildlife Sanctuary,Wildlife Sanctuary,,,IUCN category IV: Habitat/Species Management Area,Assam,Assam,26.12,91.65,,,,,,,,https://en.wikipedia.org/wiki/Deepar_Beel_Wildlife_Sanctuary
Q136289107,Dhauladhar Wildlife Sanctuary,Wildlife Sanctuary,,,IUCN category IV: Habitat/Species Management Area,Kangra district,Himachal Pradesh,32.2852,76.9132,,,,,,,,https://en.wikipedia.org/wiki/Dhauladhar_Wildlife_Sanctuary
Q136289123,Rupi Bhaba Wildlife Sanctuary,Wildlife Sanctuary,,,IUCN category IV: Habitat/Species Management Area,Himachal Pradesh,Himachal Pradesh,31.716666666,77.95,,,,,,,,https://en.wikipedia.org/wiki/Rupi_Bhaba_Wildlife_Sanctuary
Q136707825,Bir Bunerheri Wildlife Sanctuary,Wildlife Sanctuary,,,IUCN category IV: Habitat/Species Management Area,Punjab,Punjab,30.19,76.46,,,,,,,,https://en.wikipedia.org/wiki/Bir_Bunerheri_Wildlife_Sanctuary
Q136955738,Kathlaur Kushlian Wildlife Sanctuary,Wildlife Sanctuary,,,IUCN category IV: Habitat/Species Management Area,Punjab,Punjab,32.255,75.4425,,,,,,,,https://en.wikipedia.org/wiki/Kathlaur_Kushlian_Wildlife_Sanctuary
Q136994418,Sardarpur Wildlife Sanctuary,Wildlife Sanctuary,,,IUCN category IV: Habitat/Species Management Area,Madhya Pradesh,Madhya Pradesh,22.7428,74.9138,,,,,,,,https://en.wikipedia.org/wiki/Sardarpur_Wildlife_Sanctuary
Q136994694,Singhori Wildlife Sanctuary,Wildlife Sanctuary,,,IUCN category IV: Habitat/Species Management Area,Madhya Pradesh,Madhya Pradesh,23.1786,78.1767,,,,,,,,https://en.wikipedia.org/wiki/Singhori_Wildlife_Sanctuary
Q137008662,Kalsubai Harishchandragad Wildlife Sanctuary,Wildlife Sanctuary,,,IUCN category IV: Habitat/Species Management Area,Maharashtra,Maharashtra,19.4514,73.7652,,,,,,,,https://en.wikipedia.org/wiki/Kalsubai_Harishchandragad_Wildlife_Sanctuary
Q137008771,Sechu Tuan Nala Wildlife Sanctuary,Wildlife Sanctuary,,,IUCN category IV: Habitat/Species Management Area,Himachal Pradesh,Himachal Pradesh,33.0266,76.6949,,,,,,,,https://en.wikipedia.org/wiki/Sechu_Tuan_Nala_Wildlife_Sanctuary
Q137027173,Rakchham Chitkul Wildlife Sanctuary,Wildlife Sanctuary,,,IUCN category IV: Habitat/Species Management Area,Himachal Pradesh,Himachal Pradesh,31.3469,78.4083,,,,,,,,https://en.wikipedia.org/wiki/Rakchham_Chitkul_Wildlife_Sanctuary
Q137049264,Thorangtlang Wildlife Sanctuary,Wildlife Sanctuary,,,IUCN category IV: Habitat/Species Management Area,Mizoram,Mizoram,23.3052,92.5441,,,,,,,,https://en.wikipedia.org/wiki/Thorangtlang_Wildlife_Sanctuary
Q137049306,Tawi Wildlife Sanctuary,Wildlife Sanctuary,,,IUCN category IV: Habitat/Species Management Area,Mizoram,Mizoram,23.5376,92.9485,,,,,,,,https://en.wikipedia.org/wiki/Tawi_Wildlife_Sanctuary
Q137144512,Tokalo Wildlife Sanctuary,Wildlife Sanctuary,,,IUCN category IV: Habitat/Species Management Area,Mizoram,Mizoram,22.0374,92.9067,,,,,,,,https://en.wikipedia.org/wiki/Tokalo_Wildlife_Sanctuary
Q137223329,Jiri-Makru Wildlife Sanctuary,Wildlife Sanctuary,,,IUCN category IV: Habitat/Species Management Area,Manipur,Manipur,25.2032,93.4155,,,,,,,,https://en.wikipedia.org/wiki/Jiri-Makru_Wildlife_Sanctuary
Q137223381,Narpuh Wildlife Sanctuary,Wildlife Sanctuary,,,IUCN category IV: Habitat/Species Management Area,Meghalaya,Meghalaya,25.1187,92.4494,,,,,,,,https://en.wikipedia.org/wiki/Narpuh_Wildlife_Sanctuary
Q137223750,Khawnglung Wildlife Sanctuary,Wildlife Sanctuary,,,IUCN category IV: Habitat/Species Management Area,Mizoram,Mizoram,23.1234,92.9468,,,,,,,,https://en.wikipedia.org/wiki/Khawnglung_Wildlife_Sanctuary
Q137224032,Ngengpui Wildlife Sanctuary,Wildlife Sanctuary,,,IUCN category IV: Habitat/Species Management Area,Mizoram,Mizoram,22.4309,92.7748,,,,,,,,https://en.wikipedia.org/wiki/Ngengpui_Wildlife_Sanctuary
Q137252985,Ghataprabha Wildlife Sanctuary,Wildlife Sanctuary,,,IUCN category IV: Habitat/Species Management Area,Karnataka,Karnataka,16.22251,74.73888,,,,,,,,https://en.wikipedia.org/wiki/Ghataprabha_Wildlife_Sanctuary
Q137254449,Baltal Thajwas Wildlife Sanctuary,Wildlife Sanctuary,,,IUCN category IV: Habitat/Species Management Area,Jammu and Kashmir,Jammu and Kashmir,34.229,75.3801,,,,,,,,https://en.wikipedia.org/wiki/Baltal_Thajwas_Wildlife_Sanctuary
Q137591486,Rangapahar Wildlife Sanctuary,Wildlife Sanctuary,,,IUCN category IV: Habitat/Species Management Area,Dimapur,Nagaland,25.85623,93.7194,,,,,,,,https://en.wikipedia.org/wiki/Rangapahar_Wildlife_Sanctuary
Q137596744,Kanhargaon Wildlife Sanctuary,Wildlife Sanctuary,,,,Chandrapur district,Maharashtra,19.68,79.68,,,,,,,,https://en.wikipedia.org/wiki/Kanhargaon_Wildlife_Sanctuary
Q137596748,Wan Wildlife Sanctuary,Wildlife Sanctuary,,,IUCN category IV: Habitat/Species Management Area,Amravati district,Maharashtra,21.2441,76.8509,,,,,,,,https://en.wikipedia.org/wiki/Wan_Wildlife_Sanctuary
Q137670177,Dnyanganga Wildlife Sanctuary,Wildlife Sanctuary,,,IUCN category IV: Habitat/Species Management Area,Maharashtra,Maharashtra,20.5599,76.3688,,,,,,,,https://en.wikipedia.org/wiki/Dnyanganga_Wildlife_Sanctuary
Q137691018,Phen Wildlife Sanctuary,Wildlife Sanctuary,,,IUCN category IV: Habitat/Species Management Area,Madhya Pradesh,Madhya Pradesh,22.3642,81.0284,,,,,,,,https://en.wikipedia.org/wiki/Phen_Wildlife_Sanctuary
Q137699186,Sonanadi Wildlife Sanctuary,Wildlife Sanctuary,,,IUCN category IV: Habitat/Species Management Area,Uttarakhand,Uttarakhand,29.6442,78.6417,,,,,,,,https://en.wikipedia.org/wiki/Sonanadi_Wildlife_Sanctuary
Q137699195,Melkote Temple Wildlife Sanctuary,Wildlife Sanctuary,,,IUCN category IV: Habitat/Species Management Area,Karnataka,Karnataka,12.69964,76.66135,,,,,,,,https://en.wikipedia.org/wiki/Melkote_Temple_Wildlife_Sanctuary
Q137699192,Surha Tal Bird Sanctuary,Bird Sanctuary,,,IUCN category IV: Habitat/Species Management Area,Uttar Pradesh,Uttar Pradesh,25.8429,84.1708,,,,,,,,https://en.wikipedia.org/wiki/Surha_Tal_Bird_Sanctuary
Q137801052,Pranhita Wildlife Sanctuary,Wildlife Sanctuary,,,,Gadchiroli district,Maharashtra,19.8,80.15,,,,,,,,https://en.wikipedia.org/wiki/Pranhita_Wildlife_Sanctuary
Q4527,Western Ghats,,Eastern and Western Ghâts,http://commons.wikimedia.org/wiki/Special:FilePath/Naikolli%20Mala%20near%20Anamudi.jpg,,Goa; Gujarat; Karnataka; Kerala; Maharashtra; Tamil Nadu,Tamil Nadu; Maharashtra; Kerala; Goa; Karnataka; Gujarat,10.169722222,77.061111111,,World Heritage Site,795315,,http://commons.wikimedia.org/wiki/Special:FilePath/Amboli%20banner.jpg,Western Ghats,,https://en.wikipedia.org/wiki/Western_Ghats
Q4783879,Aralam Wildlife Sanctuary,Wildlife Sanctuary,Western Ghats,http://commons.wikimedia.org/wiki/Special:FilePath/%E0%B4%86%E0%B4%B1%E0%B4%B3%E0%B4%82%20%E0%B4%B5%E0%B4%A8%E0%B5%8D%E0%B4%AF%E0%B4%9C%E0%B5%80%E0%B4%B5%E0%B4%BF%20%E0%B4%B8%E0%B4%82%E0%B4%B0%E0%B4%95%E0%B5%8D%E0%B4%B7%E0%B4%A3%E0%B4%95%E0%B5%87%E0%B4%A8%E0%B5%8D%E0%B4%A6%E0%B5%8D%E0%B4%B0%E0%B4%82-%E0%B4%95%E0%B4%B5%E0%B4%BE%E0%B4%9F%E0%B4%82.jpg,IUCN category IV: Habitat/Species Management Area,Kerala,Kerala,11.8788,75.8886,,part of UNESCO World Heritage Site,5500,http://forest.kerala.gov.in/index.php/wildlife/2015-03-16-09-50-24/2015-06-26-09-04-29/aralam-wildlife-sanctuary,,Aralam Wildlife Sanctuary,,https://en.wikipedia.org/wiki/Aralam_Butterfly_Sanctuary
Q4806672,Salim Ali Bird Sanctuary.,Bird Sanctuary,,http://commons.wikimedia.org/wiki/Special:FilePath/Salim%20Ali%20Sanctuary.jpg,,,,15.5146,73.8575,Panaji,,,http://www.goatourism.gov.in/destinations/sanctuaries/162-dr-salim-ali-bird-sanctuary,,Salim Ali Bird Sanctuary,,https://en.wikipedia.org/wiki/Salim_Ali_Bird_Sanctuary
Q4807241,Askot Musk Deer Sanctuary,Wildlife Sanctuary,,http://commons.wikimedia.org/wiki/Special:FilePath/Panchchuli%20Peaks%2C%20near%20Munsiyari%2C%20Uttarakhand.jpg,IUCN category IV: Habitat/Species Management Area,Uttarakhand,Uttarakhand,30.12083333,80.6525,Didihat,,,,,,,https://en.wikipedia.org/wiki/Askot_Musk_Deer_Sanctuary
Q4807575,Asola Bhatti Wildlife Sanctuary,Wildlife Sanctuary,,,IUCN category IV: Habitat/Species Management Area,Delhi,National Capital Territory of Delhi,28.4762,77.23,,,,,,Asola-Bhatti Wildlife Sanctuary,,https://en.wikipedia.org/wiki/Asola_Bhatti_Wildlife_Sanctuary
Q4818551,Attiveri Bird Sanctuary,Bird Sanctuary,,http://commons.wikimedia.org/wiki/Special:FilePath/Attiveri%20Bird%20sanctuary%201.jpg,IUCN category IV: Habitat/Species Management Area,Uttara Kannada District,Karnataka,15.07888889,75.04138889,,,,,,Attiveri Bird Sanctuary,,https://en.wikipedia.org/wiki/Attiveri_Bird_Sanctuary
Q6356835,Kameng Elephant Reserve,,,,IUCN category IV: Habitat/Species Management Area,East Kameng district,Arunachal Pradesh,27.08333333,92.43333333,,,1894,,,,,https://en.wikipedia.org/wiki/Kameng_Elephant_Reserve
Q6365748,Kanwar Lake Bird Sanctuary,Bird Sanctuary,,,IUCN category IV: Habitat/Species Management Area,Bihar,Bihar,25.61,86.14,Begusarai,Ramsar site,,,,,,https://en.wikipedia.org/wiki/Kanwar_Lake_Bird_Sanctuary
Q6368141,Karakoram Wildlife Sanctuary,Wildlife Sanctuary,,,IUCN category IV: Habitat/Species Management Area,Jammu and Kashmir,Jammu and Kashmir,34.716666666,77.433333333,,,,,,,,https://en.wikipedia.org/wiki/Karakoram_Wildlife_Sanctuary
Q6372473,Karlapat Wildlife Sanctuary,Wildlife Sanctuary,,,IUCN category IV: Habitat/Species Management Area,Kalahandi district,Odisha,19.686735,83.062584,,,,,,Karlapat Wildlife Sanctuary,,https://en.wikipedia.org/wiki/Karlapat_Wildlife_Sanctuary
Q6372818,Karnala Bird Sanctuary,Bird Sanctuary,,http://commons.wikimedia.org/wiki/Special:FilePath/Karnala%20006.jpg,IUCN category IV: Habitat/Species Management Area,Raigad district,Maharashtra,18.90861111,73.1025,Matheran,,,,http://commons.wikimedia.org/wiki/Special:FilePath/Karnala%20Bird%20Sanctuary%20entrance%20%28318339013%29%20%28cropped%29.jpg,Karnala Bird Sanctuary,,https://en.wikipedia.org/wiki/Karnala_Bird_Sanctuary
Q6375178,Katarniaghat Wildlife Sanctuary,Wildlife Sanctuary,,http://commons.wikimedia.org/wiki/Special:FilePath/Katarniaghat.jpg,IUCN category IV: Habitat/Species Management Area,Bahraich district,Uttar Pradesh,28.1344,81.2518,,,400.09,,,Katarniaghat Wildlife Sanctuary,,https://en.wikipedia.org/wiki/Katarniaghat_Wildlife_Sanctuary
Q6379588,Kawal Wildlife Sanctuary,Wildlife Sanctuary,,,IUCN category IV: Habitat/Species Management Area,Jannaram mandal,Telangana,19.1188949,78.9989734,,,2015.44,,,Kawal Wildlife Sanctuary,,https://en.wikipedia.org/wiki/Kawal_Wildlife_Sanctuary
Q6382549,Kedarnath Wildlife Sanctuary,Wildlife Sanctuary,,http://commons.wikimedia.org/wiki/Special:FilePath/Kedarnath%20Wildlife%20Sanctuary%20JEG1698.jpg,IUCN category IV: Habitat/Species Management Area,Chamoli district,Uttarakhand,30.75,79.6,,,975,,,Kedarnath Musk Deer Sanctuary,,https://en.wikipedia.org/wiki/Kedarnath_Wildlife_Sanctuary
Q6414074,Kinnerasani Wildlife Sanctuary,Wildlife Sanctuary,,http://commons.wikimedia.org/wiki/Special:FilePath/View%20from%20a%20dam%20in%20Kinnarsani%20WS%2C%20AP%20W%20IMG%205776.jpg,IUCN category IV: Habitat/Species Management Area,,,17.775,80.559,Bhadrachalam,,,,,Kinnerasani Wildlife Sanctuary,,https://en.wikipedia.org/wiki/Kinnerasani_Wildlife_Sanctuary
Q6416552,Kishanpur Wildlife Sanctuary,Wildlife Sanctuary,,,IUCN category IV: Habitat/Species Management Area,Uttar Pradesh,Uttar Pradesh,28.4002,80.367,,,,,,,,https://en.wikipedia.org/wiki/Kishanpur_Wildlife_Sanctuary
Q6434637,Koundinya Wildlife Sanctuary,Wildlife Sanctuary,,http://commons.wikimedia.org/wiki/Special:FilePath/Andhra%20Pradesh%20-%20Landscapes%20from%20Andhra%20Pradesh%2C%20views%20from%20Indias%20South%20Central%20Railway%20%2877%29.JPG,IUCN category IV: Habitat/Species Management Area,,,13.025,78.645,Chittorgarh,,,,,Koundinya Wildlife Sanctuary,,https://en.wikipedia.org/wiki/Koundinya_Wildlife_Sanctuary
Q6437498,Krishna Wildlife Sanctuary,Wildlife Sanctuary,,http://commons.wikimedia.org/wiki/Special:FilePath/Mangroves%20W%20IMG%206896.jpg,IUCN category IV: Habitat/Species Management Area,,,15.7,80.7,Machilipatnam,,,,,Krishna Wildlife Sanctuary,,https://en.wikipedia.org/wiki/Krishna_Wildlife_Sanctuary
Q6443537,Kumarakom Bird Sanctuary,Bird Sanctuary,,http://commons.wikimedia.org/wiki/Special:FilePath/Kerala%20Kumarakom%20Bird%20Sanctuary.jpg,,Kottayam district,Kerala,9.5,76.52,,,,,,Kumarakom Bird Sanctuary,,https://en.wikipedia.org/wiki/Kumarakom_Bird_Sanctuary
Q6443733,Kumbhalgarh Wildlife Sanctuary,Wildlife Sanctuary,,,IUCN category IV: Habitat/Species Management Area,Rajasthan,Rajasthan,25.133888888,73.563055555,Udaipur,,,,,,,https://en.wikipedia.org/wiki/Kumbhalgarh_Wildlife_Sanctuary
Q6446058,Kurinjimala Sanctuary,Wildlife Sanctuary,,,IUCN category IV: Habitat/Species Management Area,Kerala,Kerala,10.23,77.27,,,,,,,,https://en.wikipedia.org/wiki/Kurinjimala_Sanctuary
Q6452052,Kyongnosla Alpine Sanctuary,Wildlife Sanctuary,,,IUCN category IV: Habitat/Species Management Area,East Sikkim district,Sikkim,27.377,88.741,Gangtok,,31,,,,,https://en.wikipedia.org/wiki/Kyongnosla_Alpine_Sanctuary
Q6479478,Lakh Bahosi Sanctuary,Wildlife Sanctuary,,,IUCN category IV: Habitat/Species Management Area,Uttar Pradesh,Uttar Pradesh,26.911,79.641,,,,,,,,https://en.wikipedia.org/wiki/Lakh_Bahosi_Sanctuary
Q6684762,Lothian Island Wildlife Sanctuary,Wildlife Sanctuary,,,IUCN category IV: Habitat/Species Management Area,Namkhana community development block,West Bengal,21.65784,88.32559,,,,,,,,https://en.wikipedia.org/wiki/Lothian_Island_Wildlife_Sanctuary
Q6729590,Magadi Bird Sanctuary,Bird Sanctuary,,,,Gadag district,Karnataka,15.216647222,75.511952777,,,,,,Magadi Bird Sanctuary,,https://en.wikipedia.org/wiki/Magadi_Bird_Sanctuary
Q6733577,Mahavir Swami Sanctuary,Wildlife Sanctuary,,,IUCN category IV: Habitat/Species Management Area,Uttar Pradesh,Uttar Pradesh,24.52,78.25,,,,,,,,https://en.wikipedia.org/wiki/Mahavir_Swami_Wildlife_Sanctuary
Q6738481,Majthal Sanctuary,Wildlife Sanctuary,,,IUCN category IV: Habitat/Species Management Area,Himachal Pradesh,Himachal Pradesh,31.3092,76.9587,,,,,,,,https://en.wikipedia.org/wiki/Majthal_Sanctuary
Q6746838,Manali Sanctuary,Wildlife Sanctuary,,,IUCN category IV: Habitat/Species Management Area,Himachal Pradesh,Himachal Pradesh,32.247,77.19,,,,,,,,https://en.wikipedia.org/wiki/Manali_Sanctuary
Q6748692,Mangalavanam Bird Sanctuary,Bird Sanctuary,,http://commons.wikimedia.org/wiki/Special:FilePath/Mangalavanam.JPG,IUCN category IV: Habitat/Species Management Area,Kerala,Kerala,9.9888614,76.272827671,Ernakulam,,,,,Mangalavanam Bird Sanctuary,,https://en.wikipedia.org/wiki/Mangalavanam_Bird_Sanctuary
Q6750402,Manjira Wildlife Sanctuary,Wildlife Sanctuary,,http://commons.wikimedia.org/wiki/Special:FilePath/Migratory%20Birds%20Manjira%20Wildlife%20Sanctuary.JPG,IUCN category IV: Habitat/Species Management Area,Andhra Pradesh,Andhra Pradesh,17.6933,78.00639,,,,,,Manjira Wildlife Sanctuary,,https://en.wikipedia.org/wiki/Manjira_Wildlife_Sanctuary
Q6772512,Thattekad Bird Sanctuary,Bird Sanctuary,,http://commons.wikimedia.org/wiki/Special:FilePath/Ocyceros%20griseus%20-India-8a.jpg,IUCN category IV: Habitat/Species Management Area,Kerala,Kerala,10.57,76.71,Kochi,,,http://www.forest.kerala.gov.in/index.php/ernakulam/thattekkad-bird-sanctuary,,Thattekkad Bird Sanctuary,,https://en.wikipedia.org/wiki/Thattekad_Bird_Sanctuary
Q6796837,Mayani Bird Sanctuary,Bird Sanctuary,,,,,,17.41666667,74.5,,,,,,,,https://en.wikipedia.org/wiki/Mayani_Bird_Sanctuary
Q6806784,Chimmini Wildlife Sanctuary,Wildlife Sanctuary,,,IUCN category IV: Habitat/Species Management Area,Kerala,Kerala,10.438816,76.463417,Thrissur,,,,http://commons.wikimedia.org/wiki/Special:FilePath/Chimmony%20banner.jpg,Chimmini Wildlife Sanctuary,,https://en.wikipedia.org/wiki/Chimmini_Wildlife_Sanctuary
Q6807544,Neyyar Wildlife Sanctuary,Wildlife Sanctuary,Western Ghats,,IUCN category IV: Habitat/Species Management Area,Kerala,Kerala,8.4,77.16,Thiruvananthapuram,part of UNESCO World Heritage Site,128000,http://www.forest.kerala.gov.in/index.php/wildlife/2015-03-16-09-50-24/2015-06-26-09-04-29/neyyar-wildlife-sanctuary,,Neyyar Wildlife Sanctuary,,https://en.wikipedia.org/wiki/Neyyar_Wildlife_Sanctuary
Q648548,Guindy National Park,National Park,,http://commons.wikimedia.org/wiki/Special:FilePath/Guindy%20national%20park.jpg,IUCN category II: National Park,,,13.00259,80.23079,Chennai,,2.8,,,Guindy National Park,,https://en.wikipedia.org/wiki/Guindy_National_Park
Q648907,Sanjay Gandhi National Park,National Park,,http://commons.wikimedia.org/wiki/Special:FilePath/Sanjay%20Gandhi%20National%20Park.JPG,IUCN category II: National Park,Mumbai,Maharashtra,19.25,72.9167,Mumbai,,104,https://sgnp.maharashtra.gov.in/,,Sanjay Gandhi National Park,,https://en.wikipedia.org/wiki/Sanjay_Gandhi_National_Park
Q665110,Bandipur National Park,National Park,,http://commons.wikimedia.org/wiki/Special:FilePath/Large%20Chital%20herd%20at%20Bandipur%20National%20Park.jpg,IUCN category II: National Park,Chamarajanagar district,Karnataka,11.664444,76.627222,Chamarajanagar,,872.24,,http://commons.wikimedia.org/wiki/Special:FilePath/Bandipur%20National%20Park%20WV%20banner.jpg,Bandipur National Park,,https://en.wikipedia.org/wiki/Bandipur_National_Park
Q727091,Kishtwar National Park,National Park,,,IUCN category II: National Park,Jammu and Kashmir,Jammu and Kashmir,33.60111111,75.99277778,,,,,,Kishtwar National Park,,https://en.wikipedia.org/wiki/Kishtwar_National_Park
Q733659,Satpura National Park,National Park,,http://commons.wikimedia.org/wiki/Special:FilePath/Satpura1.jpg,IUCN category II: National Park,Narmadapuram district,Madhya Pradesh,22.495,78.231,Pipariya,,,,http://commons.wikimedia.org/wiki/Special:FilePath/Satpura%20National%20Park%20banner.jpg,Satpura National Park,,https://en.wikipedia.org/wiki/Satpura_Tiger_Reserve
Q763034,Nawegaon National Park,National Park,,http://commons.wikimedia.org/wiki/Special:FilePath/Sarus%20Crane%20flexing%20its%20wings.jpg,IUCN category II: National Park,Gondia district,Maharashtra,20.93333333,80.16666667,Arjuni Morgaon,,133.88,,,Nawegaon National Park,,https://en.wikipedia.org/wiki/Navegaon_National_Park
Q770855,South Button Island National Park,National Park,,http://commons.wikimedia.org/wiki/Special:FilePath/Button%20Islands-South%20Button.png,IUCN category II: National Park,Andaman and Nicobar Islands,Andaman and Nicobar Islands,12.22388889,93.02027778,,,0.03,,,,,https://en.wikipedia.org/wiki/South_Button_Island_National_Park
Q775202,Saddle Peak National Park,National Park,,http://commons.wikimedia.org/wiki/Special:FilePath/Nth%20Andaman%20locale.png,IUCN category II: National Park,North and Middle Andaman district,Andaman and Nicobar Islands,13.15861111,93.00555556,,,32.54,,,,9282556,https://en.wikipedia.org/wiki/Saddle_Peak_National_Park
Q806310,Bandhavgarh National Park,National Park,,http://commons.wikimedia.org/wiki/Special:FilePath/Tigress%20in%20Bandhavgarh%20NP.jpg,IUCN category II: National Park,Umaria district,Madhya Pradesh,23.69944444,80.96194444,Umaria,,448,http://mpforest.org/bandhavgarh.html,http://commons.wikimedia.org/wiki/Special:FilePath/Bandhavgarh.jpg,Bandhavgarh National Park,15694340,https://en.wikipedia.org/wiki/Bandhavgarh_National_Park
Q854971,Bhimashankar Wildlife Sanctuary,Wildlife Sanctuary,,,IUCN category IV: Habitat/Species Management Area,Maharashtra,Maharashtra,19.132,73.554,Pune,,131,,,Bhimashankar Wildlife Sanctuary,,https://en.wikipedia.org/wiki/Bhimashankar_Wildlife_Sanctuary
Q880724,Blackbuck National Park,National Park,,http://commons.wikimedia.org/wiki/Special:FilePath/Antilope%20cervicapra%20from%20velavadar.JPG,IUCN category II: National Park,Bhavnagar district,Gujarat,22.03333333,72,,,34,,http://commons.wikimedia.org/wiki/Special:FilePath/Blackbuck%20National%20Park%20banner.jpg,Blackbuck National Park,,"https://en.wikipedia.org/wiki/Blackbuck_National_Park,_Velavadar"
Q3471771,Eaglenest Wildlife Sanctuary,Wildlife Sanctuary,,,IUCN category IV: Habitat/Species Management Area,West Kameng district,Arunachal Pradesh,27.1,92.4,,,,,,Eaglenest Wildlife Sanctuary,,https://en.wikipedia.org/wiki/Eaglenest_Wildlife_Sanctuary
Q3471769,Fambong Lho Wildlife Sanctuary,Wildlife Sanctuary,,http://commons.wikimedia.org/wiki/Special:FilePath/Log%20House%20at%20Golitar%20Fambong%20Lho%20WLS.jpg,IUCN category IV: Habitat/Species Management Area,East Sikkim district,Sikkim,27.3113,88.53366667,Gangtok,,51.76,,,Fambong Lho Wildlife Sanctuary,,https://en.wikipedia.org/wiki/Fambong_Lho_Wildlife_Sanctuary
Q3471776,Hoollongapar Gibbon Sanctuary,Wildlife Sanctuary,,http://commons.wikimedia.org/wiki/Special:FilePath/Hoolock%20hoolock%20001.jpg,IUCN category IV: Habitat/Species Management Area,Jorhat district,Assam,26.716667,94.383333,,,20.98,,,Hollongapar Gibbon Wildlife Sanctuary,,https://en.wikipedia.org/wiki/Hoollongapar_Gibbon_Sanctuary
Q3490050,Sonai Rupai Wildlife Sanctuary,Wildlife Sanctuary,,,IUCN category IV: Habitat/Species Management Area,,,26.89416667,92.34583333,Tezpur,,,,,,,https://en.wikipedia.org/wiki/Sonai_Rupai_Wildlife_Sanctuary
Q3522009,Chinnar Wildlife Sanctuary,Wildlife Sanctuary,Western Ghats,http://commons.wikimedia.org/wiki/Special:FilePath/Chinnar%20Wildlife%20Sanctuary.jpg,IUCN category IV: Habitat/Species Management Area,Kerala; Idukki district,Kerala,10.3,77.175,,part of UNESCO World Heritage Site,9044,http://chinnar.org/,,Chinnar Wildlife Sanctuary,,https://en.wikipedia.org/wiki/Chinnar_Wildlife_Sanctuary
Q3523324,Karimpuzha National Park,National Park,,,,,,11.275,76.42361111,,,,,,,,https://en.wikipedia.org/wiki/Karimpuzha_National_Park
Q3530830,Nilgiri Biosphere Reserve,,,http://commons.wikimedia.org/wiki/Special:FilePath/Doddabetta%20view.jpg,,,,11.67,76.54,,,,,,Nilgiri Biosphere Reserve,,https://en.wikipedia.org/wiki/Nilgiri_Biosphere_Reserve
Q3532790,Pulicat Lake Bird Sanctuary,Bird Sanctuary,,,IUCN category IV: Habitat/Species Management Area,Andhra Pradesh,Andhra Pradesh,13.56666667,80.2,,,,,,Pulicat Lake Bird Sanctuary,,https://en.wikipedia.org/wiki/Pulicat_Lake_Bird_Sanctuary
Q3595505,Agasthyamala Biosphere Reserve,,,,,,,8.703,77.235361111,Nagercoil,,,,,Agasthyamala Biosphere Reserve,,https://en.wikipedia.org/wiki/Agasthyamala_Biosphere_Reserve
Q3595683,Hazaribagh Wildlife Sanctuary,Wildlife Sanctuary,,,IUCN category IV: Habitat/Species Management Area,Jharkhand; North Chotanagpur division,Jharkhand,24.139,85.366,Hazaribagh,,,,http://commons.wikimedia.org/wiki/Special:FilePath/Hazaribagh%20National%20Park%20101%20%28cropped%29.jpg,Hazaribag Wildlife Sanctuary,,https://en.wikipedia.org/wiki/Hazaribagh_Wildlife_Sanctuary
Q3595858,Wayanad Wildlife Sanctuary,Wildlife Sanctuary,,,IUCN category IV: Habitat/Species Management Area,Wayanad district,Kerala,11.646,76.364,Sultan Bathery,,,,http://commons.wikimedia.org/wiki/Special:FilePath/Wayanad%20Wildlife%20Sanctuary%20Wikivoyage%20banner.jpg,Wayanad Wildlife Sanctuary,,https://en.wikipedia.org/wiki/Wayanad_Wildlife_Sanctuary
Q3631211,Biligiriranga Hills,,,http://commons.wikimedia.org/wiki/Special:FilePath/Brhills%20kkatte.jpg,IUCN category IV: Habitat/Species Management Area,Chamarajanagar,Karnataka,11.993888888,77.140555555,Mysore,,,,http://commons.wikimedia.org/wiki/Special:FilePath/Biligiriranga%20Hills%20banner.jpg,Biligiriranga Hills,,https://en.wikipedia.org/wiki/Biligiriranga_Hills
Q3635045,Binsar Wildlife Sanctuary,Wildlife Sanctuary,,http://commons.wikimedia.org/wiki/Special:FilePath/Binsar%20Oak%20Forests.JPG,IUCN category IV: Habitat/Species Management Area,,,29.63222222,79.3375,Almora,,,,http://commons.wikimedia.org/wiki/Special:FilePath/Binsar%20Banner%20Wikivoyage.jpg,Binsar Wildlife Sanctuary,,https://en.wikipedia.org/wiki/Binsar_Wildlife_Sanctuary
Q3635169,Parambikulam Tiger Reserve,Tiger Reserve,Western Ghats,http://commons.wikimedia.org/wiki/Special:FilePath/Valley%20View%20Parambikulam%2002.jpg,IUCN category IV: Habitat/Species Management Area,Kerala,Kerala,10.38333333,76.70833333,Palakkad,part of UNESCO World Heritage Site,377,https://www.parambikulam.org/,http://commons.wikimedia.org/wiki/Special:FilePath/Parambikulam%20banner%20Teak%20forest.jpg,Parambikulam Tiger Reserve,11279548,https://en.wikipedia.org/wiki/Parambikulam_Tiger_Reserve
Q3696259,Chandoli National Park,National Park,Western Ghats,http://commons.wikimedia.org/wiki/Special:FilePath/Oriental%20Garden%20Lizard%20or%20Bloodsucker.jpg,IUCN category II: National Park,Maharashtra,Maharashtra,17.19166667,73.775,,part of UNESCO World Heritage Site,30890,,,Chandoli National Park,,https://en.wikipedia.org/wiki/Chandoli_National_Park
Q3696260,Palani Hills Wildlife Sanctuary and National Park,National Park,,http://commons.wikimedia.org/wiki/Special:FilePath/Palani%20Hills-C.jpg,IUCN category VI: Protected Area with sustainable use of natural resources,,,10.24527778,77.52388889,Kodaikanal,,,,,,,https://en.wikipedia.org/wiki/Palani_Hills_Wildlife_Sanctuary_and_National_Park
Q3846171,Ranganthittu Bird Sanctuary,Bird Sanctuary,,http://commons.wikimedia.org/wiki/Special:FilePath/Islands%20River%20Ranganathittu%20Srirangapatna%20Jan24%20A7C%2009120.jpg,IUCN category IV: Habitat/Species Management Area,Mandya district,Karnataka,12.4,76.65,,,,,http://commons.wikimedia.org/wiki/Special:FilePath/Ranganathittu%20Bird%20Sanctuary%20banner.jpg,Ranganathittu Bird Sanctuary,,https://en.wikipedia.org/wiki/Ranganathittu_Bird_Sanctuary
Q3936889,Kalakkad Mundanthurai Tiger Reserve,Tiger Reserve,Western Ghats,http://commons.wikimedia.org/wiki/Special:FilePath/Kalakkad%20Mundanthurai.jpg,IUCN category IV: Habitat/Species Management Area,Tamil Nadu,Tamil Nadu,8.68333333,77.31666667,,part of UNESCO World Heritage Site,89500,http://kmtr.co.in/,,Kalakkad Mundanthurai Tiger Reserve,17746132,https://en.wikipedia.org/wiki/Kalakkad_Mundanthurai_Tiger_Reserve
Q4122004,Vellode Birds Sanctuary,Bird Sanctuary,,http://commons.wikimedia.org/wiki/Special:FilePath/Birds%20at%20Vellode%20Bird%20Sanctuary.jpg,IUCN category IV: Habitat/Species Management Area,Erode district,Tamil Nadu,11.2525,77.6522,,,0.8,,,Vellode Bird Sanctuary,,https://en.wikipedia.org/wiki/Vellode_Bird_Sanctuary
Q4208325,Qazinag National Park,National Park,,,IUCN category II: National Park,Jammu and Kashmir,Jammu and Kashmir,34.166667,74.033333,,,,,,,,https://en.wikipedia.org/wiki/Kazinag_National_Park
Q4251269,Bakhira Sanctuary,Wildlife Sanctuary,,http://commons.wikimedia.org/wiki/Special:FilePath/Bakhira%20Bird%20Sanctury.jpg,IUCN category IV: Habitat/Species Management Area,Uttar Pradesh,Uttar Pradesh,26.906359,83.104282,Gorakhpur,,,,,Bakhira Sanctuary,,https://en.wikipedia.org/wiki/Bakhira_Sanctuary
Q4673468,Achanakmar Wildlife Sanctuary,Wildlife Sanctuary,,http://commons.wikimedia.org/wiki/Special:FilePath/Achankmar%20Tiger.jpg,IUCN category IV: Habitat/Species Management Area,Chhattisgarh,Chhattisgarh,22.5502338,81.734942,,,,http://wwfindia.org/about_wwf/critical_regions/satpura_maikal/kanha_achanakmar/,,Achanakmar Wildlife Sanctuary,,https://en.wikipedia.org/wiki/Achanakmar_Wildlife_Sanctuary
Q4682873,Adina Deer Park,,,http://commons.wikimedia.org/wiki/Special:FilePath/Deers%20at%20Adina%20Deer%20Park%2C%20Malda.jpg,,Gazole community development block,West Bengal,25.1405,88.1727,,,,,,,,https://en.wikipedia.org/wiki/Adina_Deer_Park
Q4691449,Agasthyavanam Biological Park,,,,,Kuttichal Grama Panchayat,Kerala,24.592,73.652,,,,,,Agasthyavanam Biological Park,,https://en.wikipedia.org/wiki/Agasthyavanam_Biological_Park
Q4768948,Annekal Reserved Forest,,,,,,,12.704,77.591,,,,,,,,https://en.wikipedia.org/wiki/Annekal_Reserved_Forest
Q6808944,Idukki wildlife sanctuary,Wildlife Sanctuary,protected area of Kerala,,,Idukki district,Kerala,9.780555555,76.966666666,,,,,,Idukki Wildlife Sanctuary,,https://en.wikipedia.org/wiki/Idukki_Wildlife_Sanctuary
Q6809163,Peppara Wildlife Sanctuary,Wildlife Sanctuary,Western Ghats,http://commons.wikimedia.org/wiki/Special:FilePath/Peppara%20sanctuary.jpg,IUCN category IV: Habitat/Species Management Area,Kerala,Kerala,8.64722222,77.16666667,Thiruvananthapuram,part of UNESCO World Heritage Site,5300,http://www.forest.kerala.gov.in/index.php/wildlife/2015-03-16-09-50-24/2015-06-26-09-04-29/peppara-wildlife-sanctuary,,Peppara Wildlife Sanctuary,,https://en.wikipedia.org/wiki/Peppara_Wildlife_Sanctuary
Q6826847,Mhadei Wildlife Sanctuary,Wildlife Sanctuary,,http://commons.wikimedia.org/wiki/Special:FilePath/Pseudophilautus%20amboli%20c.jpg,IUCN category IV: Habitat/Species Management Area,North Goa district,Goa,15.5717,74.1708,,,208.48,,,Mhadei Wildlife Sanctuary,,https://en.wikipedia.org/wiki/Mhadei_Wildlife_Sanctuary
Q6881784,Mitiyala Lion Sanctuary,Wildlife Sanctuary,,,IUCN category IV: Habitat/Species Management Area,Gujarat,Gujarat,21.17387,71.25595,,,,,,,,https://en.wikipedia.org/wiki/Mitiyala_Wildlife_Sanctuary
Q6958578,Nagarjunsagar-Srisailam Tiger Reserve,Tiger Reserve,,,IUCN category IV: Habitat/Species Management Area,Guntur district; Mahabubnagar district; Kurnool district; Nalgonda district; Prakasam district,Telangana; Andhra Pradesh,16.0358,78.9314,,,5937,,,Nagarjunsagar-Srisailam Tiger Reserve,,https://en.wikipedia.org/wiki/Nagarjunsagar-Srisailam_Tiger_Reserve
Q6959133,Nagzira Wildlife Sanctuary,Wildlife Sanctuary,,http://commons.wikimedia.org/wiki/Special:FilePath/Nagzira%20Tiger%20By%20Vijay%20Phulwadhawa.jpg,IUCN category IV: Habitat/Species Management Area,Maharashtra,Maharashtra,21.243942,79.985962,Bhandara,,152.58,https://www.nagzirawildlifesanctuary.com/,,Nagzira,,https://en.wikipedia.org/wiki/Nagzira
Q6963221,Nandhaur Wildlife Sanctuary,Wildlife Sanctuary,,,IUCN category IV: Habitat/Species Management Area,Uttarakhand,Uttarakhand,29.033333333,79.8,,,,,,,,https://en.wikipedia.org/wiki/Nandhaur_Wildlife_Sanctuary
Q6963787,Nanmangalam Reserve Forest,,,,,,,12.926268,80.175176,Chennai,,,,,,,https://en.wikipedia.org/wiki/Nanmangalam_Reserve_Forest
Q6965495,Narayan Sarovar Sanctuary,Wildlife Sanctuary,,http://commons.wikimedia.org/wiki/Special:FilePath/Chinkara.jpg,IUCN category IV: Habitat/Species Management Area,Kutch district,Gujarat,23.61666667,68.68333333,,,444.23,,,,,https://en.wikipedia.org/wiki/Narayan_Sarovar_Sanctuary
Q6965807,Narendrapur Wildlife Sanctuary,Wildlife Sanctuary,,,,,,22.4295,88.4007,,,,,,Narendrapur Wildlife Sanctuary,,https://en.wikipedia.org/wiki/Narendrapur_Wildlife_Sanctuary
Q6965894,Nargu Wildlife Sanctuary,Wildlife Sanctuary,,http://commons.wikimedia.org/wiki/Special:FilePath/Nargu%20WLS%20North%20Remote%20Snow%20Himachal%20Jan15%20DSC%206939.jpg,IUCN category IV: Habitat/Species Management Area,Himachal Pradesh; Mandi district; Kullu district,Himachal Pradesh,32.0139,76.8572,,,,,,Nargu Wildlife Sanctuary,,https://en.wikipedia.org/wiki/Nargu_Wildlife_Sanctuary
Q6971439,National Chambal Sanctuary,National Park,,http://commons.wikimedia.org/wiki/Special:FilePath/Chambal%20river%20near%20Dhaulpur%2C%20India.jpg,IUCN category IV: Habitat/Species Management Area,Morena district,Madhya Pradesh,26.768333333,78.644444444,Morena,,,,,,,https://en.wikipedia.org/wiki/National_Chambal_Sanctuary
Q6982793,Nawabganj Bird Sanctuary,Bird Sanctuary,,http://commons.wikimedia.org/wiki/Special:FilePath/Nawabganj%20Bird%20Sanctuary%2C%20Unnao%2003.JPG,IUCN category IV: Habitat/Species Management Area,Uttar Pradesh,Uttar Pradesh,26.6191858,80.6531205,,,,,,Nawabganj Bird Sanctuary,,https://en.wikipedia.org/wiki/Nawabganj_Bird_Sanctuary
Q7005299,New Amarambalam Reserved Forest,,Western Ghats,http://commons.wikimedia.org/wiki/Special:FilePath/Nilgiri%20wood%20pigeon%20%28Columba%20elphinstonii%29.jpg,IUCN category II: National Park,,,11.23333333,76.18333333,Nilambur,part of UNESCO World Heritage Site,24697,,,New Amarambalam Reserved Forest,,https://en.wikipedia.org/wiki/New_Amarambalam_Reserved_Forest
Q7012129,Eco Park,,,http://commons.wikimedia.org/wiki/Special:FilePath/Lush%20green%20grass%20along%20the%20lake.jpg,IUCN category V: Protected Landscape/Seascape,New Town,West Bengal,22.5989,88.4669,,,,,,"Eco Park, New Town",,"https://en.wikipedia.org/wiki/Eco_Park,_New_Town"
Q7050184,Noradehi,,,,IUCN category IV: Habitat/Species Management Area,,,23.17814167,79.20188611,,,,,,,,https://en.wikipedia.org/wiki/Noradehi
Q7081968,Okhla Sanctuary,Wildlife Sanctuary,,http://commons.wikimedia.org/wiki/Special:FilePath/Okhla%20bird%20sanctuary%20Entrance.jpeg,IUCN category IV: Habitat/Species Management Area,Uttar Pradesh,Uttar Pradesh,28.565,77.303,Noida,,,,,Okhla Bird Sanctuary,,https://en.wikipedia.org/wiki/Okhla_Sanctuary
Q7122045,Pachmarhi Biosphere Reserve,,,,,,,22.183,77.783,,,,,,Pachmarhi Biosphere Reserve,,https://en.wikipedia.org/wiki/Pachmarhi_Biosphere_Reserve
Q7929607,Vikramshila Gangetic Dolphin Sanctuary,Wildlife Sanctuary,,http://commons.wikimedia.org/wiki/Special:FilePath/Ganga%20dolphin%20Bhagalpur.JPG,IUCN category IV: Habitat/Species Management Area,Bihar,Bihar,25.269611111,87.026305555,,,,,,,,https://en.wikipedia.org/wiki/Vikramshila_Gangetic_Dolphin_Sanctuary
Q8050448,Yawal Wildlife Sanctuary,Wildlife Sanctuary,,,IUCN category IV: Habitat/Species Management Area,Jalgaon district,Maharashtra,21.382,75.876,Burhanpur,,177.52,,,Yawal Wildlife Sanctuary,,https://en.wikipedia.org/wiki/Yawal_Wildlife_Sanctuary
Q10428494,Hill Forts of Rajasthan,,,http://commons.wikimedia.org/wiki/Special:FilePath/Jaipur%2003-2016%2004%20Amber%20Fort.jpg,,Rajasthan,Rajasthan,24.883306,74.646111,,World Heritage Site,3460,,,Hill forts of Rajasthan World Heritage Site,,https://en.wikipedia.org/wiki/Hill_Forts_of_Rajasthan
Q11927133,Q11927133,,,,IUCN category IV: Habitat/Species Management Area,Rajasthan,Rajasthan,24.30426,73.86435,,,,,,,,https://en.wikipedia.org/wiki/Jaisamand_Wildlife_Sanctuary
Q12060948,Kambalakonda Wildlife Sanctuary,Wildlife Sanctuary,,http://commons.wikimedia.org/wiki/Special:FilePath/Kambhalakonda%20EDC%20Vizag.jpg,IUCN category IV: Habitat/Species Management Area,Andhra Pradesh,Andhra Pradesh,17.82527778,83.30861111,Visakhapatnam,,,http://forest.ap.nic.in/WL%20KAMBALAKONDA.htm,,Kambalakonda Wildlife Sanctuary,,https://en.wikipedia.org/wiki/Kambalakonda_Wildlife_Sanctuary
Q12433409,Dalma Wildlife Sanctuary,Wildlife Sanctuary,,http://commons.wikimedia.org/wiki/Special:FilePath/Wild%20Abode.jpg,IUCN category IV: Habitat/Species Management Area,Jharkhand,Jharkhand,22.90416667,86.21638889,Jamshedpur,,,,,Dalma Wildlife Sanctuary,,https://en.wikipedia.org/wiki/Dalma_Wildlife_Sanctuary
Q12988826,Vallanadu Wildlife Sanctuary,Wildlife Sanctuary,,http://commons.wikimedia.org/wiki/Special:FilePath/BlackbuckAntelope2.jpg,IUCN category IV: Habitat/Species Management Area,Tamil Nadu,Tamil Nadu,8.7011,77.8876,Tirunelveli,,,http://www.forests.tn.nic.in/WildBiodiversity/ws_vbs.html,,Vallanadu Wildlife Sanctuary,,https://en.wikipedia.org/wiki/Vallanadu_Wildlife_Sanctuary
Q13111039,Karaivetti Bird Sanctuary,Bird Sanctuary,,http://commons.wikimedia.org/wiki/Special:FilePath/Waterfowls%20in%20Karaivetti%20Bird%20Sanctuary%20JEG3092.jpg,IUCN category IV: Habitat/Species Management Area,Ariyalur district,Tamil Nadu,10.970277777,79.041388888,,,4.537,,,Karaivetti Bird Sanctuary,,https://en.wikipedia.org/wiki/Karaivetti_Bird_Sanctuary
Q13111992,Chulannur Peafowl Sanctuary,Wildlife Sanctuary,,,IUCN category IV: Habitat/Species Management Area,Kerala,Kerala,10.714444444,76.472222222,,,,,,Chulannur Peafowl Sanctuary,,https://en.wikipedia.org/wiki/Choolannur_Pea_Fowl_Sanctuary
Q13116281,Karian Shola National Park,National Park,Western Ghats,,,,,10.38333333,77.08333333,,part of UNESCO World Heritage Site,503,,,,,https://en.wikipedia.org/wiki/Karian_Shola_National_Park
Q13118992,Pritisangam,,,,,,,17.285,74.184,Karad,,,,,,,https://en.wikipedia.org/wiki/Pritisangam
Q14229383,Pin Valley National Park,National Park,Cold Desert,http://commons.wikimedia.org/wiki/Special:FilePath/Morning%20scene%20in%20Thuskeo%20Dhar.jpg,IUCN category II: National Park,Himachal Pradesh,Himachal Pradesh,31.574166666,77.588888888,Kaza,Tentative World Heritage Site,,https://hplahaulspiti.nic.in/pin-valley-national-park/,,Pin Valley National Park,,https://en.wikipedia.org/wiki/Pin_Valley_National_Park
Q14618939,Nambor Wildlife Sanctuary,Wildlife Sanctuary,,,IUCN category IV: Habitat/Species Management Area,Golaghat district,Assam,26.39527778,93.8825,Diphu,,,,,,,https://en.wikipedia.org/wiki/Nambor_Wildlife_Sanctuary
Q2397554,Bhagwan Mahaveer Sanctuary and Mollem National Park,National Park,,http://commons.wikimedia.org/wiki/Special:FilePath/Mollem%20ticket%20sign.JPG,IUCN category II: National Park,South Goa District,Goa,15.37361111,74.25861111,,,107,,,Bhagwan Mahaveer Sanctuary and Mollem National Park,,https://en.wikipedia.org/wiki/Bhagwan_Mahaveer_Sanctuary_and_Mollem_National_Park
Q2428291,Valmiki National Park,National Park,,http://commons.wikimedia.org/wiki/Special:FilePath/Valmiki%20tiger%20reserve.jpg,IUCN category II: National Park,Bihar,Bihar,27.0652,84.1793,,,,,,Valmiki National Park,,https://en.wikipedia.org/wiki/Valmiki_National_Park
Q2429161,Melghat,,,http://commons.wikimedia.org/wiki/Special:FilePath/Melghat%20Tiger%20Reserve.JPG,,,,21.44583333,77.19722222,,,,http://melghattiger.gov.in/,,Melghat,,https://en.wikipedia.org/wiki/Melghat
Q2572177,Sariska Tiger Reserve,Tiger Reserve,,http://commons.wikimedia.org/wiki/Special:FilePath/Deer%20in%20Sariska%20Reserve.jpg,IUCN category IV: Habitat/Species Management Area,Jaipur division,Rajasthan,27.32856,76.43319,Alwar,,219,http://www.sariska.com/,http://commons.wikimedia.org/wiki/Special:FilePath/Sariska%20Reserve%20and%20National%20Park%20banner.jpg,Sariska Tiger Reserve,9466769,https://en.wikipedia.org/wiki/Sariska_Tiger_Reserve
Q2580141,Bhitarkanika National Park,National Park,,http://commons.wikimedia.org/wiki/Special:FilePath/Bhitarkanika%20Mangroves%20Flora%20and%20Fauna%2004.JPG,IUCN category II: National Park,Kendrapara district,Odisha,20.6625,86.9341,Kendrapara,,145,,http://commons.wikimedia.org/wiki/Special:FilePath/Bhitarkanika%20National%20Park%20Banner.jpg,Bhitarkanika National Park,,https://en.wikipedia.org/wiki/Bhitarkanika_National_Park
Q2588520,Bannerghatta National Park,National Park,,http://commons.wikimedia.org/wiki/Special:FilePath/White%20tiger%20bangalore.jpg,IUCN category II: National Park,Bengaluru North district,Karnataka,12.80083333,77.57555556,Bengaluru,,,,http://commons.wikimedia.org/wiki/Special:FilePath/Bannerghatta%20Park%20Banner.jpg,Bannerghatta National Park,,https://en.wikipedia.org/wiki/Bannerghatta_National_Park
Q2604975,Madhav National Park,National Park,,http://commons.wikimedia.org/wiki/Special:FilePath/Madhav%20Natioinal%20Park.JPG,IUCN category II: National Park,Madhya Pradesh,Madhya Pradesh,25.561666666,77.678055555,,,,,,Madhav National Park,,https://en.wikipedia.org/wiki/Madhav_National_Park
Q2605019,Khangchendzonga National Park,National Park,,http://commons.wikimedia.org/wiki/Special:FilePath/Abhishek532%20LamuneyValley.jpg,IUCN category II: National Park,Mangan district,Sikkim,27.6563,88.3123,Chungthang,World Heritage Site,178400,,,Khangchendzonga National Park,3895850,https://en.wikipedia.org/wiki/Khangchendzonga_National_Park
Q2639563,Tadoba-Andhari Tiger Reserve,Tiger Reserve,,http://commons.wikimedia.org/wiki/Special:FilePath/Tiger%20at%20Tadoba.jpg,IUCN category II: National Park,Chandrapur district,Maharashtra,20.267,79.4291,Chandrapur,,1727.5911,http://www.mytadoba.org/,,Tadoba Andhari Tiger Reserve,,https://en.wikipedia.org/wiki/Tadoba_Andhari_Tiger_Reserve
Q2663264,Betla National Park,National Park,,http://commons.wikimedia.org/wiki/Special:FilePath/Macaca%20mulatta%20in%20Guiyang.jpg,IUCN category II: National Park,South Chotanagpur division,Jharkhand,23.8878,84.1901,Medininagar,,,,http://commons.wikimedia.org/wiki/Special:FilePath/Betla%20National%20Park%20banner.jpg,Betla National Park,,https://en.wikipedia.org/wiki/Betla_National_Park
Q2667857,Salim Ali National Park,National Park,,http://commons.wikimedia.org/wiki/Special:FilePath/RSGC.jpg,IUCN category II: National Park,Srinagar,Jammu and Kashmir,34.081,74.804,Srinagar,,,,,,,https://en.wikipedia.org/wiki/Salim_Ali_National_Park
Q2669063,Vansda National Park,National Park,,http://commons.wikimedia.org/wiki/Special:FilePath/Vansda%20N%20Park6.jpg,IUCN category II: National Park,Vansda Taluka,Gujarat,20.7333,73.4667,Vansda,,,,,Vansda National Park,,https://en.wikipedia.org/wiki/Vansda_National_Park
Q2720864,Pench National Park,National Park,,http://commons.wikimedia.org/wiki/Special:FilePath/Pench%20National%20Park%20habitat%20shot.jpg,IUCN category II: National Park,Seoni district,Madhya Pradesh,21.6716,79.3033,,,,http://www.penchnationalpark.in/,http://commons.wikimedia.org/wiki/Special:FilePath/Pench%20National%20Park%20banner.jpg,Pench National Park,,https://en.wikipedia.org/wiki/Pench_National_Park
Q2723560,Nal Sarovar Bird Sanctuary,Bird Sanctuary,,http://commons.wikimedia.org/wiki/Special:FilePath/Nal%20sarovar.jpg,IUCN category IV: Habitat/Species Management Area,Ahmedabad district,Gujarat,22.792569444,72.023111111,,,,,,Nal Sarovar Bird Sanctuary,,https://en.wikipedia.org/wiki/Nal_Sarovar_Bird_Sanctuary
Q2723927,Maldhari,,,,,,,21.13555556,70.79666667,,,,,,,,https://en.wikipedia.org/wiki/Maldhari
Q2724481,"Marine National Park, Gulf of Kutch",National Park,,http://commons.wikimedia.org/wiki/Special:FilePath/The%20Vast%20Expanse%20of%20Narara%20Sea%20Bed%20during%20Low%20Tide%20of%20Narara%20Marine%20National%20Park.jpg,IUCN category II: National Park,Devbhumi Dwarka district,Gujarat,22.4667,69.6167,Jamnagar,,162.89,,,"Marine National Park, Gulf of Kutch",,"https://en.wikipedia.org/wiki/Marine_National_Park,_Gulf_of_Kutch"
Q2726467,Kutch Bustard Sanctuary,Wildlife Sanctuary,,http://commons.wikimedia.org/wiki/Special:FilePath/Sonchiriya.jpg,IUCN category IV: Habitat/Species Management Area,Kutch district,Gujarat,23.219,68.714,,,2,,,,,https://en.wikipedia.org/wiki/Kutch_Bustard_Sanctuary
Q2730580,Khijadiya Bird Sanctuary,Bird Sanctuary,,http://commons.wikimedia.org/wiki/Special:FilePath/Flamingoes%20fly%20by%20in%20Khijadiya.jpg,IUCN category IV: Habitat/Species Management Area,Jamnagar district,Gujarat,22.51,70.14,,,6.05,,,Khijadiya Bird Sanctuary,,https://en.wikipedia.org/wiki/Khijadiya_Bird_Sanctuary
Q2731635,Gaga Wildlife Sanctuary,Wildlife Sanctuary,,,IUCN category IV: Habitat/Species Management Area,Gujarat,Gujarat,22.10775,69.16923,,,,,,,,https://en.wikipedia.org/wiki/Gaga_Wildlife_Sanctuary
Q2757724,Jambughoda Wildlife Sanctuary,Wildlife Sanctuary,,,IUCN category IV: Habitat/Species Management Area,Jambughoda Taluka,Gujarat,22.3667,73.7167,Vadodara,,,,,,,https://en.wikipedia.org/wiki/Jambughoda_Wildlife_Sanctuary
Q2769992,Ratan Mahal Wildlife Sanctuary,Wildlife Sanctuary,,http://commons.wikimedia.org/wiki/Special:FilePath/Ratanmahal%20Wildlife%20Sanctuary%20-%20Dahod%20district%20-%20Gujarat%20-%20DSC0001.jpg,IUCN category IV: Habitat/Species Management Area,Dahod district,Gujarat,22.575,74.110347222,,,,,,Ratan Mahal Wildlife Sanctuary,,https://en.wikipedia.org/wiki/Ratanmahal_Wildlife_Sanctuary
Q2928293,Bura Chapori Wildlife Sanctuary,Wildlife Sanctuary,,http://commons.wikimedia.org/wiki/Special:FilePath/Bura%20Chapori%20Wildlife%20Sanctuary%20in%20Assam.jpg,IUCN category IV: Habitat/Species Management Area,Assam,Assam,26.5148,92.6929,Tezpur,,,,,,,https://en.wikipedia.org/wiki/Bura_Chapori_Wildlife_Sanctuary
Q2979693,Campbell Bay National Park,National Park,,http://commons.wikimedia.org/wiki/Special:FilePath/Nicobar%20Treeshrew%20%28Tupaia%20nicobarica%20nicobarica%29.jpg,IUCN category II: National Park,,,7.11277778,93.76194444,,,426.23,,,,,https://en.wikipedia.org/wiki/Campbell_Bay_National_Park
Q2979712,Balpakram National Park,National Park,,http://commons.wikimedia.org/wiki/Special:FilePath/Muntjac%20deer.JPG,IUCN category II: National Park,South Garo Hills district,Meghalaya,25.5,90.75,Baghmara,,352,,,Balphakram National Park,,https://en.wikipedia.org/wiki/Balpakram_National_Park
Q2979723,Galathea National Park,National Park,,http://commons.wikimedia.org/wiki/Special:FilePath/Caloenas%20nicobarica%20-%20Kragentaube2.jpg,IUCN category II: National Park,Andaman and Nicobar Islands,Andaman and Nicobar Islands,6.923,93.833,,,110,,,,,https://en.wikipedia.org/wiki/Galathea_National_Park
Q2985097,Sultanpur National Park,National Park,,http://commons.wikimedia.org/wiki/Special:FilePath/Sultanpur%20Bird%20Sanctuary%2C%20Haryana..JPG,IUCN category II: National Park,Gurgaon division,Haryana,28.4623,76.8899,,,,,http://commons.wikimedia.org/wiki/Special:FilePath/Sultanpur%20National%20Park%20banner%20Greylag%20Geese.jpg,Sultanpur National Park,,https://en.wikipedia.org/wiki/Sultanpur_National_Park
Q2985148,Gorumara National Park,National Park,,http://commons.wikimedia.org/wiki/Special:FilePath/Gorumara%20Gateway%20Arnab%20Dutta.JPG,IUCN category II: National Park,,,26.7,88.8,Malbazar,,,,http://commons.wikimedia.org/wiki/Special:FilePath/GorumaraH.jpg,Gorumara National Park,,https://en.wikipedia.org/wiki/Gorumara_National_Park
Q2985156,Kalesar National Park,National Park,,http://commons.wikimedia.org/wiki/Special:FilePath/Kalesar%20as%20seen%20by%20a%20Phone%2001.jpg,IUCN category II: National Park,Yamunanagar district,Haryana,30.33194444,77.55194444,,,,,,,,https://en.wikipedia.org/wiki/Kalesar_National_Park
Q2985193,Singalila National Park,National Park,,http://commons.wikimedia.org/wiki/Special:FilePath/The%20sleeping%20Buddha.jpg,IUCN category II: National Park,Darjeeling district,West Bengal,27.11666667,88.06666667,Manebhanjyang,Important Bird Area; national park,78.6,,http://commons.wikimedia.org/wiki/Special:FilePath/Singalila%20national%20park%20%28cropped%29.jpg,Singalila National Park,,https://en.wikipedia.org/wiki/Singalila_National_Park
Q2985390,Mukurthi National Park,National Park,Western Ghats,http://commons.wikimedia.org/wiki/Special:FilePath/Niltahr.jpg,IUCN category II: National Park,Nilgiris district,Tamil Nadu,11.266666666,76.475,Ooty,part of UNESCO World Heritage Site,7850,https://www.forests.tn.gov.in/pages/view/MUKURTHI-NATIONAL-PARK,,Mukurthi National Park,,https://en.wikipedia.org/wiki/Mukurthi_National_Park
Q2985788,Neora Valley National Park,National Park,,http://commons.wikimedia.org/wiki/Special:FilePath/Neora%20valley1.png,IUCN category II: National Park,,,27.06,88.7,Kalimpong,Tentative World Heritage Site,,,,Neora Valley National Park,,https://en.wikipedia.org/wiki/Neora_Valley_National_Park
Q2989157,Nameri National Park,National Park,,http://commons.wikimedia.org/wiki/Special:FilePath/NAMERI%20NATIONAL%20PARK%20%2C%20ASSAM%2C%20INDIA%2C%20Wild%20Life.jpg,IUCN category II: National Park,Sonitpur district,Assam,27.01,92.79,Barpeta Road,,,,http://commons.wikimedia.org/wiki/Special:FilePath/Nameri%20National%20Park%20banner.jpg,Nameri National Park,,https://en.wikipedia.org/wiki/Nameri_National_Park
Q2989176,Orang National Park,National Park,,http://commons.wikimedia.org/wiki/Special:FilePath/Greater%20one-horned%20rhinoceros.jpg,IUCN category II: National Park,Assam,Assam,26.61,92.36,,,492.46,,,Orang Tiger Reserve,,https://en.wikipedia.org/wiki/Orang_National_Park
Q3058213,Desert National Park,National Park,,http://commons.wikimedia.org/wiki/Special:FilePath/Desert%20National%20Park%20%2850861830528%29.jpg,IUCN category II: National Park,Barmer district; Jaisalmer district,Rajasthan,26.316666666,70.516666666,Jaisalmer; Barmer,Tentative World Heritage Site,3162,,,Desert National Park,,https://en.wikipedia.org/wiki/Desert_National_Park
Q3091762,Mount Manipur National Park,National Park,,http://commons.wikimedia.org/wiki/Special:FilePath/Centaur%20Oakblue%20andamans%20at%20Mt%20Harriet%20National%20Park.jpg,IUCN category II: National Park,Ferrargunj tehsil,Andaman and Nicobar Islands,11.8074,92.7571,,,46.62,,,Mount Harriet National Park,9282503,https://en.wikipedia.org/wiki/Mount_Harriet_National_Park
Q18110132,Balimela Wildlife Sanctuary,Wildlife Sanctuary,,,,Malkangiri district,Odisha,18.221411,82.105731,,,,,,,,https://en.wikipedia.org/wiki/Balimela_Wildlife_Sanctuary
Q18110145,Balukhand-Konark Wildlife Sanctuary,Wildlife Sanctuary,,,IUCN category IV: Habitat/Species Management Area,Odisha,Odisha,19.8619,86.0477,Puri,,,,,Balukhand-Konark Wildlife Sanctuary,,https://en.wikipedia.org/wiki/Balukhand-Konark_Wildlife_Sanctuary
Q18111621,Debrigarh Wildlife Sanctuary,Wildlife Sanctuary,,,IUCN category IV: Habitat/Species Management Area,Bargarh district,Odisha,21.557097,83.646108,,,,,,,,https://en.wikipedia.org/wiki/Debrigarh_Wildlife_Sanctuary
Q18125400,Hadgarh Wildlife Sanctuary,Wildlife Sanctuary,,,IUCN category IV: Habitat/Species Management Area,Kendujhar district,Odisha,21.2934,86.2689,Bhadrak,,,,,,,https://en.wikipedia.org/wiki/Hadgarh_Wildlife_Sanctuary
Q18126911,Kondakameru Wildlife Sanctuary,Wildlife Sanctuary,,,,,,18.366719,81.982249,,,,,,,,https://en.wikipedia.org/wiki/Kondakameru_Wildlife_Sanctuary
Q18128630,Nelapattu Bird Sanctuary,Bird Sanctuary,,http://commons.wikimedia.org/wiki/Special:FilePath/Nellapattu%20Bird%20Sanctuary%20board.jpg,,,,13.83325,79.94962,,,,,,,,https://en.wikipedia.org/wiki/Nelapattu_Bird_Sanctuary
Q18129185,Papikonda National Park,National Park,,,IUCN category II: National Park,Andhra Pradesh,Andhra Pradesh,17.483,81.4856,,,591,,,,,https://en.wikipedia.org/wiki/Papikonda_National_Park
Q18343586,Gautam Budha Wildlife Sanctuary,Wildlife Sanctuary,,,IUCN category IV: Habitat/Species Management Area,Bihar,Bihar,24.54,85.56,,,,,,,,https://en.wikipedia.org/wiki/Gautam_Budha_Wildlife_Sanctuary
Q18355976,Udaypur Wildlife Sanctuary,Wildlife Sanctuary,,,IUCN category IV: Habitat/Species Management Area,Bihar,Bihar,26.815789,84.4324626,,,,,,,,https://en.wikipedia.org/wiki/Udaypur_Wildlife_Sanctuary
Q18357307,Uppalapadu Bird Sanctuary,Bird Sanctuary,,http://commons.wikimedia.org/wiki/Special:FilePath/Uppalapadu%20Bird%20Sanctuary%20Entrance.jpg,,,,,,,,,,,Uppalapadu Bird Sanctuary,,https://en.wikipedia.org/wiki/Uppalapadu_Bird_Sanctuary
Q18768349,Godumalai,,,http://commons.wikimedia.org/wiki/Special:FilePath/Godumalai.jpg,,,,11.682,78.3508,Salem,,,,,,,https://en.wikipedia.org/wiki/Godumalai
Q19326278,Borail Wildlife Sanctuary,Wildlife Sanctuary,,,,Assam,Assam,25.082,92.678,,,,,,,,https://en.wikipedia.org/wiki/Borail_Wildlife_Sanctuary
Q19361520,East Karbi-Anglong Wildlife Sanctuary,Wildlife Sanctuary,,,IUCN category IV: Habitat/Species Management Area,Assam,Assam,25.92,93.3829,,,,,,,,https://en.wikipedia.org/wiki/East_Karbi-Anglong_Wildlife_Sanctuary
Q65041648,Ralamandal Wildlife Sanctuary,Wildlife Sanctuary,,,IUCN category IV: Habitat/Species Management Area,Madhya Pradesh,Madhya Pradesh,22.6503,75.974,,,,,,,,https://en.wikipedia.org/wiki/Ralamandal_Wildlife_Sanctuary
Q65068086,Sajjangarh Wildlife Sanctuary,Wildlife Sanctuary,,,IUCN category IV: Habitat/Species Management Area,Rajasthan,Rajasthan,24.596854,73.640423,Udaipur,,,,,,,https://en.wikipedia.org/wiki/Sajjangarh_Wildlife_Sanctuary
Q65090978,Ken Gharial Sanctuary,Wildlife Sanctuary,,,IUCN category IV: Habitat/Species Management Area,Madhya Pradesh,Madhya Pradesh,24.890555555,80.076666666,,,,,,,,https://en.wikipedia.org/wiki/Ken_Gharial_Sanctuary
Q65091528,Gudekote Wildlife Sanctuary,Wildlife Sanctuary,,,IUCN category IV: Habitat/Species Management Area,Karnataka,Karnataka,15.233333333,76.516666666,Ballary,,,,,,,https://en.wikipedia.org/wiki/Gudekote_Wildlife_Sanctuary
Q65321737,Karimpuzha Wildlife Sanctuary,Wildlife Sanctuary,,,IUCN category IV: Habitat/Species Management Area,Kerala,Kerala,11.3875,76.376944444,,,,,,,,https://en.wikipedia.org/wiki/Karimpuzha_Wildlife_Sanctuary
Q85755050,D'Ering Memorial Wildlife Sanctuary,Wildlife Sanctuary,,,IUCN category IV: Habitat/Species Management Area,Arunachal Pradesh,Arunachal Pradesh,27.937777777,95.445833333,,,,,,,,https://en.wikipedia.org/wiki/D%27Ering_Memorial_Wildlife_Sanctuary
Q85765467,Hail Haor Wildlife Sanctuary,Wildlife Sanctuary,,,,Habiganj District,,24.366666666,91.683333333,,,,,,Hail Haor Wildlife Sanctuary,,https://en.wikipedia.org/wiki/Hail_Haor_Wildlife_Sanctuary
Q85773598,Karanja Sohol Wildlife Sanctuary,Wildlife Sanctuary,,,IUCN category IV: Habitat/Species Management Area,Washim district,Maharashtra,20.4289,77.5059,,,18.32,,,,,https://en.wikipedia.org/wiki/Karanja_Sohol_Wildlife_Sanctuary
Q85791919,Palkot Wildlife Sanctuary,Wildlife Sanctuary,,,IUCN category IV: Habitat/Species Management Area,Palkot,Jharkhand,22.744624,84.586364,,,,,,Palkot Wildlife Sanctuary,,https://en.wikipedia.org/wiki/Palkot_Wildlife_Sanctuary
Q85800682,Sharavathi LTM Wildlife Sanctuary,Wildlife Sanctuary,,,,,,13.9,74.633333333,,,,,,Sharavati Valley Wildlife Sanctuary,,https://en.wikipedia.org/wiki/Sharavathi_LTM_Wildlife_Sanctuary
Q85846882,Pant Wildlife Sanctuary,Wildlife Sanctuary,,,IUCN category IV: Habitat/Species Management Area,Bihar; Nalanda district,Bihar,24.9928,85.4233,,,,,,,,https://en.wikipedia.org/wiki/Pant_Wildlife_Sanctuary
Q93269786,Pakkamalai,,,,,Tamil Nadu; Viluppuram district,Tamil Nadu,12.181883,79.289707,,,,,,,,https://en.wikipedia.org/wiki/Pakkamalai
Q96401141,Rajiv Gandhi National Park,National Park,,,IUCN category II: National Park,Andhra Pradesh,Andhra Pradesh,14.726944444,78.560833333,,,,,,,,https://en.wikipedia.org/wiki/Rajiv_Gandhi_National_Park_(Rameswaram)
Q97274790,Palai park,,,http://commons.wikimedia.org/wiki/Special:FilePath/Palai%20Park%20entrance.jpg,,Ramanathapuram district,Tamil Nadu,9.31367,78.8308,,,,,,Palai Genetic Heritage Garden,,https://en.wikipedia.org/wiki/Palai_park
Q97377968,Konni Forest Division,,,,,Kerala,Kerala,9.230555555,76.851944444,,part of UNESCO World Heritage Site,26143,http://www.forest.kerala.gov.in/index.php/reserve-notifications/territorial/konni,,,,https://en.wikipedia.org/wiki/Konni_Forest_Division
Q101251280,Hokersar wetland,,,http://commons.wikimedia.org/wiki/Special:FilePath/Hokersar%20wetland.jpg,,Jammu and Kashmir,Jammu and Kashmir,34.095,74.7075,,,1375,,,Hokersar,,https://en.wikipedia.org/wiki/Hokersar
Q101311408,Agra Bear Rescue Facility,,,http://commons.wikimedia.org/wiki/Special:FilePath/Indian%20Sloth%20Bear.jpg,,Agra,Uttar Pradesh,27.23583333,77.85194444,,,,,,,,https://en.wikipedia.org/wiki/Agra_Bear_Rescue_Facility
Q101471239,Overa-Aru Wildlife Sanctuary,Wildlife Sanctuary,,http://commons.wikimedia.org/wiki/Special:FilePath/Overa-Aru%20Wildlife%20Sanctuary%206.jpg,IUCN category IV: Habitat/Species Management Area,Anantnag district,Jammu and Kashmir,34.11,75.2475,,,,,,Overa-Aru Wildlife Sanctuary,,https://en.wikipedia.org/wiki/Overa-Aru_Wildlife_Sanctuary
Q102047437,Gulmarg Wildlife Sanctuary,Wildlife Sanctuary,,http://commons.wikimedia.org/wiki/Special:FilePath/Gulmarg%20Wildlife%20Sanctuary.jpg,IUCN category IV: Habitat/Species Management Area,Baramulla district,Jammu and Kashmir,33.994166666,74.374166666,,,69,,,Gulmarg Wildlife Sanctuary,15876412,https://en.wikipedia.org/wiki/Gulmarg_Wildlife_Sanctuary
Q104822465,Koderma Wildlife Sanctuary,Wildlife Sanctuary,,,IUCN category IV: Habitat/Species Management Area,Jharkhand,Jharkhand,24.5373,85.5939,,,,,,,,https://en.wikipedia.org/wiki/Koderma_Wildlife_Sanctuary
Q104852789,Tungabhadra Otter Conservation Reserve,,,,,Karnataka,Karnataka,15.36,76.51,,,,,,,,https://en.wikipedia.org/wiki/Tungabhadra_Otter_Conservation_Reserve
Q104868515,Nagi Bird Sanctuary,Bird Sanctuary,,,IUCN category IV: Habitat/Species Management Area,Bihar,Bihar,24.8175,86.4,,,,,,,,https://en.wikipedia.org/wiki/Nagi_Dam_Bird_Sanctuary
Q104879966,Barnawapara Wildlife sanctuary,Wildlife Sanctuary,,,IUCN category IV: Habitat/Species Management Area,Chhattisgarh,Chhattisgarh,21.5,82.47,,,,,,,,https://en.wikipedia.org/wiki/Barnawapara_Wildlife_Sanctuary
Q105044248,Lawalong Wildlife Sanctuary,Wildlife Sanctuary,,,IUCN category IV: Habitat/Species Management Area,Jharkhand,Jharkhand,24.2367,84.5175,,,,,,,,https://en.wikipedia.org/wiki/Lawalong_Wildlife_Sanctuary
Q105806882,Kottur Elephant Sanctuary and Rehabilitation Centre,Wildlife Sanctuary,,,,,,8.4,77.16,,,,,,,,https://en.wikipedia.org/wiki/Kottur_Elephant_Sanctuary_and_Rehabilitation_Centre
Q105847575,Tansa Wildlife Sanctuary,Wildlife Sanctuary,,http://commons.wikimedia.org/wiki/Special:FilePath/Habitat%20Tansa%20WLS%20by%20Dr.%20Raju%20Kasambe%20DSCN4979%20%287%29.jpg,IUCN category IV: Habitat/Species Management Area,Thane district,Maharashtra,19.545,73.265,,,304.81,,,Tansa Wildlife Sanctuary,,https://en.wikipedia.org/wiki/Tansa_Wildlife_Sanctuary
Q106257541,Kitam bird sanctuary,Bird Sanctuary,,,IUCN category IV: Habitat/Species Management Area,Namchi district,Sikkim,27.1,88.333333333,,,6,,,,,https://en.wikipedia.org/wiki/Kitam_Bird_Sanctuary
Q106513444,Fakim Wildlife Sanctuary,Wildlife Sanctuary,,,IUCN category IV: Habitat/Species Management Area,Kiphire district,Nagaland,25.825528,94.954389,,,642,,,,,https://en.wikipedia.org/wiki/Fakim_Wildlife_Sanctuary
Q106675739,Udanti Wildlife Sanctuary,Wildlife Sanctuary,Udanti-Sitanadi Tiger Reserve,,IUCN category IV: Habitat/Species Management Area,Gariaband district,Chhattisgarh,20.0716,82.3223,,,237.27,,,,,https://en.wikipedia.org/wiki/Udanti_Wildlife_Sanctuary
Q107112206,Raimona National Park,National Park,,,IUCN category II: National Park,Kokrajhar district,Assam,26.65972,89.97611,,,,,,Raimona National Park,,https://en.wikipedia.org/wiki/Raimona_National_Park
Q107224583,Lonar Wildlife Sanctuary,Wildlife Sanctuary,,,IUCN category IV: Habitat/Species Management Area,Maharashtra,Maharashtra,19.975,76.5075,,,,,,,,https://en.wikipedia.org/wiki/Lonar_Wildlife_Sanctuary
Q107283783,Koka Wildlife Sanctuary,Wildlife Sanctuary,,,IUCN category IV: Habitat/Species Management Area,Maharashtra,Maharashtra,21.206861111,79.806333333,,,,,,,,https://en.wikipedia.org/wiki/Koka_Wildlife_Sanctuary
Q107313635,Itanagar Wildlife Sanctuary,Wildlife Sanctuary,,,IUCN category IV: Habitat/Species Management Area,Papum Pare district,Arunachal Pradesh,27.068472222,93.581361111,,,,,,,,https://en.wikipedia.org/wiki/Itanagar_Wildlife_Sanctuary
Q107324541,Mehao Wildlife Sanctuary,Wildlife Sanctuary,,,IUCN category IV: Habitat/Species Management Area,Arunachal Pradesh,Arunachal Pradesh,28.1575,95.94,,,,,,,,https://en.wikipedia.org/wiki/Mehao_Wildlife_Sanctuary
Q107404544,Aner Dam Wildlife Sanctuary,Wildlife Sanctuary,,,IUCN category IV: Habitat/Species Management Area,Maharashtra,Maharashtra,21.35,75.0225,,,,,,,,https://en.wikipedia.org/wiki/Aner_Dam_Wildlife_Sanctuary
Q949297,Jim Corbett National Park,National Park,,http://commons.wikimedia.org/wiki/Special:FilePath/Elephants%20Grass%20Sal%20Dhikala%20Corbett%20Reserve%20Dec2019%20R16%2002266.jpg,IUCN category II: National Park,Nainital district,Uttarakhand,29.53333333,78.93333333,Ramnagar,,1288,https://www.jimcorbetttravelguide.com/,http://commons.wikimedia.org/wiki/Special:FilePath/Corbett%20National%20Park.jpg,Jim Corbett National Park,16831555,https://en.wikipedia.org/wiki/Jim_Corbett_National_Park
Q969593,Kasu Brahmananda Reddy National Park,National Park,,http://commons.wikimedia.org/wiki/Special:FilePath/Kbrpark.jpg,IUCN category II: National Park,Hyderabad,Telangana,17.42,78.41,,,,,,Kasu Brahmananda Reddy National Park,,https://en.wikipedia.org/wiki/Kasu_Brahmananda_Reddy_National_Park
Q1143016,Kuno Wildlife Sanctuary,Wildlife Sanctuary,,http://commons.wikimedia.org/wiki/Special:FilePath/A%20well-fed%20bull%20in%20Kuno%20WS%20AJTJ%20P1070807.jpg,IUCN category IV: Habitat/Species Management Area,Madhya Pradesh,Madhya Pradesh,25.66666667,77.25,,,344.68,http://sheopur.nic.in/kuno.htm,,Kuno National Park,,https://en.wikipedia.org/wiki/Kuno_National_Park
Q1156717,Dachigam National Park,National Park,,http://commons.wikimedia.org/wiki/Special:FilePath/Sarband-kashmir.JPG,IUCN category II: National Park,Srinagar district,Jammu and Kashmir,34.14,75.02,Srinagar,,147,,,Dachigam National Park,,https://en.wikipedia.org/wiki/Dachigam_National_Park
Q1194252,Eravikulam National Park,National Park,Western Ghats,http://commons.wikimedia.org/wiki/Special:FilePath/33%20by%20N%20A%20Nazeer.JPG,IUCN category II: National Park,Idukki district; Ernakulam district,Kerala,10.2,77.083,Munnar,part of UNESCO World Heritage Site,12700,https://eravikulam.org/,http://commons.wikimedia.org/wiki/Special:FilePath/Eravikulam%20Banner.jpg,Eravikulam National Park,4148317,https://en.wikipedia.org/wiki/Eravikulam_National_Park
Q4848700,Baisipali Wildlife Sanctuary,Wildlife Sanctuary,,,IUCN category IV: Habitat/Species Management Area,Nayagarh district,Odisha,20.45,84.75,,,,,,,,https://en.wikipedia.org/wiki/Baisipalli_Wildlife_Sanctuary
Q4851306,Ballabhpur Wildlife Sanctuary,Wildlife Sanctuary,,,IUCN category IV: Habitat/Species Management Area,Bolpur Sriniketan community development block,West Bengal,23.685011,87.653021,Santiniketan,,,,,,,https://en.wikipedia.org/wiki/Ballabhpur_Wildlife_Sanctuary
Q4860066,Barda Wildlife Sanctuary,Wildlife Sanctuary,,,IUCN category IV: Habitat/Species Management Area,Porbandar district,Gujarat,21.851,69.699,Porbandar,,192.31,,,,,https://en.wikipedia.org/wiki/Barda_Wildlife_Sanctuary
Q4868136,Bassi Wildlife Sanctuary,Wildlife Sanctuary,,,IUCN category IV: Habitat/Species Management Area,Rajasthan,Rajasthan,25.025,74.85833056,Bassi,,,,,,,https://en.wikipedia.org/wiki/Bassi_Wildlife_Sanctuary
Q4898107,Bethuadahari Wildlife Sanctuary,Wildlife Sanctuary,,http://commons.wikimedia.org/wiki/Special:FilePath/Bethuadahari%20Wildlife%20Sanctuary%20-%20Indian%20National%20Highway%2034%20-%20Nadia%202013-03-23%207084.JPG,IUCN category IV: Habitat/Species Management Area,Nakashipara community development block,West Bengal,23.5975516,88.3920227,Bethuadahari,,,,http://commons.wikimedia.org/wiki/Special:FilePath/Entrance%20-%20Bethuadahari%20Wildlife%20Sanctuary%20-%20Indian%20National%20Highway%2034%20-%20Nadia%202013-03-23%207090%20%28cropped%29.JPG,Bethuadahari Wildlife Sanctuary,,https://en.wikipedia.org/wiki/Bethuadahari_Wildlife_Sanctuary
Q4900541,Bhadra Wildlife Sanctuary,Wildlife Sanctuary,,http://commons.wikimedia.org/wiki/Special:FilePath/2006-Tigers-and-Gaurs.jpg,,Chikkaballapura district,Karnataka,13.695477777,75.636813888,,,492.46,,,Bhadra Wildlife Sanctuary,,https://en.wikipedia.org/wiki/Bhadra_Wildlife_Sanctuary
Q4903011,Bibhutibhushan Wildlife Sanctuary,Wildlife Sanctuary,,http://commons.wikimedia.org/wiki/Special:FilePath/Parmadan%20Forest%2003.jpg,IUCN category IV: Habitat/Species Management Area,North 24 Parganas district,West Bengal,23.186178,88.762087,Bangaon,,,,http://commons.wikimedia.org/wiki/Special:FilePath/Parmadan%20Forest%2013%20%28banner%29.jpg,Bibhutibhushan Wildlife Sanctuary,,https://en.wikipedia.org/wiki/Bibhutibhushan_Wildlife_Sanctuary
Q4941109,Bonal Bird Sanctuary,Bird Sanctuary,,,,Yadgir district,Karnataka,16.52691111,76.65669722,,,,,,,,https://en.wikipedia.org/wiki/Bonal_Bird_Sanctuary
Q4941423,Bondla Wildlife Sanctuary,Wildlife Sanctuary,,,,,,15.4268,74.1136,,,,,http://commons.wikimedia.org/wiki/Special:FilePath/Bondla%20Banner.jpg,Bondla Wildlife Sanctuary,,https://en.wikipedia.org/wiki/Bondla_Wildlife_Sanctuary
Q4944241,Bor Wildlife Sanctuary,Wildlife Sanctuary,,http://commons.wikimedia.org/wiki/Special:FilePath/The%20soothing%20view.jpg,IUCN category IV: Habitat/Species Management Area,Wardha district,Maharashtra,20.9775,78.67583333,,,121.1,,,Bor Wildlife Sanctuary,,https://en.wikipedia.org/wiki/Bor_Wildlife_Sanctuary
Q4945104,Bori Wildlife Sanctuary,Wildlife Sanctuary,,,IUCN category IV: Habitat/Species Management Area,Madhya Pradesh,Madhya Pradesh,22.403,78.08,,,,,,,,https://en.wikipedia.org/wiki/Bori_Wildlife_Sanctuary
Q4955532,Brahmagiri Wildlife Sanctuary,Wildlife Sanctuary,Western Ghats,http://commons.wikimedia.org/wiki/Special:FilePath/Brahmagiri%20wildlife%20sanctuary.jpg,IUCN category IV: Habitat/Species Management Area,Karnataka,Karnataka,12.387,75.491,,part of UNESCO World Heritage Site,18129,,,Brahmagiri Wildlife Sanctuary,,https://en.wikipedia.org/wiki/Brahmagiri_Wildlife_Sanctuary
Q5054715,Cauvery Wildlife Sanctuary,Wildlife Sanctuary,,http://commons.wikimedia.org/wiki/Special:FilePath/River%20Cauvery%20at%20Cauvery%20Wildlife%20sanctuary%20AparnaK.jpg,IUCN category IV: Habitat/Species Management Area,Karnataka,Karnataka,12.17,77.543,Mandya,,1027.53,,,Cauvery Wildlife Sanctuary,,https://en.wikipedia.org/wiki/Cauvery_Wildlife_Sanctuary
Q5067785,Chail Sanctuary,Wildlife Sanctuary,,,IUCN category IV: Habitat/Species Management Area,Solan district,Himachal Pradesh,30.9599,77.1978,,,110,,,Chail Sanctuary,,https://en.wikipedia.org/wiki/Chail_Sanctuary
Q5068408,Chakrashila Wildlife Sanctuary,Wildlife Sanctuary,,,IUCN category IV: Habitat/Species Management Area,Assam,Assam,26.338,90.329,,,,,,,,https://en.wikipedia.org/wiki/Chakrashila_Wildlife_Sanctuary
Q5070917,Chandaka Elephant Sanctuary,Wildlife Sanctuary,,http://commons.wikimedia.org/wiki/Special:FilePath/Chandaka%20Forest%20and%20Elephant%20Reserve%2001.JPG,IUCN category IV: Habitat/Species Management Area,Khordha district,Odisha,20.36666667,85.76666667,Bhubaneswar,,,,,Chandaka Elephant Reserve,,https://en.wikipedia.org/wiki/Chandaka_Elephant_Sanctuary
Q5071304,Chandra Prabha Sanctuary,Wildlife Sanctuary,,,IUCN category IV: Habitat/Species Management Area,Uttar Pradesh,Uttar Pradesh,24.92785,83.11432,Varanasi,,,,,,,https://en.wikipedia.org/wiki/Chandra_Prabha_Wildlife_Sanctuary
Q5073423,Chapramari Wildlife Sanctuary,Wildlife Sanctuary,,http://commons.wikimedia.org/wiki/Special:FilePath/Chapramari%20Wildlife%20Sanctuary.jpg,IUCN category IV: Habitat/Species Management Area,West Bengal,West Bengal,26.8746424,88.8551019,Malbazar,,,,,Chapramari Wildlife Sanctuary,,https://en.wikipedia.org/wiki/Chapramari_Wildlife_Sanctuary
Q5074314,Chari-Dhand Wetland Conservation Reserve,,,,,,,23.56272222,69.413,,Ramsar site,,,,,,https://en.wikipedia.org/wiki/Chari-Dhand_Wetland_Conservation_Reserve
Q5101326,Chintamoni Kar Bird Sanctuary,Bird Sanctuary,,http://commons.wikimedia.org/wiki/Special:FilePath/Chintamani%20Kar%20Bird%20Sanactuary%2C%20Kolkata.JPG,IUCN category IV: Habitat/Species Management Area,Kolkata; Rajpur Sonarpur,West Bengal,22.4295,88.4007,,,,,,Chintamoni Kar Bird Sanctuary,,https://en.wikipedia.org/wiki/Chintamoni_Kar_Bird_Sanctuary
Q7125480,Pakhui Tiger Reserve,Tiger Reserve,,,IUCN category IV: Habitat/Species Management Area,East Kameng district,Arunachal Pradesh,27.08333333,92.85833333,,,861.95,,,Pakke Tiger Reserve,,https://en.wikipedia.org/wiki/Pakke_Tiger_Reserve
Q7126657,Palamau Tiger Reserve,Tiger Reserve,,,IUCN category IV: Habitat/Species Management Area,Jharkhand,Jharkhand,23.705555555,84.182222222,Medininagar,,,,,Palamau Tiger Reserve,,https://en.wikipedia.org/wiki/Palamau_Tiger_Reserve
Q7160147,Peechi-Vazhani Wildlife Sanctuary,Wildlife Sanctuary,,http://commons.wikimedia.org/wiki/Special:FilePath/Peechi%20Dam%20area%20-%20Dec%202011%200254.JPG,IUCN category IV: Habitat/Species Management Area,Kerala,Kerala,10.481,76.446,Thrissur,,,,,Peechi-Vazhani Wildlife Sanctuary,,https://en.wikipedia.org/wiki/Peechi-Vazhani_Wildlife_Sanctuary
Q7180496,Phansad Wildlife Sanctuary,Wildlife Sanctuary,,,IUCN category IV: Habitat/Species Management Area,Maharashtra,Maharashtra,18.344111111,73.059083333,,,,,,,,https://en.wikipedia.org/wiki/Phansad_Wildlife_Sanctuary
Q7193996,Pilibhit Tiger Reserve,Tiger Reserve,Pilibhit district; North India; South Asia; Bareilly division; Uttar Pradesh; India,http://commons.wikimedia.org/wiki/Special:FilePath/Sultan-%20largest%20amongst%20all%20the%20tigers%20at%20PTR.png,IUCN category IV: Habitat/Species Management Area,Uttar Pradesh,Uttar Pradesh,28.718811,80.071968,Khatima; Pilibhit; Puranpur,,730.24,https://pilibhittigerreserve.in/,http://commons.wikimedia.org/wiki/Special:FilePath/View%20of%20Pilibhit%20tiger%20reserve%2C%20from%20space%20with%20Sharda%20river%2C%20Gangetic%20Plain%2C%20and%20the%20Himalayas.jpg,Pilibhit Tiger Reserve,9474608,https://en.wikipedia.org/wiki/Pilibhit_Tiger_Reserve
Q7206203,Pobitora Wildlife Sanctuary,Wildlife Sanctuary,,,IUCN category IV: Habitat/Species Management Area,Morigaon district,Assam,26.24111111,92.03138889,Guwahati,,,,,Pobitora Wildlife Sanctuary,,https://en.wikipedia.org/wiki/Pobitora_Wildlife_Sanctuary
Q7206319,Pocharam Wildlife Sanctuary,Wildlife Sanctuary,,http://commons.wikimedia.org/wiki/Special:FilePath/A%20view%20from%20Pocharam%20Lake%20with%20Herons%2C%20Egrets%2C%20Openbills%20etc%20W%20IMG%209727.jpg,IUCN category IV: Habitat/Species Management Area,,,18.125,78.2,Medak,,,http://forest.ap.nic.in/WL%20POCHARAM.htm,,Pocharam Wildlife Sanctuary,,https://en.wikipedia.org/wiki/Pocharam_Wildlife_Sanctuary
Q7229958,Porbandar Bird Sanctuary,Bird Sanctuary,,,IUCN category IV: Habitat/Species Management Area,Porbandar district,Gujarat,21.635,69.619,,,,,,,,https://en.wikipedia.org/wiki/Porbandar_Bird_Sanctuary
Q7251264,protected area of Bihar,,,,,Bihar,Bihar,,,,,,,,,,https://en.wikipedia.org/wiki/Protected_areas_of_Bihar
Q7251273,protected area of Kerala,,,,,Kerala,Kerala,,,,,,,,,,https://en.wikipedia.org/wiki/List_of_protected_areas_of_Kerala
Q7261843,Pushpagiri Wildlife Sanctuary,Wildlife Sanctuary,Western Ghats; Karnataka,http://commons.wikimedia.org/wiki/Special:FilePath/Its%20not%20Day%20time%20%40Pushpagiri%20Wildlife%20Sanctuary.jpg,IUCN category IV: Habitat/Species Management Area,Karnataka,Karnataka,12.58333333,75.66666667,Somwarpet,part of UNESCO World Heritage Site,10259,,http://commons.wikimedia.org/wiki/Special:FilePath/Kumaraparvata%20Banner.jpg,Pushpagiri Wildlife Sanctuary,,https://en.wikipedia.org/wiki/Pushpagiri_Wildlife_Sanctuary
Q3091771,Ntangki National Park,National Park,,,IUCN category II: National Park,Peren district,Nagaland,25.56,93.45,,,,,,,,https://en.wikipedia.org/wiki/Ntangki_National_Park
Q3091867,Mathikettan Shola National Park,National Park,,http://commons.wikimedia.org/wiki/Special:FilePath/Indian%20Elephant.jpeg,IUCN category II: National Park,Idukki district,Kerala,10.03333333,77.13333333,Munnar,,,,,Mathikettan Shola National Park,,https://en.wikipedia.org/wiki/Mathikettan_Shola_National_Park
Q3092307,Mrugavani National Park,National Park,,http://commons.wikimedia.org/wiki/Special:FilePath/Daboia%20head.jpg,IUCN category II: National Park,,,17.35777778,78.34111111,Hyderabad,,,,,Mrugavani National Park,,https://en.wikipedia.org/wiki/Mrugavani_National_Park
Q3092314,Mahavir Harina Vanasthali National Park,National Park,,http://commons.wikimedia.org/wiki/Special:FilePath/Common%20Hawk%20Cuckoo%20%28Cuculus%20varius%29%20in%20Hyderabad%20W%20IMG%207381.jpg,IUCN category II: National Park,Hyderabad district,Telangana,17.34,78.58583333,Hyderabad,,,,,Mahavir Harina Vanasthali National Park,,https://en.wikipedia.org/wiki/Mahavir_Harina_Vanasthali_National_Park
Q3092341,Sanjay National Park,National Park,,http://commons.wikimedia.org/wiki/Special:FilePath/Oriolus%20xanthornus%2C%20Black-hooded%20Oriole%2C%20India%202013.jpg,IUCN category II: National Park,,,23.968611111,81.655277777,Sidhi,,,,,Sanjay National Park,,https://en.wikipedia.org/wiki/Sanjay_National_Park
Q3092357,Van Vihar National Park,National Park,,http://commons.wikimedia.org/wiki/Special:FilePath/Alligator%20at%20Van%20Vihar%20National%20Park.jpg,IUCN category II: National Park,Bhopal district,Madhya Pradesh,23.22948,77.36977,,,,https://vanviharnationalpark.org/,,Van Vihar National Park,,https://en.wikipedia.org/wiki/Van_Vihar_National_Park
Q3143047,Mouling National Park,National Park,,http://commons.wikimedia.org/wiki/Special:FilePath/Tragopan%20blythii01.jpg,IUCN category II: National Park,,,28.58333333,94.86666667,,,,,,,,https://en.wikipedia.org/wiki/Mouling_National_Park
Q3174875,Nokrek National Park,National Park,,http://commons.wikimedia.org/wiki/Special:FilePath/Jhum%20cultivation%20in%20Nokrek%20Biosphere%20Reserve%20Meghalaya%20India%20Northeast%20India%202004.jpg,IUCN category II: National Park,,,25.53333333,90.11666667,,,,,,Nokrek National Park,,https://en.wikipedia.org/wiki/Nokrek_National_Park
Q3174886,Govind Pashu Vihar Wildlife Sanctuary,Wildlife Sanctuary,,http://commons.wikimedia.org/wiki/Special:FilePath/Har%20Ki%20Dun.jpg,IUCN category IV: Habitat/Species Management Area,Uttar Pradesh,Uttar Pradesh,30.73333333,78.45,,,485.89,,,,,https://en.wikipedia.org/wiki/Govind_Pashu_Vihar_Wildlife_Sanctuary
Q107410387,Amba Barwa Wildlife Sanctuary,Wildlife Sanctuary,,,IUCN category IV: Habitat/Species Management Area,Maharashtra,Maharashtra,21.222305555,76.648666666,,,,,,,,https://en.wikipedia.org/wiki/Amba_Barwa_Wildlife_Sanctuary
Q107410544,Yedsi Ramling Ghat Wildlife Sanctuary,Wildlife Sanctuary,,,IUCN category IV: Habitat/Species Management Area,Maharashtra,Maharashtra,18.305,75.94,,,,,,,,https://en.wikipedia.org/wiki/Yedsi_Ramling_Ghat_Wildlife_Sanctuary
Q107674396,Behali Reserved Forest,,,http://commons.wikimedia.org/wiki/Special:FilePath/BehaliRF.jpg,,Assam; Bishwanath district; Behali Vidhan Sabha constituency,Assam,26.908888888,93.308055555,,,140,https://sites.google.com/view/ethnobotanyofnortheastindia/flora/behali-reserve-forest,,Behali Reserved Forest,,https://en.wikipedia.org/wiki/Behali_Wildlife_Sanctuary
Q109905245,Nangal Wildlife Sanctuary,Wildlife Sanctuary,,,IUCN category IV: Habitat/Species Management Area,Punjab,Punjab,31.4025,76.37,,,,,,,,https://en.wikipedia.org/wiki/Nangal_Wildlife_Sanctuary
Q109974015,Chincholi Wildlife Sanctuary,Wildlife Sanctuary,,,IUCN category IV: Habitat/Species Management Area,Kalaburgi district,Karnataka,17.5,77.5,,,134.88,,,Chincholi Wildlife Sanctuary,,https://en.wikipedia.org/wiki/Chincholi_Wildlife_Sanctuary
Q109974038,Siju Wildlife Sanctuary,Wildlife Sanctuary,,http://commons.wikimedia.org/wiki/Special:FilePath/Pond%20Siju%20Bird%20Sanctuary%20Meghalaya%20Oct24%20A7CR%2004013.jpg,IUCN category IV: Habitat/Species Management Area,Manipur,Manipur,25.337777777,90.686388888,,,,,,Siju Wildlife Sanctuary,,https://en.wikipedia.org/wiki/Siju_Wildlife_Sanctuary
Q109974258,Pulie Badze Wildlife Sanctuary,Wildlife Sanctuary,,,IUCN category IV: Habitat/Species Management Area,Nagaland,Nagaland,25.6107,94.0623,,,,,,,,https://en.wikipedia.org/wiki/Pulie_Badze_Wildlife_Sanctuary
Q109974510,Shettihalli Wildlife Sanctuary,Wildlife Sanctuary,,,IUCN category IV: Habitat/Species Management Area,Karnataka,Karnataka,13.85,75.438888888,,,,,,,,https://en.wikipedia.org/wiki/Shettihalli_Wildlife_Sanctuary
Q110078182,Abohar Wildlife Sanctuary,Wildlife Sanctuary,,,IUCN category IV: Habitat/Species Management Area,Punjab,Punjab,30.025,74.344444444,,,,,,,,https://en.wikipedia.org/wiki/Abohar_Wildlife_Sanctuary
Q110078183,Arabithittu Wildlife Sanctuary,Wildlife Sanctuary,,,IUCN category IV: Habitat/Species Management Area,Karnataka,Karnataka,12.323611111,76.405555555,,,,,,,,https://en.wikipedia.org/wiki/Arabithittu_Wildlife_Sanctuary
Q110078279,Nugu Wildlife Sanctuary,Wildlife Sanctuary,,,IUCN category IV: Habitat/Species Management Area,Karnataka,Karnataka,11.930555555,76.455555555,,,,,,,,https://en.wikipedia.org/wiki/Nugu_Wildlife_Sanctuary
Q110442683,Kamrunag Lake,,,,,,,31.473055555,77.05,,,,,,,,https://en.wikipedia.org/wiki/Kamrunag_Lake
Q110460281,Yangoupokpi-Lokchao Wildlife Sanctuary,Wildlife Sanctuary,,http://commons.wikimedia.org/wiki/Special:FilePath/Purple%20Sapphire%20Heliophorus%20epicles%20UP%20by%20Dr.%20Raju%20Kasambe%20DSC%208697%20%283%29.jpg,IUCN category IV: Habitat/Species Management Area,Manipur; Chandel district,Manipur,24.32,94.23,,,184.8,,http://commons.wikimedia.org/wiki/Special:FilePath/Yangoupokpi%20Lokchao%20WLS%20Manipur%20by%20Dr%20Raju%20Kasambe%20%281%29%2001%20%28cropped%29.jpg,Yangoupokpi-Lokchao Wildlife Sanctuary,,https://en.wikipedia.org/wiki/Yangoupokpi-Lokchao_Wildlife_Sanctuary
Q111169695,Tirthan Wildlife Sanctuary,Wildlife Sanctuary,,,IUCN category IV: Habitat/Species Management Area,Himachal Pradesh,Himachal Pradesh,31.619444444,77.547222222,,,,,,,,https://en.wikipedia.org/wiki/Tirthan_Wildlife_Sanctuary
Q111181101,Limber Wildlife Sanctuary,Wildlife Sanctuary,,,IUCN category IV: Habitat/Species Management Area,Baramulla district,Jammu and Kashmir,34.189166666,74.165833333,,,,,,,,https://en.wikipedia.org/wiki/Limber_Wildlife_Sanctuary
Q111181635,Nellai Wildlife Sanctuary,Wildlife Sanctuary,,,,,,9.1,77.266666666,,,,,,,,https://en.wikipedia.org/wiki/Nellai_Wildlife_Sanctuary
Q111181702,Singphan Wildlife Sanctuary,Wildlife Sanctuary,,,,,,,,,,,,,,,https://en.wikipedia.org/wiki/Singphan_Wildlife_Sanctuary
Q111181960,Talra Wildlife Sanctuary,Wildlife Sanctuary,,,IUCN category IV: Habitat/Species Management Area,Himachal Pradesh,Himachal Pradesh,31.017,77.779,,,,,,,,https://en.wikipedia.org/wiki/Talra_Wildlife_Sanctuary
Q111913930,Thimlapura Wildlife Sanctuary,Wildlife Sanctuary,,,IUCN category IV: Habitat/Species Management Area,Karnataka,Karnataka,13.3787,77.1842,,,,,,,,https://en.wikipedia.org/wiki/Thimlapura_Wildlife_Sanctuary
Q112136896,Kadalundi–Vallikkunnu Community Reserve,,,,,,,11.139333333,75.831222222,,,,,,,,https://en.wikipedia.org/wiki/Kadalundi%E2%80%93Vallikkunnu_Community_Reserve
Q112193588,Gundla Brahmeswaram Wildlife Sanctuary,Wildlife Sanctuary,,,IUCN category IV: Habitat/Species Management Area,Andhra Pradesh,Andhra Pradesh,15.661178,78.745231,,,,,,,,https://en.wikipedia.org/wiki/Gundla_Brahmeswaram_Wildlife_Sanctuary
Q112252264,Bukkapatna Chinkara Wildlife Sanctuary,Wildlife Sanctuary,,,IUCN category IV: Habitat/Species Management Area,Karnataka,Karnataka,13.6497129,76.7466378,,,,,,,,https://en.wikipedia.org/wiki/Bukkapatna_Chinkara_Wildlife_Sanctuary
Q112252408,Yadahalli Chinkara Wildlife Sanctuary,Wildlife Sanctuary,,,IUCN category IV: Habitat/Species Management Area,Karnataka,Karnataka,16.379153,75.448223,,,,,,,,https://en.wikipedia.org/wiki/Yadahalli_Chinkara_Wildlife_Sanctuary
Q112252433,Rangayyanadurga Four–horned antelope Wildlife Sanctuary,Wildlife Sanctuary,,,IUCN category IV: Habitat/Species Management Area,Karnataka,Karnataka,14.533333333,76.116666666,,,,,,,,https://en.wikipedia.org/wiki/Rangayyanadurga_Four%E2%80%93horned_antelope_Wildlife_Sanctuary
Q112252443,Ramadevarabetta Vulture Sanctuary,Wildlife Sanctuary,,,IUCN category IV: Habitat/Species Management Area,Karnataka,Karnataka,12.7531984,77.3013674,,,,,,,,https://en.wikipedia.org/wiki/Ramadevarabetta_Vulture_Sanctuary
Q113133799,Garbhanga Wildlife Sanctuary,Wildlife Sanctuary,,http://commons.wikimedia.org/wiki/Special:FilePath/Garbhanga%20Wildlife%20Sanctuary.jpg,IUCN category IV: Habitat/Species Management Area,Guwahati,Assam,26.093333333,91.749166666,,,117,,,,,https://en.wikipedia.org/wiki/Garbhanga_Wildlife_Sanctuary
Q113336061,Mahuadanr Wolf Sanctuary,Wildlife Sanctuary,,,IUCN category IV: Habitat/Species Management Area,Jharkhand,Jharkhand,23.433333333,84.033333333,,,,,,,,https://en.wikipedia.org/wiki/Mahuadanr_Wolf_Sanctuary
Q113396038,Painganga Wildlife Sanctuary,Wildlife Sanctuary,,http://commons.wikimedia.org/wiki/Special:FilePath/Painganga-Wildlife-Sanctuary.jpg,IUCN category IV: Habitat/Species Management Area,Maharashtra,Maharashtra,19.586111111,78.041666666,,,325,,,Painganga Wildlife Sanctuary,,https://en.wikipedia.org/wiki/Painganga_Wildlife_Sanctuary
Q115804851,Dadra and Nagar Haveli Wildlife Sanctuary,Wildlife Sanctuary,,,IUCN category IV: Habitat/Species Management Area,Dadra and Nagar Haveli district,Dadra and Nagar Haveli and Daman and Diu,20.2899,73.0949,,,,,,,,https://en.wikipedia.org/wiki/Dadra_and_Nagar_Haveli_Wildlife_Sanctuary
Q3895706,Q3895706,,,,,,,,,,,,,,,,
Q7251289,protected area of West Bengal,,,,,West Bengal,West Bengal,,,,,,,,Protected areas in West Bengal,,
Q14205920,Begur Wildlife Sanctuary,Wildlife Sanctuary,,,,,,11.84763,76.0853,,,,,,,,
Q14924965,Jarwa Reserve,,,,,Andaman and Nicobar Islands,Andaman and Nicobar Islands,,,,,,,http://commons.wikimedia.org/wiki/Special:FilePath/Jarwa%20Reserve%20Banner.JPG,,,
Q16137059,Q16137059,,,,,Kerala,Kerala,11.918333333,75.414166666,,,,,,,,
Q16895017,Mehao Wildlife Sanctuary,Wildlife Sanctuary,,,,Lower Dibang Valley district,Arunachal Pradesh,28.25,93.5,,,,,,,,
Q17564493,Q17564493,,,,,,,27.066667,94.5,,,,,,,,
Q20817200,Victoria Park,,,http://commons.wikimedia.org/wiki/Special:FilePath/Victoria%20park%20in%20bhavnagar.jpg,IUCN category V: Protected Landscape/Seascape,Bhavnagar,Gujarat,21.7461058,72.1293379,,,,,,,,
Q21076345,Q21076345,,,,,YSR  Kadapa district,Andhra Pradesh,14.242908,79.165074,,,,,,,,
Q22771835,Gulf of Mannar,,,,,,,8.81,78.63,,,,,,Gulf of Mannar,,
Q22806742,Nokrek,,,,,,,25.4855,90.338,,,,,,,,
Q26794308,Neyyar Wildlife Reserve,Wildlife Sanctuary,,,,Tamil Nadu,Tamil Nadu,8.48875,77.24725,,,,,,,,
Q26794312,Shendurney Wildlife Reserve,Wildlife Sanctuary,,,,Kerala,Kerala,8.81061,77.13658,,,,,,,,
Q31856901,CEE Ahmedabad,,,,,Ahmedabad,Gujarat,23.04467,72.51873,,,,,,,,
Q54833564,Similipal Biosphere Reserve,,,,,,,,,,,,,,,,
Q60398704,Marine Sanctuary (Gulf of Kutch),Wildlife Sanctuary,,,IUCN category IV: Habitat/Species Management Area,Gujarat,Gujarat,,,,,295.03,,,,,
Q63258902,Lumding Reserve Forest,,,,,,,,,,,,,,,,
Q66004174,Padinalknad Reserved Forest,,Western Ghats,,,,,12.5464,75.7078,,part of UNESCO World Heritage Site,18476,,,,,
Q66004175,Kerti Reserved Forest,,Western Ghats,,,,,12.5464,75.7078,,part of UNESCO World Heritage Site,7904,,,,,
Q66004181,Someshwara Reserved Forest,,Western Ghats,,,,,13.4997,75.1006,,part of UNESCO World Heritage Site,11292,,,,,
Q66004184,Balahalli Reserved Forest,,Western Ghats,,,,,13.4997,75.1006,,part of UNESCO World Heritage Site,2263,,,,,
Q91608821,Harmandir Sahib Sarovar,,Sikhism,http://commons.wikimedia.org/wiki/Special:FilePath/Beri%202%20Beri%20%282145514996%29.jpg,,Amritsar,Punjab,,,,,,,,Amrit Sarovar,,
Q95993206,Poba Rainforest,,,,,Dhemaji district,Assam,27.836388888,95.295833333,,,,,,,,
Q97266685,Q97266685,,,,,,,,,,,,,,,,
Q97286369,Agumbe Reserved Forest,,Western Ghats,,,Karnataka,Karnataka,13.56,75.08,,part of UNESCO World Heritage Site,5709,,,,,
Q97353441,Kulathupuzha Range Reserved Forest,,Western Ghats,,,Kerala,Kerala,8.8,77.166666666,,part of UNESCO World Heritage Site,20000,http://www.forest.kerala.gov.in/index.php/kollam/kulathupuzha-eco-tourism,,,,
Q97356733,Palode Range Reserved Forest,,,,,Kerala,Kerala,8.8,77.166666666,,part of UNESCO World Heritage Site,16500,,,,,
Q97359098,Kalikavu Range Reserved Forest,,Western Ghats,,,Kerala,Kerala,11.166666666,76.383333333,,part of UNESCO World Heritage Site,11705,,,,,
Q97361053,Attapadi Reserved Forest,,,,,Kerala,Kerala,11.133333333,76.466666666,,part of UNESCO World Heritage Site,6575,,,,,
Q97361413,Mankulam Range Forest,,Western Ghats,,,Kerala,Kerala,10.083333333,76.916666666,,part of UNESCO World Heritage Site,5284,,,,,
Q97378981,Achankovil Forest Division,,,,,Kerala,Kerala,9.116666666,77.15,,part of UNESCO World Heritage Site,21990,,,,,
Q97379507,Tirunelveli (North) Forest (part),,,,,Tamil Nadu,Tamil Nadu,9.216666666,77.283333333,,part of UNESCO World Heritage Site,23467,,,,,
Q99342657,Chaprala Wildlife Sanctuary,Wildlife Sanctuary,,http://commons.wikimedia.org/wiki/Special:FilePath/View%20of%20Chaprala%20Wildlife%20Sanctuary.jpg,,Gadchiroli district,Maharashtra,19.665,79.828611111,,,882.22,,,,,
Q105006844,Rani Reserve Forest,,,,,Kamrup district,Assam,26.33333333,91.45,,,,,,,,
Q105007089,Garbhanga Reserve Forest,,,,,Kamrup district,Assam,26.050775605,91.686896833,,,,,,Garbhanga Forest Reserve,,
Q105007335,Dabaka Reserve Forest,,,,,Hojai district,Assam,26.11666667,92.86916667,,,,,,,,
Q105007584,Amsoi Reserve Forest,,,,,,Assam,26.21666667,92.7,,,,,,,,
Q105007857,Khalingduar Reserve Forest,,,,,Udalguri district,Assam,26.26666667,92.71666667,,,,,,,,
Q105016261,Kakoi Reserve Forest,,,,,Lakhimpur district,Assam,,,,,,,,,,
Q105016373,Dulung Reserve Forest,,,,,Lakhimpur district,Assam,,,,,,,,,,
Q105037560,Pava Reserve Forest,,,,,Lakhimpur district,Assam,,,,,,,,,,
Q105037565,Ranga Reserve Forest,,,,,Lakhimpur district,Assam,,,,,,,,,,
Q105565134,Badsaitilla Reserve Forest,,,,,Sribhumi district,Assam,24.33,92.35,,,,,,,,
Q105581798,Benog Wildlife Sanctuary,Wildlife Sanctuary,,,,Dehradun district,Uttarakhand,,,,,,,,,,
Q105582267,Gadchiroli Reserve Forest,,,,,Gadchiroli district,Maharashtra,,,,,,https://gadchiroli.gov.in/tourist-place/chaprala-wildlife-sanctuary/,,,,
Q105582909,Guma Reserve Forest,,,,,Kokrajhar district,Assam,,,,,,,,,,
Q105741263,Dilli Reserve Forest,,,,,Dibrugarh district,Assam,27.10388889,95.295,,,,,,,,
Q105741350,Abhaypur Reserve Forest,,,,,Sivasagar district,Assam,27.14333333,95.37305556,,,,,,,,
Q105741355,Kakaijana Wildlife Sanctuary,Wildlife Sanctuary,,,,,,,,,,,,,,,
Q105741365,Tipong Reserve Forest & Lekhapani Reserve Forest,,,,,Tinsukia district,Assam,27.53888889,95.32444444,,,,,,,,
Q105741417,Tinkupani Reserve Forest,,,,,Tinsukia district,Assam,27.52444444,95.32555556,,,,,,,,
Q105741437,Jeypore Reserve Forest,,,,,Dibrugarh district,Assam,27.43111111,95.36055555,,,,,,,,
Q105741468,Bhorjan Reserve Forest,,,,,Tinsukia district,Assam,27.52222222,95.32083333,,,,,,,,
Q105741579,Bherjan Reserve Forest,,,,,Tinsukia district,Assam,26.97,94.95055556,,,,,,,,
Q105741735,Padumoni Reserve Forest,,,,,Tinsukia district,Assam,26.95972222,94.95777778,,,,,,,,
Q105742081,Tirap Reserve Forest,,,,,Tinsukia district,Assam,,,,,,,,,,
Q105944439,Khijadia Bird Sanctuary,Bird Sanctuary,,,,Jamnagar district,Gujarat,,,,,,,,,,
Q106240301,Nandankanan Wildlife Sanctuary,Wildlife Sanctuary,,,,,,,,,,4.37,,,,,
Q106258746,Tso Lhamo Cold Desert Conservation Area,,,,,Mangan district,Sikkim,28.028611111,88.754722222,,,50000,,,,,
Q106258797,Rabdentse Bird Sanctuary,Bird Sanctuary,,,,Gyalshing district,Sikkim,,,,,,,,,,
Q106416493,Ramanagara Ramdevara Betta Vulture Sanctuary,Wildlife Sanctuary,,,,Bengaluru South District,Karnataka,12.7531984,77.3013674,,,7.08,,,,,
Q106513464,Ghosu Bird Sanctuary,Bird Sanctuary,,,,Zunheboto district,Nagaland,,,,,650,,,,,
Q106554851,Kholahat Reserve Forest,,,,,Morigaon district,Assam,,,,,,,,,,
Q106558419,Panbari Reserve Forest,,,,,Golaghat district,Assam,,,,,,,,,,
Q106581340,Singchung Bugun Community Reserve,,,,,West Kameng district,Arunachal Pradesh,,,,,17,,,,,
Q106618087,Narrai Reserve Forest,,,,,Jabalpur district,Madhya Pradesh,,,,,,,,,,
Q106618190,Kheoni Wildlife Sanctuary,Wildlife Sanctuary,,,,Sehore district,Madhya Pradesh,,,,,,,,,,
Q106618218,Ratapani Sanctuary,Wildlife Sanctuary,,,,Raisen district,Madhya Pradesh,,,,,,,,,,
Q106618225,Ralamandal Sanctuary,Wildlife Sanctuary,,,,Indore district,Madhya Pradesh,,,,,,,,,,
Q106619912,Gandhisagar Sanctuary,Wildlife Sanctuary,,,,Neemuch district,Madhya Pradesh,,,,,,,,,,
Q106625198,Pachmari Biosphere Reserve,,,http://commons.wikimedia.org/wiki/Special:FilePath/Pachmari.jpg,,Narmadapuram district,Madhya Pradesh,,,,,,,,,,
Q106673573,Tipeshwar Wildlife Sanctuary,Wildlife Sanctuary,,,IUCN category IV: Habitat/Species Management Area,Yavatmal district,Maharashtra,19.9056,78.4452,,,148.63,,,Tipeshwar Wildlife Sanctuary,,
Q106674048,Nawegaon Wildlife Sanctuary,Wildlife Sanctuary,,,IUCN category IV: Habitat/Species Management Area,Gondia district,Maharashtra,20.993,80.2788,,,122.76,,,,,
Q106674990,Bhitarkanika Wildlife Sanctuary,Wildlife Sanctuary,,http://commons.wikimedia.org/wiki/Special:FilePath/Bhitarkanika%20Wildlife%20Sanctuary%2C%202015%20%286%29.jpg,IUCN category IV: Habitat/Species Management Area,Kendrapara district,Odisha,20.6066,86.8037,,,525,,,Bhitarkanika Wildlife Sanctuary,,
Q106675711,Udanti-Sitanadi Tiger Reserve,Tiger Reserve,,,,Dhamtari district,Chhattisgarh,20.2388,82.1132,,,1842.54,,,,,
Q106684744,Biligiri Rangaswamy Temple Wildlife Sanctuary,Wildlife Sanctuary,,http://commons.wikimedia.org/wiki/Special:FilePath/Biligirirangan%20Hills%20View.jpg,IUCN category IV: Habitat/Species Management Area,Chamarajanagar district,Karnataka,11.9725,77.1515,,,539.52,,,Biligiriranga Hills Wildlife Sanctuary,,
Q110832949,Shankarghola Forest Reserve,,,,,Bongaigaon district,Assam,26.3077185,90.5318651,,,,,,,,
Q115805135,Tizu Valley Community Conserved Areas,,,,,Zunheboto district,Nagaland,25.831332,94.514029,,,,,,,,
Q115857274,Debogram Reserve Forest,,,,,Nadia district,West Bengal,23.157857,88.652137,,,,,,,,
Q115857272,Bankimnagar Forest,,,,,Nadia district,West Bengal,23.215253,88.587036,,,,,,,,
Q115857278,Hijuli Reserve Forest,,,,,Nadia district,West Bengal,23.184617,88.575442,,,,,,,,
Q117054524,Khisma Reserve Forest,,,,,Nadia district,West Bengal,23.252907,88.592255,,,,,,,,
Q117055501,Joypur forest,,,,,Joypur community development block,West Bengal,23.053061,87.443512,,,,,,,,
Q117057449,Arabari Range Forest,,,,,Paschim Medinipur district,West Bengal,22.656144,87.367709,,,,,,,,
Q117057454,Shalboni Forest Range,,,,,Paschim Medinipur district,West Bengal,22.637624,87.264472,,,,,,,,
Q124249813,Tanba Forest,,,,,Hooghly district,West Bengal,23.0642743,87.0141653,,,,,,,,
Q124393008,Duarsini Forest,,,,,Purulia district,West Bengal,22.7637644,86.4490349,,,,,,,,
Q124393029,Bhadur forest,,,,,,,22.9364123,87.7469917,,,,,,,,
Q124393073,Garh Jungle,,,,,Paschim Bardhaman district,West Bengal,23.5995177,87.3558708,,,,,,,,
Q124393094,Ranja Forest,,,,,Paschim Medinipur district,West Bengal,22.6111386,87.1614811,,,,,,,,
Q124698479,Narpuh Reserved Forest,,,,,Meghalaya,Meghalaya,25.108355283,92.400881814,,,,,,Narpuh Reserved Forest,,
Q125662386,Attappadi Reserve Forest,,,,,Attappadi Taluk,Kerala,,,,,,,,Attappadi Reserve Forest,,
Q125948392,Sālīwāra Reserved Forest,,,,,Madhya Pradesh,Madhya Pradesh,22.44405,80.0806,,,,,,,,
Q127499823,Amrabad Tiger Reserve,Tiger Reserve,,http://commons.wikimedia.org/wiki/Special:FilePath/Amrabad%20Tiger%20Reserve%20entrance%2C%20Telangana.jpg,,Telangana,Telangana,16.3557,78.8335,,,,,,,,
Q130492163,Bogoli Reserve Forest,,,,,,,27.1598699,93.8477224,,,,,,,,
Q134457402,Lachipora Wildlife Sanctuary,Wildlife Sanctuary,,http://commons.wikimedia.org/wiki/Special:FilePath/Snow%20clapped%20mountain%20peak%20of%20Lachipora%20Wildlife%20Sanctuary%20Baramulla%20Uri.jpg,,Baramulla district,Jammu and Kashmir,34.203611111,74.058055555,,,,,,Lachipora Wildlife Sanctuary,,
Q134484578,Satajaan Bird Sanctuary,Bird Sanctuary,,,,Lakhimpur district,Assam,,,,,,,,,,
Q137281671,Rangapahar Reserve Forest,,,,,Dimapur district,Nagaland,25.8578981,93.6898874,,,,,,,,
Q137285407,Balikiari Reserve Forest,,,,,Dhenkanal district,Odisha,20.653711,85.3725038,,,,,,,,
Q137368881,Selbagre Hoolock Gibbon Reserve,,,,,West Garo Hills district,Meghalaya,25.596067,90.345169,,,,,,,,
Q140306443,Arial Island Wildlife Sanctuary,Wildlife Sanctuary,,,,Andaman and Nicobar Islands,Andaman and Nicobar Islands,12.1493889,92.8453056,,,,,,,,
Q16155392,Bhindawas Wildlife Sanctuary,Wildlife Sanctuary,,,IUCN category IV: Habitat/Species Management Area,Haryana; Jhajjar district,Haryana,28.5326,76.5515,,,,,,,,https://en.wikipedia.org/wiki/Bhindawas_Wildlife_Sanctuary
Q16253187,Bankapur Peacock Sanctuary,Wildlife Sanctuary,,,,,,14.92,75.262,,,,,,,,https://en.wikipedia.org/wiki/Bankapura_Peacock_Sanctuary
Q16847439,Indira Gandhi Wildlife Sanctuary,Wildlife Sanctuary,,,,,,,,,,,,,,,https://en.wikipedia.org/wiki/Indira_Gandhi_Wildlife_Sanctuary
Q16887542,Netravali Wildlife Sanctuary,Wildlife Sanctuary,,,IUCN category IV: Habitat/Species Management Area,Goa,Goa,15.1085,74.2561,,,,,,,,https://en.wikipedia.org/wiki/Netravali_Wildlife_Sanctuary
Q22948452,Ervadi Dargah Sharif,,,http://commons.wikimedia.org/wiki/Special:FilePath/Erwadidurgah.jpg,,Ramanathapuram district,Tamil Nadu,9.25,78.851,,,,,,Erwadi Dargah Shariff,,https://en.wikipedia.org/wiki/Erwadi_dargah
Q23581251,Jayakwadi Bird Sanctuary,Bird Sanctuary,,,IUCN category IV: Habitat/Species Management Area,Maharashtra,Maharashtra,19.5666,75.2122,,,,,,,,https://en.wikipedia.org/wiki/Jayakwadi_Bird_Sanctuary
Q23995986,Sukhna Lake Wildlife Sanctuary,Wildlife Sanctuary,,http://commons.wikimedia.org/wiki/Special:FilePath/Entrance%20of%20Sukhna%20Wildlife%20Sanctuary%2CChandigarh%2C%20India.JPG,IUCN category IV: Habitat/Species Management Area,Chandigarh,Chandigarh,30.7757,76.8512,,,25.98,,,Sukhna Wildlife Sanctuary,,https://en.wikipedia.org/wiki/Sukhna_Wildlife_Sanctuary
Q24906034,Sri Penusila Narasimha Wildlife Sanctuary,Wildlife Sanctuary,,,IUCN category IV: Habitat/Species Management Area,Andhra Pradesh,Andhra Pradesh,14.00916667,79.46383333,Nellore,,,,,,,https://en.wikipedia.org/wiki/Sri_Penusila_Narasimha_Wildlife_Sanctuary
Q24931842,Bisle Reserve Forest,,,http://commons.wikimedia.org/wiki/Special:FilePath/Bisle-ReserverForest.jpg,,Karnataka,Karnataka,12.732,75.677,,,,,,Bisle Reserve Forest,,https://en.wikipedia.org/wiki/Bisle_Reserve_Forest
Q24945625,Todgarh-Raoli Sanctuary,Wildlife Sanctuary,,http://commons.wikimedia.org/wiki/Special:FilePath/An%20inside%20view%20of%20Todgargh%20Rawali%20Sanctuary..jpg,IUCN category IV: Habitat/Species Management Area,Rajasthan,Rajasthan,25.658333333,73.873611111,,,,,,,,https://en.wikipedia.org/wiki/Todgarh-Raoli_Wildlife_Sanctuary
Q24946728,Sitanadi Wildlife Sanctuary,Wildlife Sanctuary,Udanti-Sitanadi Tiger Reserve,http://commons.wikimedia.org/wiki/Special:FilePath/Deep%20Forest%20at%20Sitanadi%20Wildlife%20Sanctuary%20of%20Chattisgharh.jpg,IUCN category IV: Habitat/Species Management Area,Dhamtari district,Chhattisgarh,20.1857,81.9362,,,553.36,,,Sitanadi Wildlife Sanctuary,,https://en.wikipedia.org/wiki/Sitanadi_Wildlife_Sanctuary
Q24948250,Malai Mahadeshwara Wildlife Sanctuary,Wildlife Sanctuary,,http://commons.wikimedia.org/wiki/Special:FilePath/A%20view%20of%20M%20M%20Hills%20Wildlife%20Sanctuary.jpg,IUCN category IV: Habitat/Species Management Area,Karnataka,Karnataka,11.962,77.442,,,,,,,,https://en.wikipedia.org/wiki/Male_Mahadeshwara_Wildlife_Sanctuary
Q24950096,Kakoijana Reserved Forest,,,,,Bongaigaon district,Assam,26.55,91.0075,,,,http://bongaigaon.gov.in/kakoijana2.htm,,,,https://en.wikipedia.org/wiki/Kakoijana_reserved_forest
Q26794303,Changthang Wildlife Sanctuary,Wildlife Sanctuary,,,IUCN category IV: Habitat/Species Management Area,Leh district,Ladakh,33.43355,78.47771,,,,,http://commons.wikimedia.org/wiki/Special:FilePath/Pangong%20Tso%20lake%20banner.jpg,,,https://en.wikipedia.org/wiki/Changthang_Wildlife_Sanctuary
Q28173945,Khonoma Nature Conservation and Tragopan Sanctuary,Wildlife Sanctuary,,,,,,25.6267,94.0021,Kohima,,,,,,,https://en.wikipedia.org/wiki/Khonoma_Nature_Conservation_and_Tragopan_Sanctuary
Q28174315,Kapilasa Wildlife Sanctuary,Wildlife Sanctuary,,,IUCN category IV: Habitat/Species Management Area,Odisha,Odisha,20.7073695,85.8017064,Dhenkanal,,,,,,,https://en.wikipedia.org/wiki/Kapilasa_Wildlife_Sanctuary
Q28408400,Ultapani Reserve Forest,,,,,Kokrajhar district,Assam,26.7001611,90.2771247,,,,,,,,https://en.wikipedia.org/wiki/Ultapani_Reserve_Forest
Q30593531,Phulwari ki Nal Wildlife Sanctuary,Wildlife Sanctuary,,http://commons.wikimedia.org/wiki/Special:FilePath/Rock%20formations%20in%20or%20near%20the%20Phulwari%20ki%20Nal%20Wildlife%20Sanctuary.png,IUCN category IV: Habitat/Species Management Area,Rajasthan,Rajasthan,24.2150223,73.245354,Udaipur,,,,,,,https://en.wikipedia.org/wiki/Phulwari_ki_Nal_Wildlife_Sanctuary
Q31708100,Kottiyoor Wildlife Sanctuary,Wildlife Sanctuary,,http://commons.wikimedia.org/wiki/Special:FilePath/Kottiyoor%20Wildlife%20Sanctuary.jpg,IUCN category IV: Habitat/Species Management Area,Kerala,Kerala,11.884055555,75.857361111,,,30.38,,,,,https://en.wikipedia.org/wiki/Kottiyoor_Wildlife_Sanctuary
Q31708488,Inderkilla National Park,National Park,,,IUCN category II: National Park,Himachal Pradesh,Himachal Pradesh,32.23,77.41,,,,,,,,https://en.wikipedia.org/wiki/Inderkilla_National_Park
Q31708713,Khirganga National Park,National Park,,,IUCN category II: National Park,Himachal Pradesh,Himachal Pradesh,31.99343,77.510227,,,,,,Khirganga National Park,,https://en.wikipedia.org/wiki/Khirganga_National_Park
Q33267511,Kondakarla Āva,,,http://commons.wikimedia.org/wiki/Special:FilePath/Boats%20in%20Kondakarla%20ava%202.jpg,,Atchutapuram mandal,Andhra Pradesh,17.6,83,,,,,,,,https://en.wikipedia.org/wiki/Kondakarla_Ava
Q33369445,Janki van,,,,,,Gujarat,20.8,73.34,,,,,,,,https://en.wikipedia.org/wiki/Janki_van
Q38250531,Akal Wood Fossil Park,,,,,,,26.825,71.04,,,,,,,,https://en.wikipedia.org/wiki/Akal_Wood_Fossil_Park
Q38251694,Sumin Reserve Forest,,,,,,,27.22305556,88.52722222,Rangpo,,,,,,,https://en.wikipedia.org/wiki/Sumin_Reserve_Forest
Q32171,protected area of Himachal Pradesh,,,,,,,,,,,,,,,,https://en.wikipedia.org/wiki/List_of_protected_areas_of_Himachal_Pradesh
Q37564,Kadalundi Bird Sanctuary,Bird Sanctuary,,http://commons.wikimedia.org/wiki/Special:FilePath/Kadalundi%20Bird%20Sanctuary.jpg,,,,11.131,75.829,,,,,,Kadalundi Bird Sanctuary,,https://en.wikipedia.org/wiki/Kadalundi_Bird_Sanctuary
Q61529,Simlipal National Park,National Park,,http://commons.wikimedia.org/wiki/Special:FilePath/Palpala%20River%20near%20lulung%2C%20Similipal%20National%20Park.jpg,IUCN category II: National Park,Mayurbhanj district,Odisha,21.75,86.33,Baripada,,2750,,http://commons.wikimedia.org/wiki/Special:FilePath/Simlipal%20National%20Park%20banner%20Sunrise.jpg,Simlipal National Park,19289292,https://en.wikipedia.org/wiki/Simlipal_National_Park
Q19361617,Amchang Wildlife Sanctuary,Wildlife Sanctuary,,,IUCN category IV: Habitat/Species Management Area,Assam,Assam,26.18422,91.86213,,,78.64,,,,,https://en.wikipedia.org/wiki/Amchang_Wildlife_Sanctuary
Q19808294,Nandur Madhmeshwar Bird Sanctuary,Bird Sanctuary,,,IUCN category IV: Habitat/Species Management Area,Nashik district,Maharashtra,20.0079,74.0073,,Ramsar site,1437,,,Nandur Madhmeshwar Bird Sanctuary,,https://en.wikipedia.org/wiki/Nandur_Madhmeshwar_Bird_Sanctuary
Q19833696,Balaram Ambaji Widelife Sanctuary,Wildlife Sanctuary,,http://commons.wikimedia.org/wiki/Special:FilePath/AViewOfPeaksOnTheWayToAmbaji.JPG,IUCN category IV: Habitat/Species Management Area,Gujarat,Gujarat,24.356118321,72.642752927,Palanpur,,542.08,,,,,https://en.wikipedia.org/wiki/Balaram_Ambaji_Wildlife_Sanctuary
Q19881905,Amangarh Tiger Reserve,Tiger Reserve,,,,,,29.5667,78.6167,,,,,,,,https://en.wikipedia.org/wiki/Amangarh_Tiger_Reserve
Q19894392,Naina Devi Himalayan Bird Conservation Reserve,Bird Sanctuary,,http://commons.wikimedia.org/wiki/Special:FilePath/Kalij%20Pheasant%20Lingadhar%20Uttarakhand%20India%2002.12.2014.jpg,,,,29.38,79.45,Nainital,,,,,,,https://en.wikipedia.org/wiki/Naina_Devi_Himalayan_Bird_Conservation_Reserve
Q19895392,Pranahita Wildlife Sanctuary,Wildlife Sanctuary,,,IUCN category IV: Habitat/Species Management Area,Telangana,Telangana,19.0256,79.9053,Mancherial,,,,,,,https://en.wikipedia.org/wiki/Pranahita_Wildlife_Sanctuary
Q19895529,Purna Wildlife Sanctuary,Wildlife Sanctuary,,http://commons.wikimedia.org/wiki/Special:FilePath/Purna%20River%20view%20from%20Campsite.jpg,,Dang district,Gujarat,20.91,73.7,,,160.84,,,,,https://en.wikipedia.org/wiki/Purna_Wildlife_Sanctuary
Q19898458,Sri Lankamalleswara Wildlife Sanctuary,Wildlife Sanctuary,,,,,,14.6,78.8833,Kadapa,,,,,Sri Lankamalleswara Wildlife Sanctuary,,https://en.wikipedia.org/wiki/Sri_Lankamalleswara_Wildlife_Sanctuary
Q21997171,Parrot Bird Sanctuary Chandigarh,Bird Sanctuary,,,IUCN category IV: Habitat/Species Management Area,Chandigarh,Chandigarh,30.725,76.77916667,,,2.9,,,"Parrot Sanctuary, Chandigarh",,"https://en.wikipedia.org/wiki/Parrot_Bird_Sanctuary,_Chandigarh"
Q22031428,Gahirmatha Marine Sanctuary,Wildlife Sanctuary,,,IUCN category IV: Habitat/Species Management Area,Odisha,Odisha,20.57,86.84,Chandabali,,,,,,,https://en.wikipedia.org/wiki/Gahirmatha_Marine_Sanctuary
Q22080908,Simbalbara National Park,National Park,,,IUCN category II: National Park,Himachal Pradesh,Himachal Pradesh,30.439,77.473,,,,,,,,https://en.wikipedia.org/wiki/Simbalbara_National_Park
Q22231355,Kamlang Wildlife Sanctuary,Wildlife Sanctuary,,http://commons.wikimedia.org/wiki/Special:FilePath/Glao%20Glow%20Lake%201.jpg,IUCN category IV: Habitat/Species Management Area,Arunachal Pradesh,Arunachal Pradesh,27.66666667,96.43333333,Wakro,,,http://arunachalforests.gov.in/kamlang_wildlife_sanctuary.html,,Kamlang Wildlife Sanctuary,,https://en.wikipedia.org/wiki/Kamlang_Wildlife_Sanctuary
Q55633284,Sitabani Wildlife Reserve,Wildlife Sanctuary,,,,,,29.766666666,79.433333333,Ramnagar,,,,,,,https://en.wikipedia.org/wiki/Sitabani_Wildlife_Reserve
Q58379737,Ameenpur Lake,,,http://commons.wikimedia.org/wiki/Special:FilePath/Flamingos%20at%20Ameenpur%20Lake%2C%20Hyderabad.jpg,,Hyderabad,Telangana,17.524166666,78.330555555,,,93,,,Ameenpur Lake,,https://en.wikipedia.org/wiki/Ameenpur_Lake
Q60744029,Mookambika Wildlife Sanctuary,Wildlife Sanctuary,,,IUCN category IV: Habitat/Species Management Area,Udupi district,Karnataka,13.7,74.65,,,,,,,,https://en.wikipedia.org/wiki/Mookambika_Wildlife_Sanctuary
Q60753866,Tungareshwar Wildlife Sanctuary,Wildlife Sanctuary,,http://commons.wikimedia.org/wiki/Special:FilePath/Tungareshwar%20Wildlife%20Sanctuary%20%2828343357103%29.jpg,IUCN category IV: Habitat/Species Management Area,Palghar district,Maharashtra,19.3879,72.9358,,,85,,,Tungareshwar Wildlife Sanctuary,,https://en.wikipedia.org/wiki/Tungareshwar_Wildlife_Sanctuary
Q61363881,Nongkhyllem Wildlife Sanctuary,Wildlife Sanctuary,,,IUCN category IV: Habitat/Species Management Area,Ri-Bhoi district,Meghalaya,25.927380555,91.746522222,,,,,,,,https://en.wikipedia.org/wiki/Nongkhyllem_Wildlife_Sanctuary
Q7262461,Puttenahalli Lake,,,,IUCN category IV: Habitat/Species Management Area,,,13.11111111,77.57611111,Bengaluru,,,,,,,https://en.wikipedia.org/wiki/Puttenahalli_Lake_(Yelahanka)
Q7283821,Raiganj Wildlife Sanctuary,Wildlife Sanctuary,,,IUCN category IV: Habitat/Species Management Area,Raiganj,West Bengal,25.637,88.121,Raiganj,,,,,Raiganj Wildlife Sanctuary,,https://en.wikipedia.org/wiki/Raiganj_Wildlife_Sanctuary
Q7285897,Rajbari National Park,National Park,,,IUCN category II: National Park,Tripura,Tripura,23.28,91.4,,,,,,,,https://en.wikipedia.org/wiki/Rajbari_National_Park
Q124393199,Anandanagar Forest,,,,,Nadia district,West Bengal,22.9762116,88.4819133,,,,,,,,
Q124393207,Bishnupur Forest,,,,,Bankura district,West Bengal,23.0623341,87.3031681,,,,,,,,
Q124394641,Kulgachi Forest,,,,,Nadia district,West Bengal,23.4150592,88.5804221,,,,,,,,
Q124394645,Golpata Forest,,,,,North 24 Parganas district,West Bengal,22.617462046,88.949849157,,,,,,,,
Q124394704,Dayer Bazar Simanagar Forest,,,,,Nadia district,West Bengal,23.479859,88.5481917,,,,,,,,
Q124394724,Bahadurpur Forest,,,,,Nadia district,West Bengal,23.2761648,88.4824594,,,,,,,,
